{
    "nose": {
        "x": 0.3251129388809204,
        "y": 0.7315801382064819,
        "z": -0.06448736041784286
    },
    "left_eye_inner": {
        "x": 0.3178391456604004,
        "y": 0.7150186896324158,
        "z": -0.09433328360319138
    },
    "left_eye": {
        "x": 0.318355917930603,
        "y": 0.7130857706069946,
        "z": -0.09443803131580353
    },
    "left_eye_outer": {
        "x": 0.31897348165512085,
        "y": 0.7111697793006897,
        "z": -0.09457622468471527
    },
    "right_eye_inner": {
        "x": 0.31774067878723145,
        "y": 0.7141180038452148,
        "z": -0.05938572436571121
    },
    "right_eye": {
        "x": 0.318248450756073,
        "y": 0.711577832698822,
        "z": -0.05936877429485321
    },
    "right_eye_outer": {
        "x": 0.31876248121261597,
        "y": 0.7089789509773254,
        "z": -0.05942835658788681
    },
    "left_ear": {
        "x": 0.33234360814094543,
        "y": 0.6873360276222229,
        "z": -0.17179784178733826
    },
    "right_ear": {
        "x": 0.3293551504611969,
        "y": 0.6873947381973267,
        "z": -0.012471247464418411
    },
    "mouth_left": {
        "x": 0.3395063281059265,
        "y": 0.7307549118995667,
        "z": -0.08627686649560928
    },
    "mouth_right": {
        "x": 0.33954057097435,
        "y": 0.7292726635932922,
        "z": -0.039976153522729874
    },
    "left_shoulder": {
        "x": 0.3865360915660858,
        "y": 0.7291419506072998,
        "z": -0.2449435293674469
    },
    "right_shoulder": {
        "x": 0.3879850506782532,
        "y": 0.6719034314155579,
        "z": 0.09438984096050262
    },
    "left_elbow": {
        "x": 0.3778766393661499,
        "y": 0.9140806794166565,
        "z": -0.2714599370956421
    },
    "right_elbow": {
        "x": 0.40797412395477295,
        "y": 0.7969871759414673,
        "z": 0.16325686872005463
    },
    "left_wrist": {
        "x": 0.32246720790863037,
        "y": 1.016606092453003,
        "z": -0.22600632905960083
    },
    "right_wrist": {
        "x": 0.3748231530189514,
        "y": 0.8736234903335571,
        "z": 0.16848543286323547
    },
    "left_pinky": {
        "x": 0.309071809053421,
        "y": 1.0345088243484497,
        "z": -0.2618428170681
    },
    "right_pinky": {
        "x": 0.36942628026008606,
        "y": 0.873472273349762,
        "z": 0.1791793406009674
    },
    "left_index": {
        "x": 0.30110087990760803,
        "y": 1.0153168439865112,
        "z": -0.24612388014793396
    },
    "right_index": {
        "x": 0.35997363924980164,
        "y": 0.8747618198394775,
        "z": 0.1483854502439499
    },
    "left_thumb": {
        "x": 0.30597347021102905,
        "y": 1.0084493160247803,
        "z": -0.21950674057006836
    },
    "right_thumb": {
        "x": 0.36187005043029785,
        "y": 0.8780649304389954,
        "z": 0.1550360769033432
    },
    "left_hip": {
        "x": 0.4929342567920685,
        "y": 0.899837076663971,
        "z": -0.09540238976478577
    },
    "right_hip": {
        "x": 0.49327877163887024,
        "y": 0.8643420934677124,
        "z": 0.09563494473695755
    },
    "left_knee": {
        "x": 0.41022923588752747,
        "y": 0.9764136672019958,
        "z": -0.07411805540323257
    },
    "right_knee": {
        "x": 0.43202725052833557,
        "y": 0.9137745499610901,
        "z": 0.20500093698501587
    },
    "left_ankle": {
        "x": 0.469621479511261,
        "y": 1.0324974060058594,
        "z": 0.1250554621219635
    },
    "right_ankle": {
        "x": 0.4944787323474884,
        "y": 1.0265991687774658,
        "z": 0.2913738489151001
    },
    "left_heel": {
        "x": 0.4912828505039215,
        "y": 1.0323445796966553,
        "z": 0.1479540467262268
    },
    "right_heel": {
        "x": 0.5142567753791809,
        "y": 1.0387814044952393,
        "z": 0.3014422655105591
    },
    "left_foot_index": {
        "x": 0.4429711401462555,
        "y": 1.060254454612732,
        "z": 0.19892238080501556
    },
    "right_foot_index": {
        "x": 0.4830145537853241,
        "y": 1.0647424459457397,
        "z": 0.31839463114738464
    }
}