{
    "nose": {
        "x": 0.43264061212539673,
        "y": 0.43561044335365295,
        "z": -0.23990121483802795
    },
    "left_eye_inner": {
        "x": 0.4363388419151306,
        "y": 0.420083612203598,
        "z": -0.228053480386734
    },
    "left_eye": {
        "x": 0.4364761412143707,
        "y": 0.4194439947605133,
        "z": -0.22810125350952148
    },
    "left_eye_outer": {
        "x": 0.43655499815940857,
        "y": 0.4187786877155304,
        "z": -0.22822259366512299
    },
    "right_eye_inner": {
        "x": 0.4330087900161743,
        "y": 0.4182393252849579,
        "z": -0.2540121078491211
    },
    "right_eye": {
        "x": 0.43053343892097473,
        "y": 0.4159410297870636,
        "z": -0.25406306982040405
    },
    "right_eye_outer": {
        "x": 0.4277425706386566,
        "y": 0.41325125098228455,
        "z": -0.254079669713974
    },
    "left_ear": {
        "x": 0.41931575536727905,
        "y": 0.40613216161727905,
        "z": -0.15436483919620514
    },
    "right_ear": {
        "x": 0.41028788685798645,
        "y": 0.39858928322792053,
        "z": -0.2704438269138336
    },
    "mouth_left": {
        "x": 0.42356833815574646,
        "y": 0.4451669156551361,
        "z": -0.20706085860729218
    },
    "mouth_right": {
        "x": 0.41979286074638367,
        "y": 0.44300615787506104,
        "z": -0.24071238934993744
    },
    "left_shoulder": {
        "x": 0.37647655606269836,
        "y": 0.44252270460128784,
        "z": -0.049654170870780945
    },
    "right_shoulder": {
        "x": 0.35831794142723083,
        "y": 0.48869699239730835,
        "z": -0.28890880942344666
    },
    "left_elbow": {
        "x": 0.3536221385002136,
        "y": 0.5545257329940796,
        "z": 0.047563984990119934
    },
    "right_elbow": {
        "x": 0.3406578004360199,
        "y": 0.6344620585441589,
        "z": -0.2929581105709076
    },
    "left_wrist": {
        "x": 0.37862396240234375,
        "y": 0.6198127269744873,
        "z": 0.07024823129177094
    },
    "right_wrist": {
        "x": 0.36089566349983215,
        "y": 0.7471701502799988,
        "z": -0.2709905207157135
    },
    "left_pinky": {
        "x": 0.3869897127151489,
        "y": 0.6380377411842346,
        "z": 0.07260927557945251
    },
    "right_pinky": {
        "x": 0.3598901629447937,
        "y": 0.7733311057090759,
        "z": -0.3027285635471344
    },
    "left_index": {
        "x": 0.38856080174446106,
        "y": 0.6371999382972717,
        "z": 0.05277381092309952
    },
    "right_index": {
        "x": 0.3679775595664978,
        "y": 0.7702991366386414,
        "z": -0.30377480387687683
    },
    "left_thumb": {
        "x": 0.3852822780609131,
        "y": 0.6339664459228516,
        "z": 0.061292342841625214
    },
    "right_thumb": {
        "x": 0.36776307225227356,
        "y": 0.7607260346412659,
        "z": -0.271959125995636
    },
    "left_hip": {
        "x": 0.32168662548065186,
        "y": 0.648183286190033,
        "z": 0.06819256395101547
    },
    "right_hip": {
        "x": 0.31294840574264526,
        "y": 0.686662495136261,
        "z": -0.06815440952777863
    },
    "left_knee": {
        "x": 0.32681789994239807,
        "y": 0.7653141021728516,
        "z": 0.22730498015880585
    },
    "right_knee": {
        "x": 0.31895801424980164,
        "y": 0.8003992438316345,
        "z": 0.09806175529956818
    },
    "left_ankle": {
        "x": 0.3186364471912384,
        "y": 0.8484876751899719,
        "z": 0.40360695123672485
    },
    "right_ankle": {
        "x": 0.31756681203842163,
        "y": 0.8884479999542236,
        "z": 0.27945131063461304
    },
    "left_heel": {
        "x": 0.3086773455142975,
        "y": 0.8664698004722595,
        "z": 0.4210526943206787
    },
    "right_heel": {
        "x": 0.30686473846435547,
        "y": 0.9097267389297485,
        "z": 0.29645979404449463
    },
    "left_foot_index": {
        "x": 0.3499213755130768,
        "y": 0.8807446360588074,
        "z": 0.41242876648902893
    },
    "right_foot_index": {
        "x": 0.35393303632736206,
        "y": 0.9192941188812256,
        "z": 0.26776376366615295
    }
}