{
    "nose": {
        "x": 0.6479558348655701,
        "y": 0.43909966945648193,
        "z": -0.10498940199613571
    },
    "left_eye_inner": {
        "x": 0.6478902697563171,
        "y": 0.4222448170185089,
        "z": -0.11161342263221741
    },
    "left_eye": {
        "x": 0.646993100643158,
        "y": 0.4200407564640045,
        "z": -0.11170820891857147
    },
    "left_eye_outer": {
        "x": 0.6462183594703674,
        "y": 0.41838279366493225,
        "z": -0.11187019944190979
    },
    "right_eye_inner": {
        "x": 0.6477605700492859,
        "y": 0.4297580420970917,
        "z": -0.13142922520637512
    },
    "right_eye": {
        "x": 0.6467161774635315,
        "y": 0.4323144555091858,
        "z": -0.1314736008644104
    },
    "right_eye_outer": {
        "x": 0.6458385586738586,
        "y": 0.43520134687423706,
        "z": -0.1315537840127945
    },
    "left_ear": {
        "x": 0.6331099271774292,
        "y": 0.42087027430534363,
        "z": -0.11151830852031708
    },
    "right_ear": {
        "x": 0.6363527178764343,
        "y": 0.4421054720878601,
        "z": -0.19885188341140747
    },
    "mouth_left": {
        "x": 0.6403545141220093,
        "y": 0.4473576247692108,
        "z": -0.09713912010192871
    },
    "mouth_right": {
        "x": 0.6399505138397217,
        "y": 0.4552672505378723,
        "z": -0.12258312851190567
    },
    "left_shoulder": {
        "x": 0.5700445175170898,
        "y": 0.44482696056365967,
        "z": -0.045123666524887085
    },
    "right_shoulder": {
        "x": 0.5940971970558167,
        "y": 0.5471107363700867,
        "z": -0.22879916429519653
    },
    "left_elbow": {
        "x": 0.5268484354019165,
        "y": 0.5444547533988953,
        "z": 0.08793194591999054
    },
    "right_elbow": {
        "x": 0.5644487738609314,
        "y": 0.6753337383270264,
        "z": -0.20170459151268005
    },
    "left_wrist": {
        "x": 0.556483268737793,
        "y": 0.6263236403465271,
        "z": 0.1611027717590332
    },
    "right_wrist": {
        "x": 0.575885534286499,
        "y": 0.7756614089012146,
        "z": -0.14484791457653046
    },
    "left_pinky": {
        "x": 0.5618001222610474,
        "y": 0.6339408159255981,
        "z": 0.17186976969242096
    },
    "right_pinky": {
        "x": 0.5793043971061707,
        "y": 0.8057042360305786,
        "z": -0.16964119672775269
    },
    "left_index": {
        "x": 0.5666375756263733,
        "y": 0.6431463360786438,
        "z": 0.1517155021429062
    },
    "right_index": {
        "x": 0.5840063095092773,
        "y": 0.8036707639694214,
        "z": -0.16771908104419708
    },
    "left_thumb": {
        "x": 0.5644695162773132,
        "y": 0.6475496292114258,
        "z": 0.15558964014053345
    },
    "right_thumb": {
        "x": 0.5825626850128174,
        "y": 0.792958676815033,
        "z": -0.14402338862419128
    },
    "left_hip": {
        "x": 0.5040037035942078,
        "y": 0.6508721709251404,
        "z": 0.06423065811395645
    },
    "right_hip": {
        "x": 0.5093424320220947,
        "y": 0.7368022203445435,
        "z": -0.06408750265836716
    },
    "left_knee": {
        "x": 0.5529258847236633,
        "y": 0.6455152034759521,
        "z": 0.28345510363578796
    },
    "right_knee": {
        "x": 0.49692273139953613,
        "y": 0.8579440712928772,
        "z": 0.15835098922252655
    },
    "left_ankle": {
        "x": 0.5453234910964966,
        "y": 0.7173522114753723,
        "z": 0.51164311170578
    },
    "right_ankle": {
        "x": 0.49382343888282776,
        "y": 0.922068178653717,
        "z": 0.39698922634124756
    },
    "left_heel": {
        "x": 0.5335304737091064,
        "y": 0.734320878982544,
        "z": 0.5367147326469421
    },
    "right_heel": {
        "x": 0.4834611117839813,
        "y": 0.9405503869056702,
        "z": 0.4233863949775696
    },
    "left_foot_index": {
        "x": 0.5784405469894409,
        "y": 0.7166697978973389,
        "z": 0.5640072226524353
    },
    "right_foot_index": {
        "x": 0.5236926674842834,
        "y": 0.943507194519043,
        "z": 0.42554908990859985
    }
}