{
    "nose": {
        "x": 0.6410675644874573,
        "y": 0.47658437490463257,
        "z": -0.251674622297287
    },
    "left_eye_inner": {
        "x": 0.6421746611595154,
        "y": 0.45611250400543213,
        "z": -0.23407073318958282
    },
    "left_eye": {
        "x": 0.6418648362159729,
        "y": 0.45478907227516174,
        "z": -0.23408254981040955
    },
    "left_eye_outer": {
        "x": 0.6416804790496826,
        "y": 0.4537772536277771,
        "z": -0.2341172844171524
    },
    "right_eye_inner": {
        "x": 0.6397711634635925,
        "y": 0.4575103521347046,
        "z": -0.2700967490673065
    },
    "right_eye": {
        "x": 0.6376360058784485,
        "y": 0.45734214782714844,
        "z": -0.2701806128025055
    },
    "right_eye_outer": {
        "x": 0.6356198787689209,
        "y": 0.45714160799980164,
        "z": -0.2702394425868988
    },
    "left_ear": {
        "x": 0.6271207332611084,
        "y": 0.45056480169296265,
        "z": -0.14821887016296387
    },
    "right_ear": {
        "x": 0.6220086812973022,
        "y": 0.4531095623970032,
        "z": -0.3137637674808502
    },
    "mouth_left": {
        "x": 0.6317650079727173,
        "y": 0.490519642829895,
        "z": -0.2173529416322708
    },
    "mouth_right": {
        "x": 0.6284606456756592,
        "y": 0.49198493361473083,
        "z": -0.2651464641094208
    },
    "left_shoulder": {
        "x": 0.5811503529548645,
        "y": 0.4919228255748749,
        "z": -0.037327732890844345
    },
    "right_shoulder": {
        "x": 0.5731008648872375,
        "y": 0.5502405762672424,
        "z": -0.36447006464004517
    },
    "left_elbow": {
        "x": 0.5435554385185242,
        "y": 0.6107300519943237,
        "z": -0.01347500178962946
    },
    "right_elbow": {
        "x": 0.5344907641410828,
        "y": 0.6621761918067932,
        "z": -0.40141963958740234
    },
    "left_wrist": {
        "x": 0.5285952091217041,
        "y": 0.7187069058418274,
        "z": -0.09658598154783249
    },
    "right_wrist": {
        "x": 0.5208607316017151,
        "y": 0.7795288562774658,
        "z": -0.35551708936691284
    },
    "left_pinky": {
        "x": 0.5285970568656921,
        "y": 0.7415059804916382,
        "z": -0.10746591538190842
    },
    "right_pinky": {
        "x": 0.5168229937553406,
        "y": 0.800118625164032,
        "z": -0.40269652009010315
    },
    "left_index": {
        "x": 0.527899444103241,
        "y": 0.7442816495895386,
        "z": -0.14107336103916168
    },
    "right_index": {
        "x": 0.5252304077148438,
        "y": 0.8013931512832642,
        "z": -0.39379122853279114
    },
    "left_thumb": {
        "x": 0.5260844230651855,
        "y": 0.7379410862922668,
        "z": -0.11512017250061035
    },
    "right_thumb": {
        "x": 0.5256484150886536,
        "y": 0.7948905229568481,
        "z": -0.3536553978919983
    },
    "left_hip": {
        "x": 0.48892539739608765,
        "y": 0.6152933835983276,
        "z": 0.09993395209312439
    },
    "right_hip": {
        "x": 0.4728497266769409,
        "y": 0.671829104423523,
        "z": -0.09981502592563629
    },
    "left_knee": {
        "x": 0.5744284987449646,
        "y": 0.5430238246917725,
        "z": 0.363089382648468
    },
    "right_knee": {
        "x": 0.5053514242172241,
        "y": 0.8269018530845642,
        "z": 0.012106770649552345
    },
    "left_ankle": {
        "x": 0.5638280510902405,
        "y": 0.5514601469039917,
        "z": 0.5889695882797241
    },
    "right_ankle": {
        "x": 0.4961698651313782,
        "y": 0.9419177770614624,
        "z": 0.1933698207139969
    },
    "left_heel": {
        "x": 0.551974892616272,
        "y": 0.5532287359237671,
        "z": 0.6096291542053223
    },
    "right_heel": {
        "x": 0.4869207441806793,
        "y": 0.9629498720169067,
        "z": 0.21032249927520752
    },
    "left_foot_index": {
        "x": 0.5927858948707581,
        "y": 0.5500085353851318,
        "z": 0.5972364544868469
    },
    "right_foot_index": {
        "x": 0.5423864722251892,
        "y": 1.0075609683990479,
        "z": 0.15691721439361572
    }
}