{
    "nose": {
        "x": 0.5288708806037903,
        "y": 0.4726502299308777,
        "z": -0.17157071828842163
    },
    "left_eye_inner": {
        "x": 0.5317318439483643,
        "y": 0.4547513425350189,
        "z": -0.16034625470638275
    },
    "left_eye": {
        "x": 0.5311288237571716,
        "y": 0.4521365761756897,
        "z": -0.1604030430316925
    },
    "left_eye_outer": {
        "x": 0.5306118130683899,
        "y": 0.4492848813533783,
        "z": -0.16051846742630005
    },
    "right_eye_inner": {
        "x": 0.5308805704116821,
        "y": 0.4562571942806244,
        "z": -0.19420090317726135
    },
    "right_eye": {
        "x": 0.5296909809112549,
        "y": 0.454915314912796,
        "z": -0.19424717128276825
    },
    "right_eye_outer": {
        "x": 0.5286135673522949,
        "y": 0.45354244112968445,
        "z": -0.19432571530342102
    },
    "left_ear": {
        "x": 0.5181699991226196,
        "y": 0.43338742852211,
        "z": -0.09570609778165817
    },
    "right_ear": {
        "x": 0.5162101984024048,
        "y": 0.4405374526977539,
        "z": -0.2474164366722107
    },
    "mouth_left": {
        "x": 0.5183638334274292,
        "y": 0.47542113065719604,
        "z": -0.1413307785987854
    },
    "mouth_right": {
        "x": 0.5172858238220215,
        "y": 0.47674793004989624,
        "z": -0.185523122549057
    },
    "left_shoulder": {
        "x": 0.4731612503528595,
        "y": 0.43695682287216187,
        "z": -0.001438470440916717
    },
    "right_shoulder": {
        "x": 0.45832329988479614,
        "y": 0.5134755969047546,
        "z": -0.27414315938949585
    },
    "left_elbow": {
        "x": 0.4795914590358734,
        "y": 0.463528037071228,
        "z": 0.14766338467597961
    },
    "right_elbow": {
        "x": 0.4122183918952942,
        "y": 0.6327974796295166,
        "z": -0.31295183300971985
    },
    "left_wrist": {
        "x": 0.5111280679702759,
        "y": 0.4776383638381958,
        "z": 0.23816147446632385
    },
    "right_wrist": {
        "x": 0.41426968574523926,
        "y": 0.7611466646194458,
        "z": -0.30098074674606323
    },
    "left_pinky": {
        "x": 0.5195646286010742,
        "y": 0.4684813618659973,
        "z": 0.253258615732193
    },
    "right_pinky": {
        "x": 0.4109985828399658,
        "y": 0.7873656153678894,
        "z": -0.3327339291572571
    },
    "left_index": {
        "x": 0.5232213735580444,
        "y": 0.4665200412273407,
        "z": 0.23540137708187103
    },
    "right_index": {
        "x": 0.4204478859901428,
        "y": 0.7832566499710083,
        "z": -0.32787296175956726
    },
    "left_thumb": {
        "x": 0.5201711058616638,
        "y": 0.4782540500164032,
        "z": 0.23180653154850006
    },
    "right_thumb": {
        "x": 0.42077523469924927,
        "y": 0.7741258144378662,
        "z": -0.2986871600151062
    },
    "left_hip": {
        "x": 0.38127997517585754,
        "y": 0.6298608183860779,
        "z": 0.09119364619255066
    },
    "right_hip": {
        "x": 0.37599459290504456,
        "y": 0.6738823056221008,
        "z": -0.0912812203168869
    },
    "left_knee": {
        "x": 0.38971519470214844,
        "y": 0.7694007158279419,
        "z": 0.27203717827796936
    },
    "right_knee": {
        "x": 0.398687481880188,
        "y": 0.813370943069458,
        "z": 0.09565894305706024
    },
    "left_ankle": {
        "x": 0.37518778443336487,
        "y": 0.8742724657058716,
        "z": 0.49560123682022095
    },
    "right_ankle": {
        "x": 0.3707486391067505,
        "y": 0.9038726091384888,
        "z": 0.32176074385643005
    },
    "left_heel": {
        "x": 0.3587062954902649,
        "y": 0.8946264982223511,
        "z": 0.5180222392082214
    },
    "right_heel": {
        "x": 0.35467472672462463,
        "y": 0.9255708456039429,
        "z": 0.34405821561813354
    },
    "left_foot_index": {
        "x": 0.4066011309623718,
        "y": 0.9164965152740479,
        "z": 0.5176233649253845
    },
    "right_foot_index": {
        "x": 0.4045107364654541,
        "y": 0.9376036524772644,
        "z": 0.3239794969558716
    }
}