{
    "nose": {
        "x": 0.7420924305915833,
        "y": 0.4655121862888336,
        "z": 0.02200808748602867
    },
    "left_eye_inner": {
        "x": 0.7440664172172546,
        "y": 0.45311981439590454,
        "z": 0.014076733961701393
    },
    "left_eye": {
        "x": 0.7427472472190857,
        "y": 0.4509311318397522,
        "z": 0.014019077643752098
    },
    "left_eye_outer": {
        "x": 0.741274356842041,
        "y": 0.44896477460861206,
        "z": 0.013910405337810516
    },
    "right_eye_inner": {
        "x": 0.7457044720649719,
        "y": 0.46029484272003174,
        "z": -0.004557427018880844
    },
    "right_eye": {
        "x": 0.7456482648849487,
        "y": 0.462965190410614,
        "z": -0.004602911416441202
    },
    "right_eye_outer": {
        "x": 0.745618462562561,
        "y": 0.4660361707210541,
        "z": -0.004736840259283781
    },
    "left_ear": {
        "x": 0.7304028272628784,
        "y": 0.44987669587135315,
        "z": -0.015297181904315948
    },
    "right_ear": {
        "x": 0.7386347055435181,
        "y": 0.47359970211982727,
        "z": -0.09836307168006897
    },
    "mouth_left": {
        "x": 0.7330049276351929,
        "y": 0.4744736850261688,
        "z": 0.016193587332963943
    },
    "mouth_right": {
        "x": 0.7344956398010254,
        "y": 0.48132622241973877,
        "z": -0.00783267617225647
    },
    "left_shoulder": {
        "x": 0.6674995422363281,
        "y": 0.47319966554641724,
        "z": 0.02803436480462551
    },
    "right_shoulder": {
        "x": 0.7029857635498047,
        "y": 0.5699271559715271,
        "z": -0.1826884150505066
    },
    "left_elbow": {
        "x": 0.6168538331985474,
        "y": 0.5668075084686279,
        "z": 0.07658501714468002
    },
    "right_elbow": {
        "x": 0.6584125757217407,
        "y": 0.6806546449661255,
        "z": -0.17775842547416687
    },
    "left_wrist": {
        "x": 0.6099451184272766,
        "y": 0.6538207530975342,
        "z": 0.09959888458251953
    },
    "right_wrist": {
        "x": 0.6373659372329712,
        "y": 0.7838828563690186,
        "z": -0.12683847546577454
    },
    "left_pinky": {
        "x": 0.6079646944999695,
        "y": 0.6727205514907837,
        "z": 0.11155447363853455
    },
    "right_pinky": {
        "x": 0.6345202326774597,
        "y": 0.8062503337860107,
        "z": -0.1422625184059143
    },
    "left_index": {
        "x": 0.6118070483207703,
        "y": 0.6780136823654175,
        "z": 0.09649250656366348
    },
    "right_index": {
        "x": 0.6372179388999939,
        "y": 0.8021876811981201,
        "z": -0.1345362365245819
    },
    "left_thumb": {
        "x": 0.6121965646743774,
        "y": 0.6736305952072144,
        "z": 0.09401191771030426
    },
    "right_thumb": {
        "x": 0.6371418833732605,
        "y": 0.793821394443512,
        "z": -0.12364128232002258
    },
    "left_hip": {
        "x": 0.5903998613357544,
        "y": 0.6623311638832092,
        "z": 0.0719054639339447
    },
    "right_hip": {
        "x": 0.5965542197227478,
        "y": 0.7218509912490845,
        "z": -0.07190530747175217
    },
    "left_knee": {
        "x": 0.6285231113433838,
        "y": 0.7242684960365295,
        "z": 0.233726367354393
    },
    "right_knee": {
        "x": 0.5759574174880981,
        "y": 0.882047712802887,
        "z": 0.063809834420681
    },
    "left_ankle": {
        "x": 0.6056537628173828,
        "y": 0.82786625623703,
        "z": 0.3620200753211975
    },
    "right_ankle": {
        "x": 0.5837916731834412,
        "y": 0.9616950750350952,
        "z": 0.25114914774894714
    },
    "left_heel": {
        "x": 0.5950568914413452,
        "y": 0.845544695854187,
        "z": 0.375942587852478
    },
    "right_heel": {
        "x": 0.5778734087944031,
        "y": 0.9737128019332886,
        "z": 0.273757666349411
    },
    "left_foot_index": {
        "x": 0.6264690160751343,
        "y": 0.8476468324661255,
        "z": 0.3919033110141754
    },
    "right_foot_index": {
        "x": 0.6178935170173645,
        "y": 0.9921117424964905,
        "z": 0.2763407528400421
    }
}