{
    "nose": {
        "x": 0.6013614535331726,
        "y": 0.3322928547859192,
        "z": -0.3294616937637329
    },
    "left_eye_inner": {
        "x": 0.6086466908454895,
        "y": 0.3168558180332184,
        "z": -0.3318658471107483
    },
    "left_eye": {
        "x": 0.6126630306243896,
        "y": 0.315885990858078,
        "z": -0.3318970203399658
    },
    "left_eye_outer": {
        "x": 0.6166455745697021,
        "y": 0.31474408507347107,
        "z": -0.33199864625930786
    },
    "right_eye_inner": {
        "x": 0.5987773537635803,
        "y": 0.31641310453414917,
        "z": -0.32161206007003784
    },
    "right_eye": {
        "x": 0.5962799191474915,
        "y": 0.3152775466442108,
        "z": -0.3216291666030884
    },
    "right_eye_outer": {
        "x": 0.5941214561462402,
        "y": 0.3140450716018677,
        "z": -0.32173165678977966
    },
    "left_ear": {
        "x": 0.6252416372299194,
        "y": 0.3120778501033783,
        "z": -0.2660365700721741
    },
    "right_ear": {
        "x": 0.5965386033058167,
        "y": 0.3109884262084961,
        "z": -0.2178986668586731
    },
    "mouth_left": {
        "x": 0.6095380783081055,
        "y": 0.34533727169036865,
        "z": -0.2976362705230713
    },
    "mouth_right": {
        "x": 0.5983898043632507,
        "y": 0.3441733419895172,
        "z": -0.28407707810401917
    },
    "left_shoulder": {
        "x": 0.6598281860351562,
        "y": 0.3718496859073639,
        "z": -0.22402888536453247
    },
    "right_shoulder": {
        "x": 0.571232795715332,
        "y": 0.3653988540172577,
        "z": -0.09603115171194077
    },
    "left_elbow": {
        "x": 0.631688117980957,
        "y": 0.48570480942726135,
        "z": -0.2951171100139618
    },
    "right_elbow": {
        "x": 0.5411092638969421,
        "y": 0.467333048582077,
        "z": -0.028955163434147835
    },
    "left_wrist": {
        "x": 0.5788722038269043,
        "y": 0.39418119192123413,
        "z": -0.39643222093582153
    },
    "right_wrist": {
        "x": 0.5221189260482788,
        "y": 0.5440841317176819,
        "z": -0.08467837423086166
    },
    "left_pinky": {
        "x": 0.5689215064048767,
        "y": 0.38181036710739136,
        "z": -0.42736971378326416
    },
    "right_pinky": {
        "x": 0.5157303214073181,
        "y": 0.5669429302215576,
        "z": -0.0953112542629242
    },
    "left_index": {
        "x": 0.5743044018745422,
        "y": 0.3640093207359314,
        "z": -0.4260450601577759
    },
    "right_index": {
        "x": 0.5170964002609253,
        "y": 0.5655083060264587,
        "z": -0.12059484422206879
    },
    "left_thumb": {
        "x": 0.5773237347602844,
        "y": 0.370393306016922,
        "z": -0.3966927230358124
    },
    "right_thumb": {
        "x": 0.52293860912323,
        "y": 0.5584901571273804,
        "z": -0.09605526924133301
    },
    "left_hip": {
        "x": 0.6330326199531555,
        "y": 0.5952461361885071,
        "z": -0.034353721886873245
    },
    "right_hip": {
        "x": 0.5856221318244934,
        "y": 0.5779997110366821,
        "z": 0.03432382643222809
    },
    "left_knee": {
        "x": 0.6215707063674927,
        "y": 0.7546650767326355,
        "z": -0.03354516252875328
    },
    "right_knee": {
        "x": 0.5793173313140869,
        "y": 0.7033510804176331,
        "z": 0.1863587498664856
    },
    "left_ankle": {
        "x": 0.6136083602905273,
        "y": 0.8925462365150452,
        "z": 0.09593051671981812
    },
    "right_ankle": {
        "x": 0.5697671175003052,
        "y": 0.8037691712379456,
        "z": 0.4576106667518616
    },
    "left_heel": {
        "x": 0.6131815314292908,
        "y": 0.9181317687034607,
        "z": 0.10420292615890503
    },
    "right_heel": {
        "x": 0.573634147644043,
        "y": 0.820090115070343,
        "z": 0.4822913110256195
    },
    "left_foot_index": {
        "x": 0.6106254458427429,
        "y": 0.9491296410560608,
        "z": -0.0023717705626040697
    },
    "right_foot_index": {
        "x": 0.5410889983177185,
        "y": 0.8503990173339844,
        "z": 0.4245139956474304
    }
}