{
    "nose": {
        "x": 0.5996208190917969,
        "y": 0.38736873865127563,
        "z": -0.4112318456172943
    },
    "left_eye_inner": {
        "x": 0.6078988313674927,
        "y": 0.37894076108932495,
        "z": -0.4110776484012604
    },
    "left_eye": {
        "x": 0.6099797487258911,
        "y": 0.3820199966430664,
        "z": -0.41103050112724304
    },
    "left_eye_outer": {
        "x": 0.6106189489364624,
        "y": 0.3815145194530487,
        "z": -0.41105228662490845
    },
    "right_eye_inner": {
        "x": 0.6034284234046936,
        "y": 0.37879297137260437,
        "z": -0.43263834714889526
    },
    "right_eye": {
        "x": 0.600895881652832,
        "y": 0.3724297285079956,
        "z": -0.43277254700660706
    },
    "right_eye_outer": {
        "x": 0.6007543206214905,
        "y": 0.37828096747398376,
        "z": -0.4328187108039856
    },
    "left_ear": {
        "x": 0.610753059387207,
        "y": 0.36441704630851746,
        "z": -0.3494910001754761
    },
    "right_ear": {
        "x": 0.5969908237457275,
        "y": 0.35591328144073486,
        "z": -0.44827088713645935
    },
    "mouth_left": {
        "x": 0.5964205265045166,
        "y": 0.3846273422241211,
        "z": -0.3797527253627777
    },
    "mouth_right": {
        "x": 0.5934593081474304,
        "y": 0.37849175930023193,
        "z": -0.4090702533721924
    },
    "left_shoulder": {
        "x": 0.6021605134010315,
        "y": 0.33864641189575195,
        "z": -0.23313187062740326
    },
    "right_shoulder": {
        "x": 0.5620064735412598,
        "y": 0.3236915171146393,
        "z": -0.39151284098625183
    },
    "left_elbow": {
        "x": 0.6286472678184509,
        "y": 0.3377549350261688,
        "z": -0.10945747047662735
    },
    "right_elbow": {
        "x": 0.5668897032737732,
        "y": 0.3162873387336731,
        "z": -0.39332345128059387
    },
    "left_wrist": {
        "x": 0.6459272503852844,
        "y": 0.3075700104236603,
        "z": -0.04626159742474556
    },
    "right_wrist": {
        "x": 0.6223337650299072,
        "y": 0.2835732698440552,
        "z": -0.3343314826488495
    },
    "left_pinky": {
        "x": 0.6467216610908508,
        "y": 0.3017539381980896,
        "z": -0.04685576260089874
    },
    "right_pinky": {
        "x": 0.6345192790031433,
        "y": 0.27962982654571533,
        "z": -0.3490067720413208
    },
    "left_index": {
        "x": 0.6395453214645386,
        "y": 0.27945607900619507,
        "z": -0.05384160205721855
    },
    "right_index": {
        "x": 0.6367923617362976,
        "y": 0.26836422085762024,
        "z": -0.35488712787628174
    },
    "left_thumb": {
        "x": 0.6421912312507629,
        "y": 0.29686906933784485,
        "z": -0.047454044222831726
    },
    "right_thumb": {
        "x": 0.6325957775115967,
        "y": 0.2724763751029968,
        "z": -0.33359408378601074
    },
    "left_hip": {
        "x": 0.5256691575050354,
        "y": 0.40177345275878906,
        "z": 0.06006947532296181
    },
    "right_hip": {
        "x": 0.49167102575302124,
        "y": 0.38697558641433716,
        "z": -0.0599869042634964
    },
    "left_knee": {
        "x": 0.5508387684822083,
        "y": 0.49823325872421265,
        "z": 0.06395793706178665
    },
    "right_knee": {
        "x": 0.44738665223121643,
        "y": 0.4472510516643524,
        "z": -0.23352709412574768
    },
    "left_ankle": {
        "x": 0.5482008457183838,
        "y": 0.5974547266960144,
        "z": 0.16855932772159576
    },
    "right_ankle": {
        "x": 0.3574289381504059,
        "y": 0.4549325108528137,
        "z": -0.20215272903442383
    },
    "left_heel": {
        "x": 0.5366774201393127,
        "y": 0.6099672317504883,
        "z": 0.17624154686927795
    },
    "right_heel": {
        "x": 0.3395431935787201,
        "y": 0.4529716372489929,
        "z": -0.20208215713500977
    },
    "left_foot_index": {
        "x": 0.5719563961029053,
        "y": 0.6531266570091248,
        "z": 0.13076190650463104
    },
    "right_foot_index": {
        "x": 0.34246963262557983,
        "y": 0.47410762310028076,
        "z": -0.2925945222377777
    }
}