{
    "nose": {
        "x": 0.6020340919494629,
        "y": 0.4834183156490326,
        "z": -0.3948077857494354
    },
    "left_eye_inner": {
        "x": 0.6079704761505127,
        "y": 0.46634620428085327,
        "z": -0.3911777138710022
    },
    "left_eye": {
        "x": 0.6097838282585144,
        "y": 0.46312931180000305,
        "z": -0.39121201634407043
    },
    "left_eye_outer": {
        "x": 0.6110894680023193,
        "y": 0.4612521827220917,
        "z": -0.3912133276462555
    },
    "right_eye_inner": {
        "x": 0.6006911396980286,
        "y": 0.46845340728759766,
        "z": -0.40602707862854004
    },
    "right_eye": {
        "x": 0.5967833399772644,
        "y": 0.46696627140045166,
        "z": -0.40610548853874207
    },
    "right_eye_outer": {
        "x": 0.5919849872589111,
        "y": 0.4642711579799652,
        "z": -0.4061048626899719
    },
    "left_ear": {
        "x": 0.6041712760925293,
        "y": 0.4504610598087311,
        "z": -0.327909380197525
    },
    "right_ear": {
        "x": 0.5741357207298279,
        "y": 0.44774261116981506,
        "z": -0.3946526348590851
    },
    "mouth_left": {
        "x": 0.5974806547164917,
        "y": 0.49093812704086304,
        "z": -0.36523666977882385
    },
    "mouth_right": {
        "x": 0.5880348682403564,
        "y": 0.49146950244903564,
        "z": -0.3846067190170288
    },
    "left_shoulder": {
        "x": 0.5880736112594604,
        "y": 0.4623734652996063,
        "z": -0.22390247881412506
    },
    "right_shoulder": {
        "x": 0.5077184438705444,
        "y": 0.4802081882953644,
        "z": -0.3333810865879059
    },
    "left_elbow": {
        "x": 0.5942228436470032,
        "y": 0.5110529661178589,
        "z": -0.12727200984954834
    },
    "right_elbow": {
        "x": 0.4610368609428406,
        "y": 0.5636562705039978,
        "z": -0.28898197412490845
    },
    "left_wrist": {
        "x": 0.6222177743911743,
        "y": 0.5308724641799927,
        "z": -0.10121918469667435
    },
    "right_wrist": {
        "x": 0.5133941173553467,
        "y": 0.5975494980812073,
        "z": -0.2735997438430786
    },
    "left_pinky": {
        "x": 0.627886950969696,
        "y": 0.5416647791862488,
        "z": -0.10364112257957458
    },
    "right_pinky": {
        "x": 0.5274515748023987,
        "y": 0.618945300579071,
        "z": -0.2972487807273865
    },
    "left_index": {
        "x": 0.6223843097686768,
        "y": 0.5436296463012695,
        "z": -0.12281158566474915
    },
    "right_index": {
        "x": 0.5371906757354736,
        "y": 0.6004202365875244,
        "z": -0.3051722049713135
    },
    "left_thumb": {
        "x": 0.6182757616043091,
        "y": 0.5390933752059937,
        "z": -0.10707543045282364
    },
    "right_thumb": {
        "x": 0.5361747741699219,
        "y": 0.5909603834152222,
        "z": -0.27531102299690247
    },
    "left_hip": {
        "x": 0.512356698513031,
        "y": 0.5322056412696838,
        "z": 0.03630545362830162
    },
    "right_hip": {
        "x": 0.4675842523574829,
        "y": 0.5400492548942566,
        "z": -0.03602377325296402
    },
    "left_knee": {
        "x": 0.560922384262085,
        "y": 0.5045282244682312,
        "z": -0.04180247709155083
    },
    "right_knee": {
        "x": 0.44259512424468994,
        "y": 0.5342385172843933,
        "z": -0.23488323390483856
    },
    "left_ankle": {
        "x": 0.5273797512054443,
        "y": 0.5715711712837219,
        "z": 0.09049254655838013
    },
    "right_ankle": {
        "x": 0.5066109895706177,
        "y": 0.5675196051597595,
        "z": -0.031308166682720184
    },
    "left_heel": {
        "x": 0.5170877575874329,
        "y": 0.5925679802894592,
        "z": 0.10508839786052704
    },
    "right_heel": {
        "x": 0.5127599239349365,
        "y": 0.575276792049408,
        "z": -0.006560640409588814
    },
    "left_foot_index": {
        "x": 0.541716992855072,
        "y": 0.5730016231536865,
        "z": 0.07804834842681885
    },
    "right_foot_index": {
        "x": 0.5437756776809692,
        "y": 0.5835614800453186,
        "z": -0.012238912284374237
    }
}