{
    "nose": {
        "x": 0.5368243455886841,
        "y": 0.47016847133636475,
        "z": -0.5225294828414917
    },
    "left_eye_inner": {
        "x": 0.5384483337402344,
        "y": 0.4525589346885681,
        "z": -0.5147320032119751
    },
    "left_eye": {
        "x": 0.5395386219024658,
        "y": 0.4504167139530182,
        "z": -0.5148751139640808
    },
    "left_eye_outer": {
        "x": 0.5405488610267639,
        "y": 0.44769287109375,
        "z": -0.5150678753852844
    },
    "right_eye_inner": {
        "x": 0.5322331786155701,
        "y": 0.45282337069511414,
        "z": -0.5313867330551147
    },
    "right_eye": {
        "x": 0.5280863642692566,
        "y": 0.4509273171424866,
        "z": -0.5314794182777405
    },
    "right_eye_outer": {
        "x": 0.5231048464775085,
        "y": 0.4486609399318695,
        "z": -0.531548023223877
    },
    "left_ear": {
        "x": 0.5333172082901001,
        "y": 0.4342929422855377,
        "z": -0.40827780961990356
    },
    "right_ear": {
        "x": 0.5068771839141846,
        "y": 0.4377075433731079,
        "z": -0.47919562458992004
    },
    "mouth_left": {
        "x": 0.5349582433700562,
        "y": 0.4798917770385742,
        "z": -0.4743450880050659
    },
    "mouth_right": {
        "x": 0.5264900922775269,
        "y": 0.48216789960861206,
        "z": -0.4951566457748413
    },
    "left_shoulder": {
        "x": 0.5511471629142761,
        "y": 0.4838353991508484,
        "z": -0.2894175946712494
    },
    "right_shoulder": {
        "x": 0.44551417231559753,
        "y": 0.5092843770980835,
        "z": -0.37724247574806213
    },
    "left_elbow": {
        "x": 0.5532488822937012,
        "y": 0.5946001410484314,
        "z": -0.2813037931919098
    },
    "right_elbow": {
        "x": 0.4311213195323944,
        "y": 0.6325881481170654,
        "z": -0.3775724768638611
    },
    "left_wrist": {
        "x": 0.5445659160614014,
        "y": 0.6397725939750671,
        "z": -0.4120985269546509
    },
    "right_wrist": {
        "x": 0.4842672348022461,
        "y": 0.6726702451705933,
        "z": -0.4432641267776489
    },
    "left_pinky": {
        "x": 0.5447430610656738,
        "y": 0.6556152701377869,
        "z": -0.4511195719242096
    },
    "right_pinky": {
        "x": 0.5038876533508301,
        "y": 0.6857588887214661,
        "z": -0.4789954423904419
    },
    "left_index": {
        "x": 0.5401601791381836,
        "y": 0.6422038674354553,
        "z": -0.47100743651390076
    },
    "right_index": {
        "x": 0.5056014657020569,
        "y": 0.6583462953567505,
        "z": -0.4908463656902313
    },
    "left_thumb": {
        "x": 0.5379409790039062,
        "y": 0.6371139287948608,
        "z": -0.4227645993232727
    },
    "right_thumb": {
        "x": 0.5000181794166565,
        "y": 0.6492299437522888,
        "z": -0.4478868544101715
    },
    "left_hip": {
        "x": 0.5086219906806946,
        "y": 0.6449972987174988,
        "z": 0.023535825312137604
    },
    "right_hip": {
        "x": 0.4559231698513031,
        "y": 0.6512091755867004,
        "z": -0.023310787975788116
    },
    "left_knee": {
        "x": 0.5259814262390137,
        "y": 0.8005930781364441,
        "z": -0.05604453384876251
    },
    "right_knee": {
        "x": 0.46533599495887756,
        "y": 0.8089436292648315,
        "z": -0.0164469163864851
    },
    "left_ankle": {
        "x": 0.5241726636886597,
        "y": 0.9364882707595825,
        "z": 0.12157440930604935
    },
    "right_ankle": {
        "x": 0.46977242827415466,
        "y": 0.9275988340377808,
        "z": 0.19359846413135529
    },
    "left_heel": {
        "x": 0.5221765041351318,
        "y": 0.9561946392059326,
        "z": 0.13505159318447113
    },
    "right_heel": {
        "x": 0.4673975706100464,
        "y": 0.9370598196983337,
        "z": 0.2115997076034546
    },
    "left_foot_index": {
        "x": 0.545106828212738,
        "y": 1.0063731670379639,
        "z": 0.029682356864213943
    },
    "right_foot_index": {
        "x": 0.4723399877548218,
        "y": 0.9984709620475769,
        "z": 0.10704603046178818
    }
}