{
    "nose": {
        "x": 0.6376050114631653,
        "y": 0.3328275680541992,
        "z": -0.3571197986602783
    },
    "left_eye_inner": {
        "x": 0.6444804668426514,
        "y": 0.316147118806839,
        "z": -0.35115355253219604
    },
    "left_eye": {
        "x": 0.6478423476219177,
        "y": 0.31585556268692017,
        "z": -0.35121527314186096
    },
    "left_eye_outer": {
        "x": 0.6508303880691528,
        "y": 0.3153175115585327,
        "z": -0.35134032368659973
    },
    "right_eye_inner": {
        "x": 0.633242130279541,
        "y": 0.3144100606441498,
        "z": -0.3518904745578766
    },
    "right_eye": {
        "x": 0.6294025182723999,
        "y": 0.3129015862941742,
        "z": -0.3519694209098816
    },
    "right_eye_outer": {
        "x": 0.6258687376976013,
        "y": 0.31102800369262695,
        "z": -0.352039635181427
    },
    "left_ear": {
        "x": 0.6546139717102051,
        "y": 0.31236785650253296,
        "z": -0.2583252787590027
    },
    "right_ear": {
        "x": 0.6219390034675598,
        "y": 0.30632850527763367,
        "z": -0.2574770152568817
    },
    "mouth_left": {
        "x": 0.6421166062355042,
        "y": 0.3466492295265198,
        "z": -0.315773069858551
    },
    "mouth_right": {
        "x": 0.6302574872970581,
        "y": 0.34431198239326477,
        "z": -0.3158673048019409
    },
    "left_shoulder": {
        "x": 0.6772691607475281,
        "y": 0.38995563983917236,
        "z": -0.18623939156532288
    },
    "right_shoulder": {
        "x": 0.5840656757354736,
        "y": 0.3638676404953003,
        "z": -0.16428887844085693
    },
    "left_elbow": {
        "x": 0.6590233445167542,
        "y": 0.494785875082016,
        "z": -0.1953287124633789
    },
    "right_elbow": {
        "x": 0.5542703866958618,
        "y": 0.46900373697280884,
        "z": -0.2002328485250473
    },
    "left_wrist": {
        "x": 0.6145874857902527,
        "y": 0.5136414766311646,
        "z": -0.29102110862731934
    },
    "right_wrist": {
        "x": 0.5980345010757446,
        "y": 0.49961739778518677,
        "z": -0.33158618211746216
    },
    "left_pinky": {
        "x": 0.597832977771759,
        "y": 0.5262437462806702,
        "z": -0.32555675506591797
    },
    "right_pinky": {
        "x": 0.6057944893836975,
        "y": 0.5141680240631104,
        "z": -0.36558738350868225
    },
    "left_index": {
        "x": 0.5970777273178101,
        "y": 0.5088847875595093,
        "z": -0.3331480920314789
    },
    "right_index": {
        "x": 0.6120051741600037,
        "y": 0.5017587542533875,
        "z": -0.3709254562854767
    },
    "left_thumb": {
        "x": 0.6014151573181152,
        "y": 0.5026088953018188,
        "z": -0.29516926407814026
    },
    "right_thumb": {
        "x": 0.6104795336723328,
        "y": 0.49550846219062805,
        "z": -0.3353203237056732
    },
    "left_hip": {
        "x": 0.6344340443611145,
        "y": 0.5985642075538635,
        "z": -0.017469089478254318
    },
    "right_hip": {
        "x": 0.5854613780975342,
        "y": 0.5806623101234436,
        "z": 0.01761123724281788
    },
    "left_knee": {
        "x": 0.6209585666656494,
        "y": 0.7501768469810486,
        "z": -0.04101894050836563
    },
    "right_knee": {
        "x": 0.5790375471115112,
        "y": 0.7167511582374573,
        "z": 0.11000970005989075
    },
    "left_ankle": {
        "x": 0.6155461668968201,
        "y": 0.8834558725357056,
        "z": 0.08297469466924667
    },
    "right_ankle": {
        "x": 0.5687139630317688,
        "y": 0.8126462697982788,
        "z": 0.32849451899528503
    },
    "left_heel": {
        "x": 0.6094146966934204,
        "y": 0.8964439630508423,
        "z": 0.08947975933551788
    },
    "right_heel": {
        "x": 0.5734018683433533,
        "y": 0.8288933038711548,
        "z": 0.3473537564277649
    },
    "left_foot_index": {
        "x": 0.6140287518501282,
        "y": 0.9435712695121765,
        "z": -0.020587241277098656
    },
    "right_foot_index": {
        "x": 0.5433782339096069,
        "y": 0.8481020331382751,
        "z": 0.27182531356811523
    }
}