{
    "nose": {
        "x": 0.3392109274864197,
        "y": 0.3676054775714874,
        "z": -0.11945737898349762
    },
    "left_eye_inner": {
        "x": 0.3477839529514313,
        "y": 0.37699615955352783,
        "z": -0.12393920868635178
    },
    "left_eye": {
        "x": 0.34831464290618896,
        "y": 0.37893131375312805,
        "z": -0.12394735962152481
    },
    "left_eye_outer": {
        "x": 0.3487824499607086,
        "y": 0.38084280490875244,
        "z": -0.12401433289051056
    },
    "right_eye_inner": {
        "x": 0.34775984287261963,
        "y": 0.37490174174308777,
        "z": -0.12286694347858429
    },
    "right_eye": {
        "x": 0.348214715719223,
        "y": 0.37528344988822937,
        "z": -0.12284683436155319
    },
    "right_eye_outer": {
        "x": 0.3485895097255707,
        "y": 0.37570831179618835,
        "z": -0.12285364419221878
    },
    "left_ear": {
        "x": 0.34868961572647095,
        "y": 0.39384031295776367,
        "z": -0.10984312742948532
    },
    "right_ear": {
        "x": 0.3464585244655609,
        "y": 0.3877165615558624,
        "z": -0.10764054208993912
    },
    "mouth_left": {
        "x": 0.3342210054397583,
        "y": 0.3736458718776703,
        "z": -0.11106711626052856
    },
    "mouth_right": {
        "x": 0.334232360124588,
        "y": 0.3704667091369629,
        "z": -0.11069980263710022
    },
    "left_shoulder": {
        "x": 0.33097344636917114,
        "y": 0.411620557308197,
        "z": -0.11043886840343475
    },
    "right_shoulder": {
        "x": 0.3200136423110962,
        "y": 0.41471976041793823,
        "z": -0.04025815799832344
    },
    "left_elbow": {
        "x": 0.3245037794113159,
        "y": 0.44785022735595703,
        "z": -0.054706454277038574
    },
    "right_elbow": {
        "x": 0.2976917624473572,
        "y": 0.48117905855178833,
        "z": -0.0073050991632044315
    },
    "left_wrist": {
        "x": 0.34588298201560974,
        "y": 0.4635481536388397,
        "z": -0.01883905753493309
    },
    "right_wrist": {
        "x": 0.3301844298839569,
        "y": 0.4762721657752991,
        "z": 0.00032992579508572817
    },
    "left_pinky": {
        "x": 0.35508787631988525,
        "y": 0.4678247570991516,
        "z": -0.02993791177868843
    },
    "right_pinky": {
        "x": 0.3408830165863037,
        "y": 0.4800887107849121,
        "z": 0.00956917367875576
    },
    "left_index": {
        "x": 0.3524068593978882,
        "y": 0.46814143657684326,
        "z": -0.031791187822818756
    },
    "right_index": {
        "x": 0.3514041006565094,
        "y": 0.4701303243637085,
        "z": -0.005630678962916136
    },
    "left_thumb": {
        "x": 0.34874239563941956,
        "y": 0.4681565463542938,
        "z": -0.01724628359079361
    },
    "right_thumb": {
        "x": 0.3490789830684662,
        "y": 0.46898603439331055,
        "z": -0.003767356276512146
    },
    "left_hip": {
        "x": 0.3818069398403168,
        "y": 0.5370361804962158,
        "z": -0.001448171678930521
    },
    "right_hip": {
        "x": 0.37533360719680786,
        "y": 0.5610411167144775,
        "z": 0.001312329899519682
    },
    "left_knee": {
        "x": 0.4496051073074341,
        "y": 0.44979313015937805,
        "z": 0.004149839282035828
    },
    "right_knee": {
        "x": 0.4277670979499817,
        "y": 0.4876142740249634,
        "z": 0.0044048503041267395
    },
    "left_ankle": {
        "x": 0.4415281414985657,
        "y": 0.5381923913955688,
        "z": 0.06743432581424713
    },
    "right_ankle": {
        "x": 0.42879489064216614,
        "y": 0.5647301077842712,
        "z": 0.10357458144426346
    },
    "left_heel": {
        "x": 0.435238242149353,
        "y": 0.5532261729240417,
        "z": 0.07524850964546204
    },
    "right_heel": {
        "x": 0.42369067668914795,
        "y": 0.5750799775123596,
        "z": 0.1179356500506401
    },
    "left_foot_index": {
        "x": 0.4515552520751953,
        "y": 0.5485231876373291,
        "z": 0.08164747059345245
    },
    "right_foot_index": {
        "x": 0.4401029646396637,
        "y": 0.5820871591567993,
        "z": 0.15100938081741333
    }
}