{
    "nose": {
        "x": 0.3378937840461731,
        "y": 0.40930214524269104,
        "z": 0.034394316375255585
    },
    "left_eye_inner": {
        "x": 0.3444008529186249,
        "y": 0.4048428535461426,
        "z": 0.04147043079137802
    },
    "left_eye": {
        "x": 0.34530216455459595,
        "y": 0.4059465527534485,
        "z": 0.041470471769571304
    },
    "left_eye_outer": {
        "x": 0.3464302718639374,
        "y": 0.4064416289329529,
        "z": 0.04138966649770737
    },
    "right_eye_inner": {
        "x": 0.3409090042114258,
        "y": 0.4003394842147827,
        "z": 0.03581557050347328
    },
    "right_eye": {
        "x": 0.34009024500846863,
        "y": 0.3991764783859253,
        "z": 0.03586249426007271
    },
    "right_eye_outer": {
        "x": 0.33903077244758606,
        "y": 0.39809465408325195,
        "z": 0.03579951822757721
    },
    "left_ear": {
        "x": 0.34577521681785583,
        "y": 0.40738624334335327,
        "z": 0.0936407670378685
    },
    "right_ear": {
        "x": 0.3347725570201874,
        "y": 0.40102168917655945,
        "z": 0.0661289319396019
    },
    "mouth_left": {
        "x": 0.33697623014450073,
        "y": 0.41875869035720825,
        "z": 0.055689748376607895
    },
    "mouth_right": {
        "x": 0.33170902729034424,
        "y": 0.4125314950942993,
        "z": 0.04743119329214096
    },
    "left_shoulder": {
        "x": 0.3581404387950897,
        "y": 0.4159793555736542,
        "z": 0.08958493918180466
    },
    "right_shoulder": {
        "x": 0.3117019534111023,
        "y": 0.43366530537605286,
        "z": 0.08131048083305359
    },
    "left_elbow": {
        "x": 0.35762491822242737,
        "y": 0.4534797668457031,
        "z": 0.05038094520568848
    },
    "right_elbow": {
        "x": 0.2880205512046814,
        "y": 0.4850613474845886,
        "z": 0.05170890688896179
    },
    "left_wrist": {
        "x": 0.3570629060268402,
        "y": 0.45670536160469055,
        "z": -0.0031793909147381783
    },
    "right_wrist": {
        "x": 0.3186173439025879,
        "y": 0.4720473289489746,
        "z": 0.04159437492489815
    },
    "left_pinky": {
        "x": 0.3603885769844055,
        "y": 0.4576548933982849,
        "z": -0.020037895068526268
    },
    "right_pinky": {
        "x": 0.32746753096580505,
        "y": 0.4737570881843567,
        "z": 0.04503448307514191
    },
    "left_index": {
        "x": 0.3565921485424042,
        "y": 0.4565615952014923,
        "z": -0.015638576820492744
    },
    "right_index": {
        "x": 0.3326514959335327,
        "y": 0.46882322430610657,
        "z": 0.04277484491467476
    },
    "left_thumb": {
        "x": 0.3542826771736145,
        "y": 0.45869556069374084,
        "z": -0.0024786076974123716
    },
    "right_thumb": {
        "x": 0.33045709133148193,
        "y": 0.47027823328971863,
        "z": 0.04254695028066635
    },
    "left_hip": {
        "x": 0.4015546143054962,
        "y": 0.5237746834754944,
        "z": 0.014474233612418175
    },
    "right_hip": {
        "x": 0.3686799108982086,
        "y": 0.5565187931060791,
        "z": -0.014660251326858997
    },
    "left_knee": {
        "x": 0.48152074217796326,
        "y": 0.44811028242111206,
        "z": -0.028232047334313393
    },
    "right_knee": {
        "x": 0.35693714022636414,
        "y": 0.531940758228302,
        "z": -0.07164163887500763
    },
    "left_ankle": {
        "x": 0.44874584674835205,
        "y": 0.5426557064056396,
        "z": -0.04348885640501976
    },
    "right_ankle": {
        "x": 0.40176495909690857,
        "y": 0.5670456290245056,
        "z": -0.0784081518650055
    },
    "left_heel": {
        "x": 0.4350792169570923,
        "y": 0.5560926198959351,
        "z": -0.04354242980480194
    },
    "right_heel": {
        "x": 0.40686801075935364,
        "y": 0.5722737908363342,
        "z": -0.07535029947757721
    },
    "left_foot_index": {
        "x": 0.4566541910171509,
        "y": 0.5726311206817627,
        "z": -0.05278090015053749
    },
    "right_foot_index": {
        "x": 0.4170911908149719,
        "y": 0.5711431503295898,
        "z": -0.08449577540159225
    }
}