{
    "nose": {
        "x": 0.3620647192001343,
        "y": 0.400428831577301,
        "z": -0.3710470497608185
    },
    "left_eye_inner": {
        "x": 0.3683284521102905,
        "y": 0.38640621304512024,
        "z": -0.37996283173561096
    },
    "left_eye": {
        "x": 0.3713792562484741,
        "y": 0.3870721161365509,
        "z": -0.3799714744091034
    },
    "left_eye_outer": {
        "x": 0.37464800477027893,
        "y": 0.3877682387828827,
        "z": -0.3800971210002899
    },
    "right_eye_inner": {
        "x": 0.36323386430740356,
        "y": 0.38378646969795227,
        "z": -0.3549697995185852
    },
    "right_eye": {
        "x": 0.36249786615371704,
        "y": 0.38264575600624084,
        "z": -0.3549903631210327
    },
    "right_eye_outer": {
        "x": 0.3617765009403229,
        "y": 0.3815273940563202,
        "z": -0.355014830827713
    },
    "left_ear": {
        "x": 0.38820579648017883,
        "y": 0.39167240262031555,
        "z": -0.36152106523513794
    },
    "right_ear": {
        "x": 0.37168437242507935,
        "y": 0.38371241092681885,
        "z": -0.2525823712348938
    },
    "mouth_left": {
        "x": 0.36992695927619934,
        "y": 0.4171092212200165,
        "z": -0.35966113209724426
    },
    "mouth_right": {
        "x": 0.36344805359840393,
        "y": 0.41419345140457153,
        "z": -0.3282688558101654
    },
    "left_shoulder": {
        "x": 0.4151358902454376,
        "y": 0.5003430843353271,
        "z": -0.36960941553115845
    },
    "right_shoulder": {
        "x": 0.3854615390300751,
        "y": 0.43355172872543335,
        "z": -0.09859227389097214
    },
    "left_elbow": {
        "x": 0.4372813105583191,
        "y": 0.6264897584915161,
        "z": -0.40635478496551514
    },
    "right_elbow": {
        "x": 0.3589927554130554,
        "y": 0.4428950250148773,
        "z": 0.14843212068080902
    },
    "left_wrist": {
        "x": 0.42750149965286255,
        "y": 0.7481591701507568,
        "z": -0.4039226770401001
    },
    "right_wrist": {
        "x": 0.3397457003593445,
        "y": 0.4066426455974579,
        "z": 0.3460952639579773
    },
    "left_pinky": {
        "x": 0.43039822578430176,
        "y": 0.7809332609176636,
        "z": -0.43089133501052856
    },
    "right_pinky": {
        "x": 0.33408433198928833,
        "y": 0.40264779329299927,
        "z": 0.37888187170028687
    },
    "left_index": {
        "x": 0.4192565679550171,
        "y": 0.7746248245239258,
        "z": -0.4471212327480316
    },
    "right_index": {
        "x": 0.3354266881942749,
        "y": 0.40684592723846436,
        "z": 0.3579007387161255
    },
    "left_thumb": {
        "x": 0.416354775428772,
        "y": 0.7630717754364014,
        "z": -0.4089369475841522
    },
    "right_thumb": {
        "x": 0.3387508690357208,
        "y": 0.4114699065685272,
        "z": 0.34253165125846863
    },
    "left_hip": {
        "x": 0.40677616000175476,
        "y": 0.699558675289154,
        "z": -0.08506600558757782
    },
    "right_hip": {
        "x": 0.3868008553981781,
        "y": 0.6842374205589294,
        "z": 0.08513960242271423
    },
    "left_knee": {
        "x": 0.3957896828651428,
        "y": 0.8469844460487366,
        "z": 0.03715323284268379
    },
    "right_knee": {
        "x": 0.3934859335422516,
        "y": 0.8255529403686523,
        "z": 0.23500721156597137
    },
    "left_ankle": {
        "x": 0.4143940210342407,
        "y": 0.9710884690284729,
        "z": 0.20047158002853394
    },
    "right_ankle": {
        "x": 0.40763550996780396,
        "y": 0.9331415295600891,
        "z": 0.45399215817451477
    },
    "left_heel": {
        "x": 0.4231043756008148,
        "y": 0.9765727519989014,
        "z": 0.21274857223033905
    },
    "right_heel": {
        "x": 0.41662588715553284,
        "y": 0.9491410851478577,
        "z": 0.4720747768878937
    },
    "left_foot_index": {
        "x": 0.38496458530426025,
        "y": 1.0256625413894653,
        "z": 0.14219807088375092
    },
    "right_foot_index": {
        "x": 0.3784129321575165,
        "y": 0.9607535600662231,
        "z": 0.42856499552726746
    }
}