{
    "nose": {
        "x": 0.35733023285865784,
        "y": 0.39855507016181946,
        "z": -0.15097065269947052
    },
    "left_eye_inner": {
        "x": 0.3624127209186554,
        "y": 0.38325855135917664,
        "z": -0.17167548835277557
    },
    "left_eye": {
        "x": 0.3651703894138336,
        "y": 0.38337641954421997,
        "z": -0.17168499529361725
    },
    "left_eye_outer": {
        "x": 0.36829331517219543,
        "y": 0.3833983242511749,
        "z": -0.17179904878139496
    },
    "right_eye_inner": {
        "x": 0.35812681913375854,
        "y": 0.38166794180870056,
        "z": -0.1417623609304428
    },
    "right_eye": {
        "x": 0.3577814996242523,
        "y": 0.38082608580589294,
        "z": -0.14175556600093842
    },
    "right_eye_outer": {
        "x": 0.35752925276756287,
        "y": 0.38000938296318054,
        "z": -0.14182747900485992
    },
    "left_ear": {
        "x": 0.38206613063812256,
        "y": 0.3865405321121216,
        "z": -0.19618047773838043
    },
    "right_ear": {
        "x": 0.37074002623558044,
        "y": 0.38419419527053833,
        "z": -0.06552860140800476
    },
    "mouth_left": {
        "x": 0.36581626534461975,
        "y": 0.4124489426612854,
        "z": -0.15490850806236267
    },
    "mouth_right": {
        "x": 0.36024343967437744,
        "y": 0.41148895025253296,
        "z": -0.11756203323602676
    },
    "left_shoulder": {
        "x": 0.40706169605255127,
        "y": 0.4707384705543518,
        "z": -0.2219604253768921
    },
    "right_shoulder": {
        "x": 0.3838867247104645,
        "y": 0.44927090406417847,
        "z": 0.047687407582998276
    },
    "left_elbow": {
        "x": 0.4174388647079468,
        "y": 0.6149842143058777,
        "z": -0.18693949282169342
    },
    "right_elbow": {
        "x": 0.38058391213417053,
        "y": 0.5601728558540344,
        "z": 0.03808155655860901
    },
    "left_wrist": {
        "x": 0.3681085705757141,
        "y": 0.5670745968818665,
        "z": -0.04050753265619278
    },
    "right_wrist": {
        "x": 0.35373541712760925,
        "y": 0.537639319896698,
        "z": -0.09469765424728394
    },
    "left_pinky": {
        "x": 0.3551972508430481,
        "y": 0.5589019656181335,
        "z": -0.03844514861702919
    },
    "right_pinky": {
        "x": 0.35374587774276733,
        "y": 0.5228093862533569,
        "z": -0.10598380863666534
    },
    "left_index": {
        "x": 0.35814329981803894,
        "y": 0.5375452041625977,
        "z": -0.03283349424600601
    },
    "right_index": {
        "x": 0.3560565710067749,
        "y": 0.51291823387146,
        "z": -0.1106097623705864
    },
    "left_thumb": {
        "x": 0.3612043857574463,
        "y": 0.5380459427833557,
        "z": -0.03049907647073269
    },
    "right_thumb": {
        "x": 0.3581923246383667,
        "y": 0.5121427178382874,
        "z": -0.10133597254753113
    },
    "left_hip": {
        "x": 0.40665602684020996,
        "y": 0.693497896194458,
        "z": -0.08718707412481308
    },
    "right_hip": {
        "x": 0.39292892813682556,
        "y": 0.6742774248123169,
        "z": 0.08740416169166565
    },
    "left_knee": {
        "x": 0.3900132477283478,
        "y": 0.8450531363487244,
        "z": -0.036589737981557846
    },
    "right_knee": {
        "x": 0.4062086343765259,
        "y": 0.8130834698677063,
        "z": 0.2092653512954712
    },
    "left_ankle": {
        "x": 0.4120917022228241,
        "y": 0.9630049467086792,
        "z": 0.04279373586177826
    },
    "right_ankle": {
        "x": 0.41832029819488525,
        "y": 0.92494136095047,
        "z": 0.3565375506877899
    },
    "left_heel": {
        "x": 0.4228459596633911,
        "y": 0.9717632532119751,
        "z": 0.048550840467214584
    },
    "right_heel": {
        "x": 0.4271305203437805,
        "y": 0.945931613445282,
        "z": 0.3689395785331726
    },
    "left_foot_index": {
        "x": 0.3818179965019226,
        "y": 0.9872478246688843,
        "z": -0.007672624196857214
    },
    "right_foot_index": {
        "x": 0.39523497223854065,
        "y": 0.9472792148590088,
        "z": 0.3422016501426697
    }
}