{
    "nose": {
        "x": 0.33699095249176025,
        "y": 0.4447309374809265,
        "z": -0.2173418551683426
    },
    "left_eye_inner": {
        "x": 0.3364660143852234,
        "y": 0.43020743131637573,
        "z": -0.23484212160110474
    },
    "left_eye": {
        "x": 0.33792591094970703,
        "y": 0.42805761098861694,
        "z": -0.23492634296417236
    },
    "left_eye_outer": {
        "x": 0.33953866362571716,
        "y": 0.42568790912628174,
        "z": -0.2350359410047531
    },
    "right_eye_inner": {
        "x": 0.3348415493965149,
        "y": 0.4318932890892029,
        "z": -0.20393876731395721
    },
    "right_eye": {
        "x": 0.33506715297698975,
        "y": 0.4311406910419464,
        "z": -0.20392413437366486
    },
    "right_eye_outer": {
        "x": 0.3354610502719879,
        "y": 0.4301370084285736,
        "z": -0.2040080577135086
    },
    "left_ear": {
        "x": 0.35281798243522644,
        "y": 0.41634005308151245,
        "z": -0.2607116401195526
    },
    "right_ear": {
        "x": 0.3485790491104126,
        "y": 0.42041492462158203,
        "z": -0.12111897766590118
    },
    "mouth_left": {
        "x": 0.348331093788147,
        "y": 0.4503576159477234,
        "z": -0.2223847508430481
    },
    "mouth_right": {
        "x": 0.34589287638664246,
        "y": 0.4529583752155304,
        "z": -0.18194349110126495
    },
    "left_shoulder": {
        "x": 0.4025169014930725,
        "y": 0.46257248520851135,
        "z": -0.29169154167175293
    },
    "right_shoulder": {
        "x": 0.3701547682285309,
        "y": 0.48038896918296814,
        "z": -0.011003714054822922
    },
    "left_elbow": {
        "x": 0.44062501192092896,
        "y": 0.5874601006507874,
        "z": -0.3322359323501587
    },
    "right_elbow": {
        "x": 0.39440691471099854,
        "y": 0.5790224671363831,
        "z": 0.055358048528432846
    },
    "left_wrist": {
        "x": 0.4381275475025177,
        "y": 0.7129027843475342,
        "z": -0.32462257146835327
    },
    "right_wrist": {
        "x": 0.3923623263835907,
        "y": 0.6549092531204224,
        "z": 0.003044803161174059
    },
    "left_pinky": {
        "x": 0.4417760968208313,
        "y": 0.7469661831855774,
        "z": -0.3626984655857086
    },
    "right_pinky": {
        "x": 0.4017234146595001,
        "y": 0.6794187426567078,
        "z": -0.0011951664928346872
    },
    "left_index": {
        "x": 0.4291220009326935,
        "y": 0.7416802048683167,
        "z": -0.3620585501194
    },
    "right_index": {
        "x": 0.3986090421676636,
        "y": 0.6797494888305664,
        "z": -0.035093244165182114
    },
    "left_thumb": {
        "x": 0.42633065581321716,
        "y": 0.7292091250419617,
        "z": -0.32325854897499084
    },
    "right_thumb": {
        "x": 0.39983412623405457,
        "y": 0.6706050634384155,
        "z": -0.013021019287407398
    },
    "left_hip": {
        "x": 0.4337705671787262,
        "y": 0.6742101311683655,
        "z": -0.07779046148061752
    },
    "right_hip": {
        "x": 0.40227776765823364,
        "y": 0.6780004501342773,
        "z": 0.07796814292669296
    },
    "left_knee": {
        "x": 0.42146700620651245,
        "y": 0.7973748445510864,
        "z": -0.04324691742658615
    },
    "right_knee": {
        "x": 0.39680731296539307,
        "y": 0.8090637922286987,
        "z": 0.12020143866539001
    },
    "left_ankle": {
        "x": 0.4166899025440216,
        "y": 0.9614037275314331,
        "z": 0.07412800937891006
    },
    "right_ankle": {
        "x": 0.4116990268230438,
        "y": 0.9458240270614624,
        "z": 0.23949767649173737
    },
    "left_heel": {
        "x": 0.4275287985801697,
        "y": 0.9744223356246948,
        "z": 0.08028510957956314
    },
    "right_heel": {
        "x": 0.42025211453437805,
        "y": 0.9635077714920044,
        "z": 0.2479429841041565
    },
    "left_foot_index": {
        "x": 0.3997815251350403,
        "y": 0.9998136758804321,
        "z": -0.006471946835517883
    },
    "right_foot_index": {
        "x": 0.38359925150871277,
        "y": 0.9892579317092896,
        "z": 0.17549248039722443
    }
}