{
    "nose": {
        "x": 0.1604880392551422,
        "y": 0.5684281587600708,
        "z": 0.3402581810951233
    },
    "left_eye_inner": {
        "x": 0.15880879759788513,
        "y": 0.5625261068344116,
        "z": 0.3368125259876251
    },
    "left_eye": {
        "x": 0.15836560726165771,
        "y": 0.5624080300331116,
        "z": 0.3368140757083893
    },
    "left_eye_outer": {
        "x": 0.15782296657562256,
        "y": 0.5621026754379272,
        "z": 0.3367880880832672
    },
    "right_eye_inner": {
        "x": 0.16000691056251526,
        "y": 0.5622773766517639,
        "z": 0.3332839608192444
    },
    "right_eye": {
        "x": 0.16045579314231873,
        "y": 0.5621370673179626,
        "z": 0.33328282833099365
    },
    "right_eye_outer": {
        "x": 0.1608859896659851,
        "y": 0.5618025660514832,
        "z": 0.3331890404224396
    },
    "left_ear": {
        "x": 0.15669792890548706,
        "y": 0.5631740689277649,
        "z": 0.3003500998020172
    },
    "right_ear": {
        "x": 0.16187706589698792,
        "y": 0.5626868605613708,
        "z": 0.2855721414089203
    },
    "mouth_left": {
        "x": 0.16134271025657654,
        "y": 0.5747217535972595,
        "z": 0.3269578516483307
    },
    "mouth_right": {
        "x": 0.16267408430576324,
        "y": 0.5746740102767944,
        "z": 0.32249176502227783
    },
    "left_shoulder": {
        "x": 0.13692103326320648,
        "y": 0.6075994372367859,
        "z": 0.23515310883522034
    },
    "right_shoulder": {
        "x": 0.1902753710746765,
        "y": 0.589638352394104,
        "z": 0.21961846947669983
    },
    "left_elbow": {
        "x": 0.1260950118303299,
        "y": 0.6739691495895386,
        "z": 0.291507363319397
    },
    "right_elbow": {
        "x": 0.21202035248279572,
        "y": 0.6547830104827881,
        "z": 0.268338680267334
    },
    "left_wrist": {
        "x": 0.14548259973526,
        "y": 0.6626062393188477,
        "z": 0.41274121403694153
    },
    "right_wrist": {
        "x": 0.1973617523908615,
        "y": 0.6519873738288879,
        "z": 0.4072413742542267
    },
    "left_pinky": {
        "x": 0.14793074131011963,
        "y": 0.6585031747817993,
        "z": 0.42882052063941956
    },
    "right_pinky": {
        "x": 0.19940152764320374,
        "y": 0.6411096453666687,
        "z": 0.43539705872535706
    },
    "left_index": {
        "x": 0.15246601402759552,
        "y": 0.6535535454750061,
        "z": 0.43808791041374207
    },
    "right_index": {
        "x": 0.19046540558338165,
        "y": 0.6428050398826599,
        "z": 0.4357553720474243
    },
    "left_thumb": {
        "x": 0.15256425738334656,
        "y": 0.6538612842559814,
        "z": 0.4190359115600586
    },
    "right_thumb": {
        "x": 0.18956558406352997,
        "y": 0.6457409262657166,
        "z": 0.4127166271209717
    },
    "left_hip": {
        "x": 0.16343633830547333,
        "y": 0.7227559685707092,
        "z": 0.008374248631298542
    },
    "right_hip": {
        "x": 0.1935465782880783,
        "y": 0.7112375497817993,
        "z": -0.008566378615796566
    },
    "left_knee": {
        "x": 0.18723517656326294,
        "y": 0.8454141616821289,
        "z": -0.023994967341423035
    },
    "right_knee": {
        "x": 0.20982608199119568,
        "y": 0.8369589447975159,
        "z": -0.10202624648809433
    },
    "left_ankle": {
        "x": 0.1973530650138855,
        "y": 0.9826815724372864,
        "z": -0.1298917680978775
    },
    "right_ankle": {
        "x": 0.2428237497806549,
        "y": 0.9605558514595032,
        "z": -0.24205341935157776
    },
    "left_heel": {
        "x": 0.19992363452911377,
        "y": 0.9918564558029175,
        "z": -0.14465981721878052
    },
    "right_heel": {
        "x": 0.2409544587135315,
        "y": 0.9972783327102661,
        "z": -0.25842034816741943
    },
    "left_foot_index": {
        "x": 0.21072958409786224,
        "y": 0.9964852929115295,
        "z": -0.1763797253370285
    },
    "right_foot_index": {
        "x": 0.25787144899368286,
        "y": 0.9985799193382263,
        "z": -0.3035806119441986
    }
}