{
    "nose": {
        "x": 0.16035772860050201,
        "y": 0.5797258019447327,
        "z": 0.3737797141075134
    },
    "left_eye_inner": {
        "x": 0.15864388644695282,
        "y": 0.5747401118278503,
        "z": 0.3679077923297882
    },
    "left_eye": {
        "x": 0.15749672055244446,
        "y": 0.5750142335891724,
        "z": 0.36791756749153137
    },
    "left_eye_outer": {
        "x": 0.1561560183763504,
        "y": 0.5750773549079895,
        "z": 0.3678840696811676
    },
    "right_eye_inner": {
        "x": 0.16187675297260284,
        "y": 0.5731828212738037,
        "z": 0.3686547875404358
    },
    "right_eye": {
        "x": 0.16304545104503632,
        "y": 0.5725870728492737,
        "z": 0.36865943670272827
    },
    "right_eye_outer": {
        "x": 0.16421391069889069,
        "y": 0.5718166828155518,
        "z": 0.3685790002346039
    },
    "left_ear": {
        "x": 0.15510718524456024,
        "y": 0.5765019059181213,
        "z": 0.32135435938835144
    },
    "right_ear": {
        "x": 0.16752071678638458,
        "y": 0.572981595993042,
        "z": 0.32470858097076416
    },
    "mouth_left": {
        "x": 0.15922003984451294,
        "y": 0.586736798286438,
        "z": 0.3562909960746765
    },
    "mouth_right": {
        "x": 0.16309911012649536,
        "y": 0.5857062935829163,
        "z": 0.35708504915237427
    },
    "left_shoulder": {
        "x": 0.1412479430437088,
        "y": 0.6071116924285889,
        "z": 0.23165932297706604
    },
    "right_shoulder": {
        "x": 0.1954132616519928,
        "y": 0.6012003421783447,
        "z": 0.26316311955451965
    },
    "left_elbow": {
        "x": 0.12650161981582642,
        "y": 0.6711488962173462,
        "z": 0.2383630871772766
    },
    "right_elbow": {
        "x": 0.20743542909622192,
        "y": 0.6592187285423279,
        "z": 0.23825043439865112
    },
    "left_wrist": {
        "x": 0.14488250017166138,
        "y": 0.662489116191864,
        "z": 0.32141581177711487
    },
    "right_wrist": {
        "x": 0.19591209292411804,
        "y": 0.6892476677894592,
        "z": 0.26314812898635864
    },
    "left_pinky": {
        "x": 0.14499689638614655,
        "y": 0.6633738875389099,
        "z": 0.3243316411972046
    },
    "right_pinky": {
        "x": 0.1973334699869156,
        "y": 0.692738950252533,
        "z": 0.27364352345466614
    },
    "left_index": {
        "x": 0.15208621323108673,
        "y": 0.6574435830116272,
        "z": 0.33542197942733765
    },
    "right_index": {
        "x": 0.1906648874282837,
        "y": 0.6945415735244751,
        "z": 0.27655860781669617
    },
    "left_thumb": {
        "x": 0.1541786789894104,
        "y": 0.6560724973678589,
        "z": 0.3270339071750641
    },
    "right_thumb": {
        "x": 0.1888437122106552,
        "y": 0.6919770836830139,
        "z": 0.2657850980758667
    },
    "left_hip": {
        "x": 0.17277328670024872,
        "y": 0.720632016658783,
        "z": -0.01029389537870884
    },
    "right_hip": {
        "x": 0.2026245892047882,
        "y": 0.7108212113380432,
        "z": 0.010078618302941322
    },
    "left_knee": {
        "x": 0.1982325166463852,
        "y": 0.840711772441864,
        "z": -0.03083045408129692
    },
    "right_knee": {
        "x": 0.21503371000289917,
        "y": 0.8354330062866211,
        "z": -0.0527338944375515
    },
    "left_ankle": {
        "x": 0.21969980001449585,
        "y": 0.9667980670928955,
        "z": -0.16268521547317505
    },
    "right_ankle": {
        "x": 0.24566921591758728,
        "y": 0.9629327654838562,
        "z": -0.19226835668087006
    },
    "left_heel": {
        "x": 0.22613053023815155,
        "y": 0.9813481569290161,
        "z": -0.18026748299598694
    },
    "right_heel": {
        "x": 0.24677617847919464,
        "y": 0.9859294295310974,
        "z": -0.2101583480834961
    },
    "left_foot_index": {
        "x": 0.23063591122627258,
        "y": 1.0133554935455322,
        "z": -0.21492935717105865
    },
    "right_foot_index": {
        "x": 0.24916362762451172,
        "y": 0.9885809421539307,
        "z": -0.2613668143749237
    }
}