{
    "nose": {
        "x": 0.19374491274356842,
        "y": 0.5273229479789734,
        "z": 0.10404461622238159
    },
    "left_eye_inner": {
        "x": 0.1921914517879486,
        "y": 0.5118609070777893,
        "z": 0.09464821964502335
    },
    "left_eye": {
        "x": 0.18986614048480988,
        "y": 0.5110121965408325,
        "z": 0.09460124373435974
    },
    "left_eye_outer": {
        "x": 0.18722526729106903,
        "y": 0.5100467205047607,
        "z": 0.09454403072595596
    },
    "right_eye_inner": {
        "x": 0.1963670402765274,
        "y": 0.5122923851013184,
        "z": 0.08257222920656204
    },
    "right_eye": {
        "x": 0.19715309143066406,
        "y": 0.512008786201477,
        "z": 0.08254434913396835
    },
    "right_eye_outer": {
        "x": 0.19789713621139526,
        "y": 0.5118865966796875,
        "z": 0.0824788510799408
    },
    "left_ear": {
        "x": 0.1806212067604065,
        "y": 0.5113886594772339,
        "z": 0.05835273861885071
    },
    "right_ear": {
        "x": 0.19617535173892975,
        "y": 0.51649010181427,
        "z": 0.0041601709090173244
    },
    "mouth_left": {
        "x": 0.18932433426380157,
        "y": 0.5362104773521423,
        "z": 0.09329459071159363
    },
    "mouth_right": {
        "x": 0.19305209815502167,
        "y": 0.5371540188789368,
        "z": 0.07779568433761597
    },
    "left_shoulder": {
        "x": 0.14316846430301666,
        "y": 0.5714713335037231,
        "z": 0.08671526610851288
    },
    "right_shoulder": {
        "x": 0.19666174054145813,
        "y": 0.5860552191734314,
        "z": -0.07138143479824066
    },
    "left_elbow": {
        "x": 0.14580874145030975,
        "y": 0.6751177310943604,
        "z": 0.11836272478103638
    },
    "right_elbow": {
        "x": 0.20323717594146729,
        "y": 0.676213800907135,
        "z": -0.053968124091625214
    },
    "left_wrist": {
        "x": 0.15539905428886414,
        "y": 0.7299150228500366,
        "z": 0.14222335815429688
    },
    "right_wrist": {
        "x": 0.22360298037528992,
        "y": 0.7513856291770935,
        "z": 0.03171490132808685
    },
    "left_pinky": {
        "x": 0.15626849234104156,
        "y": 0.749005138874054,
        "z": 0.14642378687858582
    },
    "right_pinky": {
        "x": 0.2336740493774414,
        "y": 0.7617095112800598,
        "z": 0.03853330761194229
    },
    "left_index": {
        "x": 0.15876320004463196,
        "y": 0.7429224848747253,
        "z": 0.14291581511497498
    },
    "right_index": {
        "x": 0.23488131165504456,
        "y": 0.7560827136039734,
        "z": 0.042620204389095306
    },
    "left_thumb": {
        "x": 0.1588607132434845,
        "y": 0.7363169193267822,
        "z": 0.14017599821090698
    },
    "right_thumb": {
        "x": 0.23099198937416077,
        "y": 0.7537949681282043,
        "z": 0.035934723913669586
    },
    "left_hip": {
        "x": 0.1267988383769989,
        "y": 0.7554841637611389,
        "z": 0.05794287845492363
    },
    "right_hip": {
        "x": 0.15600398182868958,
        "y": 0.7533907294273376,
        "z": -0.05809745937585831
    },
    "left_knee": {
        "x": 0.19118650257587433,
        "y": 0.8318831920623779,
        "z": 0.0962836965918541
    },
    "right_knee": {
        "x": 0.2328166514635086,
        "y": 0.7980301380157471,
        "z": -0.03873942047357559
    },
    "left_ankle": {
        "x": 0.15910793840885162,
        "y": 0.9322243928909302,
        "z": 0.0753919929265976
    },
    "right_ankle": {
        "x": 0.17441552877426147,
        "y": 0.9150133728981018,
        "z": -0.024065684527158737
    },
    "left_heel": {
        "x": 0.14581939578056335,
        "y": 0.9401772618293762,
        "z": 0.07217291742563248
    },
    "right_heel": {
        "x": 0.15683621168136597,
        "y": 0.9223921298980713,
        "z": -0.018857000395655632
    },
    "left_foot_index": {
        "x": 0.17231103777885437,
        "y": 0.9877145886421204,
        "z": 0.06434255838394165
    },
    "right_foot_index": {
        "x": 0.196750208735466,
        "y": 0.9715700149536133,
        "z": 0.0008750025299377739
    }
}