{
    "nose": {
        "x": 0.16262495517730713,
        "y": 0.579471230506897,
        "z": 0.33135318756103516
    },
    "left_eye_inner": {
        "x": 0.16110433638095856,
        "y": 0.5719732046127319,
        "z": 0.32540908455848694
    },
    "left_eye": {
        "x": 0.16008256375789642,
        "y": 0.5721542835235596,
        "z": 0.3254320025444031
    },
    "left_eye_outer": {
        "x": 0.15899910032749176,
        "y": 0.5720764398574829,
        "z": 0.3254146873950958
    },
    "right_eye_inner": {
        "x": 0.163445383310318,
        "y": 0.5706986784934998,
        "z": 0.3215489089488983
    },
    "right_eye": {
        "x": 0.16438409686088562,
        "y": 0.5700581073760986,
        "z": 0.32155823707580566
    },
    "right_eye_outer": {
        "x": 0.16506676375865936,
        "y": 0.5693548917770386,
        "z": 0.32148799300193787
    },
    "left_ear": {
        "x": 0.1573316603899002,
        "y": 0.5727011561393738,
        "z": 0.28824204206466675
    },
    "right_ear": {
        "x": 0.16639766097068787,
        "y": 0.5693232417106628,
        "z": 0.2710610032081604
    },
    "mouth_left": {
        "x": 0.16187149286270142,
        "y": 0.5864320397377014,
        "z": 0.3189905881881714
    },
    "mouth_right": {
        "x": 0.16425594687461853,
        "y": 0.5853322148323059,
        "z": 0.31390687823295593
    },
    "left_shoulder": {
        "x": 0.13773173093795776,
        "y": 0.6105989813804626,
        "z": 0.22392579913139343
    },
    "right_shoulder": {
        "x": 0.19100241363048553,
        "y": 0.5967648029327393,
        "z": 0.19681955873966217
    },
    "left_elbow": {
        "x": 0.1252502053976059,
        "y": 0.6613146662712097,
        "z": 0.18251219391822815
    },
    "right_elbow": {
        "x": 0.2040214091539383,
        "y": 0.655519425868988,
        "z": 0.14499062299728394
    },
    "left_wrist": {
        "x": 0.1421946883201599,
        "y": 0.6537566781044006,
        "z": 0.1845618188381195
    },
    "right_wrist": {
        "x": 0.20362235605716705,
        "y": 0.6851847171783447,
        "z": 0.13186584413051605
    },
    "left_pinky": {
        "x": 0.14134815335273743,
        "y": 0.6546167731285095,
        "z": 0.17718736827373505
    },
    "right_pinky": {
        "x": 0.20663906633853912,
        "y": 0.6891994476318359,
        "z": 0.1291111558675766
    },
    "left_index": {
        "x": 0.14826878905296326,
        "y": 0.6489704251289368,
        "z": 0.18817593157291412
    },
    "right_index": {
        "x": 0.2018531858921051,
        "y": 0.6867715120315552,
        "z": 0.13602402806282043
    },
    "left_thumb": {
        "x": 0.15025751292705536,
        "y": 0.6488057374954224,
        "z": 0.1875946968793869
    },
    "right_thumb": {
        "x": 0.19945989549160004,
        "y": 0.6849859356880188,
        "z": 0.134426087141037
    },
    "left_hip": {
        "x": 0.17127279937267303,
        "y": 0.7192394137382507,
        "z": 0.017248736694455147
    },
    "right_hip": {
        "x": 0.19289274513721466,
        "y": 0.7123555541038513,
        "z": -0.017405280843377113
    },
    "left_knee": {
        "x": 0.1868133395910263,
        "y": 0.8346772789955139,
        "z": -0.03513605147600174
    },
    "right_knee": {
        "x": 0.21244172751903534,
        "y": 0.8283523321151733,
        "z": -0.07789341360330582
    },
    "left_ankle": {
        "x": 0.20722728967666626,
        "y": 0.9450300335884094,
        "z": -0.09858576953411102
    },
    "right_ankle": {
        "x": 0.24043647944927216,
        "y": 0.9462198615074158,
        "z": -0.13744358718395233
    },
    "left_heel": {
        "x": 0.20869654417037964,
        "y": 0.9595413208007812,
        "z": -0.10934248566627502
    },
    "right_heel": {
        "x": 0.23275673389434814,
        "y": 0.9586963653564453,
        "z": -0.14686612784862518
    },
    "left_foot_index": {
        "x": 0.21923379600048065,
        "y": 0.9775453209877014,
        "z": -0.14560826122760773
    },
    "right_foot_index": {
        "x": 0.24964463710784912,
        "y": 0.9663077592849731,
        "z": -0.1962503045797348
    }
}