{
    "nose": {
        "x": 0.2833138704299927,
        "y": 0.4452454745769501,
        "z": 0.03822498396039009
    },
    "left_eye_inner": {
        "x": 0.28034508228302,
        "y": 0.4368226230144501,
        "z": 0.016824660822749138
    },
    "left_eye": {
        "x": 0.2786726951599121,
        "y": 0.437448114156723,
        "z": 0.01680832728743553
    },
    "left_eye_outer": {
        "x": 0.27704063057899475,
        "y": 0.43816453218460083,
        "z": 0.016826577484607697
    },
    "right_eye_inner": {
        "x": 0.2855004072189331,
        "y": 0.4343913495540619,
        "z": 0.018470028415322304
    },
    "right_eye": {
        "x": 0.2870810925960541,
        "y": 0.4335648715496063,
        "z": 0.018431488424539566
    },
    "right_eye_outer": {
        "x": 0.2886296212673187,
        "y": 0.4328306019306183,
        "z": 0.01837162673473358
    },
    "left_ear": {
        "x": 0.2762894034385681,
        "y": 0.44096386432647705,
        "z": -0.04491323605179787
    },
    "right_ear": {
        "x": 0.29078054428100586,
        "y": 0.43557536602020264,
        "z": -0.03767717629671097
    },
    "mouth_left": {
        "x": 0.2816515564918518,
        "y": 0.4532789885997772,
        "z": 0.021556681022047997
    },
    "mouth_right": {
        "x": 0.28758057951927185,
        "y": 0.4504818320274353,
        "z": 0.02360379882156849
    },
    "left_shoulder": {
        "x": 0.2643515467643738,
        "y": 0.49355778098106384,
        "z": -0.04384194687008858
    },
    "right_shoulder": {
        "x": 0.3170927166938782,
        "y": 0.48472219705581665,
        "z": -0.05845380946993828
    },
    "left_elbow": {
        "x": 0.24852317571640015,
        "y": 0.5540328621864319,
        "z": 0.015067609958350658
    },
    "right_elbow": {
        "x": 0.3381771445274353,
        "y": 0.5423070192337036,
        "z": 0.0301220640540123
    },
    "left_wrist": {
        "x": 0.2300986349582672,
        "y": 0.5435774326324463,
        "z": 0.10510627925395966
    },
    "right_wrist": {
        "x": 0.3243185877799988,
        "y": 0.5330378413200378,
        "z": 0.17235049605369568
    },
    "left_pinky": {
        "x": 0.22051984071731567,
        "y": 0.5415678024291992,
        "z": 0.11715364456176758
    },
    "right_pinky": {
        "x": 0.3228667080402374,
        "y": 0.5330445170402527,
        "z": 0.1904619336128235
    },
    "left_index": {
        "x": 0.22358763217926025,
        "y": 0.5360721349716187,
        "z": 0.11776981502771378
    },
    "right_index": {
        "x": 0.3180769383907318,
        "y": 0.5291831493377686,
        "z": 0.18617236614227295
    },
    "left_thumb": {
        "x": 0.228547140955925,
        "y": 0.5368052124977112,
        "z": 0.10882711410522461
    },
    "right_thumb": {
        "x": 0.31705769896507263,
        "y": 0.5295839309692383,
        "z": 0.17417912185192108
    },
    "left_hip": {
        "x": 0.2902514934539795,
        "y": 0.6432852149009705,
        "z": 0.023344269022345543
    },
    "right_hip": {
        "x": 0.3232220709323883,
        "y": 0.6284229755401611,
        "z": -0.02370700053870678
    },
    "left_knee": {
        "x": 0.31315451860427856,
        "y": 0.6577304601669312,
        "z": 0.17409595847129822
    },
    "right_knee": {
        "x": 0.3397776484489441,
        "y": 0.6522535085678101,
        "z": 0.11373463273048401
    },
    "left_ankle": {
        "x": 0.3283565640449524,
        "y": 0.7434669137001038,
        "z": 0.1692071408033371
    },
    "right_ankle": {
        "x": 0.3403700590133667,
        "y": 0.7388654351234436,
        "z": 0.13587167859077454
    },
    "left_heel": {
        "x": 0.32965683937072754,
        "y": 0.7578480839729309,
        "z": 0.17072001099586487
    },
    "right_heel": {
        "x": 0.3359416127204895,
        "y": 0.7525659203529358,
        "z": 0.14104929566383362
    },
    "left_foot_index": {
        "x": 0.340549111366272,
        "y": 0.7573096752166748,
        "z": 0.17673729360103607
    },
    "right_foot_index": {
        "x": 0.3503854274749756,
        "y": 0.7575837969779968,
        "z": 0.15317700803279877
    }
}