{
    "nose": {
        "x": 0.6601623296737671,
        "y": 0.3607464134693146,
        "z": -0.009650074876844883
    },
    "left_eye_inner": {
        "x": 0.657715916633606,
        "y": 0.34480342268943787,
        "z": -0.03961075469851494
    },
    "left_eye": {
        "x": 0.6545485854148865,
        "y": 0.34379059076309204,
        "z": -0.03964947909116745
    },
    "left_eye_outer": {
        "x": 0.6512105464935303,
        "y": 0.3429471254348755,
        "z": -0.039708223193883896
    },
    "right_eye_inner": {
        "x": 0.665635883808136,
        "y": 0.3470173478126526,
        "z": -0.0368196964263916
    },
    "right_eye": {
        "x": 0.6680625677108765,
        "y": 0.3476623296737671,
        "z": -0.03683818504214287
    },
    "right_eye_outer": {
        "x": 0.6704618334770203,
        "y": 0.3484957814216614,
        "z": -0.036909978836774826
    },
    "left_ear": {
        "x": 0.6463925838470459,
        "y": 0.3497861623764038,
        "z": -0.12149101495742798
    },
    "right_ear": {
        "x": 0.6736030578613281,
        "y": 0.3576311469078064,
        "z": -0.10792224109172821
    },
    "mouth_left": {
        "x": 0.6548003554344177,
        "y": 0.37268930673599243,
        "z": -0.030590655282139778
    },
    "mouth_right": {
        "x": 0.6630872488021851,
        "y": 0.37584084272384644,
        "z": -0.02670271135866642
    },
    "left_shoulder": {
        "x": 0.6043140292167664,
        "y": 0.43820521235466003,
        "z": -0.13893496990203857
    },
    "right_shoulder": {
        "x": 0.6963809132575989,
        "y": 0.46414607763290405,
        "z": -0.10653462260961533
    },
    "left_elbow": {
        "x": 0.5714334845542908,
        "y": 0.5250511169433594,
        "z": -0.013319898396730423
    },
    "right_elbow": {
        "x": 0.717860996723175,
        "y": 0.572826087474823,
        "z": 0.002775711938738823
    },
    "left_wrist": {
        "x": 0.5842778086662292,
        "y": 0.504815936088562,
        "z": 0.1679588258266449
    },
    "right_wrist": {
        "x": 0.6926252245903015,
        "y": 0.5952578186988831,
        "z": 0.13404113054275513
    },
    "left_pinky": {
        "x": 0.5827418565750122,
        "y": 0.5026904344558716,
        "z": 0.18112753331661224
    },
    "right_pinky": {
        "x": 0.6881904006004333,
        "y": 0.6056182384490967,
        "z": 0.14468520879745483
    },
    "left_index": {
        "x": 0.5917783975601196,
        "y": 0.4951716363430023,
        "z": 0.17623277008533478
    },
    "right_index": {
        "x": 0.6831406950950623,
        "y": 0.596089780330658,
        "z": 0.1351647824048996
    },
    "left_thumb": {
        "x": 0.594692587852478,
        "y": 0.49784988164901733,
        "z": 0.1709098070859909
    },
    "right_thumb": {
        "x": 0.6825277209281921,
        "y": 0.5922973155975342,
        "z": 0.13375352323055267
    },
    "left_hip": {
        "x": 0.6100422739982605,
        "y": 0.656784176826477,
        "z": -0.02482197992503643
    },
    "right_hip": {
        "x": 0.6542077660560608,
        "y": 0.6683603525161743,
        "z": 0.02484295889735222
    },
    "left_knee": {
        "x": 0.6063647270202637,
        "y": 0.7571342587471008,
        "z": 0.14647336304187775
    },
    "right_knee": {
        "x": 0.6304298043251038,
        "y": 0.7597999572753906,
        "z": 0.21487882733345032
    },
    "left_ankle": {
        "x": 0.6035958528518677,
        "y": 0.8762388825416565,
        "z": 0.31168919801712036
    },
    "right_ankle": {
        "x": 0.6246915459632874,
        "y": 0.879650890827179,
        "z": 0.3943881690502167
    },
    "left_heel": {
        "x": 0.6052225232124329,
        "y": 0.9141131639480591,
        "z": 0.33115559816360474
    },
    "right_heel": {
        "x": 0.6183802485466003,
        "y": 0.8920943737030029,
        "z": 0.41499659419059753
    },
    "left_foot_index": {
        "x": 0.5919283032417297,
        "y": 0.8785163164138794,
        "z": 0.3490079641342163
    },
    "right_foot_index": {
        "x": 0.618332028388977,
        "y": 0.8832218647003174,
        "z": 0.4317830204963684
    }
}