{
    "nose": {
        "x": 0.2670430541038513,
        "y": 0.6485761404037476,
        "z": -0.08791925758123398
    },
    "left_eye_inner": {
        "x": 0.26320627331733704,
        "y": 0.6232942342758179,
        "z": -0.10500431805849075
    },
    "left_eye": {
        "x": 0.2611117959022522,
        "y": 0.6225326061248779,
        "z": -0.10492110252380371
    },
    "left_eye_outer": {
        "x": 0.25752419233322144,
        "y": 0.6212875247001648,
        "z": -0.10481873154640198
    },
    "right_eye_inner": {
        "x": 0.2656831443309784,
        "y": 0.6258203983306885,
        "z": -0.1314338594675064
    },
    "right_eye": {
        "x": 0.2651479244232178,
        "y": 0.6272130608558655,
        "z": -0.13144949078559875
    },
    "right_eye_outer": {
        "x": 0.264501690864563,
        "y": 0.628128170967102,
        "z": -0.13137587904930115
    },
    "left_ear": {
        "x": 0.2368830442428589,
        "y": 0.6328667402267456,
        "z": -0.12724871933460236
    },
    "right_ear": {
        "x": 0.24935579299926758,
        "y": 0.6420806050300598,
        "z": -0.24756212532520294
    },
    "mouth_left": {
        "x": 0.25597506761550903,
        "y": 0.6736985445022583,
        "z": -0.08445565402507782
    },
    "mouth_right": {
        "x": 0.2580067813396454,
        "y": 0.6758884787559509,
        "z": -0.11959944665431976
    },
    "left_shoulder": {
        "x": 0.19339273869991302,
        "y": 0.7396488189697266,
        "z": -0.04683496430516243
    },
    "right_shoulder": {
        "x": 0.22975626587867737,
        "y": 0.7769558429718018,
        "z": -0.27142229676246643
    },
    "left_elbow": {
        "x": 0.22817134857177734,
        "y": 0.8527705073356628,
        "z": 0.13557924330234528
    },
    "right_elbow": {
        "x": 0.2458781749010086,
        "y": 0.9114841818809509,
        "z": -0.12568752467632294
    },
    "left_wrist": {
        "x": 0.2551078796386719,
        "y": 0.8077666759490967,
        "z": 0.23616379499435425
    },
    "right_wrist": {
        "x": 0.2551385760307312,
        "y": 0.8284883499145508,
        "z": 0.18735648691654205
    },
    "left_pinky": {
        "x": 0.2555437982082367,
        "y": 0.7975388765335083,
        "z": 0.2293769270181656
    },
    "right_pinky": {
        "x": 0.26496022939682007,
        "y": 0.8105496764183044,
        "z": 0.1966686248779297
    },
    "left_index": {
        "x": 0.26445722579956055,
        "y": 0.7855271100997925,
        "z": 0.21141622960567474
    },
    "right_index": {
        "x": 0.2587868273258209,
        "y": 0.7959310412406921,
        "z": 0.18955332040786743
    },
    "left_thumb": {
        "x": 0.26420339941978455,
        "y": 0.789459228515625,
        "z": 0.22717228531837463
    },
    "right_thumb": {
        "x": 0.2527522146701813,
        "y": 0.8012752532958984,
        "z": 0.19098494946956635
    },
    "left_hip": {
        "x": 0.2079515904188156,
        "y": 1.088850736618042,
        "z": 0.05923421308398247
    },
    "right_hip": {
        "x": 0.2356073558330536,
        "y": 1.1005549430847168,
        "z": -0.058683909475803375
    },
    "left_knee": {
        "x": 0.2211184948682785,
        "y": 0.9265127778053284,
        "z": 0.3305293917655945
    },
    "right_knee": {
        "x": 0.27027392387390137,
        "y": 0.9396042227745056,
        "z": 0.20026856660842896
    },
    "left_ankle": {
        "x": 0.2364320009946823,
        "y": 0.9911262392997742,
        "z": 0.740558922290802
    },
    "right_ankle": {
        "x": 0.248917356133461,
        "y": 0.9977553486824036,
        "z": 0.6154432892799377
    },
    "left_heel": {
        "x": 0.2280963957309723,
        "y": 1.0190505981445312,
        "z": 0.7793470621109009
    },
    "right_heel": {
        "x": 0.2332221418619156,
        "y": 1.0197700262069702,
        "z": 0.6601014137268066
    },
    "left_foot_index": {
        "x": 0.2576342225074768,
        "y": 0.9485881328582764,
        "z": 0.7439444661140442
    },
    "right_foot_index": {
        "x": 0.267973929643631,
        "y": 0.9580954313278198,
        "z": 0.6544808745384216
    }
}