{
    "nose": {
        "x": 0.6756952404975891,
        "y": 0.34930741786956787,
        "z": -0.06930148601531982
    },
    "left_eye_inner": {
        "x": 0.6761472821235657,
        "y": 0.3334634602069855,
        "z": -0.09445753693580627
    },
    "left_eye": {
        "x": 0.6768065094947815,
        "y": 0.332654744386673,
        "z": -0.09447775781154633
    },
    "left_eye_outer": {
        "x": 0.67747962474823,
        "y": 0.33173954486846924,
        "z": -0.09449991583824158
    },
    "right_eye_inner": {
        "x": 0.6763026714324951,
        "y": 0.33376917243003845,
        "z": -0.06358929723501205
    },
    "right_eye": {
        "x": 0.6771085262298584,
        "y": 0.33325573801994324,
        "z": -0.06362268328666687
    },
    "right_eye_outer": {
        "x": 0.6780084371566772,
        "y": 0.3325551152229309,
        "z": -0.06368913501501083
    },
    "left_ear": {
        "x": 0.6887834668159485,
        "y": 0.33271458745002747,
        "z": -0.16069382429122925
    },
    "right_ear": {
        "x": 0.6903354525566101,
        "y": 0.3320236802101135,
        "z": -0.022470034658908844
    },
    "mouth_left": {
        "x": 0.6811801791191101,
        "y": 0.36231449246406555,
        "z": -0.0891590565443039
    },
    "mouth_right": {
        "x": 0.6814698576927185,
        "y": 0.363189160823822,
        "z": -0.04907328635454178
    },
    "left_shoulder": {
        "x": 0.7006332874298096,
        "y": 0.4081035852432251,
        "z": -0.2168045938014984
    },
    "right_shoulder": {
        "x": 0.7245947122573853,
        "y": 0.3916051983833313,
        "z": 0.07053662091493607
    },
    "left_elbow": {
        "x": 0.6850923299789429,
        "y": 0.5270426273345947,
        "z": -0.1964844912290573
    },
    "right_elbow": {
        "x": 0.696231484413147,
        "y": 0.487245112657547,
        "z": 0.1510676145553589
    },
    "left_wrist": {
        "x": 0.6474546790122986,
        "y": 0.5246158838272095,
        "z": -0.07189427316188812
    },
    "right_wrist": {
        "x": 0.653232216835022,
        "y": 0.4604197144508362,
        "z": 0.17443999648094177
    },
    "left_pinky": {
        "x": 0.6379753947257996,
        "y": 0.5208080410957336,
        "z": -0.07963011413812637
    },
    "right_pinky": {
        "x": 0.6433200836181641,
        "y": 0.4605826139450073,
        "z": 0.18761837482452393
    },
    "left_index": {
        "x": 0.6426795721054077,
        "y": 0.4798933267593384,
        "z": -0.07093805819749832
    },
    "right_index": {
        "x": 0.6410905718803406,
        "y": 0.44704294204711914,
        "z": 0.1679779440164566
    },
    "left_thumb": {
        "x": 0.648714542388916,
        "y": 0.4816143810749054,
        "z": -0.06445569545030594
    },
    "right_thumb": {
        "x": 0.6480283141136169,
        "y": 0.4483073651790619,
        "z": 0.16539879143238068
    },
    "left_hip": {
        "x": 0.6827049851417542,
        "y": 0.6081092357635498,
        "z": -0.09099218994379044
    },
    "right_hip": {
        "x": 0.6973800659179688,
        "y": 0.6008592247962952,
        "z": 0.09098371863365173
    },
    "left_knee": {
        "x": 0.6437652111053467,
        "y": 0.7224959135055542,
        "z": 0.015228106640279293
    },
    "right_knee": {
        "x": 0.6525866985321045,
        "y": 0.725922703742981,
        "z": 0.20200498402118683
    },
    "left_ankle": {
        "x": 0.62436443567276,
        "y": 0.844643235206604,
        "z": 0.1543857753276825
    },
    "right_ankle": {
        "x": 0.6229404211044312,
        "y": 0.8383554816246033,
        "z": 0.33282235264778137
    },
    "left_heel": {
        "x": 0.6284022927284241,
        "y": 0.8705321550369263,
        "z": 0.16733390092849731
    },
    "right_heel": {
        "x": 0.6246194839477539,
        "y": 0.8640009164810181,
        "z": 0.34424054622650146
    },
    "left_foot_index": {
        "x": 0.5931007862091064,
        "y": 0.8503773808479309,
        "z": 0.14303649961948395
    },
    "right_foot_index": {
        "x": 0.5912367105484009,
        "y": 0.8471982479095459,
        "z": 0.31963327527046204
    }
}