{
    "nose": {
        "x": 0.3825807571411133,
        "y": 0.6133509874343872,
        "z": -0.04673999920487404
    },
    "left_eye_inner": {
        "x": 0.3830398917198181,
        "y": 0.5846336483955383,
        "z": -0.040147218853235245
    },
    "left_eye": {
        "x": 0.3822707235813141,
        "y": 0.5833088159561157,
        "z": -0.040138982236385345
    },
    "left_eye_outer": {
        "x": 0.38141682744026184,
        "y": 0.5819216370582581,
        "z": -0.04012632742524147
    },
    "right_eye_inner": {
        "x": 0.38130417466163635,
        "y": 0.5862846374511719,
        "z": -0.08196422457695007
    },
    "right_eye": {
        "x": 0.37893661856651306,
        "y": 0.5863773226737976,
        "z": -0.08207307010889053
    },
    "right_eye_outer": {
        "x": 0.37646809220314026,
        "y": 0.5859652757644653,
        "z": -0.08209402859210968
    },
    "left_ear": {
        "x": 0.36191609501838684,
        "y": 0.5802993774414062,
        "z": 0.009156244806945324
    },
    "right_ear": {
        "x": 0.3564142882823944,
        "y": 0.5892086029052734,
        "z": -0.1792510598897934
    },
    "mouth_left": {
        "x": 0.3727419972419739,
        "y": 0.6331040859222412,
        "z": -0.021295536309480667
    },
    "mouth_right": {
        "x": 0.37000802159309387,
        "y": 0.6356143951416016,
        "z": -0.07595967501401901
    },
    "left_shoulder": {
        "x": 0.28878089785575867,
        "y": 0.6754935383796692,
        "z": 0.12896540760993958
    },
    "right_shoulder": {
        "x": 0.34294527769088745,
        "y": 0.709517776966095,
        "z": -0.26601192355155945
    },
    "left_elbow": {
        "x": 0.30648073554039,
        "y": 0.8040170669555664,
        "z": 0.29037413001060486
    },
    "right_elbow": {
        "x": 0.38232889771461487,
        "y": 0.8965919613838196,
        "z": -0.172419935464859
    },
    "left_wrist": {
        "x": 0.36616837978363037,
        "y": 0.780666708946228,
        "z": 0.4010885953903198
    },
    "right_wrist": {
        "x": 0.40004318952560425,
        "y": 0.8392988443374634,
        "z": 0.10705377906560898
    },
    "left_pinky": {
        "x": 0.377763569355011,
        "y": 0.7736481428146362,
        "z": 0.419365793466568
    },
    "right_pinky": {
        "x": 0.41005122661590576,
        "y": 0.8492076992988586,
        "z": 0.11903595179319382
    },
    "left_index": {
        "x": 0.3829493820667267,
        "y": 0.7619501352310181,
        "z": 0.40601375699043274
    },
    "right_index": {
        "x": 0.4045921266078949,
        "y": 0.8278307318687439,
        "z": 0.11696203052997589
    },
    "left_thumb": {
        "x": 0.3781565725803375,
        "y": 0.7660585641860962,
        "z": 0.3952118754386902
    },
    "right_thumb": {
        "x": 0.39929553866386414,
        "y": 0.8303407430648804,
        "z": 0.11443231254816055
    },
    "left_hip": {
        "x": 0.29522472620010376,
        "y": 1.0313059091567993,
        "z": 0.12293051928281784
    },
    "right_hip": {
        "x": 0.3287123143672943,
        "y": 1.0630624294281006,
        "z": -0.12234189361333847
    },
    "left_knee": {
        "x": 0.2955479323863983,
        "y": 1.043404459953308,
        "z": 0.2483551800251007
    },
    "right_knee": {
        "x": 0.37017104029655457,
        "y": 1.1496250629425049,
        "z": -0.017339112237095833
    },
    "left_ankle": {
        "x": 0.31633949279785156,
        "y": 1.206087350845337,
        "z": 0.4520590305328369
    },
    "right_ankle": {
        "x": 0.31929194927215576,
        "y": 1.2351065874099731,
        "z": 0.163614422082901
    },
    "left_heel": {
        "x": 0.3096804618835449,
        "y": 1.2499123811721802,
        "z": 0.46892955899238586
    },
    "right_heel": {
        "x": 0.2919481694698334,
        "y": 1.248908281326294,
        "z": 0.18523597717285156
    },
    "left_foot_index": {
        "x": 0.35147956013679504,
        "y": 1.1943598985671997,
        "z": 0.4735303521156311
    },
    "right_foot_index": {
        "x": 0.357707142829895,
        "y": 1.237643837928772,
        "z": 0.1805766522884369
    }
}