{
    "nose": {
        "x": 0.667188823223114,
        "y": 0.4259388744831085,
        "z": 0.1005450189113617
    },
    "left_eye_inner": {
        "x": 0.6634892225265503,
        "y": 0.39379990100860596,
        "z": 0.06343814730644226
    },
    "left_eye": {
        "x": 0.6576470732688904,
        "y": 0.39070117473602295,
        "z": 0.06328989565372467
    },
    "left_eye_outer": {
        "x": 0.6512903571128845,
        "y": 0.3875109851360321,
        "z": 0.06313948333263397
    },
    "right_eye_inner": {
        "x": 0.6731607913970947,
        "y": 0.39760297536849976,
        "z": 0.03832364082336426
    },
    "right_eye": {
        "x": 0.6747875213623047,
        "y": 0.3981788754463196,
        "z": 0.038198862224817276
    },
    "right_eye_outer": {
        "x": 0.6763904094696045,
        "y": 0.39896339178085327,
        "z": 0.03807909041643143
    },
    "left_ear": {
        "x": 0.6297458410263062,
        "y": 0.393265038728714,
        "z": -0.030061863362789154
    },
    "right_ear": {
        "x": 0.6681693196296692,
        "y": 0.4121233820915222,
        "z": -0.14088860154151917
    },
    "mouth_left": {
        "x": 0.6514995098114014,
        "y": 0.44859153032302856,
        "z": 0.0816931501030922
    },
    "mouth_right": {
        "x": 0.6607884168624878,
        "y": 0.45228928327560425,
        "z": 0.0488450713455677
    },
    "left_shoulder": {
        "x": 0.5143046975135803,
        "y": 0.5449103713035583,
        "z": 0.011325811967253685
    },
    "right_shoulder": {
        "x": 0.6625517010688782,
        "y": 0.6109700798988342,
        "z": -0.22399915754795074
    },
    "left_elbow": {
        "x": 0.4445701539516449,
        "y": 0.7089542150497437,
        "z": 0.24945558607578278
    },
    "right_elbow": {
        "x": 0.7756572961807251,
        "y": 0.7735477089881897,
        "z": -0.09276118874549866
    },
    "left_wrist": {
        "x": 0.4816593825817108,
        "y": 0.6119213104248047,
        "z": 0.515559196472168
    },
    "right_wrist": {
        "x": 0.843845546245575,
        "y": 0.6585157513618469,
        "z": 0.20093145966529846
    },
    "left_pinky": {
        "x": 0.4673317074775696,
        "y": 0.5599721074104309,
        "z": 0.5521976351737976
    },
    "right_pinky": {
        "x": 0.8653920888900757,
        "y": 0.6321520209312439,
        "z": 0.20421820878982544
    },
    "left_index": {
        "x": 0.4913938045501709,
        "y": 0.5416883230209351,
        "z": 0.5291091203689575
    },
    "right_index": {
        "x": 0.8507518768310547,
        "y": 0.6135118007659912,
        "z": 0.21640296280384064
    },
    "left_thumb": {
        "x": 0.48858630657196045,
        "y": 0.5435467958450317,
        "z": 0.5151187181472778
    },
    "right_thumb": {
        "x": 0.8436230421066284,
        "y": 0.6230980157852173,
        "z": 0.21333515644073486
    },
    "left_hip": {
        "x": 0.4733596444129944,
        "y": 0.9810284972190857,
        "z": 0.08819832652807236
    },
    "right_hip": {
        "x": 0.5339730381965637,
        "y": 1.0646355152130127,
        "z": -0.08788973093032837
    },
    "left_knee": {
        "x": 0.4810909032821655,
        "y": 1.3205914497375488,
        "z": 0.3478330671787262
    },
    "right_knee": {
        "x": 0.5049283504486084,
        "y": 1.3907411098480225,
        "z": 0.12370498478412628
    },
    "left_ankle": {
        "x": 0.46582096815109253,
        "y": 1.6089617013931274,
        "z": 0.6808239221572876
    },
    "right_ankle": {
        "x": 0.43881702423095703,
        "y": 1.694542407989502,
        "z": 0.3463877737522125
    },
    "left_heel": {
        "x": 0.45541831851005554,
        "y": 1.6567542552947998,
        "z": 0.7133883833885193
    },
    "right_heel": {
        "x": 0.4116567373275757,
        "y": 1.7393444776535034,
        "z": 0.36832165718078613
    },
    "left_foot_index": {
        "x": 0.4945133924484253,
        "y": 1.6645272970199585,
        "z": 0.682442307472229
    },
    "right_foot_index": {
        "x": 0.47449421882629395,
        "y": 1.7627803087234497,
        "z": 0.27457621693611145
    }
}