{
    "nose": {
        "x": 0.7331569194793701,
        "y": 0.4605479836463928,
        "z": 0.10630956292152405
    },
    "left_eye_inner": {
        "x": 0.732774555683136,
        "y": 0.4308626055717468,
        "z": 0.0682108923792839
    },
    "left_eye": {
        "x": 0.7287305593490601,
        "y": 0.42876434326171875,
        "z": 0.06814026087522507
    },
    "left_eye_outer": {
        "x": 0.724652886390686,
        "y": 0.42724746465682983,
        "z": 0.06794814765453339
    },
    "right_eye_inner": {
        "x": 0.740842342376709,
        "y": 0.43634897470474243,
        "z": 0.04603474587202072
    },
    "right_eye": {
        "x": 0.742483377456665,
        "y": 0.4381116032600403,
        "z": 0.045985735952854156
    },
    "right_eye_outer": {
        "x": 0.7442336082458496,
        "y": 0.44057798385620117,
        "z": 0.04583553224802017
    },
    "left_ear": {
        "x": 0.7075751423835754,
        "y": 0.4323943257331848,
        "z": -0.030114736407995224
    },
    "right_ear": {
        "x": 0.7371602058410645,
        "y": 0.4554685354232788,
        "z": -0.12781000137329102
    },
    "mouth_left": {
        "x": 0.7195578217506409,
        "y": 0.4802723526954651,
        "z": 0.08404361456632614
    },
    "mouth_right": {
        "x": 0.727374255657196,
        "y": 0.4869307279586792,
        "z": 0.0551668219268322
    },
    "left_shoulder": {
        "x": 0.5959033370018005,
        "y": 0.5707302093505859,
        "z": 0.013018370606005192
    },
    "right_shoulder": {
        "x": 0.7142627835273743,
        "y": 0.6332055330276489,
        "z": -0.19872896373271942
    },
    "left_elbow": {
        "x": 0.5672884583473206,
        "y": 0.7577921748161316,
        "z": 0.23583929240703583
    },
    "right_elbow": {
        "x": 0.8074047565460205,
        "y": 0.8249664902687073,
        "z": -0.07273761183023453
    },
    "left_wrist": {
        "x": 0.6203457713127136,
        "y": 0.6965783834457397,
        "z": 0.48948124051094055
    },
    "right_wrist": {
        "x": 0.8421976566314697,
        "y": 0.670439600944519,
        "z": 0.21056057512760162
    },
    "left_pinky": {
        "x": 0.6235896944999695,
        "y": 0.6845399141311646,
        "z": 0.5231153964996338
    },
    "right_pinky": {
        "x": 0.8629427552223206,
        "y": 0.6398671269416809,
        "z": 0.2169397920370102
    },
    "left_index": {
        "x": 0.6395511627197266,
        "y": 0.6732927560806274,
        "z": 0.5121172070503235
    },
    "right_index": {
        "x": 0.8474615216255188,
        "y": 0.6207700967788696,
        "z": 0.2108086347579956
    },
    "left_thumb": {
        "x": 0.638441801071167,
        "y": 0.6830846071243286,
        "z": 0.49258658289909363
    },
    "right_thumb": {
        "x": 0.837647557258606,
        "y": 0.6309295892715454,
        "z": 0.21413753926753998
    },
    "left_hip": {
        "x": 0.5509266257286072,
        "y": 1.008529782295227,
        "z": 0.0713336393237114
    },
    "right_hip": {
        "x": 0.5769796371459961,
        "y": 1.0304960012435913,
        "z": -0.07080685347318649
    },
    "left_knee": {
        "x": 0.5283728837966919,
        "y": 1.2996692657470703,
        "z": 0.3027394115924835
    },
    "right_knee": {
        "x": 0.5260246992111206,
        "y": 1.3378467559814453,
        "z": 0.1250295490026474
    },
    "left_ankle": {
        "x": 0.4929206073284149,
        "y": 1.557934045791626,
        "z": 0.5996698141098022
    },
    "right_ankle": {
        "x": 0.45680317282676697,
        "y": 1.6028505563735962,
        "z": 0.3253856599330902
    },
    "left_heel": {
        "x": 0.4777313470840454,
        "y": 1.6027531623840332,
        "z": 0.6274018883705139
    },
    "right_heel": {
        "x": 0.4281156659126282,
        "y": 1.6414527893066406,
        "z": 0.34283655881881714
    },
    "left_foot_index": {
        "x": 0.5224210619926453,
        "y": 1.6102354526519775,
        "z": 0.5798842310905457
    },
    "right_foot_index": {
        "x": 0.4900886118412018,
        "y": 1.6677166223526,
        "z": 0.2354472279548645
    }
}