{
    "nose": {
        "x": 0.519818127155304,
        "y": 0.8921140432357788,
        "z": -0.10842685401439667
    },
    "left_eye_inner": {
        "x": 0.513577938079834,
        "y": 0.8966842889785767,
        "z": -0.12630175054073334
    },
    "left_eye": {
        "x": 0.5156793594360352,
        "y": 0.896201491355896,
        "z": -0.12630948424339294
    },
    "left_eye_outer": {
        "x": 0.5174964070320129,
        "y": 0.8961734175682068,
        "z": -0.12635070085525513
    },
    "right_eye_inner": {
        "x": 0.5106626749038696,
        "y": 0.8961304426193237,
        "z": -0.10858716815710068
    },
    "right_eye": {
        "x": 0.510440468788147,
        "y": 0.8950993418693542,
        "z": -0.10867772996425629
    },
    "right_eye_outer": {
        "x": 0.5103276968002319,
        "y": 0.894541323184967,
        "z": -0.10876140743494034
    },
    "left_ear": {
        "x": 0.5247365236282349,
        "y": 0.8821704983711243,
        "z": -0.17069412767887115
    },
    "right_ear": {
        "x": 0.5161044597625732,
        "y": 0.8819421529769897,
        "z": -0.09153465926647186
    },
    "mouth_left": {
        "x": 0.527182400226593,
        "y": 0.8848730325698853,
        "z": -0.12011176347732544
    },
    "mouth_right": {
        "x": 0.5255192518234253,
        "y": 0.8847446441650391,
        "z": -0.09735971689224243
    },
    "left_shoulder": {
        "x": 0.5673812031745911,
        "y": 0.8580188155174255,
        "z": -0.1958046853542328
    },
    "right_shoulder": {
        "x": 0.5220350623130798,
        "y": 0.824269711971283,
        "z": -0.0368017703294754
    },
    "left_elbow": {
        "x": 0.5985838770866394,
        "y": 0.9120110869407654,
        "z": -0.23283347487449646
    },
    "right_elbow": {
        "x": 0.5061860084533691,
        "y": 0.8582074642181396,
        "z": 0.08545102924108505
    },
    "left_wrist": {
        "x": 0.5896899104118347,
        "y": 0.9754796624183655,
        "z": -0.24565404653549194
    },
    "right_wrist": {
        "x": 0.4930029809474945,
        "y": 0.9116016626358032,
        "z": 0.17233924567699432
    },
    "left_pinky": {
        "x": 0.586732804775238,
        "y": 0.993316113948822,
        "z": -0.2719949185848236
    },
    "right_pinky": {
        "x": 0.4806973934173584,
        "y": 0.9187654256820679,
        "z": 0.1838987171649933
    },
    "left_index": {
        "x": 0.5762977600097656,
        "y": 0.9828273057937622,
        "z": -0.26835355162620544
    },
    "right_index": {
        "x": 0.4831872880458832,
        "y": 0.9213870763778687,
        "z": 0.16446632146835327
    },
    "left_thumb": {
        "x": 0.5763545036315918,
        "y": 0.9773973822593689,
        "z": -0.24507565796375275
    },
    "right_thumb": {
        "x": 0.4895808696746826,
        "y": 0.9172200560569763,
        "z": 0.16779810190200806
    },
    "left_hip": {
        "x": 0.6520288586616516,
        "y": 0.7833773493766785,
        "z": -0.06233249977231026
    },
    "right_hip": {
        "x": 0.6235851049423218,
        "y": 0.8000469207763672,
        "z": 0.06237969920039177
    },
    "left_knee": {
        "x": 0.6945783495903015,
        "y": 0.8381443023681641,
        "z": -0.10886014252901077
    },
    "right_knee": {
        "x": 0.6282152533531189,
        "y": 0.8819635510444641,
        "z": -0.020615413784980774
    },
    "left_ankle": {
        "x": 0.7012829780578613,
        "y": 0.8010473251342773,
        "z": 0.19536350667476654
    },
    "right_ankle": {
        "x": 0.6786935329437256,
        "y": 0.8018611669540405,
        "z": 0.11948882788419724
    },
    "left_heel": {
        "x": 0.6905250549316406,
        "y": 0.7884203791618347,
        "z": 0.23165974020957947
    },
    "right_heel": {
        "x": 0.6799535155296326,
        "y": 0.7862647175788879,
        "z": 0.1361902505159378
    },
    "left_foot_index": {
        "x": 0.7215465307235718,
        "y": 0.8050599694252014,
        "z": 0.2776637077331543
    },
    "right_foot_index": {
        "x": 0.7052103281021118,
        "y": 0.7857757210731506,
        "z": 0.15439322590827942
    }
}