{
    "nose": {
        "x": 0.6997085809707642,
        "y": 0.5608073472976685,
        "z": -0.1528075635433197
    },
    "left_eye_inner": {
        "x": 0.7005465030670166,
        "y": 0.5487773418426514,
        "z": -0.1413825899362564
    },
    "left_eye": {
        "x": 0.7010260820388794,
        "y": 0.5481890439987183,
        "z": -0.14154554903507233
    },
    "left_eye_outer": {
        "x": 0.7015840411186218,
        "y": 0.5474013090133667,
        "z": -0.14165887236595154
    },
    "right_eye_inner": {
        "x": 0.6964127421379089,
        "y": 0.547785758972168,
        "z": -0.15230178833007812
    },
    "right_eye": {
        "x": 0.6936180591583252,
        "y": 0.5466406941413879,
        "z": -0.15235134959220886
    },
    "right_eye_outer": {
        "x": 0.6905671954154968,
        "y": 0.5452297329902649,
        "z": -0.15236331522464752
    },
    "left_ear": {
        "x": 0.6947940587997437,
        "y": 0.5408742427825928,
        "z": -0.05382152646780014
    },
    "right_ear": {
        "x": 0.6787356734275818,
        "y": 0.5404439568519592,
        "z": -0.10594101250171661
    },
    "mouth_left": {
        "x": 0.6972843408584595,
        "y": 0.5697166323661804,
        "z": -0.11715947836637497
    },
    "mouth_right": {
        "x": 0.6919925212860107,
        "y": 0.5686400532722473,
        "z": -0.13228848576545715
    },
    "left_shoulder": {
        "x": 0.7040400505065918,
        "y": 0.5778377652168274,
        "z": 0.008403770625591278
    },
    "right_shoulder": {
        "x": 0.6482967138290405,
        "y": 0.5741258263587952,
        "z": -0.059368621557950974
    },
    "left_elbow": {
        "x": 0.7120585441589355,
        "y": 0.6615013480186462,
        "z": 0.0026902733370661736
    },
    "right_elbow": {
        "x": 0.6221514344215393,
        "y": 0.6412055492401123,
        "z": -0.07925119996070862
    },
    "left_wrist": {
        "x": 0.6915313005447388,
        "y": 0.729779839515686,
        "z": -0.08764369785785675
    },
    "right_wrist": {
        "x": 0.6047610640525818,
        "y": 0.6986042261123657,
        "z": -0.17100565135478973
    },
    "left_pinky": {
        "x": 0.6916755437850952,
        "y": 0.7556741833686829,
        "z": -0.10717770457267761
    },
    "right_pinky": {
        "x": 0.5949048399925232,
        "y": 0.70968097448349,
        "z": -0.19357305765151978
    },
    "left_index": {
        "x": 0.6856032013893127,
        "y": 0.7528089880943298,
        "z": -0.12483393400907516
    },
    "right_index": {
        "x": 0.5972874164581299,
        "y": 0.707445502281189,
        "z": -0.21418559551239014
    },
    "left_thumb": {
        "x": 0.6835759878158569,
        "y": 0.7429711818695068,
        "z": -0.09576202183961868
    },
    "right_thumb": {
        "x": 0.6026827692985535,
        "y": 0.7047587633132935,
        "z": -0.18088358640670776
    },
    "left_hip": {
        "x": 0.6749283075332642,
        "y": 0.7181819677352905,
        "z": 0.02382795885205269
    },
    "right_hip": {
        "x": 0.6362550854682922,
        "y": 0.7173689007759094,
        "z": -0.023756563663482666
    },
    "left_knee": {
        "x": 0.713456928730011,
        "y": 0.7657879590988159,
        "z": -0.17328207194805145
    },
    "right_knee": {
        "x": 0.6595431566238403,
        "y": 0.7858792543411255,
        "z": -0.31112369894981384
    },
    "left_ankle": {
        "x": 0.7765190601348877,
        "y": 0.8156551122665405,
        "z": -0.4002285897731781
    },
    "right_ankle": {
        "x": 0.6823420524597168,
        "y": 0.8665132522583008,
        "z": -0.5471065044403076
    },
    "left_heel": {
        "x": 0.7795512676239014,
        "y": 0.8551366925239563,
        "z": -0.42648640275001526
    },
    "right_heel": {
        "x": 0.6875244379043579,
        "y": 0.9008474946022034,
        "z": -0.5721155405044556
    },
    "left_foot_index": {
        "x": 0.8130031824111938,
        "y": 0.7718612551689148,
        "z": -0.4520051181316376
    },
    "right_foot_index": {
        "x": 0.7066093683242798,
        "y": 0.840079128742218,
        "z": -0.6017780303955078
    }
}