{
    "nose": {
        "x": 0.7208278775215149,
        "y": 0.6831125617027283,
        "z": 0.09679868817329407
    },
    "left_eye_inner": {
        "x": 0.7252495288848877,
        "y": 0.679582417011261,
        "z": 0.10953749716281891
    },
    "left_eye": {
        "x": 0.7251754999160767,
        "y": 0.6805490851402283,
        "z": 0.10946305096149445
    },
    "left_eye_outer": {
        "x": 0.7250961065292358,
        "y": 0.6815676093101501,
        "z": 0.10937495529651642
    },
    "right_eye_inner": {
        "x": 0.7255349159240723,
        "y": 0.6745142340660095,
        "z": 0.09221148490905762
    },
    "right_eye": {
        "x": 0.7255181670188904,
        "y": 0.6718679666519165,
        "z": 0.09220543503761292
    },
    "right_eye_outer": {
        "x": 0.7254002094268799,
        "y": 0.6690442562103271,
        "z": 0.09214814007282257
    },
    "left_ear": {
        "x": 0.7238030433654785,
        "y": 0.674694836139679,
        "z": 0.1605924665927887
    },
    "right_ear": {
        "x": 0.7226582169532776,
        "y": 0.6588302850723267,
        "z": 0.0823802500963211
    },
    "mouth_left": {
        "x": 0.7159240245819092,
        "y": 0.6853077411651611,
        "z": 0.11649487167596817
    },
    "mouth_right": {
        "x": 0.7161329388618469,
        "y": 0.678858757019043,
        "z": 0.09341993927955627
    },
    "left_shoulder": {
        "x": 0.693192720413208,
        "y": 0.6791463494300842,
        "z": 0.21342411637306213
    },
    "right_shoulder": {
        "x": 0.7039990425109863,
        "y": 0.6545241475105286,
        "z": 0.0068920268677175045
    },
    "left_elbow": {
        "x": 0.6664342284202576,
        "y": 0.7180585265159607,
        "z": 0.2845236361026764
    },
    "right_elbow": {
        "x": 0.6994124054908752,
        "y": 0.7179686427116394,
        "z": -0.07125499844551086
    },
    "left_wrist": {
        "x": 0.6734128594398499,
        "y": 0.7561690807342529,
        "z": 0.2948921322822571
    },
    "right_wrist": {
        "x": 0.726905107498169,
        "y": 0.758599042892456,
        "z": -0.06572350114583969
    },
    "left_pinky": {
        "x": 0.6727890968322754,
        "y": 0.762266993522644,
        "z": 0.3091200590133667
    },
    "right_pinky": {
        "x": 0.7386329174041748,
        "y": 0.7671827673912048,
        "z": -0.07562235742807388
    },
    "left_index": {
        "x": 0.6781933307647705,
        "y": 0.7644563317298889,
        "z": 0.2913951873779297
    },
    "right_index": {
        "x": 0.7406539916992188,
        "y": 0.7622151970863342,
        "z": -0.06970885396003723
    },
    "left_thumb": {
        "x": 0.6785352826118469,
        "y": 0.7623803019523621,
        "z": 0.28776437044143677
    },
    "right_thumb": {
        "x": 0.7353538274765015,
        "y": 0.7584854364395142,
        "z": -0.0630926564335823
    },
    "left_hip": {
        "x": 0.6156094074249268,
        "y": 0.6911649703979492,
        "z": 0.06618621945381165
    },
    "right_hip": {
        "x": 0.623437762260437,
        "y": 0.6781526207923889,
        "z": -0.06629791855812073
    },
    "left_knee": {
        "x": 0.6587482690811157,
        "y": 0.786866307258606,
        "z": 0.027497941628098488
    },
    "right_knee": {
        "x": 0.6859028339385986,
        "y": 0.7542604804039001,
        "z": -0.0937802866101265
    },
    "left_ankle": {
        "x": 0.6122342944145203,
        "y": 0.8083937168121338,
        "z": -0.012758800759911537
    },
    "right_ankle": {
        "x": 0.63688063621521,
        "y": 0.8284738063812256,
        "z": -0.11864709854125977
    },
    "left_heel": {
        "x": 0.6027922034263611,
        "y": 0.8017588257789612,
        "z": -0.01924232766032219
    },
    "right_heel": {
        "x": 0.6185752153396606,
        "y": 0.8266761302947998,
        "z": -0.11925815790891647
    },
    "left_foot_index": {
        "x": 0.6082378625869751,
        "y": 0.8383162021636963,
        "z": -0.02920927107334137
    },
    "right_foot_index": {
        "x": 0.6308884620666504,
        "y": 0.8870928287506104,
        "z": -0.11678287386894226
    }
}