{
    "nose": {
        "x": 0.6008664965629578,
        "y": 0.565869152545929,
        "z": -0.02785773202776909
    },
    "left_eye_inner": {
        "x": 0.5983414649963379,
        "y": 0.5566703081130981,
        "z": -0.047484561800956726
    },
    "left_eye": {
        "x": 0.5961102247238159,
        "y": 0.5569875836372375,
        "z": -0.047549713402986526
    },
    "left_eye_outer": {
        "x": 0.5935020446777344,
        "y": 0.5573087334632874,
        "z": -0.04759306460618973
    },
    "right_eye_inner": {
        "x": 0.6045081615447998,
        "y": 0.5574444532394409,
        "z": -0.046092964708805084
    },
    "right_eye": {
        "x": 0.606812059879303,
        "y": 0.5581948757171631,
        "z": -0.04612693190574646
    },
    "right_eye_outer": {
        "x": 0.6091104745864868,
        "y": 0.558878481388092,
        "z": -0.04620988667011261
    },
    "left_ear": {
        "x": 0.5906185507774353,
        "y": 0.5662198662757874,
        "z": -0.10161846876144409
    },
    "right_ear": {
        "x": 0.6128352284431458,
        "y": 0.5659424066543579,
        "z": -0.09575645625591278
    },
    "mouth_left": {
        "x": 0.5974787473678589,
        "y": 0.5762157440185547,
        "z": -0.04204521328210831
    },
    "mouth_right": {
        "x": 0.6033529043197632,
        "y": 0.5770910978317261,
        "z": -0.040314242243766785
    },
    "left_shoulder": {
        "x": 0.5725874304771423,
        "y": 0.6366639733314514,
        "z": -0.12574853003025055
    },
    "right_shoulder": {
        "x": 0.6319150924682617,
        "y": 0.63715660572052,
        "z": -0.08262461423873901
    },
    "left_elbow": {
        "x": 0.5446032285690308,
        "y": 0.7225667834281921,
        "z": -0.10333739221096039
    },
    "right_elbow": {
        "x": 0.6568104028701782,
        "y": 0.6986037492752075,
        "z": -0.0022908218670636415
    },
    "left_wrist": {
        "x": 0.5193034410476685,
        "y": 0.7747970223426819,
        "z": -0.04954756423830986
    },
    "right_wrist": {
        "x": 0.6304020285606384,
        "y": 0.6880800127983093,
        "z": 0.11072583496570587
    },
    "left_pinky": {
        "x": 0.5105369091033936,
        "y": 0.7875844836235046,
        "z": -0.0625942125916481
    },
    "right_pinky": {
        "x": 0.6274678707122803,
        "y": 0.6891457438468933,
        "z": 0.11667197942733765
    },
    "left_index": {
        "x": 0.5098795890808105,
        "y": 0.7809541821479797,
        "z": -0.06274266541004181
    },
    "right_index": {
        "x": 0.6194723844528198,
        "y": 0.6833208799362183,
        "z": 0.10578683018684387
    },
    "left_thumb": {
        "x": 0.5136350393295288,
        "y": 0.7797700762748718,
        "z": -0.04999186098575592
    },
    "right_thumb": {
        "x": 0.6187682747840881,
        "y": 0.6841877102851868,
        "z": 0.10781627893447876
    },
    "left_hip": {
        "x": 0.5767740607261658,
        "y": 0.7725927829742432,
        "z": -0.01459728553891182
    },
    "right_hip": {
        "x": 0.6112280488014221,
        "y": 0.7635713219642639,
        "z": 0.014356298372149467
    },
    "left_knee": {
        "x": 0.5613245964050293,
        "y": 0.6915271282196045,
        "z": 0.13373571634292603
    },
    "right_knee": {
        "x": 0.6144587993621826,
        "y": 0.6653777956962585,
        "z": 0.17137770354747772
    },
    "left_ankle": {
        "x": 0.550672709941864,
        "y": 0.7572668790817261,
        "z": 0.32113656401634216
    },
    "right_ankle": {
        "x": 0.6032825708389282,
        "y": 0.7524959444999695,
        "z": 0.3624662458896637
    },
    "left_heel": {
        "x": 0.552298367023468,
        "y": 0.7763347029685974,
        "z": 0.3420132100582123
    },
    "right_heel": {
        "x": 0.6026827692985535,
        "y": 0.7739813327789307,
        "z": 0.38348743319511414
    },
    "left_foot_index": {
        "x": 0.5357598662376404,
        "y": 0.7377848029136658,
        "z": 0.35687416791915894
    },
    "right_foot_index": {
        "x": 0.5954450964927673,
        "y": 0.7468836903572083,
        "z": 0.40238308906555176
    }
}