{
    "nose": {
        "x": 0.7992334961891174,
        "y": 0.6443601250648499,
        "z": -0.16922210156917572
    },
    "left_eye_inner": {
        "x": 0.8017093539237976,
        "y": 0.630157470703125,
        "z": -0.1712731122970581
    },
    "left_eye": {
        "x": 0.8016040325164795,
        "y": 0.6276544332504272,
        "z": -0.1712987869977951
    },
    "left_eye_outer": {
        "x": 0.8018072247505188,
        "y": 0.6251776218414307,
        "z": -0.1713695079088211
    },
    "right_eye_inner": {
        "x": 0.8001724481582642,
        "y": 0.6335779428482056,
        "z": -0.18137229979038239
    },
    "right_eye": {
        "x": 0.7994482517242432,
        "y": 0.6335543990135193,
        "z": -0.18141546845436096
    },
    "right_eye_outer": {
        "x": 0.7987381815910339,
        "y": 0.6335473656654358,
        "z": -0.18141525983810425
    },
    "left_ear": {
        "x": 0.7939221262931824,
        "y": 0.6193572878837585,
        "z": -0.14641064405441284
    },
    "right_ear": {
        "x": 0.7885544300079346,
        "y": 0.6378939151763916,
        "z": -0.19219425320625305
    },
    "mouth_left": {
        "x": 0.7940851449966431,
        "y": 0.6500977277755737,
        "z": -0.15517525374889374
    },
    "mouth_right": {
        "x": 0.7935311198234558,
        "y": 0.6520969271659851,
        "z": -0.16846521198749542
    },
    "left_shoulder": {
        "x": 0.7635919451713562,
        "y": 0.6164892911911011,
        "z": -0.09064561128616333
    },
    "right_shoulder": {
        "x": 0.7652868032455444,
        "y": 0.6946588754653931,
        "z": -0.16405723989009857
    },
    "left_elbow": {
        "x": 0.7521814107894897,
        "y": 0.6407632827758789,
        "z": 0.005917934235185385
    },
    "right_elbow": {
        "x": 0.765072762966156,
        "y": 0.7435206174850464,
        "z": -0.1262388378381729
    },
    "left_wrist": {
        "x": 0.7756859064102173,
        "y": 0.6641096472740173,
        "z": 0.05189776420593262
    },
    "right_wrist": {
        "x": 0.792255163192749,
        "y": 0.712168276309967,
        "z": -0.06612049788236618
    },
    "left_pinky": {
        "x": 0.7846594452857971,
        "y": 0.6619741320610046,
        "z": 0.05665676295757294
    },
    "right_pinky": {
        "x": 0.8019008040428162,
        "y": 0.7158104777336121,
        "z": -0.0743832215666771
    },
    "left_index": {
        "x": 0.785703182220459,
        "y": 0.6712660193443298,
        "z": 0.039971426129341125
    },
    "right_index": {
        "x": 0.8030346632003784,
        "y": 0.7046142816543579,
        "z": -0.07722160965204239
    },
    "left_thumb": {
        "x": 0.7842944860458374,
        "y": 0.6723203063011169,
        "z": 0.046828851103782654
    },
    "right_thumb": {
        "x": 0.7978893518447876,
        "y": 0.7000814080238342,
        "z": -0.06652373820543289
    },
    "left_hip": {
        "x": 0.722279965877533,
        "y": 0.7295020222663879,
        "z": 0.029399726539850235
    },
    "right_hip": {
        "x": 0.7218267321586609,
        "y": 0.766044020652771,
        "z": -0.02945753186941147
    },
    "left_knee": {
        "x": 0.7412886023521423,
        "y": 0.7429842352867126,
        "z": 0.1431807279586792
    },
    "right_knee": {
        "x": 0.7551571130752563,
        "y": 0.7811405062675476,
        "z": 0.05948273837566376
    },
    "left_ankle": {
        "x": 0.7363577485084534,
        "y": 0.7953966856002808,
        "z": 0.26529330015182495
    },
    "right_ankle": {
        "x": 0.7440983057022095,
        "y": 0.8054037690162659,
        "z": 0.2029057741165161
    },
    "left_heel": {
        "x": 0.7328572869300842,
        "y": 0.8031376004219055,
        "z": 0.2789728045463562
    },
    "right_heel": {
        "x": 0.7383859157562256,
        "y": 0.8097410798072815,
        "z": 0.21966752409934998
    },
    "left_foot_index": {
        "x": 0.7480373382568359,
        "y": 0.8107157945632935,
        "z": 0.28861671686172485
    },
    "right_foot_index": {
        "x": 0.7573484182357788,
        "y": 0.8121828436851501,
        "z": 0.23762916028499603
    }
}