{
    "nose": {
        "x": 0.6932142376899719,
        "y": 0.44342708587646484,
        "z": -0.22967377305030823
    },
    "left_eye_inner": {
        "x": 0.696154773235321,
        "y": 0.43858665227890015,
        "z": -0.22505955398082733
    },
    "left_eye": {
        "x": 0.6964232921600342,
        "y": 0.43945014476776123,
        "z": -0.22508899867534637
    },
    "left_eye_outer": {
        "x": 0.696723222732544,
        "y": 0.4403762221336365,
        "z": -0.22519046068191528
    },
    "right_eye_inner": {
        "x": 0.6939846873283386,
        "y": 0.43372678756713867,
        "z": -0.24252133071422577
    },
    "right_eye": {
        "x": 0.6927819848060608,
        "y": 0.4309754967689514,
        "z": -0.24265436828136444
    },
    "right_eye_outer": {
        "x": 0.6915814876556396,
        "y": 0.428264319896698,
        "z": -0.24280448257923126
    },
    "left_ear": {
        "x": 0.6910622119903564,
        "y": 0.4326549172401428,
        "z": -0.16456139087677002
    },
    "right_ear": {
        "x": 0.682704746723175,
        "y": 0.4162735044956207,
        "z": -0.24540016055107117
    },
    "mouth_left": {
        "x": 0.686988353729248,
        "y": 0.4466385543346405,
        "z": -0.2025131732225418
    },
    "mouth_right": {
        "x": 0.6852729916572571,
        "y": 0.44041889905929565,
        "z": -0.2265097051858902
    },
    "left_shoulder": {
        "x": 0.6839823722839355,
        "y": 0.4534594416618347,
        "z": -0.09075149893760681
    },
    "right_shoulder": {
        "x": 0.643385648727417,
        "y": 0.42335644364356995,
        "z": -0.19610361754894257
    },
    "left_elbow": {
        "x": 0.6949209570884705,
        "y": 0.5039845108985901,
        "z": -0.015553956851363182
    },
    "right_elbow": {
        "x": 0.6115936040878296,
        "y": 0.4613986313343048,
        "z": -0.20976270735263824
    },
    "left_wrist": {
        "x": 0.702970564365387,
        "y": 0.5062978267669678,
        "z": -0.011349019594490528
    },
    "right_wrist": {
        "x": 0.6177699565887451,
        "y": 0.4832931160926819,
        "z": -0.2411641627550125
    },
    "left_pinky": {
        "x": 0.7051318883895874,
        "y": 0.5123223066329956,
        "z": -0.014069483615458012
    },
    "right_pinky": {
        "x": 0.6159617304801941,
        "y": 0.4932743310928345,
        "z": -0.2561204433441162
    },
    "left_index": {
        "x": 0.7049991488456726,
        "y": 0.5075490474700928,
        "z": -0.026085462421178818
    },
    "right_index": {
        "x": 0.6209955215454102,
        "y": 0.4899667799472809,
        "z": -0.268391877412796
    },
    "left_thumb": {
        "x": 0.7025834918022156,
        "y": 0.505050778388977,
        "z": -0.01596938632428646
    },
    "right_thumb": {
        "x": 0.621673583984375,
        "y": 0.4867461621761322,
        "z": -0.24545079469680786
    },
    "left_hip": {
        "x": 0.6556016802787781,
        "y": 0.5857179760932922,
        "z": 0.02610292285680771
    },
    "right_hip": {
        "x": 0.6265844702720642,
        "y": 0.58863765001297,
        "z": -0.025932490825653076
    },
    "left_knee": {
        "x": 0.7376812696456909,
        "y": 0.6519591808319092,
        "z": -0.03409906104207039
    },
    "right_knee": {
        "x": 0.6446619629859924,
        "y": 0.6315620541572571,
        "z": -0.10000798106193542
    },
    "left_ankle": {
        "x": 0.7980279326438904,
        "y": 0.7589094042778015,
        "z": -0.023037197068333626
    },
    "right_ankle": {
        "x": 0.6701215505599976,
        "y": 0.6860166192054749,
        "z": -0.03071199730038643
    },
    "left_heel": {
        "x": 0.8009290099143982,
        "y": 0.7825326919555664,
        "z": -0.02499588578939438
    },
    "right_heel": {
        "x": 0.6732912659645081,
        "y": 0.6982867121696472,
        "z": -0.025313420221209526
    },
    "left_foot_index": {
        "x": 0.8323184847831726,
        "y": 0.757527768611908,
        "z": -0.09932147711515427
    },
    "right_foot_index": {
        "x": 0.6884146928787231,
        "y": 0.6872056722640991,
        "z": -0.09922485053539276
    }
}