{
    "nose": {
        "x": 0.6746074557304382,
        "y": 0.41446542739868164,
        "z": -0.056766342371702194
    },
    "left_eye_inner": {
        "x": 0.6790812015533447,
        "y": 0.4079156517982483,
        "z": -0.048184655606746674
    },
    "left_eye": {
        "x": 0.6807450652122498,
        "y": 0.408782422542572,
        "z": -0.04823886230587959
    },
    "left_eye_outer": {
        "x": 0.6824109554290771,
        "y": 0.40968167781829834,
        "z": -0.04831806570291519
    },
    "right_eye_inner": {
        "x": 0.6740873456001282,
        "y": 0.4040244221687317,
        "z": -0.05597580969333649
    },
    "right_eye": {
        "x": 0.6721041202545166,
        "y": 0.4020618200302124,
        "z": -0.05601133033633232
    },
    "right_eye_outer": {
        "x": 0.6701186895370483,
        "y": 0.4001314342021942,
        "z": -0.056117039173841476
    },
    "left_ear": {
        "x": 0.6816372871398926,
        "y": 0.40923935174942017,
        "z": 0.009279194287955761
    },
    "right_ear": {
        "x": 0.6639248132705688,
        "y": 0.39653345942497253,
        "z": -0.027861004695296288
    },
    "mouth_left": {
        "x": 0.6736041903495789,
        "y": 0.4224117398262024,
        "z": -0.0335712805390358
    },
    "mouth_right": {
        "x": 0.6677400469779968,
        "y": 0.41744139790534973,
        "z": -0.044689107686281204
    },
    "left_shoulder": {
        "x": 0.6859211921691895,
        "y": 0.4434738755226135,
        "z": 0.03120371885597706
    },
    "right_shoulder": {
        "x": 0.6262216567993164,
        "y": 0.42188331484794617,
        "z": -0.009178931824862957
    },
    "left_elbow": {
        "x": 0.711408257484436,
        "y": 0.4633543789386749,
        "z": -0.01620546542108059
    },
    "right_elbow": {
        "x": 0.5999999642372131,
        "y": 0.48274409770965576,
        "z": -0.007768868003040552
    },
    "left_wrist": {
        "x": 0.7266050577163696,
        "y": 0.42289531230926514,
        "z": -0.09958477318286896
    },
    "right_wrist": {
        "x": 0.5914718508720398,
        "y": 0.5271990299224854,
        "z": -0.02009047195315361
    },
    "left_pinky": {
        "x": 0.7324355244636536,
        "y": 0.41767674684524536,
        "z": -0.11922736465930939
    },
    "right_pinky": {
        "x": 0.5870395302772522,
        "y": 0.5424720048904419,
        "z": -0.02246520295739174
    },
    "left_index": {
        "x": 0.7304555773735046,
        "y": 0.41074028611183167,
        "z": -0.11817839741706848
    },
    "right_index": {
        "x": 0.5887635350227356,
        "y": 0.5409311652183533,
        "z": -0.043805018067359924
    },
    "left_thumb": {
        "x": 0.7273279428482056,
        "y": 0.4125044643878937,
        "z": -0.10334114730358124
    },
    "right_thumb": {
        "x": 0.5915281176567078,
        "y": 0.5365236401557922,
        "z": -0.02848750352859497
    },
    "left_hip": {
        "x": 0.6607745289802551,
        "y": 0.5809852480888367,
        "z": 0.02058115415275097
    },
    "right_hip": {
        "x": 0.6220569610595703,
        "y": 0.5791633725166321,
        "z": -0.020580539479851723
    },
    "left_knee": {
        "x": 0.7380514740943909,
        "y": 0.6465880870819092,
        "z": -0.04518866539001465
    },
    "right_knee": {
        "x": 0.6190498471260071,
        "y": 0.6328998804092407,
        "z": -0.1457991600036621
    },
    "left_ankle": {
        "x": 0.7878856062889099,
        "y": 0.7433596849441528,
        "z": -0.07050357013940811
    },
    "right_ankle": {
        "x": 0.6201074719429016,
        "y": 0.676249623298645,
        "z": -0.035123929381370544
    },
    "left_heel": {
        "x": 0.7859481573104858,
        "y": 0.7669634222984314,
        "z": -0.07523990422487259
    },
    "right_heel": {
        "x": 0.6185358166694641,
        "y": 0.6816259026527405,
        "z": -0.022967571392655373
    },
    "left_foot_index": {
        "x": 0.8249881267547607,
        "y": 0.7620851397514343,
        "z": -0.1377662867307663
    },
    "right_foot_index": {
        "x": 0.6262813806533813,
        "y": 0.6968445181846619,
        "z": -0.06497767567634583
    }
}