{
    "nose": {
        "x": 0.7003554701805115,
        "y": 0.4228536784648895,
        "z": -0.013557681813836098
    },
    "left_eye_inner": {
        "x": 0.7017338275909424,
        "y": 0.4174341857433319,
        "z": -0.007240479812026024
    },
    "left_eye": {
        "x": 0.7015193700790405,
        "y": 0.417539119720459,
        "z": -0.007265452295541763
    },
    "left_eye_outer": {
        "x": 0.7013144493103027,
        "y": 0.4177100360393524,
        "z": -0.0072734360583126545
    },
    "right_eye_inner": {
        "x": 0.7007215023040771,
        "y": 0.41542625427246094,
        "z": -0.0268708523362875
    },
    "right_eye": {
        "x": 0.6996545195579529,
        "y": 0.4138886034488678,
        "z": -0.026938505470752716
    },
    "right_eye_outer": {
        "x": 0.6985968947410583,
        "y": 0.4123895764350891,
        "z": -0.02708674967288971
    },
    "left_ear": {
        "x": 0.6939518451690674,
        "y": 0.41318613290786743,
        "z": 0.030330050736665726
    },
    "right_ear": {
        "x": 0.6896724700927734,
        "y": 0.40652668476104736,
        "z": -0.05857386440038681
    },
    "mouth_left": {
        "x": 0.6942234635353088,
        "y": 0.42713743448257446,
        "z": 0.002965492894873023
    },
    "mouth_right": {
        "x": 0.6932270526885986,
        "y": 0.42406100034713745,
        "z": -0.02302725613117218
    },
    "left_shoulder": {
        "x": 0.677848756313324,
        "y": 0.438385009765625,
        "z": 0.07796040177345276
    },
    "right_shoulder": {
        "x": 0.6548931002616882,
        "y": 0.42556899785995483,
        "z": -0.08880215883255005
    },
    "left_elbow": {
        "x": 0.683854341506958,
        "y": 0.4453786611557007,
        "z": 0.12211962789297104
    },
    "right_elbow": {
        "x": 0.6267327070236206,
        "y": 0.478234201669693,
        "z": -0.11797111481428146
    },
    "left_wrist": {
        "x": 0.70183265209198,
        "y": 0.4289208650588989,
        "z": 0.10824903845787048
    },
    "right_wrist": {
        "x": 0.6268035173416138,
        "y": 0.5386622548103333,
        "z": -0.11476701498031616
    },
    "left_pinky": {
        "x": 0.7062584161758423,
        "y": 0.4265349507331848,
        "z": 0.10806770622730255
    },
    "right_pinky": {
        "x": 0.6253857016563416,
        "y": 0.5563137531280518,
        "z": -0.12625542283058167
    },
    "left_index": {
        "x": 0.7066639065742493,
        "y": 0.4221586287021637,
        "z": 0.0958290845155716
    },
    "right_index": {
        "x": 0.6286155581474304,
        "y": 0.5576149821281433,
        "z": -0.13141433894634247
    },
    "left_thumb": {
        "x": 0.7052366137504578,
        "y": 0.4232664704322815,
        "z": 0.10095582902431488
    },
    "right_thumb": {
        "x": 0.6299999952316284,
        "y": 0.5520737171173096,
        "z": -0.11583755165338516
    },
    "left_hip": {
        "x": 0.6505882740020752,
        "y": 0.5901520848274231,
        "z": 0.06334494799375534
    },
    "right_hip": {
        "x": 0.6399761438369751,
        "y": 0.5945003032684326,
        "z": -0.06324794143438339
    },
    "left_knee": {
        "x": 0.7256253957748413,
        "y": 0.6434950232505798,
        "z": 0.05614742264151573
    },
    "right_knee": {
        "x": 0.7213155627250671,
        "y": 0.6700197458267212,
        "z": -0.08492307364940643
    },
    "left_ankle": {
        "x": 0.7688204050064087,
        "y": 0.7405527830123901,
        "z": 0.09345104545354843
    },
    "right_ankle": {
        "x": 0.7937207818031311,
        "y": 0.7704641819000244,
        "z": -0.06088538467884064
    },
    "left_heel": {
        "x": 0.7713990211486816,
        "y": 0.7607609629631042,
        "z": 0.09418672323226929
    },
    "right_heel": {
        "x": 0.8002515435218811,
        "y": 0.7958731055259705,
        "z": -0.06050748750567436
    },
    "left_foot_index": {
        "x": 0.7964792847633362,
        "y": 0.7427160739898682,
        "z": 0.04561728984117508
    },
    "right_foot_index": {
        "x": 0.8299248218536377,
        "y": 0.7619273662567139,
        "z": -0.1189640536904335
    }
}