{
    "nose": {
        "x": 0.7468749284744263,
        "y": 0.7097584009170532,
        "z": -0.29220694303512573
    },
    "left_eye_inner": {
        "x": 0.7505842447280884,
        "y": 0.7007013559341431,
        "z": -0.2899397909641266
    },
    "left_eye": {
        "x": 0.75212562084198,
        "y": 0.6999274492263794,
        "z": -0.2900051176548004
    },
    "left_eye_outer": {
        "x": 0.753570556640625,
        "y": 0.6990568041801453,
        "z": -0.2901431918144226
    },
    "right_eye_inner": {
        "x": 0.7439555525779724,
        "y": 0.6999234557151794,
        "z": -0.30398476123809814
    },
    "right_eye": {
        "x": 0.7407325506210327,
        "y": 0.6985135674476624,
        "z": -0.3040611743927002
    },
    "right_eye_outer": {
        "x": 0.7376143932342529,
        "y": 0.6970647573471069,
        "z": -0.30408018827438354
    },
    "left_ear": {
        "x": 0.7495086193084717,
        "y": 0.6915813684463501,
        "z": -0.23998309671878815
    },
    "right_ear": {
        "x": 0.7277441620826721,
        "y": 0.6891807317733765,
        "z": -0.3002304434776306
    },
    "mouth_left": {
        "x": 0.7455903887748718,
        "y": 0.7152132391929626,
        "z": -0.26781776547431946
    },
    "mouth_right": {
        "x": 0.7375036478042603,
        "y": 0.7135440707206726,
        "z": -0.28535395860671997
    },
    "left_shoulder": {
        "x": 0.7484254240989685,
        "y": 0.701633632183075,
        "z": -0.17197439074516296
    },
    "right_shoulder": {
        "x": 0.6859597563743591,
        "y": 0.7173082828521729,
        "z": -0.26935064792633057
    },
    "left_elbow": {
        "x": 0.7611148357391357,
        "y": 0.7638427019119263,
        "z": -0.1670464724302292
    },
    "right_elbow": {
        "x": 0.6643592715263367,
        "y": 0.8101992011070251,
        "z": -0.2622205913066864
    },
    "left_wrist": {
        "x": 0.7592388391494751,
        "y": 0.778569757938385,
        "z": -0.2486538141965866
    },
    "right_wrist": {
        "x": 0.702237606048584,
        "y": 0.8647119402885437,
        "z": -0.26712268590927124
    },
    "left_pinky": {
        "x": 0.7611702084541321,
        "y": 0.8020293712615967,
        "z": -0.2767063081264496
    },
    "right_pinky": {
        "x": 0.7121119499206543,
        "y": 0.8850298523902893,
        "z": -0.29572343826293945
    },
    "left_index": {
        "x": 0.7583154439926147,
        "y": 0.7973467707633972,
        "z": -0.2811102569103241
    },
    "right_index": {
        "x": 0.7188254594802856,
        "y": 0.876408576965332,
        "z": -0.2971639037132263
    },
    "left_thumb": {
        "x": 0.754351794719696,
        "y": 0.7961418032646179,
        "z": -0.2538663446903229
    },
    "right_thumb": {
        "x": 0.7180178761482239,
        "y": 0.8678985238075256,
        "z": -0.26814740896224976
    },
    "left_hip": {
        "x": 0.6950756907463074,
        "y": 0.8060384392738342,
        "z": 0.027681415900588036
    },
    "right_hip": {
        "x": 0.6614200472831726,
        "y": 0.8090444207191467,
        "z": -0.02769649028778076
    },
    "left_knee": {
        "x": 0.7142065167427063,
        "y": 0.8987565636634827,
        "z": 0.11860772967338562
    },
    "right_knee": {
        "x": 0.6829710602760315,
        "y": 0.904545783996582,
        "z": 0.07637782394886017
    },
    "left_ankle": {
        "x": 0.6824102997779846,
        "y": 0.9305418729782104,
        "z": 0.3075837194919586
    },
    "right_ankle": {
        "x": 0.6466997265815735,
        "y": 0.9374663233757019,
        "z": 0.2517450153827667
    },
    "left_heel": {
        "x": 0.6753026843070984,
        "y": 0.9247043132781982,
        "z": 0.32732918858528137
    },
    "right_heel": {
        "x": 0.6388673782348633,
        "y": 0.9348741173744202,
        "z": 0.2696680426597595
    },
    "left_foot_index": {
        "x": 0.6814334392547607,
        "y": 0.9807026386260986,
        "z": 0.31097155809402466
    },
    "right_foot_index": {
        "x": 0.6455341577529907,
        "y": 0.9845911264419556,
        "z": 0.24368532001972198
    }
}