{
    "nose": {
        "x": 0.5010830163955688,
        "y": 0.5206723213195801,
        "z": -0.3508342504501343
    },
    "left_eye_inner": {
        "x": 0.5053629279136658,
        "y": 0.5127199292182922,
        "z": -0.36732199788093567
    },
    "left_eye": {
        "x": 0.5072187781333923,
        "y": 0.5139544010162354,
        "z": -0.3672828674316406
    },
    "left_eye_outer": {
        "x": 0.5085766911506653,
        "y": 0.5150843858718872,
        "z": -0.3673873543739319
    },
    "right_eye_inner": {
        "x": 0.5040829181671143,
        "y": 0.5073885917663574,
        "z": -0.3459806740283966
    },
    "right_eye": {
        "x": 0.5046191811561584,
        "y": 0.5053315758705139,
        "z": -0.34609973430633545
    },
    "right_eye_outer": {
        "x": 0.5050439238548279,
        "y": 0.5031799674034119,
        "z": -0.346164345741272
    },
    "left_ear": {
        "x": 0.5209047794342041,
        "y": 0.5188825130462646,
        "z": -0.3749765157699585
    },
    "right_ear": {
        "x": 0.5098651051521301,
        "y": 0.5012807846069336,
        "z": -0.27982980012893677
    },
    "mouth_left": {
        "x": 0.5070053339004517,
        "y": 0.533158540725708,
        "z": -0.3477862477302551
    },
    "mouth_right": {
        "x": 0.5047123432159424,
        "y": 0.528538703918457,
        "z": -0.32000505924224854
    },
    "left_shoulder": {
        "x": 0.527444064617157,
        "y": 0.6081946492195129,
        "z": -0.35690316557884216
    },
    "right_shoulder": {
        "x": 0.522227942943573,
        "y": 0.5261709690093994,
        "z": -0.139237642288208
    },
    "left_elbow": {
        "x": 0.5231624245643616,
        "y": 0.7194825410842896,
        "z": -0.37380608916282654
    },
    "right_elbow": {
        "x": 0.5207204222679138,
        "y": 0.5808503031730652,
        "z": 0.031094131991267204
    },
    "left_wrist": {
        "x": 0.47474804520606995,
        "y": 0.7592512965202332,
        "z": -0.3511442542076111
    },
    "right_wrist": {
        "x": 0.5050860643386841,
        "y": 0.5898797512054443,
        "z": 0.16425128281116486
    },
    "left_pinky": {
        "x": 0.46607130765914917,
        "y": 0.7796126008033752,
        "z": -0.380935937166214
    },
    "right_pinky": {
        "x": 0.5020862221717834,
        "y": 0.592261016368866,
        "z": 0.18425387144088745
    },
    "left_index": {
        "x": 0.4591614007949829,
        "y": 0.7702524065971375,
        "z": -0.3867757022380829
    },
    "right_index": {
        "x": 0.5006919503211975,
        "y": 0.593872606754303,
        "z": 0.16551201045513153
    },
    "left_thumb": {
        "x": 0.45594388246536255,
        "y": 0.7664660215377808,
        "z": -0.3532940149307251
    },
    "right_thumb": {
        "x": 0.5019762516021729,
        "y": 0.5972191691398621,
        "z": 0.16185474395751953
    },
    "left_hip": {
        "x": 0.5278927683830261,
        "y": 0.7131344676017761,
        "z": -0.07320594042539597
    },
    "right_hip": {
        "x": 0.515636682510376,
        "y": 0.6694790720939636,
        "z": 0.07324466109275818
    },
    "left_knee": {
        "x": 0.42544442415237427,
        "y": 0.6672617793083191,
        "z": -0.17561592161655426
    },
    "right_knee": {
        "x": 0.41822388768196106,
        "y": 0.6425920724868774,
        "z": -0.034172359853982925
    },
    "left_ankle": {
        "x": 0.41311559081077576,
        "y": 0.8001849055290222,
        "z": -0.09323785454034805
    },
    "right_ankle": {
        "x": 0.39195364713668823,
        "y": 0.7715051770210266,
        "z": 0.03218211606144905
    },
    "left_heel": {
        "x": 0.41866129636764526,
        "y": 0.8201448917388916,
        "z": -0.08432085067033768
    },
    "right_heel": {
        "x": 0.3982905447483063,
        "y": 0.7997294664382935,
        "z": 0.036816954612731934
    },
    "left_foot_index": {
        "x": 0.370408296585083,
        "y": 0.8169203996658325,
        "z": -0.12841327488422394
    },
    "right_foot_index": {
        "x": 0.36372238397598267,
        "y": 0.7855240106582642,
        "z": -0.008848290890455246
    }
}