{
    "nose": {
        "x": 0.6011451482772827,
        "y": 0.541564404964447,
        "z": -0.2816650867462158
    },
    "left_eye_inner": {
        "x": 0.6036664843559265,
        "y": 0.5335041284561157,
        "z": -0.2947652339935303
    },
    "left_eye": {
        "x": 0.6048083305358887,
        "y": 0.5342336297035217,
        "z": -0.294729083776474
    },
    "left_eye_outer": {
        "x": 0.6059934496879578,
        "y": 0.5349286198616028,
        "z": -0.2948401868343353
    },
    "right_eye_inner": {
        "x": 0.6027642488479614,
        "y": 0.5309635400772095,
        "z": -0.27417898178100586
    },
    "right_eye": {
        "x": 0.6032090187072754,
        "y": 0.5299568176269531,
        "z": -0.27419713139533997
    },
    "right_eye_outer": {
        "x": 0.6036078333854675,
        "y": 0.5288028120994568,
        "z": -0.27417197823524475
    },
    "left_ear": {
        "x": 0.6172295212745667,
        "y": 0.5405845642089844,
        "z": -0.30314627289772034
    },
    "right_ear": {
        "x": 0.6132317781448364,
        "y": 0.5311329364776611,
        "z": -0.2106386125087738
    },
    "mouth_left": {
        "x": 0.6064826250076294,
        "y": 0.5536624193191528,
        "z": -0.28016769886016846
    },
    "mouth_right": {
        "x": 0.6049296855926514,
        "y": 0.550588071346283,
        "z": -0.253302663564682
    },
    "left_shoulder": {
        "x": 0.6339453458786011,
        "y": 0.6189689040184021,
        "z": -0.2932811975479126
    },
    "right_shoulder": {
        "x": 0.6258907318115234,
        "y": 0.5531432628631592,
        "z": -0.09953358769416809
    },
    "left_elbow": {
        "x": 0.6437433362007141,
        "y": 0.723906397819519,
        "z": -0.32073158025741577
    },
    "right_elbow": {
        "x": 0.606598973274231,
        "y": 0.5547357201576233,
        "z": 0.029472025111317635
    },
    "left_wrist": {
        "x": 0.5907974243164062,
        "y": 0.7646033763885498,
        "z": -0.33695194125175476
    },
    "right_wrist": {
        "x": 0.5894569158554077,
        "y": 0.5481932163238525,
        "z": 0.08950216323137283
    },
    "left_pinky": {
        "x": 0.5818154215812683,
        "y": 0.7854117155075073,
        "z": -0.3646116554737091
    },
    "right_pinky": {
        "x": 0.5852469801902771,
        "y": 0.5447045564651489,
        "z": 0.10094314813613892
    },
    "left_index": {
        "x": 0.5759357213973999,
        "y": 0.7746517062187195,
        "z": -0.36498329043388367
    },
    "right_index": {
        "x": 0.5820360779762268,
        "y": 0.5455529689788818,
        "z": 0.07959422469139099
    },
    "left_thumb": {
        "x": 0.5788486003875732,
        "y": 0.7657796740531921,
        "z": -0.3362903594970703
    },
    "right_thumb": {
        "x": 0.5831977725028992,
        "y": 0.5507734417915344,
        "z": 0.08273064345121384
    },
    "left_hip": {
        "x": 0.5937824249267578,
        "y": 0.7304374575614929,
        "z": -0.06922786682844162
    },
    "right_hip": {
        "x": 0.5872114896774292,
        "y": 0.6770948767662048,
        "z": 0.06933970004320145
    },
    "left_knee": {
        "x": 0.5068747997283936,
        "y": 0.6822890043258667,
        "z": -0.12097923457622528
    },
    "right_knee": {
        "x": 0.5063386559486389,
        "y": 0.6445173025131226,
        "z": 0.03450840339064598
    },
    "left_ankle": {
        "x": 0.47617968916893005,
        "y": 0.8011791110038757,
        "z": -0.021414950489997864
    },
    "right_ankle": {
        "x": 0.4827077388763428,
        "y": 0.7500247955322266,
        "z": 0.15987691283226013
    },
    "left_heel": {
        "x": 0.4783898890018463,
        "y": 0.8333196640014648,
        "z": -0.011473417282104492
    },
    "right_heel": {
        "x": 0.4893367886543274,
        "y": 0.7813311219215393,
        "z": 0.1709577888250351
    },
    "left_foot_index": {
        "x": 0.43512898683547974,
        "y": 0.8035960793495178,
        "z": -0.03953755274415016
    },
    "right_foot_index": {
        "x": 0.4457293748855591,
        "y": 0.76982581615448,
        "z": 0.15294474363327026
    }
}