{
    "nose": {
        "x": 0.4028165936470032,
        "y": 0.43361344933509827,
        "z": -0.08955708146095276
    },
    "left_eye_inner": {
        "x": 0.3981477618217468,
        "y": 0.4261876344680786,
        "z": -0.11174685508012772
    },
    "left_eye": {
        "x": 0.3957585394382477,
        "y": 0.42772987484931946,
        "z": -0.11176024377346039
    },
    "left_eye_outer": {
        "x": 0.3936370015144348,
        "y": 0.4296000897884369,
        "z": -0.11177977919578552
    },
    "right_eye_inner": {
        "x": 0.40593665838241577,
        "y": 0.4238276183605194,
        "z": -0.10604777187108994
    },
    "right_eye": {
        "x": 0.4086674451828003,
        "y": 0.4238215684890747,
        "z": -0.10611408203840256
    },
    "right_eye_outer": {
        "x": 0.4111972153186798,
        "y": 0.423949658870697,
        "z": -0.10620126873254776
    },
    "left_ear": {
        "x": 0.39456993341445923,
        "y": 0.4414883255958557,
        "z": -0.15834854543209076
    },
    "right_ear": {
        "x": 0.41779613494873047,
        "y": 0.4317517876625061,
        "z": -0.13186490535736084
    },
    "mouth_left": {
        "x": 0.4011725187301636,
        "y": 0.44703611731529236,
        "z": -0.09935301542282104
    },
    "mouth_right": {
        "x": 0.40980833768844604,
        "y": 0.44513803720474243,
        "z": -0.0915553942322731
    },
    "left_shoulder": {
        "x": 0.3799223005771637,
        "y": 0.532779335975647,
        "z": -0.14999310672283173
    },
    "right_shoulder": {
        "x": 0.4589186906814575,
        "y": 0.5074057579040527,
        "z": -0.09156052768230438
    },
    "left_elbow": {
        "x": 0.34280022978782654,
        "y": 0.6368838548660278,
        "z": -0.07586192339658737
    },
    "right_elbow": {
        "x": 0.4877932667732239,
        "y": 0.577999472618103,
        "z": 0.05220048874616623
    },
    "left_wrist": {
        "x": 0.3462311029434204,
        "y": 0.6568942666053772,
        "z": 0.02928473800420761
    },
    "right_wrist": {
        "x": 0.4567670524120331,
        "y": 0.5856125354766846,
        "z": 0.19293716549873352
    },
    "left_pinky": {
        "x": 0.34159383177757263,
        "y": 0.6715465188026428,
        "z": 0.022063108161091805
    },
    "right_pinky": {
        "x": 0.45396918058395386,
        "y": 0.5872867703437805,
        "z": 0.20535080134868622
    },
    "left_index": {
        "x": 0.34379807114601135,
        "y": 0.6688134670257568,
        "z": 0.015231120400130749
    },
    "right_index": {
        "x": 0.44490599632263184,
        "y": 0.5834395885467529,
        "z": 0.18661373853683472
    },
    "left_thumb": {
        "x": 0.3450365364551544,
        "y": 0.6608827114105225,
        "z": 0.027836376801133156
    },
    "right_thumb": {
        "x": 0.44291234016418457,
        "y": 0.5822981595993042,
        "z": 0.1886187493801117
    },
    "left_hip": {
        "x": 0.4001942574977875,
        "y": 0.6670419573783875,
        "z": -0.022490262985229492
    },
    "right_hip": {
        "x": 0.4515945315361023,
        "y": 0.665915846824646,
        "z": 0.022168178111314774
    },
    "left_knee": {
        "x": 0.3568628430366516,
        "y": 0.5395886898040771,
        "z": 0.1618167757987976
    },
    "right_knee": {
        "x": 0.4675964117050171,
        "y": 0.5774297118186951,
        "z": 0.17370133101940155
    },
    "left_ankle": {
        "x": 0.35007691383361816,
        "y": 0.6263619661331177,
        "z": 0.37310877442359924
    },
    "right_ankle": {
        "x": 0.45724695920944214,
        "y": 0.650937020778656,
        "z": 0.44793760776519775
    },
    "left_heel": {
        "x": 0.3535195589065552,
        "y": 0.6452793478965759,
        "z": 0.3980146646499634
    },
    "right_heel": {
        "x": 0.45795905590057373,
        "y": 0.6715056300163269,
        "z": 0.47798043489456177
    },
    "left_foot_index": {
        "x": 0.33587443828582764,
        "y": 0.6145514845848083,
        "z": 0.4418765902519226
    },
    "right_foot_index": {
        "x": 0.44908004999160767,
        "y": 0.637940526008606,
        "z": 0.5277975797653198
    }
}