{
    "nose": {
        "x": 0.40963226556777954,
        "y": 0.43865567445755005,
        "z": -0.025874918326735497
    },
    "left_eye_inner": {
        "x": 0.4048706293106079,
        "y": 0.42987483739852905,
        "z": -0.0492403618991375
    },
    "left_eye": {
        "x": 0.40251320600509644,
        "y": 0.4313405156135559,
        "z": -0.049239788204431534
    },
    "left_eye_outer": {
        "x": 0.40024706721305847,
        "y": 0.43281659483909607,
        "z": -0.04923895373940468
    },
    "right_eye_inner": {
        "x": 0.4128483235836029,
        "y": 0.42813244462013245,
        "z": -0.047231268137693405
    },
    "right_eye": {
        "x": 0.4156144857406616,
        "y": 0.42833778262138367,
        "z": -0.0472884401679039
    },
    "right_eye_outer": {
        "x": 0.4181647002696991,
        "y": 0.4286387264728546,
        "z": -0.04739896208047867
    },
    "left_ear": {
        "x": 0.39999210834503174,
        "y": 0.44383305311203003,
        "z": -0.10640549659729004
    },
    "right_ear": {
        "x": 0.4239439070224762,
        "y": 0.43736928701400757,
        "z": -0.09658423066139221
    },
    "mouth_left": {
        "x": 0.4067268371582031,
        "y": 0.45246177911758423,
        "z": -0.03995784744620323
    },
    "mouth_right": {
        "x": 0.4158512353897095,
        "y": 0.45156294107437134,
        "z": -0.0368424691259861
    },
    "left_shoulder": {
        "x": 0.38501012325286865,
        "y": 0.5337427854537964,
        "z": -0.1149311512708664
    },
    "right_shoulder": {
        "x": 0.46605604887008667,
        "y": 0.5125958919525146,
        "z": -0.08219900727272034
    },
    "left_elbow": {
        "x": 0.34558314085006714,
        "y": 0.6218357682228088,
        "z": -0.052028585225343704
    },
    "right_elbow": {
        "x": 0.4986119866371155,
        "y": 0.5760893225669861,
        "z": 0.03495866805315018
    },
    "left_wrist": {
        "x": 0.3498598337173462,
        "y": 0.6408870816230774,
        "z": 0.043086159974336624
    },
    "right_wrist": {
        "x": 0.47150561213493347,
        "y": 0.5776931047439575,
        "z": 0.16651850938796997
    },
    "left_pinky": {
        "x": 0.34645622968673706,
        "y": 0.6513373255729675,
        "z": 0.0354805625975132
    },
    "right_pinky": {
        "x": 0.4647578001022339,
        "y": 0.5808684825897217,
        "z": 0.17724570631980896
    },
    "left_index": {
        "x": 0.3457092344760895,
        "y": 0.642517626285553,
        "z": 0.03170466050505638
    },
    "right_index": {
        "x": 0.4550211727619171,
        "y": 0.5755349397659302,
        "z": 0.160979762673378
    },
    "left_thumb": {
        "x": 0.35193848609924316,
        "y": 0.6438713073730469,
        "z": 0.04225057736039162
    },
    "right_thumb": {
        "x": 0.45385873317718506,
        "y": 0.5747210383415222,
        "z": 0.16283121705055237
    },
    "left_hip": {
        "x": 0.40572550892829895,
        "y": 0.6743329167366028,
        "z": -0.014037284068763256
    },
    "right_hip": {
        "x": 0.45011764764785767,
        "y": 0.6703374981880188,
        "z": 0.01367801520973444
    },
    "left_knee": {
        "x": 0.3645049035549164,
        "y": 0.54559326171875,
        "z": 0.1719166785478592
    },
    "right_knee": {
        "x": 0.46729862689971924,
        "y": 0.5744763612747192,
        "z": 0.18458040058612823
    },
    "left_ankle": {
        "x": 0.3545364439487457,
        "y": 0.6251258850097656,
        "z": 0.34668809175491333
    },
    "right_ankle": {
        "x": 0.45210036635398865,
        "y": 0.6810746788978577,
        "z": 0.4005495011806488
    },
    "left_heel": {
        "x": 0.35573405027389526,
        "y": 0.6443557739257812,
        "z": 0.3676598370075226
    },
    "right_heel": {
        "x": 0.4505174160003662,
        "y": 0.7064393162727356,
        "z": 0.42451268434524536
    },
    "left_foot_index": {
        "x": 0.3378964960575104,
        "y": 0.6156749725341797,
        "z": 0.40909668803215027
    },
    "right_foot_index": {
        "x": 0.44782552123069763,
        "y": 0.6765592098236084,
        "z": 0.4669094979763031
    }
}