{
    "nose": {
        "x": 0.6546838879585266,
        "y": 0.546209454536438,
        "z": -0.07109459489583969
    },
    "left_eye_inner": {
        "x": 0.6622019410133362,
        "y": 0.5422754883766174,
        "z": -0.08036985248327255
    },
    "left_eye": {
        "x": 0.6635818481445312,
        "y": 0.5441464185714722,
        "z": -0.08044726401567459
    },
    "left_eye_outer": {
        "x": 0.6648903489112854,
        "y": 0.5458589196205139,
        "z": -0.08053068816661835
    },
    "right_eye_inner": {
        "x": 0.6603949666023254,
        "y": 0.5389562249183655,
        "z": -0.06099766120314598
    },
    "right_eye": {
        "x": 0.6605216860771179,
        "y": 0.538665771484375,
        "z": -0.060971859842538834
    },
    "right_eye_outer": {
        "x": 0.6606809496879578,
        "y": 0.5385857820510864,
        "z": -0.06090976670384407
    },
    "left_ear": {
        "x": 0.6695694923400879,
        "y": 0.5544922351837158,
        "z": -0.09820094704627991
    },
    "right_ear": {
        "x": 0.6651408672332764,
        "y": 0.5484269261360168,
        "z": -0.006353143602609634
    },
    "mouth_left": {
        "x": 0.6572088003158569,
        "y": 0.5609901547431946,
        "z": -0.07564409077167511
    },
    "mouth_right": {
        "x": 0.6547777056694031,
        "y": 0.5576659440994263,
        "z": -0.04906630888581276
    },
    "left_shoulder": {
        "x": 0.6546762585639954,
        "y": 0.6126065850257874,
        "z": -0.11964084953069687
    },
    "right_shoulder": {
        "x": 0.6423608660697937,
        "y": 0.5960379242897034,
        "z": 0.05789788067340851
    },
    "left_elbow": {
        "x": 0.6481862664222717,
        "y": 0.7173857092857361,
        "z": -0.14730094373226166
    },
    "right_elbow": {
        "x": 0.6106647849082947,
        "y": 0.6507024168968201,
        "z": 0.07118803262710571
    },
    "left_wrist": {
        "x": 0.6479029655456543,
        "y": 0.7873632907867432,
        "z": -0.1649547517299652
    },
    "right_wrist": {
        "x": 0.6105285882949829,
        "y": 0.6848422884941101,
        "z": 0.00400343956425786
    },
    "left_pinky": {
        "x": 0.6529796123504639,
        "y": 0.8023669719696045,
        "z": -0.18422235548496246
    },
    "right_pinky": {
        "x": 0.6107969880104065,
        "y": 0.6964784264564514,
        "z": 0.0014415951445698738
    },
    "left_index": {
        "x": 0.6539833545684814,
        "y": 0.8048454523086548,
        "z": -0.1892918050289154
    },
    "right_index": {
        "x": 0.6142566800117493,
        "y": 0.6874552965164185,
        "z": -0.01120644062757492
    },
    "left_thumb": {
        "x": 0.6504968404769897,
        "y": 0.7993459701538086,
        "z": -0.16773176193237305
    },
    "right_thumb": {
        "x": 0.6144438982009888,
        "y": 0.6845070123672485,
        "z": -0.0035913174506276846
    },
    "left_hip": {
        "x": 0.5662063360214233,
        "y": 0.6618472337722778,
        "z": -0.07230132073163986
    },
    "right_hip": {
        "x": 0.5666231513023376,
        "y": 0.6533094048500061,
        "z": 0.07218752056360245
    },
    "left_knee": {
        "x": 0.5513280034065247,
        "y": 0.6447058320045471,
        "z": -0.04925960674881935
    },
    "right_knee": {
        "x": 0.5872482657432556,
        "y": 0.6067779660224915,
        "z": 0.16341613233089447
    },
    "left_ankle": {
        "x": 0.539703905582428,
        "y": 0.6671876311302185,
        "z": -0.02959350496530533
    },
    "right_ankle": {
        "x": 0.5421978831291199,
        "y": 0.5816988348960876,
        "z": 0.13315284252166748
    },
    "left_heel": {
        "x": 0.5392214059829712,
        "y": 0.6804682016372681,
        "z": -0.02715999446809292
    },
    "right_heel": {
        "x": 0.5334138870239258,
        "y": 0.5873982906341553,
        "z": 0.1302640289068222
    },
    "left_foot_index": {
        "x": 0.5300142765045166,
        "y": 0.6388921141624451,
        "z": -0.04483921825885773
    },
    "right_foot_index": {
        "x": 0.5268759727478027,
        "y": 0.5433642864227295,
        "z": 0.12747348845005035
    }
}