{
    "nose": {
        "x": 0.7149250507354736,
        "y": 0.4557236135005951,
        "z": -0.16067177057266235
    },
    "left_eye_inner": {
        "x": 0.7207465171813965,
        "y": 0.44536060094833374,
        "z": -0.15246571600437164
    },
    "left_eye": {
        "x": 0.7239376306533813,
        "y": 0.44594907760620117,
        "z": -0.15247610211372375
    },
    "left_eye_outer": {
        "x": 0.7270859479904175,
        "y": 0.44657203555107117,
        "z": -0.1525023877620697
    },
    "right_eye_inner": {
        "x": 0.7122743129730225,
        "y": 0.4434210956096649,
        "z": -0.15253107249736786
    },
    "right_eye": {
        "x": 0.7093001008033752,
        "y": 0.44256195425987244,
        "z": -0.15258239209651947
    },
    "right_eye_outer": {
        "x": 0.7063559889793396,
        "y": 0.4417189061641693,
        "z": -0.1527361422777176
    },
    "left_ear": {
        "x": 0.7317905426025391,
        "y": 0.4514559209346771,
        "z": -0.08251339197158813
    },
    "right_ear": {
        "x": 0.7028472423553467,
        "y": 0.4448298513889313,
        "z": -0.0815589651465416
    },
    "mouth_left": {
        "x": 0.719590425491333,
        "y": 0.46882879734039307,
        "z": -0.1310884654521942
    },
    "mouth_right": {
        "x": 0.7091121673583984,
        "y": 0.46633321046829224,
        "z": -0.13124307990074158
    },
    "left_shoulder": {
        "x": 0.7502392530441284,
        "y": 0.5008214712142944,
        "z": -0.05602208152413368
    },
    "right_shoulder": {
        "x": 0.6775720119476318,
        "y": 0.4903416037559509,
        "z": -0.05288536474108696
    },
    "left_elbow": {
        "x": 0.7498754858970642,
        "y": 0.587721586227417,
        "z": -0.16874457895755768
    },
    "right_elbow": {
        "x": 0.6704862117767334,
        "y": 0.5760831832885742,
        "z": -0.1608639657497406
    },
    "left_wrist": {
        "x": 0.7218121886253357,
        "y": 0.5493221282958984,
        "z": -0.28732872009277344
    },
    "right_wrist": {
        "x": 0.7068912982940674,
        "y": 0.5532264709472656,
        "z": -0.27258065342903137
    },
    "left_pinky": {
        "x": 0.7158787250518799,
        "y": 0.5431698560714722,
        "z": -0.30781590938568115
    },
    "right_pinky": {
        "x": 0.7171339392662048,
        "y": 0.5524156093597412,
        "z": -0.29209309816360474
    },
    "left_index": {
        "x": 0.7151314616203308,
        "y": 0.5337038040161133,
        "z": -0.29318323731422424
    },
    "right_index": {
        "x": 0.7171082496643066,
        "y": 0.5422555208206177,
        "z": -0.2812689244747162
    },
    "left_thumb": {
        "x": 0.7144914865493774,
        "y": 0.5381680727005005,
        "z": -0.2823758125305176
    },
    "right_thumb": {
        "x": 0.7155807018280029,
        "y": 0.5458808541297913,
        "z": -0.26927873492240906
    },
    "left_hip": {
        "x": 0.7297885417938232,
        "y": 0.6615068912506104,
        "z": -0.004366340581327677
    },
    "right_hip": {
        "x": 0.6799176931381226,
        "y": 0.660965085029602,
        "z": 0.004228375386446714
    },
    "left_knee": {
        "x": 0.7772827744483948,
        "y": 0.7382571697235107,
        "z": -0.09058462083339691
    },
    "right_knee": {
        "x": 0.6330877542495728,
        "y": 0.7291878461837769,
        "z": -0.12652507424354553
    },
    "left_ankle": {
        "x": 0.8194426894187927,
        "y": 0.7894690632820129,
        "z": 0.033105090260505676
    },
    "right_ankle": {
        "x": 0.6171287894248962,
        "y": 0.8194238543510437,
        "z": -0.03304692357778549
    },
    "left_heel": {
        "x": 0.8209758996963501,
        "y": 0.7983057498931885,
        "z": 0.04503272473812103
    },
    "right_heel": {
        "x": 0.6216461062431335,
        "y": 0.834284245967865,
        "z": -0.02303355745971203
    },
    "left_foot_index": {
        "x": 0.8423390984535217,
        "y": 0.8255073428153992,
        "z": -0.0027775506023317575
    },
    "right_foot_index": {
        "x": 0.5990439653396606,
        "y": 0.8609139919281006,
        "z": -0.08025629818439484
    }
}