{
    "nose": {
        "x": 0.845766007900238,
        "y": 0.5900173783302307,
        "z": 0.027007872238755226
    },
    "left_eye_inner": {
        "x": 0.8470832705497742,
        "y": 0.5815698504447937,
        "z": 0.01155766285955906
    },
    "left_eye": {
        "x": 0.8477219939231873,
        "y": 0.581238865852356,
        "z": 0.01154395192861557
    },
    "left_eye_outer": {
        "x": 0.8484710454940796,
        "y": 0.5808607935905457,
        "z": 0.01151382364332676
    },
    "right_eye_inner": {
        "x": 0.8471826314926147,
        "y": 0.5812423229217529,
        "z": 0.03347478806972504
    },
    "right_eye": {
        "x": 0.8478701114654541,
        "y": 0.5807983875274658,
        "z": 0.03345926105976105
    },
    "right_eye_outer": {
        "x": 0.8486025333404541,
        "y": 0.5803173184394836,
        "z": 0.0334056131541729
    },
    "left_ear": {
        "x": 0.8572609424591064,
        "y": 0.580008864402771,
        "z": -0.032023683190345764
    },
    "right_ear": {
        "x": 0.8564826250076294,
        "y": 0.5796735286712646,
        "z": 0.06578418612480164
    },
    "mouth_left": {
        "x": 0.8500068187713623,
        "y": 0.5982136130332947,
        "z": 0.012873288244009018
    },
    "mouth_right": {
        "x": 0.8499173521995544,
        "y": 0.5973422527313232,
        "z": 0.04145704582333565
    },
    "left_shoulder": {
        "x": 0.8755857348442078,
        "y": 0.619676947593689,
        "z": -0.10125257819890976
    },
    "right_shoulder": {
        "x": 0.8710988759994507,
        "y": 0.6196224689483643,
        "z": 0.138704314827919
    },
    "left_elbow": {
        "x": 0.8643369078636169,
        "y": 0.6977716684341431,
        "z": -0.14690400660037994
    },
    "right_elbow": {
        "x": 0.8602674603462219,
        "y": 0.6922410130500793,
        "z": 0.2023133784532547
    },
    "left_wrist": {
        "x": 0.813097357749939,
        "y": 0.6850066781044006,
        "z": -0.14106091856956482
    },
    "right_wrist": {
        "x": 0.8235720992088318,
        "y": 0.6750288009643555,
        "z": 0.22304469347000122
    },
    "left_pinky": {
        "x": 0.8005920648574829,
        "y": 0.6922559142112732,
        "z": -0.1568249762058258
    },
    "right_pinky": {
        "x": 0.8189084529876709,
        "y": 0.6768668293952942,
        "z": 0.23606431484222412
    },
    "left_index": {
        "x": 0.7976760268211365,
        "y": 0.6833660006523132,
        "z": -0.14510132372379303
    },
    "right_index": {
        "x": 0.8098732829093933,
        "y": 0.6737532019615173,
        "z": 0.22329993546009064
    },
    "left_thumb": {
        "x": 0.80146324634552,
        "y": 0.6804914474487305,
        "z": -0.13502822816371918
    },
    "right_thumb": {
        "x": 0.8130577206611633,
        "y": 0.6722227931022644,
        "z": 0.21737991273403168
    },
    "left_hip": {
        "x": 0.8719185590744019,
        "y": 0.7809712290763855,
        "z": -0.0762263610959053
    },
    "right_hip": {
        "x": 0.8648561239242554,
        "y": 0.7695989012718201,
        "z": 0.07624629884958267
    },
    "left_knee": {
        "x": 0.7942827343940735,
        "y": 0.8268689513206482,
        "z": -0.07115990668535233
    },
    "right_knee": {
        "x": 0.7998891472816467,
        "y": 0.8191774487495422,
        "z": 0.0779324397444725
    },
    "left_ankle": {
        "x": 0.76906418800354,
        "y": 0.9398206472396851,
        "z": -0.01822504587471485
    },
    "right_ankle": {
        "x": 0.7772064208984375,
        "y": 0.9199782013893127,
        "z": 0.12224848568439484
    },
    "left_heel": {
        "x": 0.7777876853942871,
        "y": 0.9614606499671936,
        "z": -0.010826434008777142
    },
    "right_heel": {
        "x": 0.7825674414634705,
        "y": 0.936247706413269,
        "z": 0.1260516345500946
    },
    "left_foot_index": {
        "x": 0.7318798303604126,
        "y": 0.9492019414901733,
        "z": -0.011145822703838348
    },
    "right_foot_index": {
        "x": 0.7511892914772034,
        "y": 0.9421885013580322,
        "z": 0.11569402366876602
    }
}