{
    "nose": {
        "x": 0.1169951930642128,
        "y": 0.5210703611373901,
        "z": 0.017828216776251793
    },
    "left_eye_inner": {
        "x": 0.11298413574695587,
        "y": 0.5111939907073975,
        "z": 0.008524389937520027
    },
    "left_eye": {
        "x": 0.11321230977773666,
        "y": 0.5112369060516357,
        "z": 0.008459487929940224
    },
    "left_eye_outer": {
        "x": 0.11335600167512894,
        "y": 0.5116044282913208,
        "z": 0.00843385886400938
    },
    "right_eye_inner": {
        "x": 0.1115860715508461,
        "y": 0.5115166902542114,
        "z": 0.008229115977883339
    },
    "right_eye": {
        "x": 0.11122903227806091,
        "y": 0.5116688013076782,
        "z": 0.008264458738267422
    },
    "right_eye_outer": {
        "x": 0.11094710975885391,
        "y": 0.5120736956596375,
        "z": 0.008228901773691177
    },
    "left_ear": {
        "x": 0.1105835884809494,
        "y": 0.5189700126647949,
        "z": -0.00979729276150465
    },
    "right_ear": {
        "x": 0.10987298935651779,
        "y": 0.5152992606163025,
        "z": -0.012699280865490437
    },
    "mouth_left": {
        "x": 0.11885223537683487,
        "y": 0.5294823050498962,
        "z": 0.015504335053265095
    },
    "mouth_right": {
        "x": 0.11826597899198532,
        "y": 0.5297927856445312,
        "z": 0.014598662033677101
    },
    "left_shoulder": {
        "x": 0.12146737426519394,
        "y": 0.5855478644371033,
        "z": -0.024567699059844017
    },
    "right_shoulder": {
        "x": 0.12743225693702698,
        "y": 0.5748064517974854,
        "z": 0.0038079004734754562
    },
    "left_elbow": {
        "x": 0.17614108324050903,
        "y": 0.6115861535072327,
        "z": -0.015312651172280312
    },
    "right_elbow": {
        "x": 0.1707344651222229,
        "y": 0.6145948767662048,
        "z": 0.013122138567268848
    },
    "left_wrist": {
        "x": 0.19973552227020264,
        "y": 0.6541529297828674,
        "z": -0.007006658706814051
    },
    "right_wrist": {
        "x": 0.19383765757083893,
        "y": 0.6534460783004761,
        "z": 0.03173225745558739
    },
    "left_pinky": {
        "x": 0.20727580785751343,
        "y": 0.6687161326408386,
        "z": -0.0038631288334727287
    },
    "right_pinky": {
        "x": 0.20175394415855408,
        "y": 0.6701415777206421,
        "z": 0.04038938134908676
    },
    "left_index": {
        "x": 0.2021997570991516,
        "y": 0.6665248870849609,
        "z": 0.0007920805946923792
    },
    "right_index": {
        "x": 0.1972791850566864,
        "y": 0.6691837310791016,
        "z": 0.034519076347351074
    },
    "left_thumb": {
        "x": 0.1990436613559723,
        "y": 0.6636237502098083,
        "z": -0.003147957380861044
    },
    "right_thumb": {
        "x": 0.19523905217647552,
        "y": 0.6669694185256958,
        "z": 0.030463002622127533
    },
    "left_hip": {
        "x": 0.16553790867328644,
        "y": 0.776423454284668,
        "z": -0.010873327031731606
    },
    "right_hip": {
        "x": 0.169144406914711,
        "y": 0.7686367034912109,
        "z": 0.010351303033530712
    },
    "left_knee": {
        "x": 0.20301449298858643,
        "y": 0.8334680199623108,
        "z": 0.10206742584705353
    },
    "right_knee": {
        "x": 0.19593659043312073,
        "y": 0.810506284236908,
        "z": -0.0006802803836762905
    },
    "left_ankle": {
        "x": 0.22780781984329224,
        "y": 0.8838832378387451,
        "z": 0.04811044782400131
    },
    "right_ankle": {
        "x": 0.24431823194026947,
        "y": 0.8775891065597534,
        "z": -0.15294528007507324
    },
    "left_heel": {
        "x": 0.22810745239257812,
        "y": 0.8907150030136108,
        "z": 0.044221922755241394
    },
    "right_heel": {
        "x": 0.2505294978618622,
        "y": 0.8828344941139221,
        "z": -0.16719289124011993
    },
    "left_foot_index": {
        "x": 0.24856524169445038,
        "y": 0.9027748703956604,
        "z": 0.014187276363372803
    },
    "right_foot_index": {
        "x": 0.26362159848213196,
        "y": 0.9144580960273743,
        "z": -0.1998639851808548
    }
}