{
    "nose": {
        "x": 0.28053808212280273,
        "y": 0.5253539681434631,
        "z": -0.04734233394265175
    },
    "left_eye_inner": {
        "x": 0.2779468894004822,
        "y": 0.5331894159317017,
        "z": -0.056825947016477585
    },
    "left_eye": {
        "x": 0.27832841873168945,
        "y": 0.5362382531166077,
        "z": -0.05679936707019806
    },
    "left_eye_outer": {
        "x": 0.2787356376647949,
        "y": 0.5393300652503967,
        "z": -0.05673494189977646
    },
    "right_eye_inner": {
        "x": 0.27825742959976196,
        "y": 0.5256302356719971,
        "z": -0.06717877835035324
    },
    "right_eye": {
        "x": 0.278903067111969,
        "y": 0.5231673121452332,
        "z": -0.06722357869148254
    },
    "right_eye_outer": {
        "x": 0.27956491708755493,
        "y": 0.5206542015075684,
        "z": -0.06727674603462219
    },
    "left_ear": {
        "x": 0.2868393659591675,
        "y": 0.5461838245391846,
        "z": -0.07392429560422897
    },
    "right_ear": {
        "x": 0.2882077395915985,
        "y": 0.5189679861068726,
        "z": -0.12352195382118225
    },
    "mouth_left": {
        "x": 0.2876354455947876,
        "y": 0.5271326303482056,
        "z": -0.049615658819675446
    },
    "mouth_right": {
        "x": 0.2879599332809448,
        "y": 0.5188629031181335,
        "z": -0.06363807618618011
    },
    "left_shoulder": {
        "x": 0.3136596083641052,
        "y": 0.5627904534339905,
        "z": -0.044177379459142685
    },
    "right_shoulder": {
        "x": 0.31924691796302795,
        "y": 0.48490241169929504,
        "z": -0.1459273397922516
    },
    "left_elbow": {
        "x": 0.3080317974090576,
        "y": 0.5696154832839966,
        "z": -0.020817529410123825
    },
    "right_elbow": {
        "x": 0.3114470839500427,
        "y": 0.461749404668808,
        "z": -0.1615462750196457
    },
    "left_wrist": {
        "x": 0.29367750883102417,
        "y": 0.5685417652130127,
        "z": -0.04323942959308624
    },
    "right_wrist": {
        "x": 0.30754297971725464,
        "y": 0.4715028703212738,
        "z": -0.16466760635375977
    },
    "left_pinky": {
        "x": 0.29127636551856995,
        "y": 0.5771964192390442,
        "z": -0.05163382366299629
    },
    "right_pinky": {
        "x": 0.307730495929718,
        "y": 0.47267991304397583,
        "z": -0.1817808598279953
    },
    "left_index": {
        "x": 0.2896396219730377,
        "y": 0.5691850185394287,
        "z": -0.06307494640350342
    },
    "right_index": {
        "x": 0.3069102168083191,
        "y": 0.4793532192707062,
        "z": -0.18424703180789948
    },
    "left_thumb": {
        "x": 0.292030394077301,
        "y": 0.5622986555099487,
        "z": -0.04873431846499443
    },
    "right_thumb": {
        "x": 0.30753445625305176,
        "y": 0.4820198118686676,
        "z": -0.16597354412078857
    },
    "left_hip": {
        "x": 0.4084259867668152,
        "y": 0.5724596381187439,
        "z": 0.04078367352485657
    },
    "right_hip": {
        "x": 0.42047396302223206,
        "y": 0.5252599716186523,
        "z": -0.04119528830051422
    },
    "left_knee": {
        "x": 0.3916357159614563,
        "y": 0.5586621165275574,
        "z": 0.22375133633613586
    },
    "right_knee": {
        "x": 0.42468518018722534,
        "y": 0.5143360495567322,
        "z": 0.07553026080131531
    },
    "left_ankle": {
        "x": 0.40840908885002136,
        "y": 0.5685796737670898,
        "z": 0.264845073223114
    },
    "right_ankle": {
        "x": 0.4478858709335327,
        "y": 0.5664649605751038,
        "z": 0.13972336053848267
    },
    "left_heel": {
        "x": 0.41122519969940186,
        "y": 0.5719481706619263,
        "z": 0.2690070569515228
    },
    "right_heel": {
        "x": 0.4463241696357727,
        "y": 0.5821214318275452,
        "z": 0.14715120196342468
    },
    "left_foot_index": {
        "x": 0.40802183747291565,
        "y": 0.5654047727584839,
        "z": 0.2743302881717682
    },
    "right_foot_index": {
        "x": 0.45207709074020386,
        "y": 0.5748838186264038,
        "z": 0.14748182892799377
    }
}