{
    "nose": {
        "x": 0.29079556465148926,
        "y": 0.45697659254074097,
        "z": -0.12387672066688538
    },
    "left_eye_inner": {
        "x": 0.28824859857559204,
        "y": 0.46150726079940796,
        "z": -0.12086885422468185
    },
    "left_eye": {
        "x": 0.2882747948169708,
        "y": 0.461164653301239,
        "z": -0.12082378566265106
    },
    "left_eye_outer": {
        "x": 0.2883213460445404,
        "y": 0.46085211634635925,
        "z": -0.12077423930168152
    },
    "right_eye_inner": {
        "x": 0.28859132528305054,
        "y": 0.46445828676223755,
        "z": -0.13886483013629913
    },
    "right_eye": {
        "x": 0.28875523805618286,
        "y": 0.46646639704704285,
        "z": -0.13892896473407745
    },
    "right_eye_outer": {
        "x": 0.2889142632484436,
        "y": 0.46844932436943054,
        "z": -0.13904930651187897
    },
    "left_ear": {
        "x": 0.28916263580322266,
        "y": 0.46570029854774475,
        "z": -0.07797608524560928
    },
    "right_ear": {
        "x": 0.29008418321609497,
        "y": 0.4763841927051544,
        "z": -0.15913048386573792
    },
    "mouth_left": {
        "x": 0.29381027817726135,
        "y": 0.4557984173297882,
        "z": -0.10354767739772797
    },
    "mouth_right": {
        "x": 0.29428407549858093,
        "y": 0.4588487446308136,
        "z": -0.1270439475774765
    },
    "left_shoulder": {
        "x": 0.30494704842567444,
        "y": 0.4605606496334076,
        "z": -0.0072828857228159904
    },
    "right_shoulder": {
        "x": 0.30956679582595825,
        "y": 0.48202455043792725,
        "z": -0.17681331932544708
    },
    "left_elbow": {
        "x": 0.3310526907444,
        "y": 0.48816463351249695,
        "z": 0.02754797786474228
    },
    "right_elbow": {
        "x": 0.35066959261894226,
        "y": 0.5386632084846497,
        "z": -0.18608278036117554
    },
    "left_wrist": {
        "x": 0.3320329189300537,
        "y": 0.5091345310211182,
        "z": 0.020701469853520393
    },
    "right_wrist": {
        "x": 0.39422523975372314,
        "y": 0.5834068059921265,
        "z": -0.17575445771217346
    },
    "left_pinky": {
        "x": 0.3337959051132202,
        "y": 0.5180381536483765,
        "z": 0.028661329299211502
    },
    "right_pinky": {
        "x": 0.4052221179008484,
        "y": 0.5969019532203674,
        "z": -0.18839828670024872
    },
    "left_index": {
        "x": 0.3319564461708069,
        "y": 0.5132954716682434,
        "z": 0.018671195954084396
    },
    "right_index": {
        "x": 0.40684303641319275,
        "y": 0.5871214270591736,
        "z": -0.19161570072174072
    },
    "left_thumb": {
        "x": 0.3317970931529999,
        "y": 0.5103753805160522,
        "z": 0.016952820122241974
    },
    "right_thumb": {
        "x": 0.40321215987205505,
        "y": 0.580964982509613,
        "z": -0.1757693886756897
    },
    "left_hip": {
        "x": 0.3978021740913391,
        "y": 0.49767372012138367,
        "z": 0.054782964289188385
    },
    "right_hip": {
        "x": 0.4002259373664856,
        "y": 0.5147425532341003,
        "z": -0.054964903742074966
    },
    "left_knee": {
        "x": 0.4367009997367859,
        "y": 0.48409223556518555,
        "z": 0.06737319380044937
    },
    "right_knee": {
        "x": 0.4472748041152954,
        "y": 0.5104432106018066,
        "z": -0.07235229015350342
    },
    "left_ankle": {
        "x": 0.42892441153526306,
        "y": 0.5727869868278503,
        "z": 0.15035252273082733
    },
    "right_ankle": {
        "x": 0.4321482181549072,
        "y": 0.5885624289512634,
        "z": 0.058022391051054
    },
    "left_heel": {
        "x": 0.4232378900051117,
        "y": 0.58133864402771,
        "z": 0.15868926048278809
    },
    "right_heel": {
        "x": 0.42425787448883057,
        "y": 0.5974553823471069,
        "z": 0.07421315461397171
    },
    "left_foot_index": {
        "x": 0.42943722009658813,
        "y": 0.6019464135169983,
        "z": 0.17579321563243866
    },
    "right_foot_index": {
        "x": 0.4356660842895508,
        "y": 0.6138910055160522,
        "z": 0.10427979379892349
    }
}