{
    "nose": {
        "x": 0.646274745464325,
        "y": 0.2816025912761688,
        "z": 0.012101410888135433
    },
    "left_eye_inner": {
        "x": 0.6455613970756531,
        "y": 0.27446210384368896,
        "z": -0.009851312264800072
    },
    "left_eye": {
        "x": 0.6448780298233032,
        "y": 0.27465516328811646,
        "z": -0.009875181131064892
    },
    "left_eye_outer": {
        "x": 0.6441982984542847,
        "y": 0.2749258875846863,
        "z": -0.009882192127406597
    },
    "right_eye_inner": {
        "x": 0.6486167311668396,
        "y": 0.27272939682006836,
        "z": 0.007736832369118929
    },
    "right_eye": {
        "x": 0.6501225233078003,
        "y": 0.2716512680053711,
        "z": 0.007746238261461258
    },
    "right_eye_outer": {
        "x": 0.6515652537345886,
        "y": 0.2707763612270355,
        "z": 0.007695102132856846
    },
    "left_ear": {
        "x": 0.6468163132667542,
        "y": 0.27739793062210083,
        "z": -0.07761061936616898
    },
    "right_ear": {
        "x": 0.6577906608581543,
        "y": 0.27266114950180054,
        "z": 0.0004250670608598739
    },
    "mouth_left": {
        "x": 0.6471219062805176,
        "y": 0.28891128301620483,
        "z": -0.008987881243228912
    },
    "mouth_right": {
        "x": 0.6507452130317688,
        "y": 0.2882465124130249,
        "z": 0.013550831936299801
    },
    "left_shoulder": {
        "x": 0.6458941698074341,
        "y": 0.3354027569293976,
        "z": -0.13700003921985626
    },
    "right_shoulder": {
        "x": 0.6866283416748047,
        "y": 0.31992289423942566,
        "z": 0.041505180299282074
    },
    "left_elbow": {
        "x": 0.6372125744819641,
        "y": 0.41928842663764954,
        "z": -0.144801527261734
    },
    "right_elbow": {
        "x": 0.6895278692245483,
        "y": 0.39140060544013977,
        "z": 0.10562057793140411
    },
    "left_wrist": {
        "x": 0.6173731088638306,
        "y": 0.47627881169319153,
        "z": -0.08604541420936584
    },
    "right_wrist": {
        "x": 0.6750890612602234,
        "y": 0.4325883984565735,
        "z": 0.14791294932365417
    },
    "left_pinky": {
        "x": 0.6115733981132507,
        "y": 0.48926109075546265,
        "z": -0.09723550826311111
    },
    "right_pinky": {
        "x": 0.6714093089103699,
        "y": 0.44224274158477783,
        "z": 0.15842092037200928
    },
    "left_index": {
        "x": 0.6103257536888123,
        "y": 0.48947635293006897,
        "z": -0.093862384557724
    },
    "right_index": {
        "x": 0.668589174747467,
        "y": 0.4422993063926697,
        "z": 0.1438901126384735
    },
    "left_thumb": {
        "x": 0.612868070602417,
        "y": 0.4850543737411499,
        "z": -0.08293693512678146
    },
    "right_thumb": {
        "x": 0.6696314215660095,
        "y": 0.43865081667900085,
        "z": 0.142323836684227
    },
    "left_hip": {
        "x": 0.6540116667747498,
        "y": 0.476667582988739,
        "z": -0.056748196482658386
    },
    "right_hip": {
        "x": 0.6769490242004395,
        "y": 0.47256940603256226,
        "z": 0.05665256828069687
    },
    "left_knee": {
        "x": 0.6433609127998352,
        "y": 0.5625724196434021,
        "z": 0.018117478117346764
    },
    "right_knee": {
        "x": 0.6609964966773987,
        "y": 0.5504045486450195,
        "z": 0.16027957201004028
    },
    "left_ankle": {
        "x": 0.6367622017860413,
        "y": 0.6667664051055908,
        "z": 0.08801614493131638
    },
    "right_ankle": {
        "x": 0.6735343337059021,
        "y": 0.6420342922210693,
        "z": 0.25713375210762024
    },
    "left_heel": {
        "x": 0.6398467421531677,
        "y": 0.6856269240379333,
        "z": 0.09434282034635544
    },
    "right_heel": {
        "x": 0.681570291519165,
        "y": 0.6585710644721985,
        "z": 0.2671903371810913
    },
    "left_foot_index": {
        "x": 0.608940839767456,
        "y": 0.6723588705062866,
        "z": 0.06407397240400314
    },
    "right_foot_index": {
        "x": 0.6522775292396545,
        "y": 0.6603264212608337,
        "z": 0.2542075514793396
    }
}