{
    "nose": {
        "x": 0.7350611686706543,
        "y": 0.3058159649372101,
        "z": -0.10395702719688416
    },
    "left_eye_inner": {
        "x": 0.7381242513656616,
        "y": 0.2961961627006531,
        "z": -0.11954550445079803
    },
    "left_eye": {
        "x": 0.7389234304428101,
        "y": 0.2961267828941345,
        "z": -0.11955372989177704
    },
    "left_eye_outer": {
        "x": 0.7397307753562927,
        "y": 0.2961392104625702,
        "z": -0.11954785138368607
    },
    "right_eye_inner": {
        "x": 0.7380691766738892,
        "y": 0.2958161532878876,
        "z": -0.09635911881923676
    },
    "right_eye": {
        "x": 0.7388111352920532,
        "y": 0.29548531770706177,
        "z": -0.096347376704216
    },
    "right_eye_outer": {
        "x": 0.7396342754364014,
        "y": 0.29516828060150146,
        "z": -0.09635221213102341
    },
    "left_ear": {
        "x": 0.7470434308052063,
        "y": 0.30091577768325806,
        "z": -0.1552252471446991
    },
    "right_ear": {
        "x": 0.7472643852233887,
        "y": 0.2991405129432678,
        "z": -0.05169059708714485
    },
    "mouth_left": {
        "x": 0.7385704517364502,
        "y": 0.3154829442501068,
        "z": -0.11417822539806366
    },
    "mouth_right": {
        "x": 0.738345205783844,
        "y": 0.31536054611206055,
        "z": -0.08423998206853867
    },
    "left_shoulder": {
        "x": 0.756378710269928,
        "y": 0.35982468724250793,
        "z": -0.20715177059173584
    },
    "right_shoulder": {
        "x": 0.7661163806915283,
        "y": 0.35538655519485474,
        "z": 0.03006298467516899
    },
    "left_elbow": {
        "x": 0.7423117756843567,
        "y": 0.45200785994529724,
        "z": -0.23401004076004028
    },
    "right_elbow": {
        "x": 0.7674357891082764,
        "y": 0.43098586797714233,
        "z": 0.07408501952886581
    },
    "left_wrist": {
        "x": 0.7187547087669373,
        "y": 0.5189642310142517,
        "z": -0.2005416750907898
    },
    "right_wrist": {
        "x": 0.7527493834495544,
        "y": 0.49929672479629517,
        "z": 0.04644878953695297
    },
    "left_pinky": {
        "x": 0.7135611176490784,
        "y": 0.5346214771270752,
        "z": -0.22227853536605835
    },
    "right_pinky": {
        "x": 0.7490832805633545,
        "y": 0.5152734518051147,
        "z": 0.048055000603199005
    },
    "left_index": {
        "x": 0.7109662890434265,
        "y": 0.5324326157569885,
        "z": -0.21545103192329407
    },
    "right_index": {
        "x": 0.746807873249054,
        "y": 0.5162799954414368,
        "z": 0.024990765377879143
    },
    "left_thumb": {
        "x": 0.7132779955863953,
        "y": 0.5281673073768616,
        "z": -0.19617873430252075
    },
    "right_thumb": {
        "x": 0.7483639717102051,
        "y": 0.510146975517273,
        "z": 0.035546090453863144
    },
    "left_hip": {
        "x": 0.7411409020423889,
        "y": 0.5055691599845886,
        "z": -0.07338012754917145
    },
    "right_hip": {
        "x": 0.7438795566558838,
        "y": 0.5038214921951294,
        "z": 0.07328084111213684
    },
    "left_knee": {
        "x": 0.7295335531234741,
        "y": 0.5992103219032288,
        "z": 0.016152091324329376
    },
    "right_knee": {
        "x": 0.7262816429138184,
        "y": 0.5945714712142944,
        "z": 0.1679266095161438
    },
    "left_ankle": {
        "x": 0.7485513091087341,
        "y": 0.7020056247711182,
        "z": 0.11508709192276001
    },
    "right_ankle": {
        "x": 0.7075726985931396,
        "y": 0.6805815100669861,
        "z": 0.28963226079940796
    },
    "left_heel": {
        "x": 0.7570149898529053,
        "y": 0.7211686372756958,
        "z": 0.12282665073871613
    },
    "right_heel": {
        "x": 0.7107579708099365,
        "y": 0.7006945013999939,
        "z": 0.2999708354473114
    },
    "left_foot_index": {
        "x": 0.7130143642425537,
        "y": 0.7263951897621155,
        "z": 0.06681211292743683
    },
    "right_foot_index": {
        "x": 0.6708469986915588,
        "y": 0.6613007187843323,
        "z": 0.2660049796104431
    }
}