{
    "nose": {
        "x": 0.13873885571956635,
        "y": 0.6080831289291382,
        "z": 0.059149593114852905
    },
    "left_eye_inner": {
        "x": 0.14203907549381256,
        "y": 0.594552755355835,
        "z": 0.07106878608465195
    },
    "left_eye": {
        "x": 0.14109356701374054,
        "y": 0.591102659702301,
        "z": 0.07092013955116272
    },
    "left_eye_outer": {
        "x": 0.14374007284641266,
        "y": 0.5907682180404663,
        "z": 0.07066328078508377
    },
    "right_eye_inner": {
        "x": 0.13350938260555267,
        "y": 0.5977157354354858,
        "z": 0.07741206884384155
    },
    "right_eye": {
        "x": 0.13047166168689728,
        "y": 0.5987049341201782,
        "z": 0.07745914906263351
    },
    "right_eye_outer": {
        "x": 0.12118811905384064,
        "y": 0.5941320657730103,
        "z": 0.07743050903081894
    },
    "left_ear": {
        "x": 0.14900797605514526,
        "y": 0.6013208031654358,
        "z": 0.13702312111854553
    },
    "right_ear": {
        "x": 0.12441316246986389,
        "y": 0.604417085647583,
        "z": 0.16466480493545532
    },
    "mouth_left": {
        "x": 0.14609667658805847,
        "y": 0.6168798804283142,
        "z": 0.08534370362758636
    },
    "mouth_right": {
        "x": 0.1352211833000183,
        "y": 0.6208840608596802,
        "z": 0.09307292848825455
    },
    "left_shoulder": {
        "x": 0.16773079335689545,
        "y": 0.6263129711151123,
        "z": 0.12807373702526093
    },
    "right_shoulder": {
        "x": 0.11686846613883972,
        "y": 0.6567041873931885,
        "z": 0.20539847016334534
    },
    "left_elbow": {
        "x": 0.21883398294448853,
        "y": 0.712131917476654,
        "z": 0.12742209434509277
    },
    "right_elbow": {
        "x": 0.1289536952972412,
        "y": 0.6999601125717163,
        "z": 0.2297864556312561
    },
    "left_wrist": {
        "x": 0.2459588646888733,
        "y": 0.812427818775177,
        "z": 0.11299655586481094
    },
    "right_wrist": {
        "x": 0.1576799601316452,
        "y": 0.685560405254364,
        "z": 0.22282058000564575
    },
    "left_pinky": {
        "x": 0.2548784017562866,
        "y": 0.832223117351532,
        "z": 0.09955500811338425
    },
    "right_pinky": {
        "x": 0.16496902704238892,
        "y": 0.6842653155326843,
        "z": 0.21609340608119965
    },
    "left_index": {
        "x": 0.25126269459724426,
        "y": 0.831558883190155,
        "z": 0.08902454376220703
    },
    "right_index": {
        "x": 0.1658942848443985,
        "y": 0.6788560748100281,
        "z": 0.21210509538650513
    },
    "left_thumb": {
        "x": 0.24561479687690735,
        "y": 0.8285454511642456,
        "z": 0.10893574357032776
    },
    "right_thumb": {
        "x": 0.16571764647960663,
        "y": 0.6805047392845154,
        "z": 0.21963629126548767
    },
    "left_hip": {
        "x": 0.19504395127296448,
        "y": 0.8322862982749939,
        "z": -0.026087695732712746
    },
    "right_hip": {
        "x": 0.1508159041404724,
        "y": 0.8516325354576111,
        "z": 0.026324283331632614
    },
    "left_knee": {
        "x": 0.21750254929065704,
        "y": 0.9915555119514465,
        "z": -0.10922427475452423
    },
    "right_knee": {
        "x": 0.17007622122764587,
        "y": 1.0252381563186646,
        "z": -0.05079430714249611
    },
    "left_ankle": {
        "x": 0.22422775626182556,
        "y": 1.1155046224594116,
        "z": 0.04982426017522812
    },
    "right_ankle": {
        "x": 0.18812045454978943,
        "y": 1.1505311727523804,
        "z": 0.07810021191835403
    },
    "left_heel": {
        "x": 0.22497008740901947,
        "y": 1.131651759147644,
        "z": 0.06472976505756378
    },
    "right_heel": {
        "x": 0.1957414746284485,
        "y": 1.164605975151062,
        "z": 0.09034468978643417
    },
    "left_foot_index": {
        "x": 0.23291635513305664,
        "y": 1.1557265520095825,
        "z": 0.013978524133563042
    },
    "right_foot_index": {
        "x": 0.17798879742622375,
        "y": 1.2019498348236084,
        "z": 0.028314268216490746
    }
}