{
    "nose": {
        "x": 0.5886455178260803,
        "y": 0.47770974040031433,
        "z": -0.25250208377838135
    },
    "left_eye_inner": {
        "x": 0.5974047183990479,
        "y": 0.46358388662338257,
        "z": -0.2670237421989441
    },
    "left_eye": {
        "x": 0.6005808115005493,
        "y": 0.464656263589859,
        "z": -0.26704126596450806
    },
    "left_eye_outer": {
        "x": 0.604203999042511,
        "y": 0.46583816409111023,
        "z": -0.2671341001987457
    },
    "right_eye_inner": {
        "x": 0.5913779735565186,
        "y": 0.4599829912185669,
        "z": -0.24166296422481537
    },
    "right_eye": {
        "x": 0.590337872505188,
        "y": 0.458638072013855,
        "z": -0.24168942868709564
    },
    "right_eye_outer": {
        "x": 0.5893363952636719,
        "y": 0.4573146104812622,
        "z": -0.24173809587955475
    },
    "left_ear": {
        "x": 0.6202360987663269,
        "y": 0.4747178256511688,
        "z": -0.2813752293586731
    },
    "right_ear": {
        "x": 0.6002592444419861,
        "y": 0.4631586968898773,
        "z": -0.16613127291202545
    },
    "mouth_left": {
        "x": 0.5946451425552368,
        "y": 0.49391302466392517,
        "z": -0.25355395674705505
    },
    "mouth_right": {
        "x": 0.5871362090110779,
        "y": 0.4909663200378418,
        "z": -0.22033235430717468
    },
    "left_shoulder": {
        "x": 0.6448943614959717,
        "y": 0.5965896844863892,
        "z": -0.2931864857673645
    },
    "right_shoulder": {
        "x": 0.5807405710220337,
        "y": 0.5299060344696045,
        "z": -0.059967949986457825
    },
    "left_elbow": {
        "x": 0.6361304521560669,
        "y": 0.7354506850242615,
        "z": -0.31640756130218506
    },
    "right_elbow": {
        "x": 0.5594146847724915,
        "y": 0.6162492036819458,
        "z": 0.047582194209098816
    },
    "left_wrist": {
        "x": 0.5970306992530823,
        "y": 0.8233758211135864,
        "z": -0.3331158757209778
    },
    "right_wrist": {
        "x": 0.5259296894073486,
        "y": 0.6731624007225037,
        "z": 0.046763669699430466
    },
    "left_pinky": {
        "x": 0.5875239372253418,
        "y": 0.8573483228683472,
        "z": -0.3635963201522827
    },
    "right_pinky": {
        "x": 0.5117142200469971,
        "y": 0.6898986101150513,
        "z": 0.050118338316679
    },
    "left_index": {
        "x": 0.5778695344924927,
        "y": 0.8488344550132751,
        "z": -0.3663739264011383
    },
    "right_index": {
        "x": 0.5130643844604492,
        "y": 0.6885141134262085,
        "z": 0.01789582334458828
    },
    "left_thumb": {
        "x": 0.5785130858421326,
        "y": 0.8377264142036438,
        "z": -0.3328194320201874
    },
    "right_thumb": {
        "x": 0.5175250768661499,
        "y": 0.684535562992096,
        "z": 0.0333700105547905
    },
    "left_hip": {
        "x": 0.593323826789856,
        "y": 0.7693616151809692,
        "z": -0.06830145418643951
    },
    "right_hip": {
        "x": 0.5600749850273132,
        "y": 0.7371618151664734,
        "z": 0.06834463775157928
    },
    "left_knee": {
        "x": 0.5530019402503967,
        "y": 0.902884304523468,
        "z": -0.08652203530073166
    },
    "right_knee": {
        "x": 0.5243383646011353,
        "y": 0.847894012928009,
        "z": 0.040607571601867676
    },
    "left_ankle": {
        "x": 0.5925980806350708,
        "y": 0.9526830315589905,
        "z": 0.13828624784946442
    },
    "right_ankle": {
        "x": 0.5637983083724976,
        "y": 0.8803426027297974,
        "z": 0.2901410758495331
    },
    "left_heel": {
        "x": 0.6054897904396057,
        "y": 0.9642911553382874,
        "z": 0.16137142479419708
    },
    "right_heel": {
        "x": 0.5699508786201477,
        "y": 0.8843008279800415,
        "z": 0.31765198707580566
    },
    "left_foot_index": {
        "x": 0.5760554075241089,
        "y": 1.0258594751358032,
        "z": 0.15285371243953705
    },
    "right_foot_index": {
        "x": 0.5488876104354858,
        "y": 0.9293251633644104,
        "z": 0.3403431177139282
    }
}