{
    "nose": {
        "x": 0.6535627841949463,
        "y": 0.6609347462654114,
        "z": -0.17045234143733978
    },
    "left_eye_inner": {
        "x": 0.6602049469947815,
        "y": 0.6512162685394287,
        "z": -0.1914503276348114
    },
    "left_eye": {
        "x": 0.6607081890106201,
        "y": 0.6473169326782227,
        "z": -0.19147184491157532
    },
    "left_eye_outer": {
        "x": 0.6610755920410156,
        "y": 0.6437663435935974,
        "z": -0.19156086444854736
    },
    "right_eye_inner": {
        "x": 0.657691478729248,
        "y": 0.6613527536392212,
        "z": -0.20009399950504303
    },
    "right_eye": {
        "x": 0.6562243700027466,
        "y": 0.6634231805801392,
        "z": -0.20020335912704468
    },
    "right_eye_outer": {
        "x": 0.6552459597587585,
        "y": 0.665359616279602,
        "z": -0.20031461119651794
    },
    "left_ear": {
        "x": 0.6547374129295349,
        "y": 0.6341056227684021,
        "z": -0.22712333500385284
    },
    "right_ear": {
        "x": 0.6475679278373718,
        "y": 0.6600262522697449,
        "z": -0.2666832506656647
    },
    "mouth_left": {
        "x": 0.646443247795105,
        "y": 0.6526424884796143,
        "z": -0.17512357234954834
    },
    "mouth_right": {
        "x": 0.6430063843727112,
        "y": 0.6614930033683777,
        "z": -0.18679802119731903
    },
    "left_shoulder": {
        "x": 0.6251592636108398,
        "y": 0.5682384967803955,
        "z": -0.17930573225021362
    },
    "right_shoulder": {
        "x": 0.5992071628570557,
        "y": 0.707058846950531,
        "z": -0.2563156485557556
    },
    "left_elbow": {
        "x": 0.6189921498298645,
        "y": 0.49825650453567505,
        "z": -0.04184456914663315
    },
    "right_elbow": {
        "x": 0.5521170496940613,
        "y": 0.783794641494751,
        "z": -0.23776790499687195
    },
    "left_wrist": {
        "x": 0.627287745475769,
        "y": 0.4939991533756256,
        "z": 0.0716017410159111
    },
    "right_wrist": {
        "x": 0.5393747687339783,
        "y": 0.8615580797195435,
        "z": -0.19159835577011108
    },
    "left_pinky": {
        "x": 0.6306041479110718,
        "y": 0.47934404015541077,
        "z": 0.07889450341463089
    },
    "right_pinky": {
        "x": 0.5369309782981873,
        "y": 0.8809856176376343,
        "z": -0.2100885510444641
    },
    "left_index": {
        "x": 0.6289453506469727,
        "y": 0.49169933795928955,
        "z": 0.060448355972766876
    },
    "right_index": {
        "x": 0.545110285282135,
        "y": 0.8752172589302063,
        "z": -0.22003203630447388
    },
    "left_thumb": {
        "x": 0.6355359554290771,
        "y": 0.4924973249435425,
        "z": 0.06897608190774918
    },
    "right_thumb": {
        "x": 0.5465090870857239,
        "y": 0.8687180280685425,
        "z": -0.19512352347373962
    },
    "left_hip": {
        "x": 0.53357994556427,
        "y": 0.6602727174758911,
        "z": 0.0561654269695282
    },
    "right_hip": {
        "x": 0.5187937617301941,
        "y": 0.7360389828681946,
        "z": -0.056151434779167175
    },
    "left_knee": {
        "x": 0.6151189208030701,
        "y": 0.7189072966575623,
        "z": 0.1688680499792099
    },
    "right_knee": {
        "x": 0.6154598593711853,
        "y": 0.811874270439148,
        "z": -0.011515758000314236
    },
    "left_ankle": {
        "x": 0.5535510778427124,
        "y": 0.7745519876480103,
        "z": 0.3160281479358673
    },
    "right_ankle": {
        "x": 0.5398008823394775,
        "y": 0.8241990208625793,
        "z": 0.19571922719478607
    },
    "left_heel": {
        "x": 0.5349036455154419,
        "y": 0.7812065482139587,
        "z": 0.33218780159950256
    },
    "right_heel": {
        "x": 0.5267146229743958,
        "y": 0.8166394829750061,
        "z": 0.22160205245018005
    },
    "left_foot_index": {
        "x": 0.5524251461029053,
        "y": 0.8106445074081421,
        "z": 0.3631961941719055
    },
    "right_foot_index": {
        "x": 0.5406644344329834,
        "y": 0.85573810338974,
        "z": 0.27999135851860046
    }
}