{
    "nose": {
        "x": 0.6369034647941589,
        "y": 0.58380526304245,
        "z": -0.3782261908054352
    },
    "left_eye_inner": {
        "x": 0.6424838900566101,
        "y": 0.5779212117195129,
        "z": -0.37683993577957153
    },
    "left_eye": {
        "x": 0.6436814069747925,
        "y": 0.5764030814170837,
        "z": -0.37680503726005554
    },
    "left_eye_outer": {
        "x": 0.6450691223144531,
        "y": 0.5749441385269165,
        "z": -0.3768729269504547
    },
    "right_eye_inner": {
        "x": 0.6388989686965942,
        "y": 0.5798721313476562,
        "z": -0.3965275287628174
    },
    "right_eye": {
        "x": 0.6375061273574829,
        "y": 0.5796157121658325,
        "z": -0.39662033319473267
    },
    "right_eye_outer": {
        "x": 0.6361021995544434,
        "y": 0.5795373320579529,
        "z": -0.39669814705848694
    },
    "left_ear": {
        "x": 0.6434342861175537,
        "y": 0.5629993677139282,
        "z": -0.31802356243133545
    },
    "right_ear": {
        "x": 0.6299571394920349,
        "y": 0.5710846781730652,
        "z": -0.406175434589386
    },
    "mouth_left": {
        "x": 0.6327947974205017,
        "y": 0.5809348821640015,
        "z": -0.3474091589450836
    },
    "mouth_right": {
        "x": 0.6292296051979065,
        "y": 0.5827664732933044,
        "z": -0.3734399080276489
    },
    "left_shoulder": {
        "x": 0.6355578303337097,
        "y": 0.515227198600769,
        "z": -0.1931903213262558
    },
    "right_shoulder": {
        "x": 0.586387038230896,
        "y": 0.6061238646507263,
        "z": -0.37532269954681396
    },
    "left_elbow": {
        "x": 0.6390520334243774,
        "y": 0.5243041515350342,
        "z": -0.03527813032269478
    },
    "right_elbow": {
        "x": 0.5563266277313232,
        "y": 0.7005802392959595,
        "z": -0.3922449052333832
    },
    "left_wrist": {
        "x": 0.6521052718162537,
        "y": 0.5588120818138123,
        "z": 0.05647078529000282
    },
    "right_wrist": {
        "x": 0.5598564743995667,
        "y": 0.8053416013717651,
        "z": -0.38073280453681946
    },
    "left_pinky": {
        "x": 0.6599195599555969,
        "y": 0.5574716925621033,
        "z": 0.06817003339529037
    },
    "right_pinky": {
        "x": 0.5503233075141907,
        "y": 0.8313324451446533,
        "z": -0.40971410274505615
    },
    "left_index": {
        "x": 0.6578696966171265,
        "y": 0.564628541469574,
        "z": 0.04603438824415207
    },
    "right_index": {
        "x": 0.5578835010528564,
        "y": 0.8332480192184448,
        "z": -0.41035163402557373
    },
    "left_thumb": {
        "x": 0.6533059477806091,
        "y": 0.5705679655075073,
        "z": 0.050838761031627655
    },
    "right_thumb": {
        "x": 0.5623458027839661,
        "y": 0.8220652341842651,
        "z": -0.38075000047683716
    },
    "left_hip": {
        "x": 0.5733070373535156,
        "y": 0.6293299198150635,
        "z": 0.0733184739947319
    },
    "right_hip": {
        "x": 0.54527747631073,
        "y": 0.66457599401474,
        "z": -0.0734250545501709
    },
    "left_knee": {
        "x": 0.6056011915206909,
        "y": 0.762018084526062,
        "z": 0.13449975848197937
    },
    "right_knee": {
        "x": 0.5950353145599365,
        "y": 0.8003676533699036,
        "z": -0.031192410737276077
    },
    "left_ankle": {
        "x": 0.5442038774490356,
        "y": 0.794809877872467,
        "z": 0.3640528619289398
    },
    "right_ankle": {
        "x": 0.5303831696510315,
        "y": 0.8259065747261047,
        "z": 0.19497136771678925
    },
    "left_heel": {
        "x": 0.5205286145210266,
        "y": 0.7893717288970947,
        "z": 0.3887535035610199
    },
    "right_heel": {
        "x": 0.5230802893638611,
        "y": 0.8268235921859741,
        "z": 0.22139987349510193
    },
    "left_foot_index": {
        "x": 0.5329632759094238,
        "y": 0.8494999408721924,
        "z": 0.4077288806438446
    },
    "right_foot_index": {
        "x": 0.5323154926300049,
        "y": 0.8788130283355713,
        "z": 0.24528053402900696
    }
}