{
    "nose": {
        "x": 0.6831102967262268,
        "y": 0.46583622694015503,
        "z": -0.05109285190701485
    },
    "left_eye_inner": {
        "x": 0.6879279613494873,
        "y": 0.4512253403663635,
        "z": -0.04560427367687225
    },
    "left_eye": {
        "x": 0.6875773668289185,
        "y": 0.44886839389801025,
        "z": -0.04568241536617279
    },
    "left_eye_outer": {
        "x": 0.6871645450592041,
        "y": 0.4463726878166199,
        "z": -0.04576496779918671
    },
    "right_eye_inner": {
        "x": 0.6874345541000366,
        "y": 0.45374706387519836,
        "z": -0.07175277918577194
    },
    "right_eye": {
        "x": 0.6867566108703613,
        "y": 0.4533631503582001,
        "z": -0.07180838286876678
    },
    "right_eye_outer": {
        "x": 0.6860688924789429,
        "y": 0.4528976082801819,
        "z": -0.07188057899475098
    },
    "left_ear": {
        "x": 0.6803044676780701,
        "y": 0.4352401793003082,
        "z": -0.013665605336427689
    },
    "right_ear": {
        "x": 0.6804635524749756,
        "y": 0.446987122297287,
        "z": -0.13077031075954437
    },
    "mouth_left": {
        "x": 0.6769035458564758,
        "y": 0.4656693637371063,
        "z": -0.035285573452711105
    },
    "mouth_right": {
        "x": 0.6764732599258423,
        "y": 0.4680073857307434,
        "z": -0.06956803053617477
    },
    "left_shoulder": {
        "x": 0.6427634954452515,
        "y": 0.43105438351631165,
        "z": 0.07162895798683167
    },
    "right_shoulder": {
        "x": 0.6471611857414246,
        "y": 0.48985376954078674,
        "z": -0.19589725136756897
    },
    "left_elbow": {
        "x": 0.6288716197013855,
        "y": 0.5084436535835266,
        "z": 0.16342800855636597
    },
    "right_elbow": {
        "x": 0.6359912157058716,
        "y": 0.5952965617179871,
        "z": -0.20791606605052948
    },
    "left_wrist": {
        "x": 0.6472340226173401,
        "y": 0.596354603767395,
        "z": 0.17022991180419922
    },
    "right_wrist": {
        "x": 0.6521159410476685,
        "y": 0.6851832866668701,
        "z": -0.09979666024446487
    },
    "left_pinky": {
        "x": 0.6536554098129272,
        "y": 0.6140445470809937,
        "z": 0.18100522458553314
    },
    "right_pinky": {
        "x": 0.654137134552002,
        "y": 0.7074808478355408,
        "z": -0.1181592047214508
    },
    "left_index": {
        "x": 0.6570191383361816,
        "y": 0.6180299520492554,
        "z": 0.15533654391765594
    },
    "right_index": {
        "x": 0.6606658101081848,
        "y": 0.7002498507499695,
        "z": -0.10457459092140198
    },
    "left_thumb": {
        "x": 0.6532351970672607,
        "y": 0.6158616542816162,
        "z": 0.1587229073047638
    },
    "right_thumb": {
        "x": 0.6596887111663818,
        "y": 0.6929184794425964,
        "z": -0.09272139519453049
    },
    "left_hip": {
        "x": 0.5445218682289124,
        "y": 0.5828686356544495,
        "z": 0.09312853217124939
    },
    "right_hip": {
        "x": 0.5432026982307434,
        "y": 0.6169224977493286,
        "z": -0.09316757321357727
    },
    "left_knee": {
        "x": 0.5417062044143677,
        "y": 0.6998758316040039,
        "z": 0.27628815174102783
    },
    "right_knee": {
        "x": 0.5403817296028137,
        "y": 0.7440188527107239,
        "z": 0.07405930012464523
    },
    "left_ankle": {
        "x": 0.530505895614624,
        "y": 0.808431088924408,
        "z": 0.4627762734889984
    },
    "right_ankle": {
        "x": 0.5231993198394775,
        "y": 0.8535630702972412,
        "z": 0.24560314416885376
    },
    "left_heel": {
        "x": 0.519261360168457,
        "y": 0.8282460570335388,
        "z": 0.48096024990081787
    },
    "right_heel": {
        "x": 0.5114020705223083,
        "y": 0.8715018033981323,
        "z": 0.2617660462856293
    },
    "left_foot_index": {
        "x": 0.5614542961120605,
        "y": 0.8331422805786133,
        "z": 0.4714174270629883
    },
    "right_foot_index": {
        "x": 0.5576861500740051,
        "y": 0.8923797607421875,
        "z": 0.2288670539855957
    }
}