{
    "nose": {
        "x": 0.6949584484100342,
        "y": 0.48014843463897705,
        "z": -0.17076224088668823
    },
    "left_eye_inner": {
        "x": 0.6987962126731873,
        "y": 0.46590912342071533,
        "z": -0.16107533872127533
    },
    "left_eye": {
        "x": 0.69903963804245,
        "y": 0.4642617404460907,
        "z": -0.16116194427013397
    },
    "left_eye_outer": {
        "x": 0.6992279887199402,
        "y": 0.4624621570110321,
        "z": -0.1612829715013504
    },
    "right_eye_inner": {
        "x": 0.6959440112113953,
        "y": 0.4666585624217987,
        "z": -0.19446395337581635
    },
    "right_eye": {
        "x": 0.6941975951194763,
        "y": 0.4657544195652008,
        "z": -0.19451752305030823
    },
    "right_eye_outer": {
        "x": 0.6924169659614563,
        "y": 0.46485745906829834,
        "z": -0.19460244476795197
    },
    "left_ear": {
        "x": 0.690676748752594,
        "y": 0.4514515697956085,
        "z": -0.10193397849798203
    },
    "right_ear": {
        "x": 0.6841157674789429,
        "y": 0.4589652419090271,
        "z": -0.2523755133152008
    },
    "mouth_left": {
        "x": 0.68976229429245,
        "y": 0.48291078209877014,
        "z": -0.1432291716337204
    },
    "mouth_right": {
        "x": 0.6868528127670288,
        "y": 0.48266172409057617,
        "z": -0.18738692998886108
    },
    "left_shoulder": {
        "x": 0.658673107624054,
        "y": 0.44695064425468445,
        "z": 0.005177901592105627
    },
    "right_shoulder": {
        "x": 0.6487972736358643,
        "y": 0.5052141547203064,
        "z": -0.296161949634552
    },
    "left_elbow": {
        "x": 0.6497910022735596,
        "y": 0.5488340854644775,
        "z": 0.09116816520690918
    },
    "right_elbow": {
        "x": 0.6212010383605957,
        "y": 0.6174396872520447,
        "z": -0.3328026235103607
    },
    "left_wrist": {
        "x": 0.6602189540863037,
        "y": 0.6306162476539612,
        "z": 0.04858563840389252
    },
    "right_wrist": {
        "x": 0.6433818936347961,
        "y": 0.7164418697357178,
        "z": -0.2694597840309143
    },
    "left_pinky": {
        "x": 0.6676371097564697,
        "y": 0.6433137059211731,
        "z": 0.051795460283756256
    },
    "right_pinky": {
        "x": 0.6454290151596069,
        "y": 0.7468418478965759,
        "z": -0.3050069510936737
    },
    "left_index": {
        "x": 0.670020580291748,
        "y": 0.6484142541885376,
        "z": 0.01957732066512108
    },
    "right_index": {
        "x": 0.6523841023445129,
        "y": 0.7435871362686157,
        "z": -0.2885645031929016
    },
    "left_thumb": {
        "x": 0.6645772457122803,
        "y": 0.6491152048110962,
        "z": 0.03314110264182091
    },
    "right_thumb": {
        "x": 0.651930034160614,
        "y": 0.7318003177642822,
        "z": -0.26286280155181885
    },
    "left_hip": {
        "x": 0.5651651620864868,
        "y": 0.5847146511077881,
        "z": 0.09968896210193634
    },
    "right_hip": {
        "x": 0.5562434196472168,
        "y": 0.6215969920158386,
        "z": -0.09978771954774857
    },
    "left_knee": {
        "x": 0.6035566926002502,
        "y": 0.703940212726593,
        "z": 0.2888348400592804
    },
    "right_knee": {
        "x": 0.5658907890319824,
        "y": 0.7566385269165039,
        "z": 0.06428509205579758
    },
    "left_ankle": {
        "x": 0.574474573135376,
        "y": 0.7944101691246033,
        "z": 0.5102241635322571
    },
    "right_ankle": {
        "x": 0.5303203463554382,
        "y": 0.8477665185928345,
        "z": 0.26150017976760864
    },
    "left_heel": {
        "x": 0.5629125237464905,
        "y": 0.8057711720466614,
        "z": 0.5325790047645569
    },
    "right_heel": {
        "x": 0.5139216184616089,
        "y": 0.8602972626686096,
        "z": 0.2798084616661072
    },
    "left_foot_index": {
        "x": 0.5973882079124451,
        "y": 0.835300862789154,
        "z": 0.5337916016578674
    },
    "right_foot_index": {
        "x": 0.5602295994758606,
        "y": 0.8964226841926575,
        "z": 0.24388767778873444
    }
}