{
    "nose": {
        "x": 0.6514647603034973,
        "y": 0.6576734185218811,
        "z": -0.12637005746364594
    },
    "left_eye_inner": {
        "x": 0.659159243106842,
        "y": 0.651212751865387,
        "z": -0.14090244472026825
    },
    "left_eye": {
        "x": 0.6603990197181702,
        "y": 0.6476765871047974,
        "z": -0.14092442393302917
    },
    "left_eye_outer": {
        "x": 0.6617315411567688,
        "y": 0.6440744996070862,
        "z": -0.14098699390888214
    },
    "right_eye_inner": {
        "x": 0.6554837226867676,
        "y": 0.6573293209075928,
        "z": -0.1583998054265976
    },
    "right_eye": {
        "x": 0.6543018817901611,
        "y": 0.6579821705818176,
        "z": -0.15848372876644135
    },
    "right_eye_outer": {
        "x": 0.6530802249908447,
        "y": 0.6585484147071838,
        "z": -0.15859833359718323
    },
    "left_ear": {
        "x": 0.6575897932052612,
        "y": 0.6294088363647461,
        "z": -0.15870602428913116
    },
    "right_ear": {
        "x": 0.6469138264656067,
        "y": 0.6489297747612,
        "z": -0.23860138654708862
    },
    "mouth_left": {
        "x": 0.6454504132270813,
        "y": 0.6494219899177551,
        "z": -0.12439388036727905
    },
    "mouth_right": {
        "x": 0.6420414447784424,
        "y": 0.6540541052818298,
        "z": -0.1478865146636963
    },
    "left_shoulder": {
        "x": 0.6327974796295166,
        "y": 0.5597664713859558,
        "z": -0.11908844113349915
    },
    "right_shoulder": {
        "x": 0.6018936634063721,
        "y": 0.6836406588554382,
        "z": -0.2402970939874649
    },
    "left_elbow": {
        "x": 0.6325416564941406,
        "y": 0.49381881952285767,
        "z": 0.020504407584667206
    },
    "right_elbow": {
        "x": 0.5468613505363464,
        "y": 0.7376779317855835,
        "z": -0.21080370247364044
    },
    "left_wrist": {
        "x": 0.6490049958229065,
        "y": 0.5058519840240479,
        "z": 0.11849070340394974
    },
    "right_wrist": {
        "x": 0.5512257218360901,
        "y": 0.8341918587684631,
        "z": -0.13755768537521362
    },
    "left_pinky": {
        "x": 0.6555088758468628,
        "y": 0.49799829721450806,
        "z": 0.12043973058462143
    },
    "right_pinky": {
        "x": 0.5459303259849548,
        "y": 0.8664621710777283,
        "z": -0.14838430285453796
    },
    "left_index": {
        "x": 0.652759850025177,
        "y": 0.5092133283615112,
        "z": 0.10697239637374878
    },
    "right_index": {
        "x": 0.5568006038665771,
        "y": 0.8644683361053467,
        "z": -0.16145603358745575
    },
    "left_thumb": {
        "x": 0.6486518979072571,
        "y": 0.5191702842712402,
        "z": 0.11546339094638824
    },
    "right_thumb": {
        "x": 0.5589379072189331,
        "y": 0.854448676109314,
        "z": -0.14058153331279755
    },
    "left_hip": {
        "x": 0.5452429056167603,
        "y": 0.6494329571723938,
        "z": 0.07014495134353638
    },
    "right_hip": {
        "x": 0.5285099744796753,
        "y": 0.7159155011177063,
        "z": -0.0701783299446106
    },
    "left_knee": {
        "x": 0.6172425746917725,
        "y": 0.7383657097816467,
        "z": 0.24650432169437408
    },
    "right_knee": {
        "x": 0.6052572727203369,
        "y": 0.8025030493736267,
        "z": -0.0328054241836071
    },
    "left_ankle": {
        "x": 0.5578534007072449,
        "y": 0.7852182984352112,
        "z": 0.4271405339241028
    },
    "right_ankle": {
        "x": 0.5328761339187622,
        "y": 0.8348948955535889,
        "z": 0.14842763543128967
    },
    "left_heel": {
        "x": 0.5439566373825073,
        "y": 0.7872832417488098,
        "z": 0.4469454884529114
    },
    "right_heel": {
        "x": 0.5199636220932007,
        "y": 0.828470766544342,
        "z": 0.17172440886497498
    },
    "left_foot_index": {
        "x": 0.5633194446563721,
        "y": 0.82267165184021,
        "z": 0.4742642641067505
    },
    "right_foot_index": {
        "x": 0.5528838038444519,
        "y": 0.868408739566803,
        "z": 0.21205906569957733
    }
}