{
    "nose": {
        "x": 0.34526699781417847,
        "y": 0.30818116664886475,
        "z": -0.1620142012834549
    },
    "left_eye_inner": {
        "x": 0.34445109963417053,
        "y": 0.2922690510749817,
        "z": -0.1483851969242096
    },
    "left_eye": {
        "x": 0.34346717596054077,
        "y": 0.29103511571884155,
        "z": -0.14841020107269287
    },
    "left_eye_outer": {
        "x": 0.34237387776374817,
        "y": 0.2896530032157898,
        "z": -0.14846892654895782
    },
    "right_eye_inner": {
        "x": 0.34406882524490356,
        "y": 0.29350146651268005,
        "z": -0.17645780742168427
    },
    "right_eye": {
        "x": 0.3428868353366852,
        "y": 0.29332607984542847,
        "z": -0.17651709914207458
    },
    "right_eye_outer": {
        "x": 0.3415237069129944,
        "y": 0.29320839047431946,
        "z": -0.17657817900180817
    },
    "left_ear": {
        "x": 0.3284691572189331,
        "y": 0.28629887104034424,
        "z": -0.08136770129203796
    },
    "right_ear": {
        "x": 0.32846587896347046,
        "y": 0.2923499345779419,
        "z": -0.20732039213180542
    },
    "mouth_left": {
        "x": 0.33771857619285583,
        "y": 0.31878024339675903,
        "z": -0.13496018946170807
    },
    "mouth_right": {
        "x": 0.3359592854976654,
        "y": 0.320065438747406,
        "z": -0.17133933305740356
    },
    "left_shoulder": {
        "x": 0.30972719192504883,
        "y": 0.34466689825057983,
        "z": 0.017449336126446724
    },
    "right_shoulder": {
        "x": 0.2872288227081299,
        "y": 0.36204472184181213,
        "z": -0.2516399025917053
    },
    "left_elbow": {
        "x": 0.29933443665504456,
        "y": 0.4505552053451538,
        "z": 0.102817103266716
    },
    "right_elbow": {
        "x": 0.27236083149909973,
        "y": 0.49604952335357666,
        "z": -0.26900601387023926
    },
    "left_wrist": {
        "x": 0.31773874163627625,
        "y": 0.48035866022109985,
        "z": 0.11292021721601486
    },
    "right_wrist": {
        "x": 0.31537240743637085,
        "y": 0.5722631812095642,
        "z": -0.23088525235652924
    },
    "left_pinky": {
        "x": 0.32088983058929443,
        "y": 0.4906088709831238,
        "z": 0.11642160266637802
    },
    "right_pinky": {
        "x": 0.3238643407821655,
        "y": 0.600389301776886,
        "z": -0.2535814940929413
    },
    "left_index": {
        "x": 0.32469603419303894,
        "y": 0.48196467757225037,
        "z": 0.09975769370794296
    },
    "right_index": {
        "x": 0.3331754803657532,
        "y": 0.5909861922264099,
        "z": -0.254088819026947
    },
    "left_thumb": {
        "x": 0.32247599959373474,
        "y": 0.4798415005207062,
        "z": 0.10514437407255173
    },
    "right_thumb": {
        "x": 0.33060309290885925,
        "y": 0.5797433257102966,
        "z": -0.22997863590717316
    },
    "left_hip": {
        "x": 0.2884643077850342,
        "y": 0.49595069885253906,
        "z": 0.07674810290336609
    },
    "right_hip": {
        "x": 0.27156513929367065,
        "y": 0.5219486951828003,
        "z": -0.07686273008584976
    },
    "left_knee": {
        "x": 0.3704400956630707,
        "y": 0.5020126700401306,
        "z": 0.11704425513744354
    },
    "right_knee": {
        "x": 0.36180323362350464,
        "y": 0.5363268256187439,
        "z": -0.08292291313409805
    },
    "left_ankle": {
        "x": 0.3753836452960968,
        "y": 0.6066965460777283,
        "z": 0.18284274637699127
    },
    "right_ankle": {
        "x": 0.3651708960533142,
        "y": 0.612918496131897,
        "z": 0.09839687496423721
    },
    "left_heel": {
        "x": 0.36558446288108826,
        "y": 0.621331512928009,
        "z": 0.18959666788578033
    },
    "right_heel": {
        "x": 0.3558039963245392,
        "y": 0.622309684753418,
        "z": 0.12093485891819
    },
    "left_foot_index": {
        "x": 0.40505290031433105,
        "y": 0.638917863368988,
        "z": 0.1836758255958557
    },
    "right_foot_index": {
        "x": 0.39190083742141724,
        "y": 0.6375700235366821,
        "z": 0.14585790038108826
    }
}