{
    "nose": {
        "x": 0.36910325288772583,
        "y": 0.3166236877441406,
        "z": -0.2051345258951187
    },
    "left_eye_inner": {
        "x": 0.3665294349193573,
        "y": 0.3004435896873474,
        "z": -0.19159655272960663
    },
    "left_eye": {
        "x": 0.3655985891819,
        "y": 0.2997244596481323,
        "z": -0.19165357947349548
    },
    "left_eye_outer": {
        "x": 0.36454662680625916,
        "y": 0.2989259958267212,
        "z": -0.19175204634666443
    },
    "right_eye_inner": {
        "x": 0.365486741065979,
        "y": 0.3015734553337097,
        "z": -0.22689396142959595
    },
    "right_eye": {
        "x": 0.3638785183429718,
        "y": 0.3017587661743164,
        "z": -0.2269524186849594
    },
    "right_eye_outer": {
        "x": 0.36206185817718506,
        "y": 0.30184200406074524,
        "z": -0.22695714235305786
    },
    "left_ear": {
        "x": 0.3503391742706299,
        "y": 0.30014970898628235,
        "z": -0.12341330200433731
    },
    "right_ear": {
        "x": 0.3479468822479248,
        "y": 0.30328160524368286,
        "z": -0.2833936810493469
    },
    "mouth_left": {
        "x": 0.36219069361686707,
        "y": 0.3292815387248993,
        "z": -0.175850048661232
    },
    "mouth_right": {
        "x": 0.36073729395866394,
        "y": 0.32906657457351685,
        "z": -0.2224186509847641
    },
    "left_shoulder": {
        "x": 0.33535176515579224,
        "y": 0.34233585000038147,
        "z": -0.02383885346353054
    },
    "right_shoulder": {
        "x": 0.31221431493759155,
        "y": 0.386038601398468,
        "z": -0.3211275339126587
    },
    "left_elbow": {
        "x": 0.3548320531845093,
        "y": 0.42678967118263245,
        "z": 0.06021364778280258
    },
    "right_elbow": {
        "x": 0.3482624888420105,
        "y": 0.4972887933254242,
        "z": -0.35115647315979004
    },
    "left_wrist": {
        "x": 0.3984266519546509,
        "y": 0.4687480032444,
        "z": 0.025253377854824066
    },
    "right_wrist": {
        "x": 0.42323434352874756,
        "y": 0.5525314211845398,
        "z": -0.3319171667098999
    },
    "left_pinky": {
        "x": 0.41170012950897217,
        "y": 0.47907575964927673,
        "z": 0.02242087386548519
    },
    "right_pinky": {
        "x": 0.4408597946166992,
        "y": 0.5745011568069458,
        "z": -0.3706032931804657
    },
    "left_index": {
        "x": 0.41440635919570923,
        "y": 0.4781809151172638,
        "z": -0.00942329689860344
    },
    "right_index": {
        "x": 0.4466167390346527,
        "y": 0.5603028535842896,
        "z": -0.36407893896102905
    },
    "left_thumb": {
        "x": 0.40935420989990234,
        "y": 0.4783580005168915,
        "z": 0.01094204094260931
    },
    "right_thumb": {
        "x": 0.43941226601600647,
        "y": 0.5500196814537048,
        "z": -0.32946598529815674
    },
    "left_hip": {
        "x": 0.3290543258190155,
        "y": 0.497073233127594,
        "z": 0.08770392090082169
    },
    "right_hip": {
        "x": 0.31207022070884705,
        "y": 0.543928325176239,
        "z": -0.08776172995567322
    },
    "left_knee": {
        "x": 0.4071337580680847,
        "y": 0.46359366178512573,
        "z": 0.08764724433422089
    },
    "right_knee": {
        "x": 0.39808958768844604,
        "y": 0.526540219783783,
        "z": -0.14710839092731476
    },
    "left_ankle": {
        "x": 0.41333043575286865,
        "y": 0.6111282706260681,
        "z": 0.19793468713760376
    },
    "right_ankle": {
        "x": 0.4279526174068451,
        "y": 0.6404407024383545,
        "z": 0.03168168663978577
    },
    "left_heel": {
        "x": 0.40280306339263916,
        "y": 0.6354057192802429,
        "z": 0.20811791718006134
    },
    "right_heel": {
        "x": 0.42173606157302856,
        "y": 0.6618532538414001,
        "z": 0.05120702087879181
    },
    "left_foot_index": {
        "x": 0.44488951563835144,
        "y": 0.6400011777877808,
        "z": 0.19743989408016205
    },
    "right_foot_index": {
        "x": 0.46545174717903137,
        "y": 0.6524210572242737,
        "z": 0.04881896823644638
    }
}