{
    "nose": {
        "x": 0.32578617334365845,
        "y": 0.29679012298583984,
        "z": -0.23998962342739105
    },
    "left_eye_inner": {
        "x": 0.32377633452415466,
        "y": 0.28199291229248047,
        "z": -0.23211345076560974
    },
    "left_eye": {
        "x": 0.3232208490371704,
        "y": 0.28140491247177124,
        "z": -0.23211832344532013
    },
    "left_eye_outer": {
        "x": 0.3225327432155609,
        "y": 0.28076866269111633,
        "z": -0.23216897249221802
    },
    "right_eye_inner": {
        "x": 0.32222118973731995,
        "y": 0.2823839783668518,
        "z": -0.26371878385543823
    },
    "right_eye": {
        "x": 0.32060906291007996,
        "y": 0.28222376108169556,
        "z": -0.2638077437877655
    },
    "right_eye_outer": {
        "x": 0.31878504157066345,
        "y": 0.28202855587005615,
        "z": -0.2638915777206421
    },
    "left_ear": {
        "x": 0.3076770305633545,
        "y": 0.28109604120254517,
        "z": -0.17637428641319275
    },
    "right_ear": {
        "x": 0.30441251397132874,
        "y": 0.2825738787651062,
        "z": -0.3209463953971863
    },
    "mouth_left": {
        "x": 0.31996244192123413,
        "y": 0.3091017007827759,
        "z": -0.2146904319524765
    },
    "mouth_right": {
        "x": 0.3174312114715576,
        "y": 0.3093288838863373,
        "z": -0.25689730048179626
    },
    "left_shoulder": {
        "x": 0.27877748012542725,
        "y": 0.32439327239990234,
        "z": -0.06554808467626572
    },
    "right_shoulder": {
        "x": 0.27949759364128113,
        "y": 0.37996891140937805,
        "z": -0.35525357723236084
    },
    "left_elbow": {
        "x": 0.30968624353408813,
        "y": 0.40670639276504517,
        "z": 0.04526263102889061
    },
    "right_elbow": {
        "x": 0.3420187830924988,
        "y": 0.4540878236293793,
        "z": -0.3818548917770386
    },
    "left_wrist": {
        "x": 0.3435180187225342,
        "y": 0.4312191307544708,
        "z": 0.07821963727474213
    },
    "right_wrist": {
        "x": 0.41628551483154297,
        "y": 0.44971778988838196,
        "z": -0.357516884803772
    },
    "left_pinky": {
        "x": 0.3514336347579956,
        "y": 0.4395666718482971,
        "z": 0.0871356651186943
    },
    "right_pinky": {
        "x": 0.43502408266067505,
        "y": 0.4571116268634796,
        "z": -0.3915633261203766
    },
    "left_index": {
        "x": 0.353301078081131,
        "y": 0.42965108156204224,
        "z": 0.06417138874530792
    },
    "right_index": {
        "x": 0.4350546896457672,
        "y": 0.4470650553703308,
        "z": -0.38391757011413574
    },
    "left_thumb": {
        "x": 0.3502472937107086,
        "y": 0.4272666275501251,
        "z": 0.06961118429899216
    },
    "right_thumb": {
        "x": 0.4277569651603699,
        "y": 0.44412392377853394,
        "z": -0.35405054688453674
    },
    "left_hip": {
        "x": 0.32088184356689453,
        "y": 0.4731035828590393,
        "z": 0.09302537143230438
    },
    "right_hip": {
        "x": 0.31478554010391235,
        "y": 0.5179476141929626,
        "z": -0.09310314804315567
    },
    "left_knee": {
        "x": 0.40475231409072876,
        "y": 0.46262121200561523,
        "z": 0.1057039201259613
    },
    "right_knee": {
        "x": 0.41226860880851746,
        "y": 0.47407710552215576,
        "z": -0.12119957059621811
    },
    "left_ankle": {
        "x": 0.4229622781276703,
        "y": 0.607093870639801,
        "z": 0.2562485933303833
    },
    "right_ankle": {
        "x": 0.40508705377578735,
        "y": 0.6559359431266785,
        "z": 0.044895365834236145
    },
    "left_heel": {
        "x": 0.4143732190132141,
        "y": 0.6305354833602905,
        "z": 0.2702823281288147
    },
    "right_heel": {
        "x": 0.3891724646091461,
        "y": 0.6874478459358215,
        "z": 0.06299886852502823
    },
    "left_foot_index": {
        "x": 0.4587974548339844,
        "y": 0.6327526569366455,
        "z": 0.2615145146846771
    },
    "right_foot_index": {
        "x": 0.4436207115650177,
        "y": 0.6920529007911682,
        "z": 0.05556091293692589
    }
}