{
    "nose": {
        "x": 0.43027469515800476,
        "y": 0.3196879029273987,
        "z": -0.0732368528842926
    },
    "left_eye_inner": {
        "x": 0.43160775303840637,
        "y": 0.30553823709487915,
        "z": -0.06324990838766098
    },
    "left_eye": {
        "x": 0.4309253692626953,
        "y": 0.3042685091495514,
        "z": -0.0633140355348587
    },
    "left_eye_outer": {
        "x": 0.4301232099533081,
        "y": 0.30276718735694885,
        "z": -0.0633699893951416
    },
    "right_eye_inner": {
        "x": 0.4305943548679352,
        "y": 0.30585572123527527,
        "z": -0.0861964151263237
    },
    "right_eye": {
        "x": 0.4293138384819031,
        "y": 0.3049865663051605,
        "z": -0.08620657026767731
    },
    "right_eye_outer": {
        "x": 0.4277275800704956,
        "y": 0.3038269877433777,
        "z": -0.08626703917980194
    },
    "left_ear": {
        "x": 0.4178018569946289,
        "y": 0.29715290665626526,
        "z": -0.015116081573069096
    },
    "right_ear": {
        "x": 0.41601961851119995,
        "y": 0.2976759970188141,
        "z": -0.11756779998540878
    },
    "mouth_left": {
        "x": 0.4215385317802429,
        "y": 0.3266505300998688,
        "z": -0.05362828075885773
    },
    "mouth_right": {
        "x": 0.4206426739692688,
        "y": 0.3255445659160614,
        "z": -0.08318165689706802
    },
    "left_shoulder": {
        "x": 0.4008895754814148,
        "y": 0.33954885601997375,
        "z": 0.051685892045497894
    },
    "right_shoulder": {
        "x": 0.37110579013824463,
        "y": 0.32746854424476624,
        "z": -0.15691083669662476
    },
    "left_elbow": {
        "x": 0.39812564849853516,
        "y": 0.4218052327632904,
        "z": 0.08741727471351624
    },
    "right_elbow": {
        "x": 0.3348866403102875,
        "y": 0.42731884121894836,
        "z": -0.16670764982700348
    },
    "left_wrist": {
        "x": 0.4214182198047638,
        "y": 0.4642203152179718,
        "z": 0.03112366981804371
    },
    "right_wrist": {
        "x": 0.37446796894073486,
        "y": 0.47890332341194153,
        "z": -0.1480058878660202
    },
    "left_pinky": {
        "x": 0.4275786578655243,
        "y": 0.4798911213874817,
        "z": 0.019322464242577553
    },
    "right_pinky": {
        "x": 0.3874668776988983,
        "y": 0.48891767859458923,
        "z": -0.1663968712091446
    },
    "left_index": {
        "x": 0.43004775047302246,
        "y": 0.47197410464286804,
        "z": 0.00700400210916996
    },
    "right_index": {
        "x": 0.39266833662986755,
        "y": 0.4754672348499298,
        "z": -0.16882576048374176
    },
    "left_thumb": {
        "x": 0.4260402023792267,
        "y": 0.466814249753952,
        "z": 0.022545617073774338
    },
    "right_thumb": {
        "x": 0.3897235095500946,
        "y": 0.47229793667793274,
        "z": -0.14774692058563232
    },
    "left_hip": {
        "x": 0.355981707572937,
        "y": 0.4699232876300812,
        "z": 0.06501559168100357
    },
    "right_hip": {
        "x": 0.3381809890270233,
        "y": 0.47519728541374207,
        "z": -0.06504856795072556
    },
    "left_knee": {
        "x": 0.4211670160293579,
        "y": 0.5108052492141724,
        "z": 0.09480326622724533
    },
    "right_knee": {
        "x": 0.41493305563926697,
        "y": 0.5338283777236938,
        "z": -0.045599598437547684
    },
    "left_ankle": {
        "x": 0.40130189061164856,
        "y": 0.6008414626121521,
        "z": 0.17903877794742584
    },
    "right_ankle": {
        "x": 0.3915700912475586,
        "y": 0.6120196580886841,
        "z": 0.11974462866783142
    },
    "left_heel": {
        "x": 0.38796085119247437,
        "y": 0.6090583205223083,
        "z": 0.18633541464805603
    },
    "right_heel": {
        "x": 0.37863776087760925,
        "y": 0.6182069778442383,
        "z": 0.13915668427944183
    },
    "left_foot_index": {
        "x": 0.4207886755466461,
        "y": 0.6458622217178345,
        "z": 0.1711743324995041
    },
    "right_foot_index": {
        "x": 0.4074873626232147,
        "y": 0.6543577313423157,
        "z": 0.14576588571071625
    }
}