{
    "nose": {
        "x": 0.17778213322162628,
        "y": 0.6568194627761841,
        "z": 0.07834099978208542
    },
    "left_eye_inner": {
        "x": 0.18843257427215576,
        "y": 0.6577961444854736,
        "z": 0.07782971113920212
    },
    "left_eye": {
        "x": 0.18989640474319458,
        "y": 0.6597581505775452,
        "z": 0.07770625501871109
    },
    "left_eye_outer": {
        "x": 0.1952126920223236,
        "y": 0.6549914479255676,
        "z": 0.07746966928243637
    },
    "right_eye_inner": {
        "x": 0.18641138076782227,
        "y": 0.654880166053772,
        "z": 0.08689288794994354
    },
    "right_eye": {
        "x": 0.1865728795528412,
        "y": 0.6551097631454468,
        "z": 0.08686619997024536
    },
    "right_eye_outer": {
        "x": 0.18665847182273865,
        "y": 0.6553089618682861,
        "z": 0.08667808771133423
    },
    "left_ear": {
        "x": 0.1952303647994995,
        "y": 0.672387957572937,
        "z": 0.0854930430650711
    },
    "right_ear": {
        "x": 0.1879839152097702,
        "y": 0.6690847277641296,
        "z": 0.12860286235809326
    },
    "mouth_left": {
        "x": 0.17434458434581757,
        "y": 0.6690793633460999,
        "z": 0.08224470168352127
    },
    "mouth_right": {
        "x": 0.1716092824935913,
        "y": 0.6689192056655884,
        "z": 0.09445181488990784
    },
    "left_shoulder": {
        "x": 0.2039566934108734,
        "y": 0.7249025106430054,
        "z": 0.04769129306077957
    },
    "right_shoulder": {
        "x": 0.16214531660079956,
        "y": 0.7074788808822632,
        "z": 0.13866601884365082
    },
    "left_elbow": {
        "x": 0.21817529201507568,
        "y": 0.8023940324783325,
        "z": -0.023269647732377052
    },
    "right_elbow": {
        "x": 0.14405964314937592,
        "y": 0.7506752014160156,
        "z": 0.02602853812277317
    },
    "left_wrist": {
        "x": 0.2123815417289734,
        "y": 0.7611516714096069,
        "z": -0.03714282065629959
    },
    "right_wrist": {
        "x": 0.16781239211559296,
        "y": 0.7201673984527588,
        "z": -0.05620882660150528
    },
    "left_pinky": {
        "x": 0.20929652452468872,
        "y": 0.7541373372077942,
        "z": -0.048381827771663666
    },
    "right_pinky": {
        "x": 0.17358344793319702,
        "y": 0.7081933617591858,
        "z": -0.06695839762687683
    },
    "left_index": {
        "x": 0.21128416061401367,
        "y": 0.7463361620903015,
        "z": -0.028834981843829155
    },
    "right_index": {
        "x": 0.17218980193138123,
        "y": 0.7124399542808533,
        "z": -0.0445859394967556
    },
    "left_thumb": {
        "x": 0.20982760190963745,
        "y": 0.75144362449646,
        "z": -0.028782600536942482
    },
    "right_thumb": {
        "x": 0.17260651290416718,
        "y": 0.7204968929290771,
        "z": -0.051657453179359436
    },
    "left_hip": {
        "x": 0.14829610288143158,
        "y": 0.9097853302955627,
        "z": -0.02946004457771778
    },
    "right_hip": {
        "x": 0.12254014611244202,
        "y": 0.90175461769104,
        "z": 0.029214370995759964
    },
    "left_knee": {
        "x": 0.14458420872688293,
        "y": 0.9745446443557739,
        "z": 0.06652677059173584
    },
    "right_knee": {
        "x": 0.11007789522409439,
        "y": 0.9842351078987122,
        "z": 0.1480647325515747
    },
    "left_ankle": {
        "x": 0.11578654497861862,
        "y": 1.080811619758606,
        "z": 0.23261119425296783
    },
    "right_ankle": {
        "x": 0.08747871220111847,
        "y": 1.099578619003296,
        "z": 0.2735190987586975
    },
    "left_heel": {
        "x": 0.11309673637151718,
        "y": 1.0973058938980103,
        "z": 0.24820739030838013
    },
    "right_heel": {
        "x": 0.08715545386075974,
        "y": 1.120654821395874,
        "z": 0.28381451964378357
    },
    "left_foot_index": {
        "x": 0.10350318253040314,
        "y": 1.1174981594085693,
        "z": 0.22536882758140564
    },
    "right_foot_index": {
        "x": 0.06650717556476593,
        "y": 1.1271542310714722,
        "z": 0.2500111162662506
    }
}