{
    "nose": {
        "x": 0.5355182886123657,
        "y": 0.8422256708145142,
        "z": -0.27561303973197937
    },
    "left_eye_inner": {
        "x": 0.5437940359115601,
        "y": 0.838134765625,
        "z": -0.26595017313957214
    },
    "left_eye": {
        "x": 0.5445577502250671,
        "y": 0.8369430303573608,
        "z": -0.26590147614479065
    },
    "left_eye_outer": {
        "x": 0.5452027916908264,
        "y": 0.8358575105667114,
        "z": -0.26597392559051514
    },
    "right_eye_inner": {
        "x": 0.5411012768745422,
        "y": 0.8381960988044739,
        "z": -0.2905000150203705
    },
    "right_eye": {
        "x": 0.540066659450531,
        "y": 0.8369544148445129,
        "z": -0.2905721068382263
    },
    "right_eye_outer": {
        "x": 0.5389617681503296,
        "y": 0.8357833623886108,
        "z": -0.2906705439090729
    },
    "left_ear": {
        "x": 0.541645884513855,
        "y": 0.8201360702514648,
        "z": -0.1903357058763504
    },
    "right_ear": {
        "x": 0.5341671705245972,
        "y": 0.8214934468269348,
        "z": -0.30183809995651245
    },
    "mouth_left": {
        "x": 0.5298070907592773,
        "y": 0.8355311155319214,
        "z": -0.24241729080677032
    },
    "mouth_right": {
        "x": 0.5268610119819641,
        "y": 0.8353500366210938,
        "z": -0.27478840947151184
    },
    "left_shoulder": {
        "x": 0.5216178297996521,
        "y": 0.7686038613319397,
        "z": -0.054052047431468964
    },
    "right_shoulder": {
        "x": 0.4863278567790985,
        "y": 0.8186538815498352,
        "z": -0.318429172039032
    },
    "left_elbow": {
        "x": 0.5024011135101318,
        "y": 0.7792151570320129,
        "z": 0.15864795446395874
    },
    "right_elbow": {
        "x": 0.4493664801120758,
        "y": 0.8754603862762451,
        "z": -0.35545480251312256
    },
    "left_wrist": {
        "x": 0.49394598603248596,
        "y": 0.8297860026359558,
        "z": 0.33692145347595215
    },
    "right_wrist": {
        "x": 0.4350695013999939,
        "y": 0.9755257964134216,
        "z": -0.34701764583587646
    },
    "left_pinky": {
        "x": 0.4952486455440521,
        "y": 0.8374508023262024,
        "z": 0.3708266019821167
    },
    "right_pinky": {
        "x": 0.42661812901496887,
        "y": 0.9961137771606445,
        "z": -0.37772828340530396
    },
    "left_index": {
        "x": 0.49413710832595825,
        "y": 0.8432889580726624,
        "z": 0.34356889128685
    },
    "right_index": {
        "x": 0.43199965357780457,
        "y": 1.0005533695220947,
        "z": -0.3733035624027252
    },
    "left_thumb": {
        "x": 0.4911821484565735,
        "y": 0.8418586254119873,
        "z": 0.33158162236213684
    },
    "right_thumb": {
        "x": 0.43420204520225525,
        "y": 0.9901020526885986,
        "z": -0.34471970796585083
    },
    "left_hip": {
        "x": 0.4153107702732086,
        "y": 0.7087573409080505,
        "z": 0.07539767026901245
    },
    "right_hip": {
        "x": 0.3932045102119446,
        "y": 0.7426591515541077,
        "z": -0.0755649283528328
    },
    "left_knee": {
        "x": 0.35856518149375916,
        "y": 0.6385568976402283,
        "z": 0.15600183606147766
    },
    "right_knee": {
        "x": 0.32401877641677856,
        "y": 0.7065172791481018,
        "z": -0.03038560412824154
    },
    "left_ankle": {
        "x": 0.3214663565158844,
        "y": 0.5164746642112732,
        "z": 0.305553138256073
    },
    "right_ankle": {
        "x": 0.29600009322166443,
        "y": 0.5891780257225037,
        "z": 0.12823636829853058
    },
    "left_heel": {
        "x": 0.3186507821083069,
        "y": 0.4942407011985779,
        "z": 0.32113325595855713
    },
    "right_heel": {
        "x": 0.30415084958076477,
        "y": 0.5635197162628174,
        "z": 0.14551126956939697
    },
    "left_foot_index": {
        "x": 0.3033079206943512,
        "y": 0.5140987634658813,
        "z": 0.3104676604270935
    },
    "right_foot_index": {
        "x": 0.2747853398323059,
        "y": 0.5706645250320435,
        "z": 0.12577468156814575
    }
}