{
    "nose": {
        "x": 0.35372015833854675,
        "y": 0.5963369607925415,
        "z": -0.5101119875907898
    },
    "left_eye_inner": {
        "x": 0.358193576335907,
        "y": 0.5999053120613098,
        "z": -0.5165352821350098
    },
    "left_eye": {
        "x": 0.3580535650253296,
        "y": 0.6016663908958435,
        "z": -0.5165998935699463
    },
    "left_eye_outer": {
        "x": 0.357288122177124,
        "y": 0.6096471548080444,
        "z": -0.5167515873908997
    },
    "right_eye_inner": {
        "x": 0.35657811164855957,
        "y": 0.5929931402206421,
        "z": -0.5114121437072754
    },
    "right_eye": {
        "x": 0.3572569787502289,
        "y": 0.5899625420570374,
        "z": -0.511448323726654
    },
    "right_eye_outer": {
        "x": 0.3571663200855255,
        "y": 0.5881437659263611,
        "z": -0.5114843845367432
    },
    "left_ear": {
        "x": 0.360539048910141,
        "y": 0.621950089931488,
        "z": -0.4733077585697174
    },
    "right_ear": {
        "x": 0.3638344705104828,
        "y": 0.5821809768676758,
        "z": -0.453816294670105
    },
    "mouth_left": {
        "x": 0.35425063967704773,
        "y": 0.6107571125030518,
        "z": -0.4866120517253876
    },
    "mouth_right": {
        "x": 0.3545556962490082,
        "y": 0.5944198369979858,
        "z": -0.48089516162872314
    },
    "left_shoulder": {
        "x": 0.373449444770813,
        "y": 0.6740490794181824,
        "z": -0.37484875321388245
    },
    "right_shoulder": {
        "x": 0.36143380403518677,
        "y": 0.5597130060195923,
        "z": -0.31652000546455383
    },
    "left_elbow": {
        "x": 0.40562570095062256,
        "y": 0.7290096282958984,
        "z": -0.39410388469696045
    },
    "right_elbow": {
        "x": 0.3712392747402191,
        "y": 0.5642812252044678,
        "z": -0.32855960726737976
    },
    "left_wrist": {
        "x": 0.44605350494384766,
        "y": 0.7773194909095764,
        "z": -0.4619610607624054
    },
    "right_wrist": {
        "x": 0.3544243276119232,
        "y": 0.5922855734825134,
        "z": -0.4162350594997406
    },
    "left_pinky": {
        "x": 0.44707539677619934,
        "y": 0.8040221929550171,
        "z": -0.5101301670074463
    },
    "right_pinky": {
        "x": 0.34914931654930115,
        "y": 0.5890350937843323,
        "z": -0.4464789927005768
    },
    "left_index": {
        "x": 0.4371761679649353,
        "y": 0.8001137971878052,
        "z": -0.5237460732460022
    },
    "right_index": {
        "x": 0.34814244508743286,
        "y": 0.6010302305221558,
        "z": -0.4741128981113434
    },
    "left_thumb": {
        "x": 0.4359460771083832,
        "y": 0.7918764352798462,
        "z": -0.47118237614631653
    },
    "right_thumb": {
        "x": 0.3504375219345093,
        "y": 0.606242835521698,
        "z": -0.429749995470047
    },
    "left_hip": {
        "x": 0.3888893127441406,
        "y": 0.6691626906394958,
        "z": -0.017520666122436523
    },
    "right_hip": {
        "x": 0.38294291496276855,
        "y": 0.6058652997016907,
        "z": 0.01761546917259693
    },
    "left_knee": {
        "x": 0.311964213848114,
        "y": 0.6607431769371033,
        "z": -0.04647892341017723
    },
    "right_knee": {
        "x": 0.32549285888671875,
        "y": 0.5768424272537231,
        "z": 0.011440228670835495
    },
    "left_ankle": {
        "x": 0.2903536856174469,
        "y": 0.6169439554214478,
        "z": 0.08782874792814255
    },
    "right_ankle": {
        "x": 0.30717772245407104,
        "y": 0.6043297052383423,
        "z": 0.15109217166900635
    },
    "left_heel": {
        "x": 0.2926100492477417,
        "y": 0.6106233596801758,
        "z": 0.09687706083059311
    },
    "right_heel": {
        "x": 0.307902455329895,
        "y": 0.6137580275535583,
        "z": 0.16167938709259033
    },
    "left_foot_index": {
        "x": 0.2600632309913635,
        "y": 0.5992835760116577,
        "z": 0.021769747138023376
    },
    "right_foot_index": {
        "x": 0.28421127796173096,
        "y": 0.5989922881126404,
        "z": 0.08831533789634705
    }
}