{
    "nose": {
        "x": 0.25306013226509094,
        "y": 0.3347891569137573,
        "z": 0.03265906497836113
    },
    "left_eye_inner": {
        "x": 0.25135567784309387,
        "y": 0.32286202907562256,
        "z": 0.02542627975344658
    },
    "left_eye": {
        "x": 0.25030073523521423,
        "y": 0.3220732510089874,
        "z": 0.025418197736144066
    },
    "left_eye_outer": {
        "x": 0.24921564757823944,
        "y": 0.3212893307209015,
        "z": 0.025428583845496178
    },
    "right_eye_inner": {
        "x": 0.25336897373199463,
        "y": 0.323351114988327,
        "z": 0.008082566782832146
    },
    "right_eye": {
        "x": 0.25370916724205017,
        "y": 0.3230014443397522,
        "z": 0.00808190368115902
    },
    "right_eye_outer": {
        "x": 0.2540719211101532,
        "y": 0.3227320611476898,
        "z": 0.008015826344490051
    },
    "left_ear": {
        "x": 0.24064236879348755,
        "y": 0.3205493688583374,
        "z": 0.003647965146228671
    },
    "right_ear": {
        "x": 0.24874965846538544,
        "y": 0.32386085391044617,
        "z": -0.07422151416540146
    },
    "mouth_left": {
        "x": 0.2488788664340973,
        "y": 0.34196537733078003,
        "z": 0.02964939922094345
    },
    "mouth_right": {
        "x": 0.2512896656990051,
        "y": 0.34266769886016846,
        "z": 0.006986661348491907
    },
    "left_shoulder": {
        "x": 0.20337703824043274,
        "y": 0.37807533144950867,
        "z": 0.03745421767234802
    },
    "right_shoulder": {
        "x": 0.24081793427467346,
        "y": 0.3854158818721771,
        "z": -0.12736333906650543
    },
    "left_elbow": {
        "x": 0.2046099305152893,
        "y": 0.4732956290245056,
        "z": 0.08829519897699356
    },
    "right_elbow": {
        "x": 0.25387629866600037,
        "y": 0.48274290561676025,
        "z": -0.09201730787754059
    },
    "left_wrist": {
        "x": 0.2209797352552414,
        "y": 0.5179268717765808,
        "z": 0.08999583125114441
    },
    "right_wrist": {
        "x": 0.29207178950309753,
        "y": 0.5097707509994507,
        "z": 0.007046623155474663
    },
    "left_pinky": {
        "x": 0.22216522693634033,
        "y": 0.5321818590164185,
        "z": 0.09277644753456116
    },
    "right_pinky": {
        "x": 0.3022412657737732,
        "y": 0.5197837352752686,
        "z": 0.004427837207913399
    },
    "left_index": {
        "x": 0.22703823447227478,
        "y": 0.5257426500320435,
        "z": 0.0831851214170456
    },
    "right_index": {
        "x": 0.30016544461250305,
        "y": 0.5071408152580261,
        "z": 0.00689461175352335
    },
    "left_thumb": {
        "x": 0.22743573784828186,
        "y": 0.5209489464759827,
        "z": 0.08565392345190048
    },
    "right_thumb": {
        "x": 0.29423096776008606,
        "y": 0.5038012266159058,
        "z": 0.011222434230148792
    },
    "left_hip": {
        "x": 0.2176896035671234,
        "y": 0.5645683407783508,
        "z": 0.05758766829967499
    },
    "right_hip": {
        "x": 0.2417077124118805,
        "y": 0.5586772561073303,
        "z": -0.0577678345143795
    },
    "left_knee": {
        "x": 0.23928764462471008,
        "y": 0.6427405476570129,
        "z": 0.1734253168106079
    },
    "right_knee": {
        "x": 0.2714952230453491,
        "y": 0.6255084276199341,
        "z": 0.06942195445299149
    },
    "left_ankle": {
        "x": 0.2431035041809082,
        "y": 0.7426795363426208,
        "z": 0.29026857018470764
    },
    "right_ankle": {
        "x": 0.27606889605522156,
        "y": 0.7319682836532593,
        "z": 0.21567167341709137
    },
    "left_heel": {
        "x": 0.2382182478904724,
        "y": 0.7641316652297974,
        "z": 0.3016080856323242
    },
    "right_heel": {
        "x": 0.2704363763332367,
        "y": 0.7559781670570374,
        "z": 0.231531023979187
    },
    "left_foot_index": {
        "x": 0.2641087770462036,
        "y": 0.752772331237793,
        "z": 0.292025089263916
    },
    "right_foot_index": {
        "x": 0.29890796542167664,
        "y": 0.7411426901817322,
        "z": 0.2217513620853424
    }
}