{
    "nose": {
        "x": 0.48285484313964844,
        "y": 0.7614564895629883,
        "z": -0.0014571548672392964
    },
    "left_eye_inner": {
        "x": 0.49263909459114075,
        "y": 0.7633271813392639,
        "z": -0.02260982245206833
    },
    "left_eye": {
        "x": 0.4943082332611084,
        "y": 0.7593054175376892,
        "z": -0.022654647007584572
    },
    "left_eye_outer": {
        "x": 0.49592313170433044,
        "y": 0.7552716135978699,
        "z": -0.022687271237373352
    },
    "right_eye_inner": {
        "x": 0.48890048265457153,
        "y": 0.7734388113021851,
        "z": -0.03291130065917969
    },
    "right_eye": {
        "x": 0.48831140995025635,
        "y": 0.7758418321609497,
        "z": -0.03293828293681145
    },
    "right_eye_outer": {
        "x": 0.487710177898407,
        "y": 0.7783124446868896,
        "z": -0.03309786692261696
    },
    "left_ear": {
        "x": 0.49974197149276733,
        "y": 0.738836944103241,
        "z": -0.07477899640798569
    },
    "right_ear": {
        "x": 0.48747390508651733,
        "y": 0.7725980877876282,
        "z": -0.12389829009771347
    },
    "mouth_left": {
        "x": 0.4814862310886383,
        "y": 0.7459970116615295,
        "z": -0.011704765260219574
    },
    "mouth_right": {
        "x": 0.47817084193229675,
        "y": 0.7557798624038696,
        "z": -0.02623741328716278
    },
    "left_shoulder": {
        "x": 0.48405933380126953,
        "y": 0.6737926006317139,
        "z": -0.06850729137659073
    },
    "right_shoulder": {
        "x": 0.45992860198020935,
        "y": 0.7554460167884827,
        "z": -0.13592734932899475
    },
    "left_elbow": {
        "x": 0.43867433071136475,
        "y": 0.638857901096344,
        "z": -0.010416191071271896
    },
    "right_elbow": {
        "x": 0.4357161819934845,
        "y": 0.7655114531517029,
        "z": -0.14896808564662933
    },
    "left_wrist": {
        "x": 0.4200124442577362,
        "y": 0.640924334526062,
        "z": -0.019051404669880867
    },
    "right_wrist": {
        "x": 0.4345693290233612,
        "y": 0.7990196943283081,
        "z": -0.14266517758369446
    },
    "left_pinky": {
        "x": 0.4174101650714874,
        "y": 0.6331642270088196,
        "z": -0.025909001007676125
    },
    "right_pinky": {
        "x": 0.4300888776779175,
        "y": 0.8118369579315186,
        "z": -0.1599643975496292
    },
    "left_index": {
        "x": 0.4193645715713501,
        "y": 0.6495954990386963,
        "z": -0.03973473981022835
    },
    "right_index": {
        "x": 0.43708565831184387,
        "y": 0.8123370409011841,
        "z": -0.15409070253372192
    },
    "left_thumb": {
        "x": 0.41871535778045654,
        "y": 0.6549607515335083,
        "z": -0.024936694651842117
    },
    "right_thumb": {
        "x": 0.4387269616127014,
        "y": 0.8028940558433533,
        "z": -0.14055703580379486
    },
    "left_hip": {
        "x": 0.3601256310939789,
        "y": 0.5694864988327026,
        "z": 0.0020320573821663857
    },
    "right_hip": {
        "x": 0.3480581045150757,
        "y": 0.6110766530036926,
        "z": -0.002487856661900878
    },
    "left_knee": {
        "x": 0.3067730665206909,
        "y": 0.5539799332618713,
        "z": 0.19720810651779175
    },
    "right_knee": {
        "x": 0.3082324266433716,
        "y": 0.5866810083389282,
        "z": 0.1896727979183197
    },
    "left_ankle": {
        "x": 0.24608902633190155,
        "y": 0.513838529586792,
        "z": 0.366119921207428
    },
    "right_ankle": {
        "x": 0.2519564628601074,
        "y": 0.5215692520141602,
        "z": 0.37832918763160706
    },
    "left_heel": {
        "x": 0.23461198806762695,
        "y": 0.5075528025627136,
        "z": 0.3850271701812744
    },
    "right_heel": {
        "x": 0.24181751906871796,
        "y": 0.5062499642372131,
        "z": 0.3996926248073578
    },
    "left_foot_index": {
        "x": 0.23640134930610657,
        "y": 0.5074531435966492,
        "z": 0.37828347086906433
    },
    "right_foot_index": {
        "x": 0.24089470505714417,
        "y": 0.5091686844825745,
        "z": 0.3966774344444275
    }
}