{
    "nose": {
        "x": 0.6522414684295654,
        "y": 0.8269141912460327,
        "z": -0.09470074623823166
    },
    "left_eye_inner": {
        "x": 0.6572516560554504,
        "y": 0.8247597813606262,
        "z": -0.10700825601816177
    },
    "left_eye": {
        "x": 0.6582210063934326,
        "y": 0.8223698139190674,
        "z": -0.10700628906488419
    },
    "left_eye_outer": {
        "x": 0.6590168476104736,
        "y": 0.8199987411499023,
        "z": -0.1070600152015686
    },
    "right_eye_inner": {
        "x": 0.653648853302002,
        "y": 0.8280079364776611,
        "z": -0.12872910499572754
    },
    "right_eye": {
        "x": 0.6521230936050415,
        "y": 0.8281043171882629,
        "z": -0.12876541912555695
    },
    "right_eye_outer": {
        "x": 0.649976909160614,
        "y": 0.828162431716919,
        "z": -0.1288081705570221
    },
    "left_ear": {
        "x": 0.6577486395835876,
        "y": 0.804599404335022,
        "z": -0.11827562004327774
    },
    "right_ear": {
        "x": 0.6447374224662781,
        "y": 0.8199997544288635,
        "z": -0.21805532276630402
    },
    "mouth_left": {
        "x": 0.648618757724762,
        "y": 0.8178843259811401,
        "z": -0.08993411064147949
    },
    "mouth_right": {
        "x": 0.643932580947876,
        "y": 0.8217563033103943,
        "z": -0.11899872124195099
    },
    "left_shoulder": {
        "x": 0.6466131806373596,
        "y": 0.7412201166152954,
        "z": -0.01717153564095497
    },
    "right_shoulder": {
        "x": 0.6012998819351196,
        "y": 0.7896414995193481,
        "z": -0.2669682204723358
    },
    "left_elbow": {
        "x": 0.6251709461212158,
        "y": 0.8211772441864014,
        "z": 0.1197298988699913
    },
    "right_elbow": {
        "x": 0.5706773400306702,
        "y": 0.8609069585800171,
        "z": -0.24609917402267456
    },
    "left_wrist": {
        "x": 0.6366115212440491,
        "y": 0.8917845487594604,
        "z": 0.12588225305080414
    },
    "right_wrist": {
        "x": 0.609260082244873,
        "y": 0.9130547046661377,
        "z": -0.1498156636953354
    },
    "left_pinky": {
        "x": 0.6533522605895996,
        "y": 0.9089809656143188,
        "z": 0.12751680612564087
    },
    "right_pinky": {
        "x": 0.6135734915733337,
        "y": 0.9363893866539001,
        "z": -0.18086884915828705
    },
    "left_index": {
        "x": 0.6527551412582397,
        "y": 0.9139822721481323,
        "z": 0.09603439271450043
    },
    "right_index": {
        "x": 0.6224545836448669,
        "y": 0.928644597530365,
        "z": -0.18348459899425507
    },
    "left_thumb": {
        "x": 0.6432414054870605,
        "y": 0.905775785446167,
        "z": 0.112413190305233
    },
    "right_thumb": {
        "x": 0.6194454431533813,
        "y": 0.9177471995353699,
        "z": -0.15095171332359314
    },
    "left_hip": {
        "x": 0.5436530709266663,
        "y": 0.6435713171958923,
        "z": 0.09165433049201965
    },
    "right_hip": {
        "x": 0.5109843611717224,
        "y": 0.6762358546257019,
        "z": -0.09168488532304764
    },
    "left_knee": {
        "x": 0.566944420337677,
        "y": 0.7682526707649231,
        "z": 0.28377705812454224
    },
    "right_knee": {
        "x": 0.5490331649780273,
        "y": 0.8262134790420532,
        "z": 0.05376647785305977
    },
    "left_ankle": {
        "x": 0.5023989677429199,
        "y": 0.7587424516677856,
        "z": 0.5034969449043274
    },
    "right_ankle": {
        "x": 0.48243987560272217,
        "y": 0.7775292992591858,
        "z": 0.29268741607666016
    },
    "left_heel": {
        "x": 0.49068278074264526,
        "y": 0.7416654825210571,
        "z": 0.5256479382514954
    },
    "right_heel": {
        "x": 0.4734748899936676,
        "y": 0.7630388140678406,
        "z": 0.31827661395072937
    },
    "left_foot_index": {
        "x": 0.4966858923435211,
        "y": 0.7897354960441589,
        "z": 0.5350635051727295
    },
    "right_foot_index": {
        "x": 0.4759189486503601,
        "y": 0.8148635029792786,
        "z": 0.3263028860092163
    }
}