{
    "nose": {
        "x": 0.21643155813217163,
        "y": 0.5347315073013306,
        "z": 0.012555902823805809
    },
    "left_eye_inner": {
        "x": 0.2166985720396042,
        "y": 0.5274139642715454,
        "z": 0.02956332266330719
    },
    "left_eye": {
        "x": 0.21852034330368042,
        "y": 0.5258849859237671,
        "z": 0.029495274648070335
    },
    "left_eye_outer": {
        "x": 0.2203095257282257,
        "y": 0.5245901346206665,
        "z": 0.029439426958560944
    },
    "right_eye_inner": {
        "x": 0.21189218759536743,
        "y": 0.5333644151687622,
        "z": 0.026529628783464432
    },
    "right_eye": {
        "x": 0.21031956374645233,
        "y": 0.5358039736747742,
        "z": 0.026503819972276688
    },
    "right_eye_outer": {
        "x": 0.2088804990053177,
        "y": 0.538084089756012,
        "z": 0.026497378945350647
    },
    "left_ear": {
        "x": 0.2238238900899887,
        "y": 0.5277082324028015,
        "z": 0.10137937217950821
    },
    "right_ear": {
        "x": 0.20792822539806366,
        "y": 0.544360876083374,
        "z": 0.08558747917413712
    },
    "mouth_left": {
        "x": 0.22326746582984924,
        "y": 0.5388831496238708,
        "z": 0.03733857348561287
    },
    "mouth_right": {
        "x": 0.21616800129413605,
        "y": 0.5466703772544861,
        "z": 0.032436490058898926
    },
    "left_shoulder": {
        "x": 0.2526719570159912,
        "y": 0.560169517993927,
        "z": 0.12166555225849152
    },
    "right_shoulder": {
        "x": 0.20996585488319397,
        "y": 0.5901692509651184,
        "z": 0.07063820958137512
    },
    "left_elbow": {
        "x": 0.2816852033138275,
        "y": 0.5985954999923706,
        "z": 0.033741019666194916
    },
    "right_elbow": {
        "x": 0.2282651662826538,
        "y": 0.6283220052719116,
        "z": -0.04029935225844383
    },
    "left_wrist": {
        "x": 0.30240994691848755,
        "y": 0.5641930103302002,
        "z": -0.09798986464738846
    },
    "right_wrist": {
        "x": 0.23922550678253174,
        "y": 0.6283784508705139,
        "z": -0.16567212343215942
    },
    "left_pinky": {
        "x": 0.31011515855789185,
        "y": 0.5535673499107361,
        "z": -0.11618221551179886
    },
    "right_pinky": {
        "x": 0.24195502698421478,
        "y": 0.6338476538658142,
        "z": -0.18556803464889526
    },
    "left_index": {
        "x": 0.3076038956642151,
        "y": 0.5452841520309448,
        "z": -0.1197625920176506
    },
    "right_index": {
        "x": 0.24217134714126587,
        "y": 0.6263085603713989,
        "z": -0.18167483806610107
    },
    "left_thumb": {
        "x": 0.30435144901275635,
        "y": 0.5483847260475159,
        "z": -0.1032719537615776
    },
    "right_thumb": {
        "x": 0.2424326390028,
        "y": 0.6252081394195557,
        "z": -0.1666886955499649
    },
    "left_hip": {
        "x": 0.28588494658470154,
        "y": 0.6488503217697144,
        "z": 0.025248665362596512
    },
    "right_hip": {
        "x": 0.25793901085853577,
        "y": 0.6678131222724915,
        "z": -0.02531548961997032
    },
    "left_knee": {
        "x": 0.3199256658554077,
        "y": 0.5698328614234924,
        "z": -0.07083385437726974
    },
    "right_knee": {
        "x": 0.22328540682792664,
        "y": 0.6003314256668091,
        "z": -0.20241421461105347
    },
    "left_ankle": {
        "x": 0.38315123319625854,
        "y": 0.6476402282714844,
        "z": -0.1354852020740509
    },
    "right_ankle": {
        "x": 0.2646865248680115,
        "y": 0.7213808298110962,
        "z": -0.20799922943115234
    },
    "left_heel": {
        "x": 0.3887641429901123,
        "y": 0.6765478253364563,
        "z": -0.14487063884735107
    },
    "right_heel": {
        "x": 0.2679753303527832,
        "y": 0.7419261336326599,
        "z": -0.20860208570957184
    },
    "left_foot_index": {
        "x": 0.41448310017585754,
        "y": 0.6261575222015381,
        "z": -0.1995459496974945
    },
    "right_foot_index": {
        "x": 0.27393558621406555,
        "y": 0.7574321627616882,
        "z": -0.26128703355789185
    }
}