{
    "nose": {
        "x": 0.33821141719818115,
        "y": 0.4937458038330078,
        "z": -0.08495181053876877
    },
    "left_eye_inner": {
        "x": 0.3384896218776703,
        "y": 0.48207998275756836,
        "z": -0.06253116577863693
    },
    "left_eye": {
        "x": 0.33900246024131775,
        "y": 0.48213720321655273,
        "z": -0.06255274266004562
    },
    "left_eye_outer": {
        "x": 0.33946365118026733,
        "y": 0.48212841153144836,
        "z": -0.06261184066534042
    },
    "right_eye_inner": {
        "x": 0.3347855508327484,
        "y": 0.4800519347190857,
        "z": -0.08111877739429474
    },
    "right_eye": {
        "x": 0.33239927887916565,
        "y": 0.4785592257976532,
        "z": -0.08114749938249588
    },
    "right_eye_outer": {
        "x": 0.3296774923801422,
        "y": 0.47662073373794556,
        "z": -0.08114089071750641
    },
    "left_ear": {
        "x": 0.33174315094947815,
        "y": 0.4827724099159241,
        "z": 0.031150080263614655
    },
    "right_ear": {
        "x": 0.3191618323326111,
        "y": 0.4757617712020874,
        "z": -0.05519485846161842
    },
    "mouth_left": {
        "x": 0.33504199981689453,
        "y": 0.5057180523872375,
        "z": -0.05034269019961357
    },
    "mouth_right": {
        "x": 0.33074089884757996,
        "y": 0.5037205219268799,
        "z": -0.07559383660554886
    },
    "left_shoulder": {
        "x": 0.3203867971897125,
        "y": 0.5366758704185486,
        "z": 0.09748735278844833
    },
    "right_shoulder": {
        "x": 0.28467226028442383,
        "y": 0.5138031244277954,
        "z": -0.09729812294244766
    },
    "left_elbow": {
        "x": 0.32932570576667786,
        "y": 0.6088864803314209,
        "z": 0.14259181916713715
    },
    "right_elbow": {
        "x": 0.28330665826797485,
        "y": 0.4377763569355011,
        "z": -0.21717911958694458
    },
    "left_wrist": {
        "x": 0.3335895836353302,
        "y": 0.6709216237068176,
        "z": 0.12042789161205292
    },
    "right_wrist": {
        "x": 0.2958886921405792,
        "y": 0.3763924539089203,
        "z": -0.25587090849876404
    },
    "left_pinky": {
        "x": 0.33815038204193115,
        "y": 0.6877155900001526,
        "z": 0.12571316957473755
    },
    "right_pinky": {
        "x": 0.2982707619667053,
        "y": 0.3654269576072693,
        "z": -0.28332266211509705
    },
    "left_index": {
        "x": 0.33731189370155334,
        "y": 0.6886221170425415,
        "z": 0.10820607841014862
    },
    "right_index": {
        "x": 0.3036956191062927,
        "y": 0.36281636357307434,
        "z": -0.2664990723133087
    },
    "left_thumb": {
        "x": 0.334533154964447,
        "y": 0.6835050582885742,
        "z": 0.1122438982129097
    },
    "right_thumb": {
        "x": 0.30369946360588074,
        "y": 0.36868906021118164,
        "z": -0.2507782280445099
    },
    "left_hip": {
        "x": 0.3189757466316223,
        "y": 0.661251962184906,
        "z": 0.0648912861943245
    },
    "right_hip": {
        "x": 0.29258692264556885,
        "y": 0.6830360293388367,
        "z": -0.06489571928977966
    },
    "left_knee": {
        "x": 0.3689790666103363,
        "y": 0.6047809720039368,
        "z": -0.09246976673603058
    },
    "right_knee": {
        "x": 0.329628586769104,
        "y": 0.717472493648529,
        "z": -0.28094911575317383
    },
    "left_ankle": {
        "x": 0.37185290455818176,
        "y": 0.7225357294082642,
        "z": -0.0008062440319918096
    },
    "right_ankle": {
        "x": 0.29325541853904724,
        "y": 0.7802267670631409,
        "z": -0.0835086926817894
    },
    "left_heel": {
        "x": 0.3655795156955719,
        "y": 0.7452162504196167,
        "z": 0.008027936331927776
    },
    "right_heel": {
        "x": 0.2820315659046173,
        "y": 0.7803316712379456,
        "z": -0.06051252409815788
    },
    "left_foot_index": {
        "x": 0.40646085143089294,
        "y": 0.7521330118179321,
        "z": -0.018326101824641228
    },
    "right_foot_index": {
        "x": 0.2972794473171234,
        "y": 0.8288183212280273,
        "z": -0.07721014320850372
    }
}