{
    "nose": {
        "x": 0.17708902060985565,
        "y": 0.6594191789627075,
        "z": -0.08513963967561722
    },
    "left_eye_inner": {
        "x": 0.16787424683570862,
        "y": 0.6536316275596619,
        "z": -0.11997106671333313
    },
    "left_eye": {
        "x": 0.16929855942726135,
        "y": 0.653558611869812,
        "z": -0.12004950642585754
    },
    "left_eye_outer": {
        "x": 0.16987968981266022,
        "y": 0.6539520621299744,
        "z": -0.12014257162809372
    },
    "right_eye_inner": {
        "x": 0.1672184318304062,
        "y": 0.650997519493103,
        "z": -0.09443120658397675
    },
    "right_eye": {
        "x": 0.16711923480033875,
        "y": 0.6491520404815674,
        "z": -0.09441579878330231
    },
    "right_eye_outer": {
        "x": 0.17050929367542267,
        "y": 0.6516133546829224,
        "z": -0.09449809789657593
    },
    "left_ear": {
        "x": 0.17589923739433289,
        "y": 0.637336015701294,
        "z": -0.21397235989570618
    },
    "right_ear": {
        "x": 0.17044013738632202,
        "y": 0.6243950128555298,
        "z": -0.09800943732261658
    },
    "mouth_left": {
        "x": 0.18767963349819183,
        "y": 0.6547563076019287,
        "z": -0.11071424186229706
    },
    "mouth_right": {
        "x": 0.18788450956344604,
        "y": 0.6481794714927673,
        "z": -0.0775914415717125
    },
    "left_shoulder": {
        "x": 0.22761976718902588,
        "y": 0.6760389804840088,
        "z": -0.25457948446273804
    },
    "right_shoulder": {
        "x": 0.21217624843120575,
        "y": 0.5558949708938599,
        "z": -0.03362329304218292
    },
    "left_elbow": {
        "x": 0.23821067810058594,
        "y": 0.8015052080154419,
        "z": -0.23061010241508484
    },
    "right_elbow": {
        "x": 0.22010807693004608,
        "y": 0.6148692965507507,
        "z": 0.12712545692920685
    },
    "left_wrist": {
        "x": 0.2046784907579422,
        "y": 0.8779656291007996,
        "z": -0.1486576348543167
    },
    "right_wrist": {
        "x": 0.20159149169921875,
        "y": 0.6725725531578064,
        "z": 0.24811935424804688
    },
    "left_pinky": {
        "x": 0.19517236948013306,
        "y": 0.8996506929397583,
        "z": -0.173288494348526
    },
    "right_pinky": {
        "x": 0.1946364790201187,
        "y": 0.6745099425315857,
        "z": 0.2594447135925293
    },
    "left_index": {
        "x": 0.18929104506969452,
        "y": 0.8876832723617554,
        "z": -0.1702592521905899
    },
    "right_index": {
        "x": 0.1922857165336609,
        "y": 0.6798055768013,
        "z": 0.23496070504188538
    },
    "left_thumb": {
        "x": 0.19447004795074463,
        "y": 0.8794862627983093,
        "z": -0.14533406496047974
    },
    "right_thumb": {
        "x": 0.1969643235206604,
        "y": 0.683624804019928,
        "z": 0.2409227341413498
    },
    "left_hip": {
        "x": 0.3964582085609436,
        "y": 0.6788531541824341,
        "z": -0.06828387826681137
    },
    "right_hip": {
        "x": 0.3852016031742096,
        "y": 0.6113967895507812,
        "z": 0.06809590011835098
    },
    "left_knee": {
        "x": 0.4830542504787445,
        "y": 0.6973826885223389,
        "z": 0.10536916553974152
    },
    "right_knee": {
        "x": 0.459323525428772,
        "y": 0.6514683961868286,
        "z": 0.30397579073905945
    },
    "left_ankle": {
        "x": 0.5609686970710754,
        "y": 0.7259287238121033,
        "z": 0.31195104122161865
    },
    "right_ankle": {
        "x": 0.5292609930038452,
        "y": 0.6494690179824829,
        "z": 0.5197222828865051
    },
    "left_heel": {
        "x": 0.5799809098243713,
        "y": 0.7197858691215515,
        "z": 0.3350299596786499
    },
    "right_heel": {
        "x": 0.5442492961883545,
        "y": 0.642521858215332,
        "z": 0.5449556708335876
    },
    "left_foot_index": {
        "x": 0.5575529932975769,
        "y": 0.7577480673789978,
        "z": 0.32573431730270386
    },
    "right_foot_index": {
        "x": 0.5361075401306152,
        "y": 0.6759501099586487,
        "z": 0.549882709980011
    }
}