{
    "nose": {
        "x": 0.19791871309280396,
        "y": 0.5191934108734131,
        "z": -0.5011878609657288
    },
    "left_eye_inner": {
        "x": 0.19322985410690308,
        "y": 0.5016710758209229,
        "z": -0.5107061266899109
    },
    "left_eye": {
        "x": 0.19260384142398834,
        "y": 0.5002472400665283,
        "z": -0.5106201171875
    },
    "left_eye_outer": {
        "x": 0.19185681641101837,
        "y": 0.4988201856613159,
        "z": -0.5106335282325745
    },
    "right_eye_inner": {
        "x": 0.19094640016555786,
        "y": 0.5069609880447388,
        "z": -0.5374490022659302
    },
    "right_eye": {
        "x": 0.18779268860816956,
        "y": 0.5106271505355835,
        "z": -0.5375844836235046
    },
    "right_eye_outer": {
        "x": 0.18518304824829102,
        "y": 0.5125603675842285,
        "z": -0.5377678275108337
    },
    "left_ear": {
        "x": 0.17408719658851624,
        "y": 0.5023035407066345,
        "z": -0.4723077416419983
    },
    "right_ear": {
        "x": 0.16176897287368774,
        "y": 0.5263307094573975,
        "z": -0.5966352224349976
    },
    "mouth_left": {
        "x": 0.19491726160049438,
        "y": 0.5350345373153687,
        "z": -0.4748893976211548
    },
    "mouth_right": {
        "x": 0.19030913710594177,
        "y": 0.5434232354164124,
        "z": -0.5111237168312073
    },
    "left_shoulder": {
        "x": 0.13855652511119843,
        "y": 0.5273678302764893,
        "z": -0.34145528078079224
    },
    "right_shoulder": {
        "x": 0.12203706800937653,
        "y": 0.6843803524971008,
        "z": -0.529751718044281
    },
    "left_elbow": {
        "x": 0.20135727524757385,
        "y": 0.5130483508110046,
        "z": -0.11777948588132858
    },
    "right_elbow": {
        "x": 0.1791974902153015,
        "y": 0.8425781726837158,
        "z": -0.5246286988258362
    },
    "left_wrist": {
        "x": 0.2110309600830078,
        "y": 0.533219039440155,
        "z": 0.03742949664592743
    },
    "right_wrist": {
        "x": 0.25565212965011597,
        "y": 0.938077986240387,
        "z": -0.521458089351654
    },
    "left_pinky": {
        "x": 0.21783101558685303,
        "y": 0.5248100161552429,
        "z": 0.05869791656732559
    },
    "right_pinky": {
        "x": 0.27665093541145325,
        "y": 0.9833441972732544,
        "z": -0.5528125166893005
    },
    "left_index": {
        "x": 0.21549543738365173,
        "y": 0.5320742726325989,
        "z": 0.052650418132543564
    },
    "right_index": {
        "x": 0.28890538215637207,
        "y": 0.9547268152236938,
        "z": -0.5633084177970886
    },
    "left_thumb": {
        "x": 0.21365225315093994,
        "y": 0.5349931120872498,
        "z": 0.039171550422906876
    },
    "right_thumb": {
        "x": 0.28553903102874756,
        "y": 0.9405202865600586,
        "z": -0.5257588624954224
    },
    "left_hip": {
        "x": 0.22115330398082733,
        "y": 0.677664577960968,
        "z": 0.050017885863780975
    },
    "right_hip": {
        "x": 0.20190125703811646,
        "y": 0.7762628793716431,
        "z": -0.049964338541030884
    },
    "left_knee": {
        "x": 0.2719566822052002,
        "y": 0.6808029413223267,
        "z": 0.3307046592235565
    },
    "right_knee": {
        "x": 0.22318994998931885,
        "y": 0.8549330234527588,
        "z": 0.22095593810081482
    },
    "left_ankle": {
        "x": 0.310119092464447,
        "y": 0.6714170575141907,
        "z": 0.6474408507347107
    },
    "right_ankle": {
        "x": 0.23078182339668274,
        "y": 0.9422124624252319,
        "z": 0.5307454466819763
    },
    "left_heel": {
        "x": 0.31246498227119446,
        "y": 0.6792110800743103,
        "z": 0.6785441637039185
    },
    "right_heel": {
        "x": 0.22651132941246033,
        "y": 0.958166241645813,
        "z": 0.5601668357849121
    },
    "left_foot_index": {
        "x": 0.34353989362716675,
        "y": 0.6597833037376404,
        "z": 0.6505225896835327
    },
    "right_foot_index": {
        "x": 0.2655794322490692,
        "y": 0.9577010273933411,
        "z": 0.5049039125442505
    }
}