{
    "nose": {
        "x": 0.6838977336883545,
        "y": 0.39962416887283325,
        "z": -0.2671796679496765
    },
    "left_eye_inner": {
        "x": 0.6905297040939331,
        "y": 0.38634055852890015,
        "z": -0.2682102620601654
    },
    "left_eye": {
        "x": 0.6934011578559875,
        "y": 0.38674256205558777,
        "z": -0.2682346999645233
    },
    "left_eye_outer": {
        "x": 0.6961681842803955,
        "y": 0.38712432980537415,
        "z": -0.26828452944755554
    },
    "right_eye_inner": {
        "x": 0.6839375495910645,
        "y": 0.38333064317703247,
        "z": -0.256941020488739
    },
    "right_eye": {
        "x": 0.6823280453681946,
        "y": 0.38178297877311707,
        "z": -0.2569459080696106
    },
    "right_eye_outer": {
        "x": 0.6808652281761169,
        "y": 0.38027679920196533,
        "z": -0.2569880187511444
    },
    "left_ear": {
        "x": 0.7031834125518799,
        "y": 0.3898879885673523,
        "z": -0.21863889694213867
    },
    "right_ear": {
        "x": 0.6823021769523621,
        "y": 0.3798648416996002,
        "z": -0.16875989735126495
    },
    "mouth_left": {
        "x": 0.6883112192153931,
        "y": 0.4119890630245209,
        "z": -0.24453169107437134
    },
    "mouth_right": {
        "x": 0.679928719997406,
        "y": 0.40950414538383484,
        "z": -0.2302708774805069
    },
    "left_shoulder": {
        "x": 0.7233895063400269,
        "y": 0.4710938334465027,
        "z": -0.18942737579345703
    },
    "right_shoulder": {
        "x": 0.6557243466377258,
        "y": 0.43962547183036804,
        "z": -0.05559159815311432
    },
    "left_elbow": {
        "x": 0.7312414646148682,
        "y": 0.5756095051765442,
        "z": -0.16781488060951233
    },
    "right_elbow": {
        "x": 0.622351884841919,
        "y": 0.5088884830474854,
        "z": 0.012829545885324478
    },
    "left_wrist": {
        "x": 0.7224440574645996,
        "y": 0.6712706685066223,
        "z": -0.2076205611228943
    },
    "right_wrist": {
        "x": 0.5885438919067383,
        "y": 0.5612264275550842,
        "z": -0.057634368538856506
    },
    "left_pinky": {
        "x": 0.7200076580047607,
        "y": 0.6999314427375793,
        "z": -0.2310512661933899
    },
    "right_pinky": {
        "x": 0.5769102573394775,
        "y": 0.5769411325454712,
        "z": -0.07136119157075882
    },
    "left_index": {
        "x": 0.7128241062164307,
        "y": 0.7004985809326172,
        "z": -0.25402918457984924
    },
    "right_index": {
        "x": 0.5782866477966309,
        "y": 0.5759863257408142,
        "z": -0.10579044371843338
    },
    "left_thumb": {
        "x": 0.7120673656463623,
        "y": 0.6899253129959106,
        "z": -0.2160244882106781
    },
    "right_thumb": {
        "x": 0.5830843448638916,
        "y": 0.5716279745101929,
        "z": -0.07400910556316376
    },
    "left_hip": {
        "x": 0.6785346269607544,
        "y": 0.6453894376754761,
        "z": -0.04066293314099312
    },
    "right_hip": {
        "x": 0.6435176730155945,
        "y": 0.6252033114433289,
        "z": 0.040601104497909546
    },
    "left_knee": {
        "x": 0.655483067035675,
        "y": 0.7710073590278625,
        "z": -0.010957473888993263
    },
    "right_knee": {
        "x": 0.6169694066047668,
        "y": 0.7424444556236267,
        "z": 0.10283169895410538
    },
    "left_ankle": {
        "x": 0.6550204753875732,
        "y": 0.8692333102226257,
        "z": 0.17152157425880432
    },
    "right_ankle": {
        "x": 0.6135128736495972,
        "y": 0.8298273086547852,
        "z": 0.29375892877578735
    },
    "left_heel": {
        "x": 0.6574327945709229,
        "y": 0.8794928193092346,
        "z": 0.1839616447687149
    },
    "right_heel": {
        "x": 0.6195303797721863,
        "y": 0.8450409173965454,
        "z": 0.30843716859817505
    },
    "left_foot_index": {
        "x": 0.6374155282974243,
        "y": 0.9209818243980408,
        "z": 0.09814320504665375
    },
    "right_foot_index": {
        "x": 0.5843761563301086,
        "y": 0.8622028827667236,
        "z": 0.24398808181285858
    }
}