{
    "nose": {
        "x": 0.7606493234634399,
        "y": 0.6673411130905151,
        "z": -0.1009807139635086
    },
    "left_eye_inner": {
        "x": 0.7627983689308167,
        "y": 0.6597343683242798,
        "z": -0.08683899790048599
    },
    "left_eye": {
        "x": 0.7634466290473938,
        "y": 0.6597314476966858,
        "z": -0.08687563240528107
    },
    "left_eye_outer": {
        "x": 0.7641026973724365,
        "y": 0.6596153974533081,
        "z": -0.08694430440664291
    },
    "right_eye_inner": {
        "x": 0.7600157856941223,
        "y": 0.6567388772964478,
        "z": -0.09123880416154861
    },
    "right_eye": {
        "x": 0.7582245469093323,
        "y": 0.6539852619171143,
        "z": -0.09127049148082733
    },
    "right_eye_outer": {
        "x": 0.7560815215110779,
        "y": 0.6505173444747925,
        "z": -0.09125339239835739
    },
    "left_ear": {
        "x": 0.7618513703346252,
        "y": 0.6548860669136047,
        "z": -0.008417078293859959
    },
    "right_ear": {
        "x": 0.7489225268363953,
        "y": 0.6399771571159363,
        "z": -0.02890821546316147
    },
    "mouth_left": {
        "x": 0.7578846216201782,
        "y": 0.6730546951293945,
        "z": -0.07115679979324341
    },
    "mouth_right": {
        "x": 0.7534736394882202,
        "y": 0.6704587936401367,
        "z": -0.07727238535881042
    },
    "left_shoulder": {
        "x": 0.7631614208221436,
        "y": 0.6954691410064697,
        "z": 0.03304377198219299
    },
    "right_shoulder": {
        "x": 0.7186381816864014,
        "y": 0.6419563293457031,
        "z": 0.012246068567037582
    },
    "left_elbow": {
        "x": 0.7608944177627563,
        "y": 0.7567411065101624,
        "z": 0.06391239166259766
    },
    "right_elbow": {
        "x": 0.7003747820854187,
        "y": 0.6011298298835754,
        "z": -0.005148456897586584
    },
    "left_wrist": {
        "x": 0.7585096955299377,
        "y": 0.8222637176513672,
        "z": 0.023440241813659668
    },
    "right_wrist": {
        "x": 0.6946544647216797,
        "y": 0.5461824536323547,
        "z": -0.05854073539376259
    },
    "left_pinky": {
        "x": 0.7658184170722961,
        "y": 0.8368126749992371,
        "z": 0.01657809130847454
    },
    "right_pinky": {
        "x": 0.6925835609436035,
        "y": 0.5282612442970276,
        "z": -0.07277503609657288
    },
    "left_index": {
        "x": 0.765407919883728,
        "y": 0.8369296789169312,
        "z": -0.002909409813582897
    },
    "right_index": {
        "x": 0.6962823271751404,
        "y": 0.5254489183425903,
        "z": -0.08441539853811264
    },
    "left_thumb": {
        "x": 0.7615340948104858,
        "y": 0.8320600986480713,
        "z": 0.014409709721803665
    },
    "right_thumb": {
        "x": 0.6973219513893127,
        "y": 0.5316349864006042,
        "z": -0.0663885548710823
    },
    "left_hip": {
        "x": 0.6947378516197205,
        "y": 0.7920933961868286,
        "z": 0.0010053877485916018
    },
    "right_hip": {
        "x": 0.6717935800552368,
        "y": 0.7534156441688538,
        "z": -0.0008981582359410822
    },
    "left_knee": {
        "x": 0.708609938621521,
        "y": 0.8263497948646545,
        "z": -0.23507633805274963
    },
    "right_knee": {
        "x": 0.6450905799865723,
        "y": 0.7044890522956848,
        "z": -0.17525586485862732
    },
    "left_ankle": {
        "x": 0.6563297510147095,
        "y": 0.912418007850647,
        "z": -0.20350651443004608
    },
    "right_ankle": {
        "x": 0.6318697333335876,
        "y": 0.7887106537818909,
        "z": -0.08814574033021927
    },
    "left_heel": {
        "x": 0.6387386322021484,
        "y": 0.9200357794761658,
        "z": -0.20326608419418335
    },
    "right_heel": {
        "x": 0.6342056393623352,
        "y": 0.8039976954460144,
        "z": -0.08146629482507706
    },
    "left_foot_index": {
        "x": 0.6598621606826782,
        "y": 0.9628062844276428,
        "z": -0.2844962775707245
    },
    "right_foot_index": {
        "x": 0.6045175790786743,
        "y": 0.8081662058830261,
        "z": -0.13999253511428833
    }
}