{
    "nose": {
        "x": 0.742169976234436,
        "y": 0.43748193979263306,
        "z": -0.23239590227603912
    },
    "left_eye_inner": {
        "x": 0.7458879947662354,
        "y": 0.43025916814804077,
        "z": -0.22506940364837646
    },
    "left_eye": {
        "x": 0.7463195323944092,
        "y": 0.430925190448761,
        "z": -0.22508294880390167
    },
    "left_eye_outer": {
        "x": 0.7468041181564331,
        "y": 0.4314345121383667,
        "z": -0.2251344472169876
    },
    "right_eye_inner": {
        "x": 0.7435116767883301,
        "y": 0.4267912805080414,
        "z": -0.22139181196689606
    },
    "right_eye": {
        "x": 0.742438554763794,
        "y": 0.4253440499305725,
        "z": -0.22141171991825104
    },
    "right_eye_outer": {
        "x": 0.7413914203643799,
        "y": 0.42374855279922485,
        "z": -0.22142301499843597
    },
    "left_ear": {
        "x": 0.7439337968826294,
        "y": 0.43496882915496826,
        "z": -0.16776184737682343
    },
    "right_ear": {
        "x": 0.7353264093399048,
        "y": 0.4246276021003723,
        "z": -0.14951515197753906
    },
    "mouth_left": {
        "x": 0.7379058003425598,
        "y": 0.447340190410614,
        "z": -0.20980903506278992
    },
    "mouth_right": {
        "x": 0.7344154119491577,
        "y": 0.44314152002334595,
        "z": -0.2047407329082489
    },
    "left_shoulder": {
        "x": 0.7438048720359802,
        "y": 0.5221661329269409,
        "z": -0.1437385082244873
    },
    "right_shoulder": {
        "x": 0.6799949407577515,
        "y": 0.45382559299468994,
        "z": -0.08621315658092499
    },
    "left_elbow": {
        "x": 0.7542915940284729,
        "y": 0.6177247762680054,
        "z": -0.14437048137187958
    },
    "right_elbow": {
        "x": 0.6222469210624695,
        "y": 0.44646453857421875,
        "z": -0.059257086366415024
    },
    "left_wrist": {
        "x": 0.7580324411392212,
        "y": 0.7109470963478088,
        "z": -0.22828947007656097
    },
    "right_wrist": {
        "x": 0.5662043690681458,
        "y": 0.45957231521606445,
        "z": -0.11986574530601501
    },
    "left_pinky": {
        "x": 0.7624560594558716,
        "y": 0.7361494302749634,
        "z": -0.24954089522361755
    },
    "right_pinky": {
        "x": 0.5496883988380432,
        "y": 0.46281009912490845,
        "z": -0.13745719194412231
    },
    "left_index": {
        "x": 0.7608186602592468,
        "y": 0.7365100979804993,
        "z": -0.2760469317436218
    },
    "right_index": {
        "x": 0.5505439043045044,
        "y": 0.4694335162639618,
        "z": -0.16788701713085175
    },
    "left_thumb": {
        "x": 0.7585521936416626,
        "y": 0.7289618253707886,
        "z": -0.24182464182376862
    },
    "right_thumb": {
        "x": 0.555141031742096,
        "y": 0.4711325764656067,
        "z": -0.1365225464105606
    },
    "left_hip": {
        "x": 0.6798007488250732,
        "y": 0.6680324077606201,
        "z": -0.02538185566663742
    },
    "right_hip": {
        "x": 0.6403096914291382,
        "y": 0.6404131650924683,
        "z": 0.025315001606941223
    },
    "left_knee": {
        "x": 0.6570388078689575,
        "y": 0.7853325605392456,
        "z": -0.0008377208723686635
    },
    "right_knee": {
        "x": 0.5967940092086792,
        "y": 0.737689733505249,
        "z": 0.07038607448339462
    },
    "left_ankle": {
        "x": 0.6534391045570374,
        "y": 0.8727695941925049,
        "z": 0.22846250236034393
    },
    "right_ankle": {
        "x": 0.6126452088356018,
        "y": 0.8222261667251587,
        "z": 0.3296557366847992
    },
    "left_heel": {
        "x": 0.6536461710929871,
        "y": 0.8776054978370667,
        "z": 0.2472965121269226
    },
    "right_heel": {
        "x": 0.6204319000244141,
        "y": 0.8317416906356812,
        "z": 0.35290199518203735
    },
    "left_foot_index": {
        "x": 0.6393772959709167,
        "y": 0.92194664478302,
        "z": 0.158725768327713
    },
    "right_foot_index": {
        "x": 0.5837401151657104,
        "y": 0.8559306859970093,
        "z": 0.2976616621017456
    }
}