{
    "nose": {
        "x": 0.7110210657119751,
        "y": 0.39608919620513916,
        "z": -0.2682749629020691
    },
    "left_eye_inner": {
        "x": 0.718461275100708,
        "y": 0.39091429114341736,
        "z": -0.26887673139572144
    },
    "left_eye": {
        "x": 0.7208602428436279,
        "y": 0.3932358920574188,
        "z": -0.26891863346099854
    },
    "left_eye_outer": {
        "x": 0.7234216332435608,
        "y": 0.3956814706325531,
        "z": -0.2690261900424957
    },
    "right_eye_inner": {
        "x": 0.713449239730835,
        "y": 0.38620007038116455,
        "z": -0.2570658028125763
    },
    "right_eye": {
        "x": 0.712357759475708,
        "y": 0.3852607011795044,
        "z": -0.25707995891571045
    },
    "right_eye_outer": {
        "x": 0.7113479375839233,
        "y": 0.38440433144569397,
        "z": -0.2570902109146118
    },
    "left_ear": {
        "x": 0.7271066308021545,
        "y": 0.4054209589958191,
        "z": -0.22769702970981598
    },
    "right_ear": {
        "x": 0.7108529806137085,
        "y": 0.39187365770339966,
        "z": -0.169552281498909
    },
    "mouth_left": {
        "x": 0.7126219272613525,
        "y": 0.41287344694137573,
        "z": -0.24951674044132233
    },
    "mouth_right": {
        "x": 0.7055379748344421,
        "y": 0.40531498193740845,
        "z": -0.2329038828611374
    },
    "left_shoulder": {
        "x": 0.7373809218406677,
        "y": 0.5000907182693481,
        "z": -0.1828717738389969
    },
    "right_shoulder": {
        "x": 0.6703125238418579,
        "y": 0.43788760900497437,
        "z": -0.09425543993711472
    },
    "left_elbow": {
        "x": 0.7469323873519897,
        "y": 0.6022628545761108,
        "z": -0.1790420413017273
    },
    "right_elbow": {
        "x": 0.6217599511146545,
        "y": 0.4706302881240845,
        "z": -0.045044951140880585
    },
    "left_wrist": {
        "x": 0.7451785802841187,
        "y": 0.6960391998291016,
        "z": -0.240711972117424
    },
    "right_wrist": {
        "x": 0.5693095922470093,
        "y": 0.5022975206375122,
        "z": -0.10793296992778778
    },
    "left_pinky": {
        "x": 0.746875524520874,
        "y": 0.7224781513214111,
        "z": -0.26207759976387024
    },
    "right_pinky": {
        "x": 0.5535485744476318,
        "y": 0.5085776448249817,
        "z": -0.12589511275291443
    },
    "left_index": {
        "x": 0.7425220012664795,
        "y": 0.7206633687019348,
        "z": -0.28970634937286377
    },
    "right_index": {
        "x": 0.555367112159729,
        "y": 0.5149143934249878,
        "z": -0.15593454241752625
    },
    "left_thumb": {
        "x": 0.7408753037452698,
        "y": 0.7121248841285706,
        "z": -0.25309085845947266
    },
    "right_thumb": {
        "x": 0.5609028339385986,
        "y": 0.5151501297950745,
        "z": -0.12348951399326324
    },
    "left_hip": {
        "x": 0.6784400939941406,
        "y": 0.649526059627533,
        "z": -0.02942683733999729
    },
    "right_hip": {
        "x": 0.6408123970031738,
        "y": 0.6218495965003967,
        "z": 0.029371164739131927
    },
    "left_knee": {
        "x": 0.6561931371688843,
        "y": 0.7812731266021729,
        "z": -0.03815814107656479
    },
    "right_knee": {
        "x": 0.606137752532959,
        "y": 0.7368873953819275,
        "z": 0.09332286566495895
    },
    "left_ankle": {
        "x": 0.6539257168769836,
        "y": 0.8792229294776917,
        "z": 0.17501141130924225
    },
    "right_ankle": {
        "x": 0.6112685203552246,
        "y": 0.8307548761367798,
        "z": 0.34858283400535583
    },
    "left_heel": {
        "x": 0.6529949307441711,
        "y": 0.8875465393066406,
        "z": 0.19185274839401245
    },
    "right_heel": {
        "x": 0.616184413433075,
        "y": 0.8411942720413208,
        "z": 0.37167203426361084
    },
    "left_foot_index": {
        "x": 0.63772052526474,
        "y": 0.9165666103363037,
        "z": 0.09563417732715607
    },
    "right_foot_index": {
        "x": 0.584147036075592,
        "y": 0.8643690347671509,
        "z": 0.31329992413520813
    }
}