{
    "nose": {
        "x": 0.7664971947669983,
        "y": 0.65164715051651,
        "z": 0.030783338472247124
    },
    "left_eye_inner": {
        "x": 0.7714768052101135,
        "y": 0.6521715521812439,
        "z": 0.04432505741715431
    },
    "left_eye": {
        "x": 0.7727832198143005,
        "y": 0.6546244025230408,
        "z": 0.0442877858877182
    },
    "left_eye_outer": {
        "x": 0.7740792632102966,
        "y": 0.6570360660552979,
        "z": 0.04425330460071564
    },
    "right_eye_inner": {
        "x": 0.7679948210716248,
        "y": 0.6464723944664001,
        "z": 0.048356588929891586
    },
    "right_eye": {
        "x": 0.7669861316680908,
        "y": 0.6452431082725525,
        "z": 0.048354826867580414
    },
    "right_eye_outer": {
        "x": 0.7660396695137024,
        "y": 0.6441972851753235,
        "z": 0.0483442097902298
    },
    "left_ear": {
        "x": 0.7741982340812683,
        "y": 0.6668280363082886,
        "z": 0.10104284435510635
    },
    "right_ear": {
        "x": 0.7635478377342224,
        "y": 0.6518768072128296,
        "z": 0.11896028369665146
    },
    "mouth_left": {
        "x": 0.765699565410614,
        "y": 0.6623837351799011,
        "z": 0.049732957035303116
    },
    "mouth_right": {
        "x": 0.7618587017059326,
        "y": 0.6549575328826904,
        "z": 0.05473930761218071
    },
    "left_shoulder": {
        "x": 0.7704269886016846,
        "y": 0.711957573890686,
        "z": 0.09648166596889496
    },
    "right_shoulder": {
        "x": 0.7372124195098877,
        "y": 0.6663554310798645,
        "z": 0.1212526485323906
    },
    "left_elbow": {
        "x": 0.7987989187240601,
        "y": 0.7359715104103088,
        "z": -0.02586361952126026
    },
    "right_elbow": {
        "x": 0.7094217538833618,
        "y": 0.6842479109764099,
        "z": 0.09748321771621704
    },
    "left_wrist": {
        "x": 0.8187411427497864,
        "y": 0.6982066035270691,
        "z": -0.10342638194561005
    },
    "right_wrist": {
        "x": 0.693880558013916,
        "y": 0.7158485651016235,
        "z": 0.06944233179092407
    },
    "left_pinky": {
        "x": 0.8244642019271851,
        "y": 0.6864096522331238,
        "z": -0.11994735896587372
    },
    "right_pinky": {
        "x": 0.6886648535728455,
        "y": 0.7210041284561157,
        "z": 0.06846759468317032
    },
    "left_index": {
        "x": 0.8237251043319702,
        "y": 0.6830996870994568,
        "z": -0.10704956203699112
    },
    "right_index": {
        "x": 0.6837787628173828,
        "y": 0.7243373990058899,
        "z": 0.06235650181770325
    },
    "left_thumb": {
        "x": 0.8209090232849121,
        "y": 0.6867078542709351,
        "z": -0.10095680505037308
    },
    "right_thumb": {
        "x": 0.6858764886856079,
        "y": 0.7238704562187195,
        "z": 0.06680286675691605
    },
    "left_hip": {
        "x": 0.711337149143219,
        "y": 0.7545599341392517,
        "z": -0.0036115010734647512
    },
    "right_hip": {
        "x": 0.6875041723251343,
        "y": 0.7215312123298645,
        "z": 0.003764070337638259
    },
    "left_knee": {
        "x": 0.757040798664093,
        "y": 0.7339127063751221,
        "z": -0.22187094390392303
    },
    "right_knee": {
        "x": 0.6727094054222107,
        "y": 0.6553521752357483,
        "z": -0.13595415651798248
    },
    "left_ankle": {
        "x": 0.72901451587677,
        "y": 0.8178199529647827,
        "z": -0.35747745633125305
    },
    "right_ankle": {
        "x": 0.650480329990387,
        "y": 0.6945651769638062,
        "z": -0.17123739421367645
    },
    "left_heel": {
        "x": 0.7178521752357483,
        "y": 0.8382053971290588,
        "z": -0.3728519678115845
    },
    "right_heel": {
        "x": 0.6489971876144409,
        "y": 0.7125041484832764,
        "z": -0.17785722017288208
    },
    "left_foot_index": {
        "x": 0.7434425950050354,
        "y": 0.8327156901359558,
        "z": -0.4457415044307709
    },
    "right_foot_index": {
        "x": 0.6429277062416077,
        "y": 0.6961721777915955,
        "z": -0.238791823387146
    }
}