{
    "nose": {
        "x": 0.617583692073822,
        "y": 0.7447423338890076,
        "z": -0.22227902710437775
    },
    "left_eye_inner": {
        "x": 0.6255870461463928,
        "y": 0.7456052899360657,
        "z": -0.23301462829113007
    },
    "left_eye": {
        "x": 0.6281828284263611,
        "y": 0.7429366707801819,
        "z": -0.23304851353168488
    },
    "left_eye_outer": {
        "x": 0.6304532885551453,
        "y": 0.7406256198883057,
        "z": -0.2331252098083496
    },
    "right_eye_inner": {
        "x": 0.6200132369995117,
        "y": 0.7505015730857849,
        "z": -0.24505195021629333
    },
    "right_eye": {
        "x": 0.6182295083999634,
        "y": 0.7520925402641296,
        "z": -0.2451443076133728
    },
    "right_eye_outer": {
        "x": 0.6165747046470642,
        "y": 0.7533637285232544,
        "z": -0.24516864120960236
    },
    "left_ear": {
        "x": 0.6324335336685181,
        "y": 0.7276827096939087,
        "z": -0.2292233407497406
    },
    "right_ear": {
        "x": 0.6142476797103882,
        "y": 0.7453604936599731,
        "z": -0.28459417819976807
    },
    "mouth_left": {
        "x": 0.6171558499336243,
        "y": 0.7342541217803955,
        "z": -0.21433910727500916
    },
    "mouth_right": {
        "x": 0.6114253997802734,
        "y": 0.7398251295089722,
        "z": -0.23060378432273865
    },
    "left_shoulder": {
        "x": 0.6369078159332275,
        "y": 0.6642202138900757,
        "z": -0.13882216811180115
    },
    "right_shoulder": {
        "x": 0.577393114566803,
        "y": 0.7237948179244995,
        "z": -0.26109302043914795
    },
    "left_elbow": {
        "x": 0.619926393032074,
        "y": 0.7077629566192627,
        "z": -0.019843481481075287
    },
    "right_elbow": {
        "x": 0.5558443665504456,
        "y": 0.759476900100708,
        "z": -0.18684309720993042
    },
    "left_wrist": {
        "x": 0.6044473648071289,
        "y": 0.7575377225875854,
        "z": 0.024333348497748375
    },
    "right_wrist": {
        "x": 0.5769680142402649,
        "y": 0.7982617616653442,
        "z": -0.08321110904216766
    },
    "left_pinky": {
        "x": 0.6038079261779785,
        "y": 0.7652067542076111,
        "z": 0.022533249109983444
    },
    "right_pinky": {
        "x": 0.5773910284042358,
        "y": 0.8080464601516724,
        "z": -0.09436029195785522
    },
    "left_index": {
        "x": 0.599668562412262,
        "y": 0.7667120695114136,
        "z": -0.005164421629160643
    },
    "right_index": {
        "x": 0.5852460861206055,
        "y": 0.8023746013641357,
        "z": -0.11144865304231644
    },
    "left_thumb": {
        "x": 0.5978772640228271,
        "y": 0.7647094130516052,
        "z": 0.014362727291882038
    },
    "right_thumb": {
        "x": 0.5859931707382202,
        "y": 0.7972315549850464,
        "z": -0.08810193091630936
    },
    "left_hip": {
        "x": 0.5605354309082031,
        "y": 0.6304256319999695,
        "z": 0.055660661309957504
    },
    "right_hip": {
        "x": 0.5258521437644958,
        "y": 0.6540283560752869,
        "z": -0.05553891137242317
    },
    "left_knee": {
        "x": 0.5964170098304749,
        "y": 0.7498389482498169,
        "z": 0.08370332419872284
    },
    "right_knee": {
        "x": 0.552383303642273,
        "y": 0.7848554253578186,
        "z": -0.07441570609807968
    },
    "left_ankle": {
        "x": 0.5460129976272583,
        "y": 0.8078435063362122,
        "z": 0.19004149734973907
    },
    "right_ankle": {
        "x": 0.5214641094207764,
        "y": 0.8238250017166138,
        "z": 0.04286046326160431
    },
    "left_heel": {
        "x": 0.5336183905601501,
        "y": 0.8148412704467773,
        "z": 0.20013579726219177
    },
    "right_heel": {
        "x": 0.5141597986221313,
        "y": 0.8266022205352783,
        "z": 0.05456368625164032
    },
    "left_foot_index": {
        "x": 0.5482578873634338,
        "y": 0.8423078060150146,
        "z": 0.17548398673534393
    },
    "right_foot_index": {
        "x": 0.525126039981842,
        "y": 0.8508967161178589,
        "z": 0.03127886354923248
    }
}