{
    "nose": {
        "x": 0.6428369879722595,
        "y": 0.5546619296073914,
        "z": 0.0692024827003479
    },
    "left_eye_inner": {
        "x": 0.6390828490257263,
        "y": 0.5479906797409058,
        "z": 0.07881803065538406
    },
    "left_eye": {
        "x": 0.6392448544502258,
        "y": 0.5482333898544312,
        "z": 0.07875631004571915
    },
    "left_eye_outer": {
        "x": 0.6394401788711548,
        "y": 0.5485035181045532,
        "z": 0.07868554443120956
    },
    "right_eye_inner": {
        "x": 0.6366385221481323,
        "y": 0.5474432706832886,
        "z": 0.06477087736129761
    },
    "right_eye": {
        "x": 0.6348623037338257,
        "y": 0.5474662780761719,
        "z": 0.06476239114999771
    },
    "right_eye_outer": {
        "x": 0.6331121325492859,
        "y": 0.547478437423706,
        "z": 0.06470843404531479
    },
    "left_ear": {
        "x": 0.6377250552177429,
        "y": 0.5566104054450989,
        "z": 0.12097123265266418
    },
    "right_ear": {
        "x": 0.624660074710846,
        "y": 0.5558815002441406,
        "z": 0.05736256018280983
    },
    "mouth_left": {
        "x": 0.6419285535812378,
        "y": 0.5698451399803162,
        "z": 0.08500871062278748
    },
    "mouth_right": {
        "x": 0.6371423602104187,
        "y": 0.5708601474761963,
        "z": 0.06630861759185791
    },
    "left_shoulder": {
        "x": 0.6441143155097961,
        "y": 0.5886833667755127,
        "z": 0.1480351984500885
    },
    "right_shoulder": {
        "x": 0.6173089146614075,
        "y": 0.5924802422523499,
        "z": 0.00728842057287693
    },
    "left_elbow": {
        "x": 0.6765218377113342,
        "y": 0.5963287949562073,
        "z": 0.12955988943576813
    },
    "right_elbow": {
        "x": 0.6440367102622986,
        "y": 0.6123095750808716,
        "z": -0.09605088829994202
    },
    "left_wrist": {
        "x": 0.7006316184997559,
        "y": 0.576278567314148,
        "z": 0.05007563531398773
    },
    "right_wrist": {
        "x": 0.6621538400650024,
        "y": 0.5667368173599243,
        "z": -0.1642923206090927
    },
    "left_pinky": {
        "x": 0.7092311382293701,
        "y": 0.5720033645629883,
        "z": 0.04347028583288193
    },
    "right_pinky": {
        "x": 0.6655871868133545,
        "y": 0.5632258057594299,
        "z": -0.17757242918014526
    },
    "left_index": {
        "x": 0.7062652111053467,
        "y": 0.5677870512008667,
        "z": 0.035601090639829636
    },
    "right_index": {
        "x": 0.6634922623634338,
        "y": 0.5592038035392761,
        "z": -0.16753391921520233
    },
    "left_thumb": {
        "x": 0.7024659514427185,
        "y": 0.571524441242218,
        "z": 0.04424934834241867
    },
    "right_thumb": {
        "x": 0.6627306342124939,
        "y": 0.560834527015686,
        "z": -0.1604120135307312
    },
    "left_hip": {
        "x": 0.6897084712982178,
        "y": 0.6968619227409363,
        "z": 0.047474246472120285
    },
    "right_hip": {
        "x": 0.6746821403503418,
        "y": 0.7072925567626953,
        "z": -0.04753394424915314
    },
    "left_knee": {
        "x": 0.7507431507110596,
        "y": 0.6481091976165771,
        "z": 0.04219537600874901
    },
    "right_knee": {
        "x": 0.7384775280952454,
        "y": 0.6520387530326843,
        "z": -0.07139652967453003
    },
    "left_ankle": {
        "x": 0.7445774078369141,
        "y": 0.7369354963302612,
        "z": 0.0248476043343544
    },
    "right_ankle": {
        "x": 0.7378103137016296,
        "y": 0.7512405514717102,
        "z": -0.07932344079017639
    },
    "left_heel": {
        "x": 0.732557475566864,
        "y": 0.7529730200767517,
        "z": 0.022345108911395073
    },
    "right_heel": {
        "x": 0.724764883518219,
        "y": 0.7678130865097046,
        "z": -0.07655313611030579
    },
    "left_foot_index": {
        "x": 0.7666855454444885,
        "y": 0.7850123643875122,
        "z": 0.013992542400956154
    },
    "right_foot_index": {
        "x": 0.7646706104278564,
        "y": 0.7970578670501709,
        "z": -0.07146722078323364
    }
}