{
    "nose": {
        "x": 0.7344370484352112,
        "y": 0.511858344078064,
        "z": 0.06268991529941559
    },
    "left_eye_inner": {
        "x": 0.7304952144622803,
        "y": 0.5035724639892578,
        "z": 0.052533384412527084
    },
    "left_eye": {
        "x": 0.7288386821746826,
        "y": 0.5038852095603943,
        "z": 0.052523285150527954
    },
    "left_eye_outer": {
        "x": 0.7271393537521362,
        "y": 0.5043836832046509,
        "z": 0.05249957740306854
    },
    "right_eye_inner": {
        "x": 0.7344865202903748,
        "y": 0.5026615858078003,
        "z": 0.04365302622318268
    },
    "right_eye": {
        "x": 0.735575795173645,
        "y": 0.5022706985473633,
        "z": 0.043618157505989075
    },
    "right_eye_outer": {
        "x": 0.7366328239440918,
        "y": 0.5019553899765015,
        "z": 0.04355888068675995
    },
    "left_ear": {
        "x": 0.7235845923423767,
        "y": 0.5110282897949219,
        "z": 0.015484592877328396
    },
    "right_ear": {
        "x": 0.7371566295623779,
        "y": 0.506624162197113,
        "z": -0.023393897339701653
    },
    "mouth_left": {
        "x": 0.7331007122993469,
        "y": 0.5196448564529419,
        "z": 0.05280391871929169
    },
    "mouth_right": {
        "x": 0.7368821501731873,
        "y": 0.5192751884460449,
        "z": 0.041555579751729965
    },
    "left_shoulder": {
        "x": 0.7037441730499268,
        "y": 0.565056562423706,
        "z": 0.054301586002111435
    },
    "right_shoulder": {
        "x": 0.7554994821548462,
        "y": 0.5562688708305359,
        "z": -0.08876798301935196
    },
    "left_elbow": {
        "x": 0.7153135538101196,
        "y": 0.6108664870262146,
        "z": 0.11971285939216614
    },
    "right_elbow": {
        "x": 0.7775120735168457,
        "y": 0.6230542063713074,
        "z": -0.06855032593011856
    },
    "left_wrist": {
        "x": 0.7301136255264282,
        "y": 0.6192045211791992,
        "z": 0.1799212098121643
    },
    "right_wrist": {
        "x": 0.8038942813873291,
        "y": 0.6735796332359314,
        "z": 0.012777554802596569
    },
    "left_pinky": {
        "x": 0.730604350566864,
        "y": 0.6251034140586853,
        "z": 0.19925013184547424
    },
    "right_pinky": {
        "x": 0.813042402267456,
        "y": 0.6861439347267151,
        "z": 0.016909312456846237
    },
    "left_index": {
        "x": 0.7353886365890503,
        "y": 0.620299756526947,
        "z": 0.19202475249767303
    },
    "right_index": {
        "x": 0.8154546618461609,
        "y": 0.6854768991470337,
        "z": 0.022078508511185646
    },
    "left_thumb": {
        "x": 0.7368953227996826,
        "y": 0.6189916729927063,
        "z": 0.17915192246437073
    },
    "right_thumb": {
        "x": 0.804721474647522,
        "y": 0.6706292033195496,
        "z": 0.01722964271903038
    },
    "left_hip": {
        "x": 0.7189316749572754,
        "y": 0.7160704731941223,
        "z": 0.05844052881002426
    },
    "right_hip": {
        "x": 0.7470625042915344,
        "y": 0.7109339237213135,
        "z": -0.05863093212246895
    },
    "left_knee": {
        "x": 0.7454795241355896,
        "y": 0.7243028283119202,
        "z": 0.18903982639312744
    },
    "right_knee": {
        "x": 0.7841858863830566,
        "y": 0.739546000957489,
        "z": -0.042087726294994354
    },
    "left_ankle": {
        "x": 0.7338411808013916,
        "y": 0.7929553985595703,
        "z": 0.15536954998970032
    },
    "right_ankle": {
        "x": 0.7583454251289368,
        "y": 0.8096590042114258,
        "z": -0.09196531027555466
    },
    "left_heel": {
        "x": 0.7291534543037415,
        "y": 0.8001218438148499,
        "z": 0.15150685608386993
    },
    "right_heel": {
        "x": 0.7468979358673096,
        "y": 0.8114514946937561,
        "z": -0.09428653120994568
    },
    "left_foot_index": {
        "x": 0.7435712218284607,
        "y": 0.8258072137832642,
        "z": 0.14785966277122498
    },
    "right_foot_index": {
        "x": 0.7513160109519958,
        "y": 0.8473947644233704,
        "z": -0.0987653136253357
    }
}