{
    "nose": {
        "x": 0.5111250877380371,
        "y": 0.5895081162452698,
        "z": -0.2008335143327713
    },
    "left_eye_inner": {
        "x": 0.5127571225166321,
        "y": 0.5818361639976501,
        "z": -0.21817375719547272
    },
    "left_eye": {
        "x": 0.5133916139602661,
        "y": 0.5820884704589844,
        "z": -0.21819093823432922
    },
    "left_eye_outer": {
        "x": 0.5136998891830444,
        "y": 0.5828155279159546,
        "z": -0.21823067963123322
    },
    "right_eye_inner": {
        "x": 0.5122523307800293,
        "y": 0.5798159241676331,
        "z": -0.2029971182346344
    },
    "right_eye": {
        "x": 0.5125195384025574,
        "y": 0.5786795020103455,
        "z": -0.2030964344739914
    },
    "right_eye_outer": {
        "x": 0.5124655961990356,
        "y": 0.5781875252723694,
        "z": -0.20321336388587952
    },
    "left_ear": {
        "x": 0.516862154006958,
        "y": 0.5813738107681274,
        "z": -0.23403605818748474
    },
    "right_ear": {
        "x": 0.5196855068206787,
        "y": 0.5788443088531494,
        "z": -0.16391631960868835
    },
    "mouth_left": {
        "x": 0.5168754458427429,
        "y": 0.5973914861679077,
        "z": -0.1986704021692276
    },
    "mouth_right": {
        "x": 0.5163689255714417,
        "y": 0.5961851477622986,
        "z": -0.178291916847229
    },
    "left_shoulder": {
        "x": 0.5279819965362549,
        "y": 0.6250848770141602,
        "z": -0.2189820408821106
    },
    "right_shoulder": {
        "x": 0.5617229342460632,
        "y": 0.5648245215415955,
        "z": -0.048580240458250046
    },
    "left_elbow": {
        "x": 0.47784891724586487,
        "y": 0.7303319573402405,
        "z": -0.22082491219043732
    },
    "right_elbow": {
        "x": 0.5650866627693176,
        "y": 0.6200074553489685,
        "z": 0.10297799855470657
    },
    "left_wrist": {
        "x": 0.40319275856018066,
        "y": 0.7613064050674438,
        "z": -0.23835502564907074
    },
    "right_wrist": {
        "x": 0.5278249382972717,
        "y": 0.64445561170578,
        "z": 0.2018832266330719
    },
    "left_pinky": {
        "x": 0.38534724712371826,
        "y": 0.7698314785957336,
        "z": -0.27218323945999146
    },
    "right_pinky": {
        "x": 0.5247286558151245,
        "y": 0.6375745534896851,
        "z": 0.22487600147724152
    },
    "left_index": {
        "x": 0.38177090883255005,
        "y": 0.7558404803276062,
        "z": -0.26059770584106445
    },
    "right_index": {
        "x": 0.5168705582618713,
        "y": 0.6430537700653076,
        "z": 0.19619227945804596
    },
    "left_thumb": {
        "x": 0.38929983973503113,
        "y": 0.7545788288116455,
        "z": -0.23482179641723633
    },
    "right_thumb": {
        "x": 0.5173514485359192,
        "y": 0.6483153700828552,
        "z": 0.19574818015098572
    },
    "left_hip": {
        "x": 0.5821813941001892,
        "y": 0.7207172513008118,
        "z": -0.06529813259840012
    },
    "right_hip": {
        "x": 0.592864453792572,
        "y": 0.6887258887290955,
        "z": 0.06530655920505524
    },
    "left_knee": {
        "x": 0.5042177438735962,
        "y": 0.7819315791130066,
        "z": -0.04867061227560043
    },
    "right_knee": {
        "x": 0.5183141231536865,
        "y": 0.7316271066665649,
        "z": 0.11898760497570038
    },
    "left_ankle": {
        "x": 0.49599918723106384,
        "y": 0.8976068496704102,
        "z": 0.07096292078495026
    },
    "right_ankle": {
        "x": 0.5081961154937744,
        "y": 0.8776261210441589,
        "z": 0.21802055835723877
    },
    "left_heel": {
        "x": 0.5029141306877136,
        "y": 0.921309769153595,
        "z": 0.08379212021827698
    },
    "right_heel": {
        "x": 0.5132788419723511,
        "y": 0.8998031616210938,
        "z": 0.2297917902469635
    },
    "left_foot_index": {
        "x": 0.4601813852787018,
        "y": 0.9015216827392578,
        "z": 0.06480466574430466
    },
    "right_foot_index": {
        "x": 0.4827708303928375,
        "y": 0.9078844785690308,
        "z": 0.20981663465499878
    }
}