{
    "nose": {
        "x": 0.376511812210083,
        "y": 0.4450758099555969,
        "z": -0.056134678423404694
    },
    "left_eye_inner": {
        "x": 0.3751801550388336,
        "y": 0.43254899978637695,
        "z": -0.04744711518287659
    },
    "left_eye": {
        "x": 0.37504541873931885,
        "y": 0.4321572184562683,
        "z": -0.04747562110424042
    },
    "left_eye_outer": {
        "x": 0.37488096952438354,
        "y": 0.4317324459552765,
        "z": -0.0475102998316288
    },
    "right_eye_inner": {
        "x": 0.3736843764781952,
        "y": 0.4322357177734375,
        "z": -0.07360464334487915
    },
    "right_eye": {
        "x": 0.37249982357025146,
        "y": 0.43188658356666565,
        "z": -0.07365255057811737
    },
    "right_eye_outer": {
        "x": 0.37120765447616577,
        "y": 0.43158313632011414,
        "z": -0.07370862364768982
    },
    "left_ear": {
        "x": 0.36726710200309753,
        "y": 0.43176978826522827,
        "z": 0.0010290647624060512
    },
    "right_ear": {
        "x": 0.3638545870780945,
        "y": 0.43270283937454224,
        "z": -0.11684321612119675
    },
    "mouth_left": {
        "x": 0.37371909618377686,
        "y": 0.45359382033348083,
        "z": -0.03530989587306976
    },
    "mouth_right": {
        "x": 0.3717409372329712,
        "y": 0.4528058171272278,
        "z": -0.0695994570851326
    },
    "left_shoulder": {
        "x": 0.3523658514022827,
        "y": 0.48269549012184143,
        "z": 0.07740627974271774
    },
    "right_shoulder": {
        "x": 0.343140184879303,
        "y": 0.4841563403606415,
        "z": -0.1636052131652832
    },
    "left_elbow": {
        "x": 0.37166109681129456,
        "y": 0.5618566870689392,
        "z": 0.10074197500944138
    },
    "right_elbow": {
        "x": 0.3541165292263031,
        "y": 0.5795811414718628,
        "z": -0.17406770586967468
    },
    "left_wrist": {
        "x": 0.3956250250339508,
        "y": 0.5500377416610718,
        "z": 0.009991686791181564
    },
    "right_wrist": {
        "x": 0.4002213180065155,
        "y": 0.562671422958374,
        "z": -0.1056998074054718
    },
    "left_pinky": {
        "x": 0.40290719270706177,
        "y": 0.551348865032196,
        "z": 0.0014927955344319344
    },
    "right_pinky": {
        "x": 0.41412389278411865,
        "y": 0.5604451298713684,
        "z": -0.115935780107975
    },
    "left_index": {
        "x": 0.39729344844818115,
        "y": 0.5470998287200928,
        "z": -0.013358530588448048
    },
    "right_index": {
        "x": 0.413574755191803,
        "y": 0.5468583703041077,
        "z": -0.11161815375089645
    },
    "left_thumb": {
        "x": 0.3974835276603699,
        "y": 0.5477656722068787,
        "z": 5.812275048810989e-05
    },
    "right_thumb": {
        "x": 0.4079148769378662,
        "y": 0.5480461120605469,
        "z": -0.10046880692243576
    },
    "left_hip": {
        "x": 0.3652995228767395,
        "y": 0.6213077902793884,
        "z": 0.08100686222314835
    },
    "right_hip": {
        "x": 0.3592640161514282,
        "y": 0.6362026333808899,
        "z": -0.08089275658130646
    },
    "left_knee": {
        "x": 0.4350889325141907,
        "y": 0.58580482006073,
        "z": 0.08558802306652069
    },
    "right_knee": {
        "x": 0.440591037273407,
        "y": 0.6004085540771484,
        "z": -0.1006939485669136
    },
    "left_ankle": {
        "x": 0.47202759981155396,
        "y": 0.6467970013618469,
        "z": 0.12078175693750381
    },
    "right_ankle": {
        "x": 0.46397194266319275,
        "y": 0.6726447939872742,
        "z": -0.019255951046943665
    },
    "left_heel": {
        "x": 0.47143319249153137,
        "y": 0.6662980914115906,
        "z": 0.12201499938964844
    },
    "right_heel": {
        "x": 0.4577212929725647,
        "y": 0.6955103278160095,
        "z": -0.0100914491340518
    },
    "left_foot_index": {
        "x": 0.5013163089752197,
        "y": 0.6320987343788147,
        "z": 0.10576403886079788
    },
    "right_foot_index": {
        "x": 0.4950674772262573,
        "y": 0.6577760577201843,
        "z": -0.02170559950172901
    }
}