{
    "nose": {
        "x": 0.37341251969337463,
        "y": 0.435735821723938,
        "z": -0.0406075194478035
    },
    "left_eye_inner": {
        "x": 0.3710731267929077,
        "y": 0.42442911863327026,
        "z": -0.030272506177425385
    },
    "left_eye": {
        "x": 0.3707868456840515,
        "y": 0.42379844188690186,
        "z": -0.03029700368642807
    },
    "left_eye_outer": {
        "x": 0.3704662024974823,
        "y": 0.4231582283973694,
        "z": -0.03034862130880356
    },
    "right_eye_inner": {
        "x": 0.36973631381988525,
        "y": 0.4251842498779297,
        "z": -0.057780999690294266
    },
    "right_eye": {
        "x": 0.3685722351074219,
        "y": 0.4251963496208191,
        "z": -0.057834774255752563
    },
    "right_eye_outer": {
        "x": 0.3673497140407562,
        "y": 0.4252495765686035,
        "z": -0.05788923427462578
    },
    "left_ear": {
        "x": 0.36288702487945557,
        "y": 0.42617031931877136,
        "z": 0.018132366240024567
    },
    "right_ear": {
        "x": 0.36026766896247864,
        "y": 0.4286961853504181,
        "z": -0.10615849494934082
    },
    "mouth_left": {
        "x": 0.37099406123161316,
        "y": 0.44512349367141724,
        "z": -0.020204342901706696
    },
    "mouth_right": {
        "x": 0.36896663904190063,
        "y": 0.4458560645580292,
        "z": -0.05656029284000397
    },
    "left_shoulder": {
        "x": 0.351319283246994,
        "y": 0.4808148145675659,
        "z": 0.09511818736791611
    },
    "right_shoulder": {
        "x": 0.34252530336380005,
        "y": 0.48526132106781006,
        "z": -0.16159549355506897
    },
    "left_elbow": {
        "x": 0.37069064378738403,
        "y": 0.55308598279953,
        "z": 0.15773294866085052
    },
    "right_elbow": {
        "x": 0.3482085168361664,
        "y": 0.5754434466362,
        "z": -0.18406257033348083
    },
    "left_wrist": {
        "x": 0.392485648393631,
        "y": 0.5633062720298767,
        "z": 0.12147272378206253
    },
    "right_wrist": {
        "x": 0.3959254324436188,
        "y": 0.574163019657135,
        "z": -0.11915601789951324
    },
    "left_pinky": {
        "x": 0.4003409147262573,
        "y": 0.568541407585144,
        "z": 0.1269705444574356
    },
    "right_pinky": {
        "x": 0.4098361134529114,
        "y": 0.5764144659042358,
        "z": -0.13102732598781586
    },
    "left_index": {
        "x": 0.41019967198371887,
        "y": 0.5537218451499939,
        "z": 0.10576941817998886
    },
    "right_index": {
        "x": 0.41028761863708496,
        "y": 0.5669736266136169,
        "z": -0.12039510905742645
    },
    "left_thumb": {
        "x": 0.4073866605758667,
        "y": 0.5524176359176636,
        "z": 0.11071073263883591
    },
    "right_thumb": {
        "x": 0.40454161167144775,
        "y": 0.5661627054214478,
        "z": -0.11175116896629333
    },
    "left_hip": {
        "x": 0.3654051721096039,
        "y": 0.617529571056366,
        "z": 0.08404728770256042
    },
    "right_hip": {
        "x": 0.3600347638130188,
        "y": 0.6327371001243591,
        "z": -0.08390917629003525
    },
    "left_knee": {
        "x": 0.4340394139289856,
        "y": 0.5751664638519287,
        "z": 0.10526387393474579
    },
    "right_knee": {
        "x": 0.4399372339248657,
        "y": 0.607970654964447,
        "z": -0.07749400287866592
    },
    "left_ankle": {
        "x": 0.49309930205345154,
        "y": 0.5995197892189026,
        "z": 0.16035188734531403
    },
    "right_ankle": {
        "x": 0.4974496364593506,
        "y": 0.6135299205780029,
        "z": -0.029156232252717018
    },
    "left_heel": {
        "x": 0.4998001754283905,
        "y": 0.6154182553291321,
        "z": 0.16313429176807404
    },
    "right_heel": {
        "x": 0.5039007663726807,
        "y": 0.6288214325904846,
        "z": -0.02530892938375473
    },
    "left_foot_index": {
        "x": 0.5172432661056519,
        "y": 0.5644354224205017,
        "z": 0.13787658512592316
    },
    "right_foot_index": {
        "x": 0.518628716468811,
        "y": 0.5701323747634888,
        "z": -0.06343774497509003
    }
}