{
    "nose": {
        "x": 0.4473646879196167,
        "y": 0.39024829864501953,
        "z": 0.0008960245759226382
    },
    "left_eye_inner": {
        "x": 0.44830188155174255,
        "y": 0.3789462149143219,
        "z": -0.010802393779158592
    },
    "left_eye": {
        "x": 0.44662994146347046,
        "y": 0.3764699101448059,
        "z": -0.010802095755934715
    },
    "left_eye_outer": {
        "x": 0.44493567943573,
        "y": 0.3742915987968445,
        "z": -0.01085550058633089
    },
    "right_eye_inner": {
        "x": 0.4523002505302429,
        "y": 0.38476690649986267,
        "z": -0.022492555901408195
    },
    "right_eye": {
        "x": 0.45332440733909607,
        "y": 0.3862164318561554,
        "z": -0.022534824907779694
    },
    "right_eye_outer": {
        "x": 0.4542810916900635,
        "y": 0.3877662122249603,
        "z": -0.022608695551753044
    },
    "left_ear": {
        "x": 0.4395928680896759,
        "y": 0.37425506114959717,
        "z": -0.041958991438150406
    },
    "right_ear": {
        "x": 0.4511930048465729,
        "y": 0.3902764320373535,
        "z": -0.0927254781126976
    },
    "mouth_left": {
        "x": 0.4399493932723999,
        "y": 0.39263075590133667,
        "z": -0.004822107031941414
    },
    "mouth_right": {
        "x": 0.44503548741340637,
        "y": 0.39970162510871887,
        "z": -0.01976144313812256
    },
    "left_shoulder": {
        "x": 0.3956032991409302,
        "y": 0.40140753984451294,
        "z": 0.004706944804638624
    },
    "right_shoulder": {
        "x": 0.4377186894416809,
        "y": 0.46672773361206055,
        "z": -0.1395386904478073
    },
    "left_elbow": {
        "x": 0.3710024654865265,
        "y": 0.4714668393135071,
        "z": 0.12782135605812073
    },
    "right_elbow": {
        "x": 0.4184950590133667,
        "y": 0.551663339138031,
        "z": -0.08867159485816956
    },
    "left_wrist": {
        "x": 0.3880496919155121,
        "y": 0.49583813548088074,
        "z": 0.22497552633285522
    },
    "right_wrist": {
        "x": 0.4572354257106781,
        "y": 0.5832828879356384,
        "z": 0.01816250942647457
    },
    "left_pinky": {
        "x": 0.38967809081077576,
        "y": 0.49925497174263,
        "z": 0.24191436171531677
    },
    "right_pinky": {
        "x": 0.466157466173172,
        "y": 0.6009357571601868,
        "z": 0.017351608723402023
    },
    "left_index": {
        "x": 0.39573127031326294,
        "y": 0.4962466061115265,
        "z": 0.22889366745948792
    },
    "right_index": {
        "x": 0.47049200534820557,
        "y": 0.5868309736251831,
        "z": 0.018978090956807137
    },
    "left_thumb": {
        "x": 0.3969036042690277,
        "y": 0.497236043214798,
        "z": 0.22238852083683014
    },
    "right_thumb": {
        "x": 0.467535138130188,
        "y": 0.5797222852706909,
        "z": 0.02192598581314087
    },
    "left_hip": {
        "x": 0.38209959864616394,
        "y": 0.5648038983345032,
        "z": 0.06168650463223457
    },
    "right_hip": {
        "x": 0.4027523398399353,
        "y": 0.5897341966629028,
        "z": -0.06170116737484932
    },
    "left_knee": {
        "x": 0.4257376194000244,
        "y": 0.6365079879760742,
        "z": 0.16129307448863983
    },
    "right_knee": {
        "x": 0.43058380484580994,
        "y": 0.6848687529563904,
        "z": 0.03830632567405701
    },
    "left_ankle": {
        "x": 0.41222748160362244,
        "y": 0.7508182525634766,
        "z": 0.285553514957428
    },
    "right_ankle": {
        "x": 0.4063914120197296,
        "y": 0.7951110601425171,
        "z": 0.15491987764835358
    },
    "left_heel": {
        "x": 0.4057105779647827,
        "y": 0.7657069563865662,
        "z": 0.2989243268966675
    },
    "right_heel": {
        "x": 0.3955366015434265,
        "y": 0.8149166107177734,
        "z": 0.16793256998062134
    },
    "left_foot_index": {
        "x": 0.43905341625213623,
        "y": 0.7653624415397644,
        "z": 0.3055722713470459
    },
    "right_foot_index": {
        "x": 0.43638455867767334,
        "y": 0.8041449189186096,
        "z": 0.15737630426883698
    }
}