{
    "nose": {
        "x": 0.3756770193576813,
        "y": 0.4478003680706024,
        "z": -0.053016241639852524
    },
    "left_eye_inner": {
        "x": 0.37427952885627747,
        "y": 0.43550384044647217,
        "z": -0.044636160135269165
    },
    "left_eye": {
        "x": 0.3740144670009613,
        "y": 0.4350597560405731,
        "z": -0.04465468227863312
    },
    "left_eye_outer": {
        "x": 0.37371060252189636,
        "y": 0.4345482885837555,
        "z": -0.044683024287223816
    },
    "right_eye_inner": {
        "x": 0.3731321394443512,
        "y": 0.4352039098739624,
        "z": -0.0718427374958992
    },
    "right_eye": {
        "x": 0.372085839509964,
        "y": 0.43481647968292236,
        "z": -0.07190904021263123
    },
    "right_eye_outer": {
        "x": 0.37095415592193604,
        "y": 0.4344618618488312,
        "z": -0.07196510583162308
    },
    "left_ear": {
        "x": 0.36622855067253113,
        "y": 0.4344625473022461,
        "z": 0.003167316084727645
    },
    "right_ear": {
        "x": 0.36411112546920776,
        "y": 0.43534576892852783,
        "z": -0.11973866820335388
    },
    "mouth_left": {
        "x": 0.37256184220314026,
        "y": 0.455772340297699,
        "z": -0.032204460352659225
    },
    "mouth_right": {
        "x": 0.3709121644496918,
        "y": 0.4550929665565491,
        "z": -0.06797648966312408
    },
    "left_shoulder": {
        "x": 0.3519259989261627,
        "y": 0.48403358459472656,
        "z": 0.07964462786912918
    },
    "right_shoulder": {
        "x": 0.3444474935531616,
        "y": 0.48584386706352234,
        "z": -0.16830936074256897
    },
    "left_elbow": {
        "x": 0.371700644493103,
        "y": 0.5615256428718567,
        "z": 0.10566249489784241
    },
    "right_elbow": {
        "x": 0.35484549403190613,
        "y": 0.5786435604095459,
        "z": -0.17697910964488983
    },
    "left_wrist": {
        "x": 0.3955190181732178,
        "y": 0.5514337420463562,
        "z": 0.016223035752773285
    },
    "right_wrist": {
        "x": 0.40159472823143005,
        "y": 0.5634682774543762,
        "z": -0.10011555999517441
    },
    "left_pinky": {
        "x": 0.39773932099342346,
        "y": 0.5580527782440186,
        "z": 0.008604233153164387
    },
    "right_pinky": {
        "x": 0.41690289974212646,
        "y": 0.5615241527557373,
        "z": -0.10973893851041794
    },
    "left_index": {
        "x": 0.39727547764778137,
        "y": 0.5490171909332275,
        "z": -0.007851457223296165
    },
    "right_index": {
        "x": 0.4150749444961548,
        "y": 0.5474077463150024,
        "z": -0.10455501824617386
    },
    "left_thumb": {
        "x": 0.39835843443870544,
        "y": 0.5495595335960388,
        "z": 0.005625677295029163
    },
    "right_thumb": {
        "x": 0.4087338149547577,
        "y": 0.5483763217926025,
        "z": -0.09428854286670685
    },
    "left_hip": {
        "x": 0.36622413992881775,
        "y": 0.6241865158081055,
        "z": 0.08257509022951126
    },
    "right_hip": {
        "x": 0.36131051182746887,
        "y": 0.6368876099586487,
        "z": -0.08241163939237595
    },
    "left_knee": {
        "x": 0.4366515874862671,
        "y": 0.585180401802063,
        "z": 0.08513323962688446
    },
    "right_knee": {
        "x": 0.43969136476516724,
        "y": 0.5958707928657532,
        "z": -0.0871715322136879
    },
    "left_ankle": {
        "x": 0.48992663621902466,
        "y": 0.6263696551322937,
        "z": 0.12115363031625748
    },
    "right_ankle": {
        "x": 0.4867924749851227,
        "y": 0.647375762462616,
        "z": -0.024954309687018394
    },
    "left_heel": {
        "x": 0.4937504529953003,
        "y": 0.6455106139183044,
        "z": 0.12207024544477463
    },
    "right_heel": {
        "x": 0.48807916045188904,
        "y": 0.6707051396369934,
        "z": -0.01888355426490307
    },
    "left_foot_index": {
        "x": 0.5180683732032776,
        "y": 0.5958849787712097,
        "z": 0.09716533869504929
    },
    "right_foot_index": {
        "x": 0.5155072808265686,
        "y": 0.6147423982620239,
        "z": -0.04486043006181717
    }
}