{
    "nose": {
        "x": 0.247473806142807,
        "y": 0.38006871938705444,
        "z": -0.622725784778595
    },
    "left_eye_inner": {
        "x": 0.25513237714767456,
        "y": 0.36413654685020447,
        "z": -0.622710645198822
    },
    "left_eye": {
        "x": 0.25902825593948364,
        "y": 0.3607390820980072,
        "z": -0.6227575540542603
    },
    "left_eye_outer": {
        "x": 0.2626011371612549,
        "y": 0.3568776249885559,
        "z": -0.6228933930397034
    },
    "right_eye_inner": {
        "x": 0.2413993775844574,
        "y": 0.36441850662231445,
        "z": -0.6337727308273315
    },
    "right_eye": {
        "x": 0.23632213473320007,
        "y": 0.36109739542007446,
        "z": -0.6338775157928467
    },
    "right_eye_outer": {
        "x": 0.23151704668998718,
        "y": 0.35733169317245483,
        "z": -0.6339313983917236
    },
    "left_ear": {
        "x": 0.2657111883163452,
        "y": 0.3324137330055237,
        "z": -0.5302264094352722
    },
    "right_ear": {
        "x": 0.21549123525619507,
        "y": 0.32791584730148315,
        "z": -0.5787137746810913
    },
    "mouth_left": {
        "x": 0.251736581325531,
        "y": 0.3820374608039856,
        "z": -0.5773918032646179
    },
    "mouth_right": {
        "x": 0.23706580698490143,
        "y": 0.3809785842895508,
        "z": -0.5916168093681335
    },
    "left_shoulder": {
        "x": 0.28531917929649353,
        "y": 0.3529736399650574,
        "z": -0.3916414976119995
    },
    "right_shoulder": {
        "x": 0.1615038365125656,
        "y": 0.3473135232925415,
        "z": -0.468529611825943
    },
    "left_elbow": {
        "x": 0.2869769334793091,
        "y": 0.5033308267593384,
        "z": -0.36254093050956726
    },
    "right_elbow": {
        "x": 0.14730894565582275,
        "y": 0.5096381902694702,
        "z": -0.4639301598072052
    },
    "left_wrist": {
        "x": 0.29886460304260254,
        "y": 0.6392993927001953,
        "z": -0.3916201889514923
    },
    "right_wrist": {
        "x": 0.15462420880794525,
        "y": 0.6499118804931641,
        "z": -0.496267169713974
    },
    "left_pinky": {
        "x": 0.3093816637992859,
        "y": 0.667860746383667,
        "z": -0.42152154445648193
    },
    "right_pinky": {
        "x": 0.1420678347349167,
        "y": 0.6817855834960938,
        "z": -0.5361093282699585
    },
    "left_index": {
        "x": 0.30031296610832214,
        "y": 0.6729625463485718,
        "z": -0.44444501399993896
    },
    "right_index": {
        "x": 0.14831523597240448,
        "y": 0.687717080116272,
        "z": -0.5539340376853943
    },
    "left_thumb": {
        "x": 0.29237258434295654,
        "y": 0.6637991070747375,
        "z": -0.4028843641281128
    },
    "right_thumb": {
        "x": 0.15525637567043304,
        "y": 0.6766180396080017,
        "z": -0.5053802132606506
    },
    "left_hip": {
        "x": 0.23983736336231232,
        "y": 0.5029571652412415,
        "z": 0.014822366647422314
    },
    "right_hip": {
        "x": 0.1822969764471054,
        "y": 0.5010846853256226,
        "z": -0.014875366352498531
    },
    "left_knee": {
        "x": 0.2529119849205017,
        "y": 0.6587845087051392,
        "z": 0.14202262461185455
    },
    "right_knee": {
        "x": 0.18948893249034882,
        "y": 0.6572792530059814,
        "z": 0.1417614221572876
    },
    "left_ankle": {
        "x": 0.26366791129112244,
        "y": 0.7561728954315186,
        "z": 0.43929749727249146
    },
    "right_ankle": {
        "x": 0.18610802292823792,
        "y": 0.7485324144363403,
        "z": 0.43138131499290466
    },
    "left_heel": {
        "x": 0.24889571964740753,
        "y": 0.7614943981170654,
        "z": 0.465851366519928
    },
    "right_heel": {
        "x": 0.1870579719543457,
        "y": 0.7555307745933533,
        "z": 0.45818808674812317
    },
    "left_foot_index": {
        "x": 0.2728552520275116,
        "y": 0.8103741407394409,
        "z": 0.39244234561920166
    },
    "right_foot_index": {
        "x": 0.183824360370636,
        "y": 0.8134629130363464,
        "z": 0.3832160532474518
    }
}