{
    "nose": {
        "x": 0.23271943628787994,
        "y": 0.23474712669849396,
        "z": -0.5785170793533325
    },
    "left_eye_inner": {
        "x": 0.24070090055465698,
        "y": 0.21850578486919403,
        "z": -0.5790219306945801
    },
    "left_eye": {
        "x": 0.24485570192337036,
        "y": 0.2170618623495102,
        "z": -0.5790268182754517
    },
    "left_eye_outer": {
        "x": 0.2488582730293274,
        "y": 0.2149297147989273,
        "z": -0.5791602730751038
    },
    "right_eye_inner": {
        "x": 0.2268810272216797,
        "y": 0.21587295830249786,
        "z": -0.579607367515564
    },
    "right_eye": {
        "x": 0.2222401201725006,
        "y": 0.21295221149921417,
        "z": -0.5797284841537476
    },
    "right_eye_outer": {
        "x": 0.21821163594722748,
        "y": 0.20990194380283356,
        "z": -0.5798041820526123
    },
    "left_ear": {
        "x": 0.2571820914745331,
        "y": 0.19879592955112457,
        "z": -0.4820021688938141
    },
    "right_ear": {
        "x": 0.21190500259399414,
        "y": 0.1914745718240738,
        "z": -0.48563164472579956
    },
    "mouth_left": {
        "x": 0.23969309031963348,
        "y": 0.2463729977607727,
        "z": -0.5323494076728821
    },
    "mouth_right": {
        "x": 0.22522002458572388,
        "y": 0.2434913069009781,
        "z": -0.5336050987243652
    },
    "left_shoulder": {
        "x": 0.28896957635879517,
        "y": 0.2377789467573166,
        "z": -0.34931623935699463
    },
    "right_shoulder": {
        "x": 0.17441315948963165,
        "y": 0.24637603759765625,
        "z": -0.35871851444244385
    },
    "left_elbow": {
        "x": 0.29354673624038696,
        "y": 0.39396196603775024,
        "z": -0.2870069742202759
    },
    "right_elbow": {
        "x": 0.17103511095046997,
        "y": 0.40615183115005493,
        "z": -0.3016108274459839
    },
    "left_wrist": {
        "x": 0.3054831624031067,
        "y": 0.5412999391555786,
        "z": -0.30971285700798035
    },
    "right_wrist": {
        "x": 0.17047253251075745,
        "y": 0.5428115725517273,
        "z": -0.3343349099159241
    },
    "left_pinky": {
        "x": 0.3126363754272461,
        "y": 0.5783039331436157,
        "z": -0.33120641112327576
    },
    "right_pinky": {
        "x": 0.16500972211360931,
        "y": 0.5807942748069763,
        "z": -0.3527029752731323
    },
    "left_index": {
        "x": 0.3074171543121338,
        "y": 0.5815133452415466,
        "z": -0.35571539402008057
    },
    "right_index": {
        "x": 0.17032648622989655,
        "y": 0.5835595726966858,
        "z": -0.37985557317733765
    },
    "left_thumb": {
        "x": 0.30283021926879883,
        "y": 0.5715428590774536,
        "z": -0.3190177381038666
    },
    "right_thumb": {
        "x": 0.17471137642860413,
        "y": 0.5713351964950562,
        "z": -0.34371235966682434
    },
    "left_hip": {
        "x": 0.26603472232818604,
        "y": 0.44490164518356323,
        "z": 0.005208856891840696
    },
    "right_hip": {
        "x": 0.20993024110794067,
        "y": 0.45283088088035583,
        "z": -0.0053028990514576435
    },
    "left_knee": {
        "x": 0.27651703357696533,
        "y": 0.6396711468696594,
        "z": -0.03387098386883736
    },
    "right_knee": {
        "x": 0.2294323891401291,
        "y": 0.635567307472229,
        "z": 0.0029788189567625523
    },
    "left_ankle": {
        "x": 0.2691589593887329,
        "y": 0.7481340765953064,
        "z": 0.2132536768913269
    },
    "right_ankle": {
        "x": 0.23602601885795593,
        "y": 0.7565432190895081,
        "z": 0.2015247792005539
    },
    "left_heel": {
        "x": 0.26387709379196167,
        "y": 0.7572242021560669,
        "z": 0.2339899241924286
    },
    "right_heel": {
        "x": 0.23613743484020233,
        "y": 0.7717738747596741,
        "z": 0.21879842877388
    },
    "left_foot_index": {
        "x": 0.2801002562046051,
        "y": 0.7928617000579834,
        "z": 0.15791617333889008
    },
    "right_foot_index": {
        "x": 0.237183079123497,
        "y": 0.7991926670074463,
        "z": 0.12045465409755707
    }
}