{
    "nose": {
        "x": 0.23551540076732635,
        "y": 0.2166203111410141,
        "z": -0.3603532016277313
    },
    "left_eye_inner": {
        "x": 0.24281463027000427,
        "y": 0.20036281645298004,
        "z": -0.36572036147117615
    },
    "left_eye": {
        "x": 0.24665823578834534,
        "y": 0.19916334748268127,
        "z": -0.3657543659210205
    },
    "left_eye_outer": {
        "x": 0.25056907534599304,
        "y": 0.1973041445016861,
        "z": -0.3658885061740875
    },
    "right_eye_inner": {
        "x": 0.2300628125667572,
        "y": 0.19700463116168976,
        "z": -0.36501365900039673
    },
    "right_eye": {
        "x": 0.2256699800491333,
        "y": 0.19388307631015778,
        "z": -0.36512473225593567
    },
    "right_eye_outer": {
        "x": 0.2216881513595581,
        "y": 0.18992814421653748,
        "z": -0.36523428559303284
    },
    "left_ear": {
        "x": 0.2589084804058075,
        "y": 0.18166491389274597,
        "z": -0.31959933042526245
    },
    "right_ear": {
        "x": 0.21540920436382294,
        "y": 0.17324909567832947,
        "z": -0.31612858176231384
    },
    "mouth_left": {
        "x": 0.24143943190574646,
        "y": 0.23059889674186707,
        "z": -0.3353302776813507
    },
    "mouth_right": {
        "x": 0.22811035811901093,
        "y": 0.22809049487113953,
        "z": -0.3346236050128937
    },
    "left_shoulder": {
        "x": 0.28896063566207886,
        "y": 0.23309820890426636,
        "z": -0.2528859078884125
    },
    "right_shoulder": {
        "x": 0.17668715119361877,
        "y": 0.23693829774856567,
        "z": -0.2398119568824768
    },
    "left_elbow": {
        "x": 0.2942214906215668,
        "y": 0.38813516497612,
        "z": -0.21833685040473938
    },
    "right_elbow": {
        "x": 0.17238493263721466,
        "y": 0.3877466320991516,
        "z": -0.1980433464050293
    },
    "left_wrist": {
        "x": 0.3063882291316986,
        "y": 0.5215083360671997,
        "z": -0.20886486768722534
    },
    "right_wrist": {
        "x": 0.17254936695098877,
        "y": 0.5144009590148926,
        "z": -0.19546455144882202
    },
    "left_pinky": {
        "x": 0.3139106333255768,
        "y": 0.5550997853279114,
        "z": -0.21725700795650482
    },
    "right_pinky": {
        "x": 0.16406619548797607,
        "y": 0.5550516843795776,
        "z": -0.1994445025920868
    },
    "left_index": {
        "x": 0.3082278370857239,
        "y": 0.5566585063934326,
        "z": -0.23125390708446503
    },
    "right_index": {
        "x": 0.1713997721672058,
        "y": 0.5595778822898865,
        "z": -0.21719954907894135
    },
    "left_thumb": {
        "x": 0.30444610118865967,
        "y": 0.548405647277832,
        "z": -0.21324977278709412
    },
    "right_thumb": {
        "x": 0.17654331028461456,
        "y": 0.5487353801727295,
        "z": -0.20108604431152344
    },
    "left_hip": {
        "x": 0.2637796401977539,
        "y": 0.4384344220161438,
        "z": -0.009143512696027756
    },
    "right_hip": {
        "x": 0.2104375660419464,
        "y": 0.4411837160587311,
        "z": 0.008790784515440464
    },
    "left_knee": {
        "x": 0.2739138901233673,
        "y": 0.6253968477249146,
        "z": -0.02891918271780014
    },
    "right_knee": {
        "x": 0.2273494303226471,
        "y": 0.6254699230194092,
        "z": 0.02522871643304825
    },
    "left_ankle": {
        "x": 0.27949097752571106,
        "y": 0.7504517436027527,
        "z": 0.08363985270261765
    },
    "right_ankle": {
        "x": 0.23743882775306702,
        "y": 0.7417978644371033,
        "z": 0.12789592146873474
    },
    "left_heel": {
        "x": 0.2783830761909485,
        "y": 0.7599184513092041,
        "z": 0.09062452614307404
    },
    "right_heel": {
        "x": 0.2392464280128479,
        "y": 0.7538344860076904,
        "z": 0.13587510585784912
    },
    "left_foot_index": {
        "x": 0.2775256931781769,
        "y": 0.7955442667007446,
        "z": 0.027101315557956696
    },
    "right_foot_index": {
        "x": 0.24187889695167542,
        "y": 0.806580126285553,
        "z": 0.07288021594285965
    }
}