{
    "nose": {
        "x": 0.3396499752998352,
        "y": 0.763941764831543,
        "z": -0.05457136780023575
    },
    "left_eye_inner": {
        "x": 0.3515227437019348,
        "y": 0.7696892023086548,
        "z": -0.05048111081123352
    },
    "left_eye": {
        "x": 0.3532990515232086,
        "y": 0.767734169960022,
        "z": -0.05052341893315315
    },
    "left_eye_outer": {
        "x": 0.35521864891052246,
        "y": 0.7657259702682495,
        "z": -0.0506293959915638
    },
    "right_eye_inner": {
        "x": 0.3503720164299011,
        "y": 0.77021324634552,
        "z": -0.07763339579105377
    },
    "right_eye": {
        "x": 0.3510045111179352,
        "y": 0.7686139941215515,
        "z": -0.07765986770391464
    },
    "right_eye_outer": {
        "x": 0.351729154586792,
        "y": 0.7668144702911377,
        "z": -0.07763215154409409
    },
    "left_ear": {
        "x": 0.3635745942592621,
        "y": 0.7428483963012695,
        "z": -0.015598814934492111
    },
    "right_ear": {
        "x": 0.35507696866989136,
        "y": 0.7468922138214111,
        "z": -0.1400671750307083
    },
    "mouth_left": {
        "x": 0.3361417055130005,
        "y": 0.7429109215736389,
        "z": -0.03661612421274185
    },
    "mouth_right": {
        "x": 0.3347267806529999,
        "y": 0.7422868013381958,
        "z": -0.07283735275268555
    },
    "left_shoulder": {
        "x": 0.3495767116546631,
        "y": 0.6563270092010498,
        "z": 0.06075237691402435
    },
    "right_shoulder": {
        "x": 0.30529847741127014,
        "y": 0.6701416373252869,
        "z": -0.18038254976272583
    },
    "left_elbow": {
        "x": 0.3003418743610382,
        "y": 0.6889986395835876,
        "z": 0.16783805191516876
    },
    "right_elbow": {
        "x": 0.21966595947742462,
        "y": 0.7193384170532227,
        "z": -0.218431755900383
    },
    "left_wrist": {
        "x": 0.2856620252132416,
        "y": 0.8052207827568054,
        "z": 0.16495080292224884
    },
    "right_wrist": {
        "x": 0.2211163192987442,
        "y": 0.8584740161895752,
        "z": -0.19016383588314056
    },
    "left_pinky": {
        "x": 0.2921133041381836,
        "y": 0.8398004174232483,
        "z": 0.17330676317214966
    },
    "right_pinky": {
        "x": 0.22108148038387299,
        "y": 0.8983873128890991,
        "z": -0.2262270748615265
    },
    "left_index": {
        "x": 0.28909409046173096,
        "y": 0.844673752784729,
        "z": 0.13332054018974304
    },
    "right_index": {
        "x": 0.23922502994537354,
        "y": 0.8976922631263733,
        "z": -0.21220315992832184
    },
    "left_thumb": {
        "x": 0.2832828760147095,
        "y": 0.8331536650657654,
        "z": 0.14915111660957336
    },
    "right_thumb": {
        "x": 0.2395676225423813,
        "y": 0.8849266767501831,
        "z": -0.1866728961467743
    },
    "left_hip": {
        "x": 0.22254328429698944,
        "y": 0.5001096129417419,
        "z": 0.08682771027088165
    },
    "right_hip": {
        "x": 0.18830706179141998,
        "y": 0.5079893469810486,
        "z": -0.08667375892400742
    },
    "left_knee": {
        "x": 0.25834646821022034,
        "y": 0.7032313942909241,
        "z": 0.1813322901725769
    },
    "right_knee": {
        "x": 0.24399541318416595,
        "y": 0.7376537322998047,
        "z": -0.05825995281338692
    },
    "left_ankle": {
        "x": 0.20816096663475037,
        "y": 0.7587394118309021,
        "z": 0.30983495712280273
    },
    "right_ankle": {
        "x": 0.21878816187381744,
        "y": 0.8607110977172852,
        "z": 0.1032743901014328
    },
    "left_heel": {
        "x": 0.1938619166612625,
        "y": 0.7568109631538391,
        "z": 0.3214389383792877
    },
    "right_heel": {
        "x": 0.2038935422897339,
        "y": 0.8681987524032593,
        "z": 0.12058693915605545
    },
    "left_foot_index": {
        "x": 0.22545355558395386,
        "y": 0.8133584260940552,
        "z": 0.3253420293331146
    },
    "right_foot_index": {
        "x": 0.2595592439174652,
        "y": 0.920981764793396,
        "z": 0.12963373959064484
    }
}