{
    "nose": {
        "x": 0.19300226867198944,
        "y": 0.39356517791748047,
        "z": -0.6385864615440369
    },
    "left_eye_inner": {
        "x": 0.19537127017974854,
        "y": 0.3759930729866028,
        "z": -0.6484578847885132
    },
    "left_eye": {
        "x": 0.19857554137706757,
        "y": 0.37233516573905945,
        "z": -0.6484243869781494
    },
    "left_eye_outer": {
        "x": 0.20217685401439667,
        "y": 0.36789339780807495,
        "z": -0.6486749053001404
    },
    "right_eye_inner": {
        "x": 0.18713197112083435,
        "y": 0.37899553775787354,
        "z": -0.6309561729431152
    },
    "right_eye": {
        "x": 0.184392511844635,
        "y": 0.3775908648967743,
        "z": -0.6310572624206543
    },
    "right_eye_outer": {
        "x": 0.1815296709537506,
        "y": 0.3757219910621643,
        "z": -0.6311712265014648
    },
    "left_ear": {
        "x": 0.21642404794692993,
        "y": 0.3396209478378296,
        "z": -0.5927743911743164
    },
    "right_ear": {
        "x": 0.17912989854812622,
        "y": 0.3592644929885864,
        "z": -0.5145023465156555
    },
    "mouth_left": {
        "x": 0.20232148468494415,
        "y": 0.39358028769493103,
        "z": -0.6079759001731873
    },
    "mouth_right": {
        "x": 0.19336353242397308,
        "y": 0.3977504074573517,
        "z": -0.5853678584098816
    },
    "left_shoulder": {
        "x": 0.2833321988582611,
        "y": 0.35441938042640686,
        "z": -0.5126593112945557
    },
    "right_shoulder": {
        "x": 0.1683378964662552,
        "y": 0.3777678608894348,
        "z": -0.33824652433395386
    },
    "left_elbow": {
        "x": 0.3235704302787781,
        "y": 0.48924070596694946,
        "z": -0.5161449313163757
    },
    "right_elbow": {
        "x": 0.16807889938354492,
        "y": 0.5076136589050293,
        "z": -0.24714070558547974
    },
    "left_wrist": {
        "x": 0.3180280923843384,
        "y": 0.6394140124320984,
        "z": -0.561099648475647
    },
    "right_wrist": {
        "x": 0.16879504919052124,
        "y": 0.6262210607528687,
        "z": -0.27871283888816833
    },
    "left_pinky": {
        "x": 0.3259761929512024,
        "y": 0.6727534532546997,
        "z": -0.6109437942504883
    },
    "right_pinky": {
        "x": 0.16024798154830933,
        "y": 0.6567701697349548,
        "z": -0.29569607973098755
    },
    "left_index": {
        "x": 0.31389930844306946,
        "y": 0.6792428493499756,
        "z": -0.6216216087341309
    },
    "right_index": {
        "x": 0.16693368554115295,
        "y": 0.6631116271018982,
        "z": -0.3335886299610138
    },
    "left_thumb": {
        "x": 0.3085431754589081,
        "y": 0.6713292002677917,
        "z": -0.5668711066246033
    },
    "right_thumb": {
        "x": 0.17325927317142487,
        "y": 0.6538053750991821,
        "z": -0.29457226395606995
    },
    "left_hip": {
        "x": 0.3030296564102173,
        "y": 0.4847351014614105,
        "z": -0.04901641979813576
    },
    "right_hip": {
        "x": 0.2444497048854828,
        "y": 0.5001268982887268,
        "z": 0.04924742877483368
    },
    "left_knee": {
        "x": 0.27210384607315063,
        "y": 0.6450985670089722,
        "z": -0.13179360330104828
    },
    "right_knee": {
        "x": 0.24674361944198608,
        "y": 0.6613380908966064,
        "z": -0.06485515832901001
    },
    "left_ankle": {
        "x": 0.3032148480415344,
        "y": 0.7396790981292725,
        "z": 0.15085597336292267
    },
    "right_ankle": {
        "x": 0.26885727047920227,
        "y": 0.8122764229774475,
        "z": 0.15910348296165466
    },
    "left_heel": {
        "x": 0.31045758724212646,
        "y": 0.7412828803062439,
        "z": 0.1784965544939041
    },
    "right_heel": {
        "x": 0.2801381051540375,
        "y": 0.8286124467849731,
        "z": 0.1798737645149231
    },
    "left_foot_index": {
        "x": 0.30394217371940613,
        "y": 0.8133200407028198,
        "z": 0.13691186904907227
    },
    "right_foot_index": {
        "x": 0.25865426659584045,
        "y": 0.8848237991333008,
        "z": 0.10069020092487335
    }
}