{
    "nose": {
        "x": 0.2506248652935028,
        "y": 0.35765188932418823,
        "z": -0.6979262828826904
    },
    "left_eye_inner": {
        "x": 0.2576889991760254,
        "y": 0.3424745500087738,
        "z": -0.6944577097892761
    },
    "left_eye": {
        "x": 0.26177114248275757,
        "y": 0.3401155471801758,
        "z": -0.6944918036460876
    },
    "left_eye_outer": {
        "x": 0.2654409110546112,
        "y": 0.3374404311180115,
        "z": -0.6946718096733093
    },
    "right_eye_inner": {
        "x": 0.24586038291454315,
        "y": 0.3426915109157562,
        "z": -0.7088741064071655
    },
    "right_eye": {
        "x": 0.24145811796188354,
        "y": 0.3402940034866333,
        "z": -0.7090011835098267
    },
    "right_eye_outer": {
        "x": 0.2369425892829895,
        "y": 0.3371632397174835,
        "z": -0.7090684771537781
    },
    "left_ear": {
        "x": 0.26941004395484924,
        "y": 0.3156890273094177,
        "z": -0.5815187692642212
    },
    "right_ear": {
        "x": 0.22156043350696564,
        "y": 0.30846914649009705,
        "z": -0.6457268595695496
    },
    "mouth_left": {
        "x": 0.25380799174308777,
        "y": 0.36299604177474976,
        "z": -0.6452295184135437
    },
    "mouth_right": {
        "x": 0.24154356122016907,
        "y": 0.361324667930603,
        "z": -0.6639866828918457
    },
    "left_shoulder": {
        "x": 0.28800880908966064,
        "y": 0.342013955116272,
        "z": -0.4197591543197632
    },
    "right_shoulder": {
        "x": 0.16524551808834076,
        "y": 0.33845967054367065,
        "z": -0.5295833349227905
    },
    "left_elbow": {
        "x": 0.2896597981452942,
        "y": 0.5008687973022461,
        "z": -0.37712720036506653
    },
    "right_elbow": {
        "x": 0.1510448157787323,
        "y": 0.5078926086425781,
        "z": -0.5176938772201538
    },
    "left_wrist": {
        "x": 0.3007708191871643,
        "y": 0.6344985961914062,
        "z": -0.4233894348144531
    },
    "right_wrist": {
        "x": 0.1568569839000702,
        "y": 0.6507591605186462,
        "z": -0.5581582188606262
    },
    "left_pinky": {
        "x": 0.31132155656814575,
        "y": 0.669870138168335,
        "z": -0.45597657561302185
    },
    "right_pinky": {
        "x": 0.14507803320884705,
        "y": 0.682090699672699,
        "z": -0.5990146398544312
    },
    "left_index": {
        "x": 0.3036467730998993,
        "y": 0.673193097114563,
        "z": -0.48481133580207825
    },
    "right_index": {
        "x": 0.15200963616371155,
        "y": 0.6866424679756165,
        "z": -0.6216890811920166
    },
    "left_thumb": {
        "x": 0.2977404296398163,
        "y": 0.6639586091041565,
        "z": -0.4372016191482544
    },
    "right_thumb": {
        "x": 0.1583988070487976,
        "y": 0.6778658032417297,
        "z": -0.5680884718894958
    },
    "left_hip": {
        "x": 0.24609170854091644,
        "y": 0.5095049142837524,
        "z": 0.02315928228199482
    },
    "right_hip": {
        "x": 0.18855586647987366,
        "y": 0.5238605737686157,
        "z": -0.023237235844135284
    },
    "left_knee": {
        "x": 0.2679511606693268,
        "y": 0.7042373418807983,
        "z": 0.013947952538728714
    },
    "right_knee": {
        "x": 0.22093135118484497,
        "y": 0.7149047255516052,
        "z": 0.015923939645290375
    },
    "left_ankle": {
        "x": 0.2633361220359802,
        "y": 0.8221521377563477,
        "z": 0.36320218443870544
    },
    "right_ankle": {
        "x": 0.2176053822040558,
        "y": 0.8126753568649292,
        "z": 0.35997018218040466
    },
    "left_heel": {
        "x": 0.25658750534057617,
        "y": 0.8284285068511963,
        "z": 0.39421531558036804
    },
    "right_heel": {
        "x": 0.21576091647148132,
        "y": 0.817574143409729,
        "z": 0.39227917790412903
    },
    "left_foot_index": {
        "x": 0.2781400978565216,
        "y": 0.9027463793754578,
        "z": 0.3132658302783966
    },
    "right_foot_index": {
        "x": 0.21997760236263275,
        "y": 0.8852171301841736,
        "z": 0.31176072359085083
    }
}