{
    "nose": {
        "x": 0.23634372651576996,
        "y": 0.25848186016082764,
        "z": -0.5571079850196838
    },
    "left_eye_inner": {
        "x": 0.24244433641433716,
        "y": 0.24442611634731293,
        "z": -0.5593130588531494
    },
    "left_eye": {
        "x": 0.246403306722641,
        "y": 0.24151720106601715,
        "z": -0.5593414306640625
    },
    "left_eye_outer": {
        "x": 0.24988868832588196,
        "y": 0.2380237728357315,
        "z": -0.5594925880432129
    },
    "right_eye_inner": {
        "x": 0.2294497936964035,
        "y": 0.24483786523342133,
        "z": -0.5575043559074402
    },
    "right_eye": {
        "x": 0.22549524903297424,
        "y": 0.24251124262809753,
        "z": -0.5576052069664001
    },
    "right_eye_outer": {
        "x": 0.22208349406719208,
        "y": 0.239729642868042,
        "z": -0.5576925277709961
    },
    "left_ear": {
        "x": 0.2566770911216736,
        "y": 0.2201031595468521,
        "z": -0.47397419810295105
    },
    "right_ear": {
        "x": 0.21418406069278717,
        "y": 0.2229148894548416,
        "z": -0.4658283591270447
    },
    "mouth_left": {
        "x": 0.24355155229568481,
        "y": 0.26197609305381775,
        "z": -0.5157014727592468
    },
    "mouth_right": {
        "x": 0.22987210750579834,
        "y": 0.2638770341873169,
        "z": -0.5135970711708069
    },
    "left_shoulder": {
        "x": 0.28915905952453613,
        "y": 0.24456912279129028,
        "z": -0.35082316398620605
    },
    "right_shoulder": {
        "x": 0.180705726146698,
        "y": 0.25620266795158386,
        "z": -0.33057305216789246
    },
    "left_elbow": {
        "x": 0.2992786765098572,
        "y": 0.3742905557155609,
        "z": -0.3021256625652313
    },
    "right_elbow": {
        "x": 0.18057414889335632,
        "y": 0.37954622507095337,
        "z": -0.26788443326950073
    },
    "left_wrist": {
        "x": 0.30713126063346863,
        "y": 0.4878291189670563,
        "z": -0.33804401755332947
    },
    "right_wrist": {
        "x": 0.18578308820724487,
        "y": 0.4906553328037262,
        "z": -0.3023448586463928
    },
    "left_pinky": {
        "x": 0.3168470859527588,
        "y": 0.5123687982559204,
        "z": -0.3633973300457001
    },
    "right_pinky": {
        "x": 0.178482785820961,
        "y": 0.5193458795547485,
        "z": -0.32194483280181885
    },
    "left_index": {
        "x": 0.30947989225387573,
        "y": 0.5161218047142029,
        "z": -0.38768887519836426
    },
    "right_index": {
        "x": 0.18315467238426208,
        "y": 0.5218067765235901,
        "z": -0.34960922598838806
    },
    "left_thumb": {
        "x": 0.30467304587364197,
        "y": 0.508040189743042,
        "z": -0.3476410210132599
    },
    "right_thumb": {
        "x": 0.18800859153270721,
        "y": 0.511572539806366,
        "z": -0.3131366968154907
    },
    "left_hip": {
        "x": 0.2675309479236603,
        "y": 0.4143233597278595,
        "z": -0.005438396241515875
    },
    "right_hip": {
        "x": 0.21623671054840088,
        "y": 0.4199660122394562,
        "z": 0.005454770755022764
    },
    "left_knee": {
        "x": 0.27179771661758423,
        "y": 0.6024870276451111,
        "z": -0.059937141835689545
    },
    "right_knee": {
        "x": 0.2285780906677246,
        "y": 0.5875449776649475,
        "z": -0.0033307408448308706
    },
    "left_ankle": {
        "x": 0.26411956548690796,
        "y": 0.6610044836997986,
        "z": 0.2512306869029999
    },
    "right_ankle": {
        "x": 0.23722058534622192,
        "y": 0.675653338432312,
        "z": 0.25304627418518066
    },
    "left_heel": {
        "x": 0.26072320342063904,
        "y": 0.662774920463562,
        "z": 0.27913737297058105
    },
    "right_heel": {
        "x": 0.2380632609128952,
        "y": 0.6833257079124451,
        "z": 0.27672556042671204
    },
    "left_foot_index": {
        "x": 0.2678653299808502,
        "y": 0.7152528166770935,
        "z": 0.2200492024421692
    },
    "right_foot_index": {
        "x": 0.23764915764331818,
        "y": 0.7305132150650024,
        "z": 0.2021028697490692
    }
}