{
    "nose": {
        "x": 0.22094592452049255,
        "y": 0.30157506465911865,
        "z": -0.5255119204521179
    },
    "left_eye_inner": {
        "x": 0.2283850908279419,
        "y": 0.2849923074245453,
        "z": -0.5330196022987366
    },
    "left_eye": {
        "x": 0.23268195986747742,
        "y": 0.28177130222320557,
        "z": -0.5330434441566467
    },
    "left_eye_outer": {
        "x": 0.2367234230041504,
        "y": 0.2777191996574402,
        "z": -0.5331705808639526
    },
    "right_eye_inner": {
        "x": 0.2134423702955246,
        "y": 0.2849697768688202,
        "z": -0.5307871103286743
    },
    "right_eye": {
        "x": 0.2083606868982315,
        "y": 0.28164809942245483,
        "z": -0.5309097766876221
    },
    "right_eye_outer": {
        "x": 0.2040129452943802,
        "y": 0.27761486172676086,
        "z": -0.5310366153717041
    },
    "left_ear": {
        "x": 0.24580112099647522,
        "y": 0.2547398507595062,
        "z": -0.46258434653282166
    },
    "right_ear": {
        "x": 0.19469395279884338,
        "y": 0.25477099418640137,
        "z": -0.4532424807548523
    },
    "mouth_left": {
        "x": 0.22864991426467896,
        "y": 0.3057551383972168,
        "z": -0.48825234174728394
    },
    "mouth_right": {
        "x": 0.2123451828956604,
        "y": 0.3059702515602112,
        "z": -0.4858865439891815
    },
    "left_shoulder": {
        "x": 0.2817404866218567,
        "y": 0.29101377725601196,
        "z": -0.3535197973251343
    },
    "right_shoulder": {
        "x": 0.1544589102268219,
        "y": 0.3035476803779602,
        "z": -0.3239074945449829
    },
    "left_elbow": {
        "x": 0.2899029850959778,
        "y": 0.44793668389320374,
        "z": -0.3117047846317291
    },
    "right_elbow": {
        "x": 0.15560737252235413,
        "y": 0.4519554376602173,
        "z": -0.26076164841651917
    },
    "left_wrist": {
        "x": 0.29971304535865784,
        "y": 0.5736367702484131,
        "z": -0.343529611825943
    },
    "right_wrist": {
        "x": 0.16118773818016052,
        "y": 0.5832551121711731,
        "z": -0.28351637721061707
    },
    "left_pinky": {
        "x": 0.3082426190376282,
        "y": 0.6089279055595398,
        "z": -0.36888912320137024
    },
    "right_pinky": {
        "x": 0.15251833200454712,
        "y": 0.6184710264205933,
        "z": -0.29839178919792175
    },
    "left_index": {
        "x": 0.30108147859573364,
        "y": 0.6117252707481384,
        "z": -0.39023858308792114
    },
    "right_index": {
        "x": 0.15888860821723938,
        "y": 0.6206748485565186,
        "z": -0.3239785432815552
    },
    "left_thumb": {
        "x": 0.29555386304855347,
        "y": 0.6026967763900757,
        "z": -0.35160645842552185
    },
    "right_thumb": {
        "x": 0.16390687227249146,
        "y": 0.6074483394622803,
        "z": -0.29235342144966125
    },
    "left_hip": {
        "x": 0.25902044773101807,
        "y": 0.4878579378128052,
        "z": -0.010984858497977257
    },
    "right_hip": {
        "x": 0.1993711292743683,
        "y": 0.49837562441825867,
        "z": 0.010856258682906628
    },
    "left_knee": {
        "x": 0.2732960283756256,
        "y": 0.6930238008499146,
        "z": -0.01698952727019787
    },
    "right_knee": {
        "x": 0.2205660194158554,
        "y": 0.6736396551132202,
        "z": 0.06756147742271423
    },
    "left_ankle": {
        "x": 0.28360071778297424,
        "y": 0.7977327108383179,
        "z": 0.25118139386177063
    },
    "right_ankle": {
        "x": 0.23210111260414124,
        "y": 0.8013151288032532,
        "z": 0.2802383601665497
    },
    "left_heel": {
        "x": 0.2818625569343567,
        "y": 0.7998015880584717,
        "z": 0.2744589149951935
    },
    "right_heel": {
        "x": 0.23426572978496552,
        "y": 0.8137146234512329,
        "z": 0.29959195852279663
    },
    "left_foot_index": {
        "x": 0.28257012367248535,
        "y": 0.856872022151947,
        "z": 0.20745177567005157
    },
    "right_foot_index": {
        "x": 0.2361253947019577,
        "y": 0.8639189004898071,
        "z": 0.22170095145702362
    }
}