{
    "nose": {
        "x": 0.597668468952179,
        "y": 0.6582309007644653,
        "z": -0.06312189996242523
    },
    "left_eye_inner": {
        "x": 0.5981367230415344,
        "y": 0.6448292136192322,
        "z": -0.08589319884777069
    },
    "left_eye": {
        "x": 0.5987700819969177,
        "y": 0.6447834372520447,
        "z": -0.08595336973667145
    },
    "left_eye_outer": {
        "x": 0.5993959307670593,
        "y": 0.6448166370391846,
        "z": -0.0860365703701973
    },
    "right_eye_inner": {
        "x": 0.5985788702964783,
        "y": 0.6428571343421936,
        "z": -0.06063235178589821
    },
    "right_eye": {
        "x": 0.5995138883590698,
        "y": 0.6414775848388672,
        "z": -0.060639332979917526
    },
    "right_eye_outer": {
        "x": 0.6004823446273804,
        "y": 0.6400176286697388,
        "z": -0.06068570911884308
    },
    "left_ear": {
        "x": 0.6076714396476746,
        "y": 0.6433989405632019,
        "z": -0.14629733562469482
    },
    "right_ear": {
        "x": 0.6093572974205017,
        "y": 0.635675847530365,
        "z": -0.03192123770713806
    },
    "mouth_left": {
        "x": 0.6030659675598145,
        "y": 0.6670207381248474,
        "z": -0.08104174584150314
    },
    "mouth_right": {
        "x": 0.6031426787376404,
        "y": 0.6649938225746155,
        "z": -0.047793909907341
    },
    "left_shoulder": {
        "x": 0.6282093524932861,
        "y": 0.7067615985870361,
        "z": -0.19692960381507874
    },
    "right_shoulder": {
        "x": 0.6357866525650024,
        "y": 0.6716368198394775,
        "z": 0.04069113731384277
    },
    "left_elbow": {
        "x": 0.5589620471000671,
        "y": 0.7728830575942993,
        "z": -0.22140385210514069
    },
    "right_elbow": {
        "x": 0.5990667939186096,
        "y": 0.7303771376609802,
        "z": 0.13136272132396698
    },
    "left_wrist": {
        "x": 0.48379412293434143,
        "y": 0.7897279262542725,
        "z": -0.2025173306465149
    },
    "right_wrist": {
        "x": 0.5424189567565918,
        "y": 0.7613059878349304,
        "z": 0.17312565445899963
    },
    "left_pinky": {
        "x": 0.46399247646331787,
        "y": 0.7936119437217712,
        "z": -0.2320580929517746
    },
    "right_pinky": {
        "x": 0.5329477190971375,
        "y": 0.7581675052642822,
        "z": 0.1884041726589203
    },
    "left_index": {
        "x": 0.461061030626297,
        "y": 0.7869455814361572,
        "z": -0.21565957367420197
    },
    "right_index": {
        "x": 0.5287258625030518,
        "y": 0.7548642754554749,
        "z": 0.15626990795135498
    },
    "left_thumb": {
        "x": 0.46660175919532776,
        "y": 0.7875245809555054,
        "z": -0.19608785212039948
    },
    "right_thumb": {
        "x": 0.5317652225494385,
        "y": 0.7596739530563354,
        "z": 0.1615452617406845
    },
    "left_hip": {
        "x": 0.6398810744285583,
        "y": 0.9030095338821411,
        "z": -0.07136744260787964
    },
    "right_hip": {
        "x": 0.6243295669555664,
        "y": 0.8583104610443115,
        "z": 0.07162890583276749
    },
    "left_knee": {
        "x": 0.5552854537963867,
        "y": 0.974492073059082,
        "z": -0.1336212158203125
    },
    "right_knee": {
        "x": 0.5412076711654663,
        "y": 0.9166430234909058,
        "z": 0.08663634955883026
    },
    "left_ankle": {
        "x": 0.5722447633743286,
        "y": 1.0452934503555298,
        "z": 0.0897124856710434
    },
    "right_ankle": {
        "x": 0.546080470085144,
        "y": 0.9824460744857788,
        "z": 0.1769179403781891
    },
    "left_heel": {
        "x": 0.5825392603874207,
        "y": 1.04416024684906,
        "z": 0.11713281273841858
    },
    "right_heel": {
        "x": 0.5533820390701294,
        "y": 0.991417646408081,
        "z": 0.18912465870380402
    },
    "left_foot_index": {
        "x": 0.557874858379364,
        "y": 1.0751502513885498,
        "z": 0.17863567173480988
    },
    "right_foot_index": {
        "x": 0.5319753289222717,
        "y": 1.0086777210235596,
        "z": 0.22018341720104218
    }
}