{
    "nose": {
        "x": 0.6914499402046204,
        "y": 0.6126073002815247,
        "z": -0.13951940834522247
    },
    "left_eye_inner": {
        "x": 0.6953549981117249,
        "y": 0.6008467078208923,
        "z": -0.13273917138576508
    },
    "left_eye": {
        "x": 0.6954929232597351,
        "y": 0.5995699167251587,
        "z": -0.1327369511127472
    },
    "left_eye_outer": {
        "x": 0.6955525875091553,
        "y": 0.5981910824775696,
        "z": -0.13279519975185394
    },
    "right_eye_inner": {
        "x": 0.6941770315170288,
        "y": 0.6009069681167603,
        "z": -0.15592782199382782
    },
    "right_eye": {
        "x": 0.693539559841156,
        "y": 0.599705696105957,
        "z": -0.1559625267982483
    },
    "right_eye_outer": {
        "x": 0.692792534828186,
        "y": 0.5984084606170654,
        "z": -0.15599727630615234
    },
    "left_ear": {
        "x": 0.6900625824928284,
        "y": 0.586228609085083,
        "z": -0.08317793905735016
    },
    "right_ear": {
        "x": 0.6861544847488403,
        "y": 0.5880506634712219,
        "z": -0.18867895007133484
    },
    "mouth_left": {
        "x": 0.6864218711853027,
        "y": 0.6134046912193298,
        "z": -0.11681123077869415
    },
    "mouth_right": {
        "x": 0.6851317882537842,
        "y": 0.6125653982162476,
        "z": -0.14751571416854858
    },
    "left_shoulder": {
        "x": 0.6740257740020752,
        "y": 0.5866554975509644,
        "z": 0.0009503870387561619
    },
    "right_shoulder": {
        "x": 0.6514937877655029,
        "y": 0.6222046613693237,
        "z": -0.2079668939113617
    },
    "left_elbow": {
        "x": 0.6798081398010254,
        "y": 0.6386162042617798,
        "z": 0.10316675156354904
    },
    "right_elbow": {
        "x": 0.6203885674476624,
        "y": 0.7073339819908142,
        "z": -0.22429269552230835
    },
    "left_wrist": {
        "x": 0.7128832936286926,
        "y": 0.6815648674964905,
        "z": 0.11686620861291885
    },
    "right_wrist": {
        "x": 0.6295655369758606,
        "y": 0.777779757976532,
        "z": -0.20384925603866577
    },
    "left_pinky": {
        "x": 0.7261863946914673,
        "y": 0.687386155128479,
        "z": 0.12755908071994781
    },
    "right_pinky": {
        "x": 0.6241598725318909,
        "y": 0.7840139865875244,
        "z": -0.22525432705879211
    },
    "left_index": {
        "x": 0.7256003022193909,
        "y": 0.6948051452636719,
        "z": 0.10045497119426727
    },
    "right_index": {
        "x": 0.6288107633590698,
        "y": 0.779105007648468,
        "z": -0.22741353511810303
    },
    "left_thumb": {
        "x": 0.7192437052726746,
        "y": 0.6961744427680969,
        "z": 0.10596255958080292
    },
    "right_thumb": {
        "x": 0.6287854909896851,
        "y": 0.7749154567718506,
        "z": -0.2040749043226242
    },
    "left_hip": {
        "x": 0.6180741190910339,
        "y": 0.6859055757522583,
        "z": 0.07397417724132538
    },
    "right_hip": {
        "x": 0.5991337895393372,
        "y": 0.7172451019287109,
        "z": -0.07413684576749802
    },
    "left_knee": {
        "x": 0.6918177008628845,
        "y": 0.6841878294944763,
        "z": 0.11755585670471191
    },
    "right_knee": {
        "x": 0.6852673292160034,
        "y": 0.7032826542854309,
        "z": -0.13388969004154205
    },
    "left_ankle": {
        "x": 0.67851722240448,
        "y": 0.7726176977157593,
        "z": 0.1763102114200592
    },
    "right_ankle": {
        "x": 0.6888406872749329,
        "y": 0.7856074571609497,
        "z": 0.029164141044020653
    },
    "left_heel": {
        "x": 0.6702103614807129,
        "y": 0.7807560563087463,
        "z": 0.1818164587020874
    },
    "right_heel": {
        "x": 0.6821491718292236,
        "y": 0.7942367196083069,
        "z": 0.048587292432785034
    },
    "left_foot_index": {
        "x": 0.7030819654464722,
        "y": 0.7953108549118042,
        "z": 0.1877388060092926
    },
    "right_foot_index": {
        "x": 0.7165195941925049,
        "y": 0.7967177629470825,
        "z": 0.07098023593425751
    }
}