{
    "nose": {
        "x": 0.7279267907142639,
        "y": 0.4027785658836365,
        "z": -0.20304551720619202
    },
    "left_eye_inner": {
        "x": 0.7288102507591248,
        "y": 0.3905218541622162,
        "z": -0.22059166431427002
    },
    "left_eye": {
        "x": 0.7303054332733154,
        "y": 0.3892544209957123,
        "z": -0.2206091731786728
    },
    "left_eye_outer": {
        "x": 0.7318123579025269,
        "y": 0.38792532682418823,
        "z": -0.22066673636436462
    },
    "right_eye_inner": {
        "x": 0.7270879149436951,
        "y": 0.3911304473876953,
        "z": -0.19450309872627258
    },
    "right_eye": {
        "x": 0.7272464632987976,
        "y": 0.3903072774410248,
        "z": -0.19452638924121857
    },
    "right_eye_outer": {
        "x": 0.7274670600891113,
        "y": 0.3894420266151428,
        "z": -0.19457708299160004
    },
    "left_ear": {
        "x": 0.7438125610351562,
        "y": 0.38241320848464966,
        "z": -0.24931900203227997
    },
    "right_ear": {
        "x": 0.7375777959823608,
        "y": 0.3842800259590149,
        "z": -0.13159167766571045
    },
    "mouth_left": {
        "x": 0.7356756329536438,
        "y": 0.40923282504081726,
        "z": -0.20881929993629456
    },
    "mouth_right": {
        "x": 0.7335137128829956,
        "y": 0.4113819897174835,
        "z": -0.17477832734584808
    },
    "left_shoulder": {
        "x": 0.7880657911300659,
        "y": 0.43524110317230225,
        "z": -0.2625751793384552
    },
    "right_shoulder": {
        "x": 0.7426086664199829,
        "y": 0.41889089345932007,
        "z": -0.04020922631025314
    },
    "left_elbow": {
        "x": 0.7869408130645752,
        "y": 0.5345255732536316,
        "z": -0.27986326813697815
    },
    "right_elbow": {
        "x": 0.7383261322975159,
        "y": 0.4872807562351227,
        "z": 0.04263027012348175
    },
    "left_wrist": {
        "x": 0.7682828307151794,
        "y": 0.6230959296226501,
        "z": -0.2688226103782654
    },
    "right_wrist": {
        "x": 0.7235733866691589,
        "y": 0.5561472177505493,
        "z": 0.016244664788246155
    },
    "left_pinky": {
        "x": 0.7658879160881042,
        "y": 0.647322416305542,
        "z": -0.29585638642311096
    },
    "right_pinky": {
        "x": 0.7168447375297546,
        "y": 0.5679394006729126,
        "z": 0.016095930710434914
    },
    "left_index": {
        "x": 0.7596766948699951,
        "y": 0.6438960433006287,
        "z": -0.29643309116363525
    },
    "right_index": {
        "x": 0.7158559560775757,
        "y": 0.5697938203811646,
        "z": -0.013622969388961792
    },
    "left_thumb": {
        "x": 0.7599745988845825,
        "y": 0.6356458067893982,
        "z": -0.267678827047348
    },
    "right_thumb": {
        "x": 0.7200639247894287,
        "y": 0.5660261511802673,
        "z": 0.0031228926964104176
    },
    "left_hip": {
        "x": 0.7771774530410767,
        "y": 0.5978595614433289,
        "z": -0.0633694976568222
    },
    "right_hip": {
        "x": 0.7490533590316772,
        "y": 0.5801254510879517,
        "z": 0.06352856010198593
    },
    "left_knee": {
        "x": 0.7452287077903748,
        "y": 0.7014080286026001,
        "z": -0.0183641966432333
    },
    "right_knee": {
        "x": 0.7159626483917236,
        "y": 0.6881968975067139,
        "z": 0.1112091988325119
    },
    "left_ankle": {
        "x": 0.7213447690010071,
        "y": 0.8092317581176758,
        "z": 0.10293973982334137
    },
    "right_ankle": {
        "x": 0.7022080421447754,
        "y": 0.7882254719734192,
        "z": 0.2359413206577301
    },
    "left_heel": {
        "x": 0.7230998873710632,
        "y": 0.8276143670082092,
        "z": 0.11161954700946808
    },
    "right_heel": {
        "x": 0.7060264348983765,
        "y": 0.8077476620674133,
        "z": 0.2468450963497162
    },
    "left_foot_index": {
        "x": 0.7039941549301147,
        "y": 0.843478798866272,
        "z": 0.051736876368522644
    },
    "right_foot_index": {
        "x": 0.6776486039161682,
        "y": 0.8130625486373901,
        "z": 0.20169134438037872
    }
}