{
    "nose": {
        "x": 0.6182587146759033,
        "y": 0.40176501870155334,
        "z": -0.235203355550766
    },
    "left_eye_inner": {
        "x": 0.6200127601623535,
        "y": 0.38737955689430237,
        "z": -0.24463939666748047
    },
    "left_eye": {
        "x": 0.6220471858978271,
        "y": 0.3854122757911682,
        "z": -0.2446875125169754
    },
    "left_eye_outer": {
        "x": 0.6242187023162842,
        "y": 0.3834291398525238,
        "z": -0.24476173520088196
    },
    "right_eye_inner": {
        "x": 0.6163123250007629,
        "y": 0.38961276412010193,
        "z": -0.22100523114204407
    },
    "right_eye": {
        "x": 0.6156929135322571,
        "y": 0.3892706632614136,
        "z": -0.2209918200969696
    },
    "right_eye_outer": {
        "x": 0.6150755882263184,
        "y": 0.3889238238334656,
        "z": -0.22102905809879303
    },
    "left_ear": {
        "x": 0.6357292532920837,
        "y": 0.3778572678565979,
        "z": -0.23411230742931366
    },
    "right_ear": {
        "x": 0.6232846975326538,
        "y": 0.38290154933929443,
        "z": -0.12720711529254913
    },
    "mouth_left": {
        "x": 0.6276547908782959,
        "y": 0.40905335545539856,
        "z": -0.226738840341568
    },
    "mouth_right": {
        "x": 0.6221880912780762,
        "y": 0.4105355143547058,
        "z": -0.1957933008670807
    },
    "left_shoulder": {
        "x": 0.6777713894844055,
        "y": 0.4467049241065979,
        "z": -0.23705743253231049
    },
    "right_shoulder": {
        "x": 0.631019651889801,
        "y": 0.4301236569881439,
        "z": -0.01678784191608429
    },
    "left_elbow": {
        "x": 0.6818498373031616,
        "y": 0.5539353489875793,
        "z": -0.26564955711364746
    },
    "right_elbow": {
        "x": 0.6346431970596313,
        "y": 0.5014057755470276,
        "z": 0.05332571640610695
    },
    "left_wrist": {
        "x": 0.6695177555084229,
        "y": 0.6438696980476379,
        "z": -0.2871053218841553
    },
    "right_wrist": {
        "x": 0.6293852925300598,
        "y": 0.5850146412849426,
        "z": -0.021905329078435898
    },
    "left_pinky": {
        "x": 0.6675571203231812,
        "y": 0.6691572070121765,
        "z": -0.31949761509895325
    },
    "right_pinky": {
        "x": 0.622383177280426,
        "y": 0.6037623286247253,
        "z": -0.03219367936253548
    },
    "left_index": {
        "x": 0.6594749689102173,
        "y": 0.6650221347808838,
        "z": -0.3238067924976349
    },
    "right_index": {
        "x": 0.6217067241668701,
        "y": 0.6034830808639526,
        "z": -0.06427158415317535
    },
    "left_thumb": {
        "x": 0.659197211265564,
        "y": 0.6571263670921326,
        "z": -0.28773364424705505
    },
    "right_thumb": {
        "x": 0.6270269155502319,
        "y": 0.5966851115226746,
        "z": -0.03740838170051575
    },
    "left_hip": {
        "x": 0.6732904314994812,
        "y": 0.6232967972755432,
        "z": -0.06745237112045288
    },
    "right_hip": {
        "x": 0.6460487842559814,
        "y": 0.5993475317955017,
        "z": 0.06773301959037781
    },
    "left_knee": {
        "x": 0.6476466655731201,
        "y": 0.7304298877716064,
        "z": -0.17919133603572845
    },
    "right_knee": {
        "x": 0.6051695346832275,
        "y": 0.6608895063400269,
        "z": 0.007025428581982851
    },
    "left_ankle": {
        "x": 0.6178748607635498,
        "y": 0.8639681339263916,
        "z": -0.11400189995765686
    },
    "right_ankle": {
        "x": 0.6091214418411255,
        "y": 0.7711638808250427,
        "z": 0.1352853626012802
    },
    "left_heel": {
        "x": 0.6207016706466675,
        "y": 0.8681984543800354,
        "z": -0.11249525845050812
    },
    "right_heel": {
        "x": 0.615800142288208,
        "y": 0.7927354574203491,
        "z": 0.14647400379180908
    },
    "left_foot_index": {
        "x": 0.5844852328300476,
        "y": 0.8921253681182861,
        "z": -0.20689064264297485
    },
    "right_foot_index": {
        "x": 0.5813208222389221,
        "y": 0.7972252368927002,
        "z": 0.09877839684486389
    }
}