{
    "nose": {
        "x": 0.6289428472518921,
        "y": 0.39413684606552124,
        "z": -0.22528627514839172
    },
    "left_eye_inner": {
        "x": 0.6306816935539246,
        "y": 0.3785955309867859,
        "z": -0.23035171627998352
    },
    "left_eye": {
        "x": 0.6328582763671875,
        "y": 0.3765150010585785,
        "z": -0.23037424683570862
    },
    "left_eye_outer": {
        "x": 0.6352854371070862,
        "y": 0.3743530809879303,
        "z": -0.23040753602981567
    },
    "right_eye_inner": {
        "x": 0.6269376277923584,
        "y": 0.3813066780567169,
        "z": -0.21135930716991425
    },
    "right_eye": {
        "x": 0.6262143850326538,
        "y": 0.38125985860824585,
        "z": -0.2113572061061859
    },
    "right_eye_outer": {
        "x": 0.6255126595497131,
        "y": 0.3812529444694519,
        "z": -0.2113776057958603
    },
    "left_ear": {
        "x": 0.6468750238418579,
        "y": 0.37067630887031555,
        "z": -0.2056344598531723
    },
    "right_ear": {
        "x": 0.6327547430992126,
        "y": 0.3781115412712097,
        "z": -0.11885962635278702
    },
    "mouth_left": {
        "x": 0.6376497745513916,
        "y": 0.402585506439209,
        "z": -0.21224118769168854
    },
    "mouth_right": {
        "x": 0.6318666934967041,
        "y": 0.4043000042438507,
        "z": -0.1870919018983841
    },
    "left_shoulder": {
        "x": 0.6828175187110901,
        "y": 0.43196937441825867,
        "z": -0.21078532934188843
    },
    "right_shoulder": {
        "x": 0.6361779570579529,
        "y": 0.4287249743938446,
        "z": -0.004235337022691965
    },
    "left_elbow": {
        "x": 0.6817542910575867,
        "y": 0.5417157411575317,
        "z": -0.2363263964653015
    },
    "right_elbow": {
        "x": 0.6343395709991455,
        "y": 0.5009700059890747,
        "z": 0.07529979199171066
    },
    "left_wrist": {
        "x": 0.6674599647521973,
        "y": 0.639141857624054,
        "z": -0.26395198702812195
    },
    "right_wrist": {
        "x": 0.6208418607711792,
        "y": 0.5710423588752747,
        "z": 0.009669997729361057
    },
    "left_pinky": {
        "x": 0.6655080318450928,
        "y": 0.6681953072547913,
        "z": -0.2915992736816406
    },
    "right_pinky": {
        "x": 0.6144709587097168,
        "y": 0.5872611999511719,
        "z": 0.0010136599885299802
    },
    "left_index": {
        "x": 0.6573695540428162,
        "y": 0.6642603278160095,
        "z": -0.2970747947692871
    },
    "right_index": {
        "x": 0.6129668951034546,
        "y": 0.5865882635116577,
        "z": -0.029926910996437073
    },
    "left_thumb": {
        "x": 0.6567635536193848,
        "y": 0.6544502973556519,
        "z": -0.2652120590209961
    },
    "right_thumb": {
        "x": 0.6159632802009583,
        "y": 0.5830441117286682,
        "z": -0.005455578677356243
    },
    "left_hip": {
        "x": 0.678557276725769,
        "y": 0.6148326992988586,
        "z": -0.0675027146935463
    },
    "right_hip": {
        "x": 0.6490457653999329,
        "y": 0.5971511006355286,
        "z": 0.06770683825016022
    },
    "left_knee": {
        "x": 0.6516338586807251,
        "y": 0.7314733862876892,
        "z": -0.1290980726480484
    },
    "right_knee": {
        "x": 0.5898563861846924,
        "y": 0.6472022533416748,
        "z": -0.035989873111248016
    },
    "left_ankle": {
        "x": 0.6228411793708801,
        "y": 0.852001965045929,
        "z": -0.06515628099441528
    },
    "right_ankle": {
        "x": 0.6118094325065613,
        "y": 0.7662019729614258,
        "z": 0.06420481950044632
    },
    "left_heel": {
        "x": 0.6321211457252502,
        "y": 0.8915571570396423,
        "z": -0.06393081694841385
    },
    "right_heel": {
        "x": 0.6228017210960388,
        "y": 0.78407883644104,
        "z": 0.07221971452236176
    },
    "left_foot_index": {
        "x": 0.5949068069458008,
        "y": 0.9058588147163391,
        "z": -0.15838022530078888
    },
    "right_foot_index": {
        "x": 0.5871103405952454,
        "y": 0.8066508173942566,
        "z": 0.0285971537232399
    }
}