{
    "nose": {
        "x": 0.6990103721618652,
        "y": 0.4030224084854126,
        "z": -0.30637797713279724
    },
    "left_eye_inner": {
        "x": 0.6999279260635376,
        "y": 0.3915407955646515,
        "z": -0.315937340259552
    },
    "left_eye": {
        "x": 0.7020256519317627,
        "y": 0.390359491109848,
        "z": -0.31596729159355164
    },
    "left_eye_outer": {
        "x": 0.7042059898376465,
        "y": 0.38905665278434753,
        "z": -0.31606584787368774
    },
    "right_eye_inner": {
        "x": 0.6961471438407898,
        "y": 0.39170175790786743,
        "z": -0.29730460047721863
    },
    "right_eye": {
        "x": 0.695468008518219,
        "y": 0.3908449709415436,
        "z": -0.2973461151123047
    },
    "right_eye_outer": {
        "x": 0.6948233246803284,
        "y": 0.3899717926979065,
        "z": -0.2973983883857727
    },
    "left_ear": {
        "x": 0.7142353057861328,
        "y": 0.3822168707847595,
        "z": -0.2968143820762634
    },
    "right_ear": {
        "x": 0.7013154625892639,
        "y": 0.3846336603164673,
        "z": -0.21342216432094574
    },
    "mouth_left": {
        "x": 0.7070713639259338,
        "y": 0.4083837866783142,
        "z": -0.2935200035572052
    },
    "mouth_right": {
        "x": 0.7020655274391174,
        "y": 0.4090883135795593,
        "z": -0.26941317319869995
    },
    "left_shoulder": {
        "x": 0.7513536214828491,
        "y": 0.4307211637496948,
        "z": -0.2836245596408844
    },
    "right_shoulder": {
        "x": 0.702913761138916,
        "y": 0.41296106576919556,
        "z": -0.07934467494487762
    },
    "left_elbow": {
        "x": 0.7587127089500427,
        "y": 0.5328556895256042,
        "z": -0.2894418239593506
    },
    "right_elbow": {
        "x": 0.7055503129959106,
        "y": 0.4858149290084839,
        "z": 0.014670618809759617
    },
    "left_wrist": {
        "x": 0.7393200397491455,
        "y": 0.623047411441803,
        "z": -0.3084300756454468
    },
    "right_wrist": {
        "x": 0.6943928003311157,
        "y": 0.5576319098472595,
        "z": -0.026690196245908737
    },
    "left_pinky": {
        "x": 0.7369025349617004,
        "y": 0.6451764702796936,
        "z": -0.3408166766166687
    },
    "right_pinky": {
        "x": 0.6877864599227905,
        "y": 0.5699703097343445,
        "z": -0.030236726626753807
    },
    "left_index": {
        "x": 0.729535698890686,
        "y": 0.6422459483146667,
        "z": -0.3467891216278076
    },
    "right_index": {
        "x": 0.6876095533370972,
        "y": 0.5709561109542847,
        "z": -0.06279230862855911
    },
    "left_thumb": {
        "x": 0.7294384241104126,
        "y": 0.6357759833335876,
        "z": -0.3097696900367737
    },
    "right_thumb": {
        "x": 0.6913313269615173,
        "y": 0.5671875476837158,
        "z": -0.04044674336910248
    },
    "left_hip": {
        "x": 0.750827431678772,
        "y": 0.5835963487625122,
        "z": -0.056843020021915436
    },
    "right_hip": {
        "x": 0.7198888659477234,
        "y": 0.5729954838752747,
        "z": 0.05706114321947098
    },
    "left_knee": {
        "x": 0.7169905304908752,
        "y": 0.6970904469490051,
        "z": -0.053413163870573044
    },
    "right_knee": {
        "x": 0.692491352558136,
        "y": 0.6803758144378662,
        "z": 0.04814476892352104
    },
    "left_ankle": {
        "x": 0.6912734508514404,
        "y": 0.8144853115081787,
        "z": 0.06257014721632004
    },
    "right_ankle": {
        "x": 0.6771324276924133,
        "y": 0.7965291738510132,
        "z": 0.15789924561977386
    },
    "left_heel": {
        "x": 0.6953092217445374,
        "y": 0.8335067629814148,
        "z": 0.06980868428945541
    },
    "right_heel": {
        "x": 0.6810224652290344,
        "y": 0.8180953860282898,
        "z": 0.1662549525499344
    },
    "left_foot_index": {
        "x": 0.6642706394195557,
        "y": 0.8532069325447083,
        "z": -0.0013763814931735396
    },
    "right_foot_index": {
        "x": 0.6528151035308838,
        "y": 0.8237985968589783,
        "z": 0.10479980707168579
    }
}