{
    "nose": {
        "x": 0.6978570818901062,
        "y": 0.412017822265625,
        "z": -0.2589268088340759
    },
    "left_eye_inner": {
        "x": 0.6979736089706421,
        "y": 0.40086764097213745,
        "z": -0.2749437391757965
    },
    "left_eye": {
        "x": 0.699536144733429,
        "y": 0.399711012840271,
        "z": -0.27495095133781433
    },
    "left_eye_outer": {
        "x": 0.7012700438499451,
        "y": 0.3984711766242981,
        "z": -0.27503344416618347
    },
    "right_eye_inner": {
        "x": 0.6956628561019897,
        "y": 0.40070682764053345,
        "z": -0.2519584894180298
    },
    "right_eye": {
        "x": 0.695442259311676,
        "y": 0.3995661735534668,
        "z": -0.25198349356651306
    },
    "right_eye_outer": {
        "x": 0.6952582001686096,
        "y": 0.3983727693557739,
        "z": -0.2520432770252228
    },
    "left_ear": {
        "x": 0.7117773294448853,
        "y": 0.38989120721817017,
        "z": -0.2898857891559601
    },
    "right_ear": {
        "x": 0.701904833316803,
        "y": 0.39083439111709595,
        "z": -0.18717603385448456
    },
    "mouth_left": {
        "x": 0.7058632373809814,
        "y": 0.41597816348075867,
        "z": -0.2587447762489319
    },
    "mouth_right": {
        "x": 0.7025812268257141,
        "y": 0.416348397731781,
        "z": -0.22900494933128357
    },
    "left_shoulder": {
        "x": 0.750321626663208,
        "y": 0.4315170645713806,
        "z": -0.2880031168460846
    },
    "right_shoulder": {
        "x": 0.7053806781768799,
        "y": 0.40990179777145386,
        "z": -0.0761503204703331
    },
    "left_elbow": {
        "x": 0.7542570233345032,
        "y": 0.5322336554527283,
        "z": -0.28861868381500244
    },
    "right_elbow": {
        "x": 0.7063953876495361,
        "y": 0.48672881722450256,
        "z": 0.021488873288035393
    },
    "left_wrist": {
        "x": 0.7388499975204468,
        "y": 0.6257231831550598,
        "z": -0.29120397567749023
    },
    "right_wrist": {
        "x": 0.6952481269836426,
        "y": 0.5595648884773254,
        "z": 0.0039610061794519424
    },
    "left_pinky": {
        "x": 0.7365009784698486,
        "y": 0.6471424698829651,
        "z": -0.3201436698436737
    },
    "right_pinky": {
        "x": 0.6907773613929749,
        "y": 0.5723199248313904,
        "z": 0.007563827093690634
    },
    "left_index": {
        "x": 0.7300115823745728,
        "y": 0.6428229808807373,
        "z": -0.3233993649482727
    },
    "right_index": {
        "x": 0.6907317638397217,
        "y": 0.57371586561203,
        "z": -0.022736316546797752
    },
    "left_thumb": {
        "x": 0.7295495867729187,
        "y": 0.6363188624382019,
        "z": -0.29113301634788513
    },
    "right_thumb": {
        "x": 0.693515419960022,
        "y": 0.5702016353607178,
        "z": -0.008036504499614239
    },
    "left_hip": {
        "x": 0.7539318203926086,
        "y": 0.5754092931747437,
        "z": -0.06100068241357803
    },
    "right_hip": {
        "x": 0.7246240377426147,
        "y": 0.5590367913246155,
        "z": 0.06116309016942978
    },
    "left_knee": {
        "x": 0.717933714389801,
        "y": 0.6892808675765991,
        "z": -0.0718017965555191
    },
    "right_knee": {
        "x": 0.698116660118103,
        "y": 0.6690585613250732,
        "z": 0.12152325361967087
    },
    "left_ankle": {
        "x": 0.6977075338363647,
        "y": 0.8100080490112305,
        "z": 0.0443456694483757
    },
    "right_ankle": {
        "x": 0.6789034008979797,
        "y": 0.7585891485214233,
        "z": 0.2598532736301422
    },
    "left_heel": {
        "x": 0.7007002234458923,
        "y": 0.8310775756835938,
        "z": 0.05329074338078499
    },
    "right_heel": {
        "x": 0.6818683743476868,
        "y": 0.7778867483139038,
        "z": 0.2722185254096985
    },
    "left_foot_index": {
        "x": 0.6698153018951416,
        "y": 0.8355246782302856,
        "z": -0.0024859393015503883
    },
    "right_foot_index": {
        "x": 0.6549780368804932,
        "y": 0.7795627117156982,
        "z": 0.2350424975156784
    }
}