{
    "nose": {
        "x": 0.6232296824455261,
        "y": 0.4060121178627014,
        "z": -0.25514209270477295
    },
    "left_eye_inner": {
        "x": 0.6248237490653992,
        "y": 0.39200258255004883,
        "z": -0.2663944363594055
    },
    "left_eye": {
        "x": 0.6266589164733887,
        "y": 0.389926552772522,
        "z": -0.2664279043674469
    },
    "left_eye_outer": {
        "x": 0.6285989880561829,
        "y": 0.3877445161342621,
        "z": -0.26648154854774475
    },
    "right_eye_inner": {
        "x": 0.6216305494308472,
        "y": 0.3940088450908661,
        "z": -0.24409498274326324
    },
    "right_eye": {
        "x": 0.6212123036384583,
        "y": 0.3934517502784729,
        "z": -0.24413226544857025
    },
    "right_eye_outer": {
        "x": 0.6208314299583435,
        "y": 0.39291736483573914,
        "z": -0.24418991804122925
    },
    "left_ear": {
        "x": 0.640394389629364,
        "y": 0.38025638461112976,
        "z": -0.2577528655529022
    },
    "right_ear": {
        "x": 0.629790186882019,
        "y": 0.3873237371444702,
        "z": -0.15618737041950226
    },
    "mouth_left": {
        "x": 0.6321277618408203,
        "y": 0.412295937538147,
        "z": -0.24670296907424927
    },
    "mouth_right": {
        "x": 0.6276634931564331,
        "y": 0.41421687602996826,
        "z": -0.21728311479091644
    },
    "left_shoulder": {
        "x": 0.6793407201766968,
        "y": 0.43528974056243896,
        "z": -0.25696611404418945
    },
    "right_shoulder": {
        "x": 0.6350216269493103,
        "y": 0.4294160008430481,
        "z": -0.026300793513655663
    },
    "left_elbow": {
        "x": 0.6798528432846069,
        "y": 0.5383086800575256,
        "z": -0.2774057388305664
    },
    "right_elbow": {
        "x": 0.6378712058067322,
        "y": 0.5065056681632996,
        "z": 0.07596975564956665
    },
    "left_wrist": {
        "x": 0.6679094433784485,
        "y": 0.6395367980003357,
        "z": -0.3013556897640228
    },
    "right_wrist": {
        "x": 0.6236202716827393,
        "y": 0.5718364715576172,
        "z": 0.03165842965245247
    },
    "left_pinky": {
        "x": 0.6658718585968018,
        "y": 0.6678285002708435,
        "z": -0.33395349979400635
    },
    "right_pinky": {
        "x": 0.6172550916671753,
        "y": 0.5869855284690857,
        "z": 0.02805382013320923
    },
    "left_index": {
        "x": 0.657606840133667,
        "y": 0.663691520690918,
        "z": -0.34044015407562256
    },
    "right_index": {
        "x": 0.6169138550758362,
        "y": 0.5853480100631714,
        "z": -0.006277475971728563
    },
    "left_thumb": {
        "x": 0.656809389591217,
        "y": 0.6553235650062561,
        "z": -0.3025635778903961
    },
    "right_thumb": {
        "x": 0.6207292079925537,
        "y": 0.5816491842269897,
        "z": 0.016606604680418968
    },
    "left_hip": {
        "x": 0.6814637780189514,
        "y": 0.6109033226966858,
        "z": -0.07096293568611145
    },
    "right_hip": {
        "x": 0.6508898735046387,
        "y": 0.5948859453201294,
        "z": 0.07124411314725876
    },
    "left_knee": {
        "x": 0.6526269316673279,
        "y": 0.7272409796714783,
        "z": -0.13058674335479736
    },
    "right_knee": {
        "x": 0.601497232913971,
        "y": 0.684278130531311,
        "z": 0.014087122865021229
    },
    "left_ankle": {
        "x": 0.6258950233459473,
        "y": 0.8501549959182739,
        "z": -0.05271275341510773
    },
    "right_ankle": {
        "x": 0.5913187265396118,
        "y": 0.8008816242218018,
        "z": 0.13247351348400116
    },
    "left_heel": {
        "x": 0.6285411715507507,
        "y": 0.8717229962348938,
        "z": -0.05118691921234131
    },
    "right_heel": {
        "x": 0.5973244309425354,
        "y": 0.8244907855987549,
        "z": 0.14112348854541779
    },
    "left_foot_index": {
        "x": 0.6018243432044983,
        "y": 0.9003782272338867,
        "z": -0.1459461748600006
    },
    "right_foot_index": {
        "x": 0.5567521452903748,
        "y": 0.8272008299827576,
        "z": 0.08385827392339706
    }
}