{
    "nose": {
        "x": 0.5380716323852539,
        "y": 0.4090251922607422,
        "z": -0.1128849908709526
    },
    "left_eye_inner": {
        "x": 0.5369833111763,
        "y": 0.39387527108192444,
        "z": -0.13209497928619385
    },
    "left_eye": {
        "x": 0.5383362770080566,
        "y": 0.3919718563556671,
        "z": -0.1321423053741455
    },
    "left_eye_outer": {
        "x": 0.5397911667823792,
        "y": 0.3902336061000824,
        "z": -0.13217811286449432
    },
    "right_eye_inner": {
        "x": 0.5352959632873535,
        "y": 0.395564466714859,
        "z": -0.10287291556596756
    },
    "right_eye": {
        "x": 0.5353804230690002,
        "y": 0.39489078521728516,
        "z": -0.10285868495702744
    },
    "right_eye_outer": {
        "x": 0.5355185270309448,
        "y": 0.3943082094192505,
        "z": -0.10291820764541626
    },
    "left_ear": {
        "x": 0.5511448383331299,
        "y": 0.3801901936531067,
        "z": -0.17429207265377045
    },
    "right_ear": {
        "x": 0.5437109470367432,
        "y": 0.3867655098438263,
        "z": -0.04354076832532883
    },
    "mouth_left": {
        "x": 0.5476271510124207,
        "y": 0.41253766417503357,
        "z": -0.12422564625740051
    },
    "mouth_right": {
        "x": 0.5451658368110657,
        "y": 0.4149978756904602,
        "z": -0.08631951361894608
    },
    "left_shoulder": {
        "x": 0.5990503430366516,
        "y": 0.43890807032585144,
        "z": -0.2229284793138504
    },
    "right_shoulder": {
        "x": 0.5681394338607788,
        "y": 0.42927637696266174,
        "z": 0.0537036694586277
    },
    "left_elbow": {
        "x": 0.6061052680015564,
        "y": 0.5511650443077087,
        "z": -0.2509869635105133
    },
    "right_elbow": {
        "x": 0.5647315979003906,
        "y": 0.519197404384613,
        "z": 0.15046042203903198
    },
    "left_wrist": {
        "x": 0.5912029147148132,
        "y": 0.6514860391616821,
        "z": -0.2495526820421219
    },
    "right_wrist": {
        "x": 0.5384575128555298,
        "y": 0.5768431425094604,
        "z": 0.13375790417194366
    },
    "left_pinky": {
        "x": 0.589471161365509,
        "y": 0.6845553517341614,
        "z": -0.2751609981060028
    },
    "right_pinky": {
        "x": 0.5323644876480103,
        "y": 0.594760000705719,
        "z": 0.1416705846786499
    },
    "left_index": {
        "x": 0.5829259157180786,
        "y": 0.6781617403030396,
        "z": -0.27529364824295044
    },
    "right_index": {
        "x": 0.520247220993042,
        "y": 0.5775778889656067,
        "z": 0.11098835617303848
    },
    "left_thumb": {
        "x": 0.5830075144767761,
        "y": 0.6673496961593628,
        "z": -0.24755994975566864
    },
    "right_thumb": {
        "x": 0.5278339982032776,
        "y": 0.5767366290092468,
        "z": 0.12019625306129456
    },
    "left_hip": {
        "x": 0.6052442789077759,
        "y": 0.6467376351356506,
        "z": -0.08341505378484726
    },
    "right_hip": {
        "x": 0.5807751417160034,
        "y": 0.6257678270339966,
        "z": 0.08356582373380661
    },
    "left_knee": {
        "x": 0.5653163194656372,
        "y": 0.7987132668495178,
        "z": -0.09541940689086914
    },
    "right_knee": {
        "x": 0.5423502922058105,
        "y": 0.7133309245109558,
        "z": 0.06462781131267548
    },
    "left_ankle": {
        "x": 0.5398309826850891,
        "y": 0.893667459487915,
        "z": 0.07013175636529922
    },
    "right_ankle": {
        "x": 0.5316480994224548,
        "y": 0.8390745520591736,
        "z": 0.15825198590755463
    },
    "left_heel": {
        "x": 0.5453195571899414,
        "y": 0.9119221568107605,
        "z": 0.08473242074251175
    },
    "right_heel": {
        "x": 0.5363568663597107,
        "y": 0.8639812469482422,
        "z": 0.1674724817276001
    },
    "left_foot_index": {
        "x": 0.49722421169281006,
        "y": 0.894740641117096,
        "z": 0.04675127565860748
    },
    "right_foot_index": {
        "x": 0.5016644597053528,
        "y": 0.8642055988311768,
        "z": 0.1360958367586136
    }
}