{
    "nose": {
        "x": 0.7159022688865662,
        "y": 0.5034451484680176,
        "z": -0.24131259322166443
    },
    "left_eye_inner": {
        "x": 0.7165366411209106,
        "y": 0.49118751287460327,
        "z": -0.2272389829158783
    },
    "left_eye": {
        "x": 0.7173990607261658,
        "y": 0.49050432443618774,
        "z": -0.2272593080997467
    },
    "left_eye_outer": {
        "x": 0.7183473706245422,
        "y": 0.4896698594093323,
        "z": -0.22729530930519104
    },
    "right_eye_inner": {
        "x": 0.7121567726135254,
        "y": 0.49152737855911255,
        "z": -0.23989495635032654
    },
    "right_eye": {
        "x": 0.7096023559570312,
        "y": 0.49125224351882935,
        "z": -0.23995381593704224
    },
    "right_eye_outer": {
        "x": 0.7069688439369202,
        "y": 0.49092137813568115,
        "z": -0.2399422824382782
    },
    "left_ear": {
        "x": 0.7153880596160889,
        "y": 0.4883597195148468,
        "z": -0.13090667128562927
    },
    "right_ear": {
        "x": 0.6991482377052307,
        "y": 0.49104583263397217,
        "z": -0.18484240770339966
    },
    "mouth_left": {
        "x": 0.7153382897377014,
        "y": 0.5124531388282776,
        "z": -0.20229439437389374
    },
    "mouth_right": {
        "x": 0.709628164768219,
        "y": 0.5131691098213196,
        "z": -0.2177126556634903
    },
    "left_shoulder": {
        "x": 0.7164028882980347,
        "y": 0.5175098180770874,
        "z": -0.035343293100595474
    },
    "right_shoulder": {
        "x": 0.6846601366996765,
        "y": 0.5358496308326721,
        "z": -0.1847320944070816
    },
    "left_elbow": {
        "x": 0.731278657913208,
        "y": 0.5529805421829224,
        "z": -0.05470146983861923
    },
    "right_elbow": {
        "x": 0.6984411478042603,
        "y": 0.6045939326286316,
        "z": -0.19828249514102936
    },
    "left_wrist": {
        "x": 0.7272220849990845,
        "y": 0.5821493268013,
        "z": -0.17561855912208557
    },
    "right_wrist": {
        "x": 0.7393854260444641,
        "y": 0.6334188580513,
        "z": -0.18159575760364532
    },
    "left_pinky": {
        "x": 0.721189022064209,
        "y": 0.5962831377983093,
        "z": -0.20222139358520508
    },
    "right_pinky": {
        "x": 0.7494989633560181,
        "y": 0.6460222601890564,
        "z": -0.201274573802948
    },
    "left_index": {
        "x": 0.7170732617378235,
        "y": 0.5823574662208557,
        "z": -0.21107521653175354
    },
    "right_index": {
        "x": 0.7509599924087524,
        "y": 0.6341476440429688,
        "z": -0.20445169508457184
    },
    "left_thumb": {
        "x": 0.7164831757545471,
        "y": 0.5800692439079285,
        "z": -0.18324100971221924
    },
    "right_thumb": {
        "x": 0.7464340925216675,
        "y": 0.6296260356903076,
        "z": -0.1811034083366394
    },
    "left_hip": {
        "x": 0.6800716519355774,
        "y": 0.6726788282394409,
        "z": 0.04722006618976593
    },
    "right_hip": {
        "x": 0.6634306907653809,
        "y": 0.6703621745109558,
        "z": -0.047240592539310455
    },
    "left_knee": {
        "x": 0.6501341462135315,
        "y": 0.7501646876335144,
        "z": 0.07064437866210938
    },
    "right_knee": {
        "x": 0.6468230485916138,
        "y": 0.7633514404296875,
        "z": -0.0986693799495697
    },
    "left_ankle": {
        "x": 0.6062254309654236,
        "y": 0.7105712890625,
        "z": 0.22764946520328522
    },
    "right_ankle": {
        "x": 0.6136123538017273,
        "y": 0.7702880501747131,
        "z": 0.031212320551276207
    },
    "left_heel": {
        "x": 0.5892153382301331,
        "y": 0.732063353061676,
        "z": 0.24323008954524994
    },
    "right_heel": {
        "x": 0.6061275601387024,
        "y": 0.7608853578567505,
        "z": 0.0455101914703846
    },
    "left_foot_index": {
        "x": 0.5853699445724487,
        "y": 0.7261466979980469,
        "z": 0.22574307024478912
    },
    "right_foot_index": {
        "x": 0.6031314134597778,
        "y": 0.8008893132209778,
        "z": 0.014348809607326984
    }
}