{
    "nose": {
        "x": 0.5018931031227112,
        "y": 0.26019325852394104,
        "z": -0.24784168601036072
    },
    "left_eye_inner": {
        "x": 0.5052064061164856,
        "y": 0.24832087755203247,
        "z": -0.2355053573846817
    },
    "left_eye": {
        "x": 0.5067129135131836,
        "y": 0.2475859522819519,
        "z": -0.23558872938156128
    },
    "left_eye_outer": {
        "x": 0.508201539516449,
        "y": 0.2466111034154892,
        "z": -0.235676109790802
    },
    "right_eye_inner": {
        "x": 0.49968111515045166,
        "y": 0.24721309542655945,
        "z": -0.25058019161224365
    },
    "right_eye": {
        "x": 0.49739325046539307,
        "y": 0.24544361233711243,
        "z": -0.25059086084365845
    },
    "right_eye_outer": {
        "x": 0.4953242838382721,
        "y": 0.2431664913892746,
        "z": -0.2506926357746124
    },
    "left_ear": {
        "x": 0.506061315536499,
        "y": 0.2428915649652481,
        "z": -0.13840951025485992
    },
    "right_ear": {
        "x": 0.490376740694046,
        "y": 0.2382197082042694,
        "z": -0.20622964203357697
    },
    "mouth_left": {
        "x": 0.5024582743644714,
        "y": 0.2684894800186157,
        "z": -0.2074657380580902
    },
    "mouth_right": {
        "x": 0.49636510014533997,
        "y": 0.26772862672805786,
        "z": -0.22706717252731323
    },
    "left_shoulder": {
        "x": 0.5079346895217896,
        "y": 0.2836596369743347,
        "z": -0.041808441281318665
    },
    "right_shoulder": {
        "x": 0.46146851778030396,
        "y": 0.28377676010131836,
        "z": -0.17596083879470825
    },
    "left_elbow": {
        "x": 0.5191680788993835,
        "y": 0.36165156960487366,
        "z": -0.041329916566610336
    },
    "right_elbow": {
        "x": 0.452381432056427,
        "y": 0.370747834444046,
        "z": -0.19276946783065796
    },
    "left_wrist": {
        "x": 0.5301421880722046,
        "y": 0.4086606204509735,
        "z": -0.17995400726795197
    },
    "right_wrist": {
        "x": 0.4969484806060791,
        "y": 0.4066401720046997,
        "z": -0.2370951622724533
    },
    "left_pinky": {
        "x": 0.5347535610198975,
        "y": 0.42565304040908813,
        "z": -0.21250219643115997
    },
    "right_pinky": {
        "x": 0.5084850192070007,
        "y": 0.42071533203125,
        "z": -0.2640697658061981
    },
    "left_index": {
        "x": 0.5328593254089355,
        "y": 0.4176713526248932,
        "z": -0.22989483177661896
    },
    "right_index": {
        "x": 0.509667694568634,
        "y": 0.4077094495296478,
        "z": -0.27666670083999634
    },
    "left_thumb": {
        "x": 0.5296075344085693,
        "y": 0.41176509857177734,
        "z": -0.19236375391483307
    },
    "right_thumb": {
        "x": 0.5052797198295593,
        "y": 0.40284261107444763,
        "z": -0.24142266809940338
    },
    "left_hip": {
        "x": 0.48692211508750916,
        "y": 0.46256524324417114,
        "z": 0.037310462445020676
    },
    "right_hip": {
        "x": 0.453582227230072,
        "y": 0.46144184470176697,
        "z": -0.03718245401978493
    },
    "left_knee": {
        "x": 0.49039170145988464,
        "y": 0.5888484716415405,
        "z": -0.021426444873213768
    },
    "right_knee": {
        "x": 0.45550328493118286,
        "y": 0.5964338183403015,
        "z": -0.05886019393801689
    },
    "left_ankle": {
        "x": 0.4614795446395874,
        "y": 0.7169735431671143,
        "z": 0.08498620986938477
    },
    "right_ankle": {
        "x": 0.44865676760673523,
        "y": 0.7200363874435425,
        "z": 0.050738390535116196
    },
    "left_heel": {
        "x": 0.454308420419693,
        "y": 0.7317652106285095,
        "z": 0.09022609889507294
    },
    "right_heel": {
        "x": 0.4440516233444214,
        "y": 0.7443485260009766,
        "z": 0.05640484765172005
    },
    "left_foot_index": {
        "x": 0.483674556016922,
        "y": 0.7611953020095825,
        "z": -0.00034578965278342366
    },
    "right_foot_index": {
        "x": 0.4618622958660126,
        "y": 0.7694050073623657,
        "z": -0.05203699693083763
    }
}