{
    "nose": {
        "x": 0.4982401132583618,
        "y": 0.3344179689884186,
        "z": -0.35970383882522583
    },
    "left_eye_inner": {
        "x": 0.5043392181396484,
        "y": 0.3271175026893616,
        "z": -0.360520601272583
    },
    "left_eye": {
        "x": 0.5068160891532898,
        "y": 0.328639954328537,
        "z": -0.3604617416858673
    },
    "left_eye_outer": {
        "x": 0.5099593997001648,
        "y": 0.3297988474369049,
        "z": -0.36051464080810547
    },
    "right_eye_inner": {
        "x": 0.49675092101097107,
        "y": 0.3211723864078522,
        "z": -0.3693943917751312
    },
    "right_eye": {
        "x": 0.4937009811401367,
        "y": 0.31887900829315186,
        "z": -0.3695034682750702
    },
    "right_eye_outer": {
        "x": 0.4916873872280121,
        "y": 0.3165578842163086,
        "z": -0.36958372592926025
    },
    "left_ear": {
        "x": 0.5139341950416565,
        "y": 0.32666274905204773,
        "z": -0.2940662205219269
    },
    "right_ear": {
        "x": 0.4875060021877289,
        "y": 0.3054722249507904,
        "z": -0.3372758626937866
    },
    "mouth_left": {
        "x": 0.5011498332023621,
        "y": 0.3443808853626251,
        "z": -0.32738643884658813
    },
    "mouth_right": {
        "x": 0.4927885830402374,
        "y": 0.33444541692733765,
        "z": -0.34028294682502747
    },
    "left_shoulder": {
        "x": 0.5166394114494324,
        "y": 0.3468978703022003,
        "z": -0.19028277695178986
    },
    "right_shoulder": {
        "x": 0.4592107832431793,
        "y": 0.3302207589149475,
        "z": -0.26170265674591064
    },
    "left_elbow": {
        "x": 0.523171067237854,
        "y": 0.4056677520275116,
        "z": -0.07815790921449661
    },
    "right_elbow": {
        "x": 0.44303444027900696,
        "y": 0.38246244192123413,
        "z": -0.19578734040260315
    },
    "left_wrist": {
        "x": 0.5011868476867676,
        "y": 0.4203440845012665,
        "z": -0.00800881814211607
    },
    "right_wrist": {
        "x": 0.47213760018348694,
        "y": 0.41065073013305664,
        "z": -0.12000589072704315
    },
    "left_pinky": {
        "x": 0.49484556913375854,
        "y": 0.4295504689216614,
        "z": 0.0012981608742848039
    },
    "right_pinky": {
        "x": 0.480118066072464,
        "y": 0.42280489206314087,
        "z": -0.11413553357124329
    },
    "left_index": {
        "x": 0.49410250782966614,
        "y": 0.4221017062664032,
        "z": 0.00013627417501993477
    },
    "right_index": {
        "x": 0.4815637469291687,
        "y": 0.4170571267604828,
        "z": -0.11823584884405136
    },
    "left_thumb": {
        "x": 0.49494847655296326,
        "y": 0.41819408535957336,
        "z": -0.004812115337699652
    },
    "right_thumb": {
        "x": 0.47892528772354126,
        "y": 0.41275641322135925,
        "z": -0.11715364456176758
    },
    "left_hip": {
        "x": 0.4890841245651245,
        "y": 0.4966745972633362,
        "z": 0.018161771818995476
    },
    "right_hip": {
        "x": 0.4550211429595947,
        "y": 0.49543020129203796,
        "z": -0.018156060948967934
    },
    "left_knee": {
        "x": 0.4758940637111664,
        "y": 0.6171495914459229,
        "z": 0.08758940547704697
    },
    "right_knee": {
        "x": 0.44560641050338745,
        "y": 0.6097420454025269,
        "z": 0.054977912455797195
    },
    "left_ankle": {
        "x": 0.45833414793014526,
        "y": 0.7183496952056885,
        "z": 0.21966053545475006
    },
    "right_ankle": {
        "x": 0.44102942943573,
        "y": 0.7228995561599731,
        "z": 0.1906260848045349
    },
    "left_heel": {
        "x": 0.45163145661354065,
        "y": 0.733031690120697,
        "z": 0.23090355098247528
    },
    "right_heel": {
        "x": 0.4376615285873413,
        "y": 0.7347998023033142,
        "z": 0.20268094539642334
    },
    "left_foot_index": {
        "x": 0.4677058160305023,
        "y": 0.7608033418655396,
        "z": 0.17638711631298065
    },
    "right_foot_index": {
        "x": 0.452870637178421,
        "y": 0.7723217010498047,
        "z": 0.1367180049419403
    }
}