{
    "nose": {
        "x": 0.5195258855819702,
        "y": 0.34230056405067444,
        "z": -0.20844165980815887
    },
    "left_eye_inner": {
        "x": 0.5246926546096802,
        "y": 0.33491966128349304,
        "z": -0.20740745961666107
    },
    "left_eye": {
        "x": 0.5260055065155029,
        "y": 0.33513063192367554,
        "z": -0.2074027806520462
    },
    "left_eye_outer": {
        "x": 0.526923418045044,
        "y": 0.334773987531662,
        "z": -0.20743530988693237
    },
    "right_eye_inner": {
        "x": 0.5208677649497986,
        "y": 0.33077573776245117,
        "z": -0.22134080529212952
    },
    "right_eye": {
        "x": 0.5187601447105408,
        "y": 0.3274669647216797,
        "z": -0.22140327095985413
    },
    "right_eye_outer": {
        "x": 0.5168930292129517,
        "y": 0.32381927967071533,
        "z": -0.22147728502750397
    },
    "left_ear": {
        "x": 0.5238128304481506,
        "y": 0.3233546018600464,
        "z": -0.14763912558555603
    },
    "right_ear": {
        "x": 0.5099096894264221,
        "y": 0.3093276023864746,
        "z": -0.21284037828445435
    },
    "mouth_left": {
        "x": 0.5169756412506104,
        "y": 0.3464309275150299,
        "z": -0.17906402051448822
    },
    "mouth_right": {
        "x": 0.51121985912323,
        "y": 0.3408171534538269,
        "z": -0.19833320379257202
    },
    "left_shoulder": {
        "x": 0.52652907371521,
        "y": 0.3253219723701477,
        "z": -0.07809022814035416
    },
    "right_shoulder": {
        "x": 0.478773295879364,
        "y": 0.31156519055366516,
        "z": -0.16817313432693481
    },
    "left_elbow": {
        "x": 0.5458886623382568,
        "y": 0.38458192348480225,
        "z": -0.03877195715904236
    },
    "right_elbow": {
        "x": 0.4475660026073456,
        "y": 0.38683193922042847,
        "z": -0.19786028563976288
    },
    "left_wrist": {
        "x": 0.5416140556335449,
        "y": 0.40608546137809753,
        "z": -0.07106025516986847
    },
    "right_wrist": {
        "x": 0.49051105976104736,
        "y": 0.4067702293395996,
        "z": -0.2333478033542633
    },
    "left_pinky": {
        "x": 0.5415017604827881,
        "y": 0.4179720878601074,
        "z": -0.08076309412717819
    },
    "right_pinky": {
        "x": 0.5020483732223511,
        "y": 0.42125552892684937,
        "z": -0.24827711284160614
    },
    "left_index": {
        "x": 0.5390762686729431,
        "y": 0.4104476571083069,
        "z": -0.08718860894441605
    },
    "right_index": {
        "x": 0.5051183700561523,
        "y": 0.4086998999118805,
        "z": -0.2488115429878235
    },
    "left_thumb": {
        "x": 0.5372328162193298,
        "y": 0.4062383472919464,
        "z": -0.07381300628185272
    },
    "right_thumb": {
        "x": 0.5010641813278198,
        "y": 0.40395909547805786,
        "z": -0.2320151925086975
    },
    "left_hip": {
        "x": 0.49702632427215576,
        "y": 0.48308807611465454,
        "z": 0.01938776485621929
    },
    "right_hip": {
        "x": 0.4631955027580261,
        "y": 0.4815346896648407,
        "z": -0.019344935193657875
    },
    "left_knee": {
        "x": 0.47669386863708496,
        "y": 0.6143717169761658,
        "z": 0.026580659672617912
    },
    "right_knee": {
        "x": 0.45694947242736816,
        "y": 0.6039077043533325,
        "z": 0.012889344245195389
    },
    "left_ankle": {
        "x": 0.4634963572025299,
        "y": 0.7227628231048584,
        "z": 0.10900387167930603
    },
    "right_ankle": {
        "x": 0.4467417597770691,
        "y": 0.7200703024864197,
        "z": 0.11196248978376389
    },
    "left_heel": {
        "x": 0.45677608251571655,
        "y": 0.7379086017608643,
        "z": 0.11394002288579941
    },
    "right_heel": {
        "x": 0.44279685616493225,
        "y": 0.7337638735771179,
        "z": 0.11878256499767303
    },
    "left_foot_index": {
        "x": 0.4695088267326355,
        "y": 0.7640923857688904,
        "z": 0.04610791057348251
    },
    "right_foot_index": {
        "x": 0.4554174840450287,
        "y": 0.7665538787841797,
        "z": 0.044584568589925766
    }
}