{
    "nose": {
        "x": 0.5069435834884644,
        "y": 0.3358578085899353,
        "z": -0.4030311107635498
    },
    "left_eye_inner": {
        "x": 0.5126081109046936,
        "y": 0.33031144738197327,
        "z": -0.4064955413341522
    },
    "left_eye": {
        "x": 0.5148966908454895,
        "y": 0.33159339427948,
        "z": -0.40645018219947815
    },
    "left_eye_outer": {
        "x": 0.5171933770179749,
        "y": 0.3323982357978821,
        "z": -0.40653109550476074
    },
    "right_eye_inner": {
        "x": 0.5055769681930542,
        "y": 0.32667800784111023,
        "z": -0.4123632311820984
    },
    "right_eye": {
        "x": 0.5022674202919006,
        "y": 0.3259168863296509,
        "z": -0.4124271869659424
    },
    "right_eye_outer": {
        "x": 0.5000455379486084,
        "y": 0.3243212103843689,
        "z": -0.41250211000442505
    },
    "left_ear": {
        "x": 0.5214095711708069,
        "y": 0.3313489556312561,
        "z": -0.3446839153766632
    },
    "right_ear": {
        "x": 0.49520230293273926,
        "y": 0.3137216567993164,
        "z": -0.37340599298477173
    },
    "mouth_left": {
        "x": 0.5093603134155273,
        "y": 0.34412461519241333,
        "z": -0.371436208486557
    },
    "mouth_right": {
        "x": 0.5014535784721375,
        "y": 0.34111589193344116,
        "z": -0.3801034688949585
    },
    "left_shoulder": {
        "x": 0.5271533131599426,
        "y": 0.33705079555511475,
        "z": -0.23404958844184875
    },
    "right_shoulder": {
        "x": 0.4664078652858734,
        "y": 0.3262803256511688,
        "z": -0.2769167125225067
    },
    "left_elbow": {
        "x": 0.5323516726493835,
        "y": 0.39609459042549133,
        "z": -0.1218288317322731
    },
    "right_elbow": {
        "x": 0.4525960683822632,
        "y": 0.39033883810043335,
        "z": -0.18938937783241272
    },
    "left_wrist": {
        "x": 0.5181655287742615,
        "y": 0.4306555986404419,
        "z": -0.06200606748461723
    },
    "right_wrist": {
        "x": 0.4855276346206665,
        "y": 0.41849762201309204,
        "z": -0.11703138053417206
    },
    "left_pinky": {
        "x": 0.5152239799499512,
        "y": 0.4433826506137848,
        "z": -0.05555790290236473
    },
    "right_pinky": {
        "x": 0.49535679817199707,
        "y": 0.431900292634964,
        "z": -0.11075998097658157
    },
    "left_index": {
        "x": 0.5144664645195007,
        "y": 0.4403172433376312,
        "z": -0.06065474823117256
    },
    "right_index": {
        "x": 0.4967843294143677,
        "y": 0.42389100790023804,
        "z": -0.12045101821422577
    },
    "left_thumb": {
        "x": 0.5133739113807678,
        "y": 0.43498945236206055,
        "z": -0.06069148704409599
    },
    "right_thumb": {
        "x": 0.4934613108634949,
        "y": 0.4179040193557739,
        "z": -0.11624222993850708
    },
    "left_hip": {
        "x": 0.5041725635528564,
        "y": 0.4757983088493347,
        "z": 0.009219994768500328
    },
    "right_hip": {
        "x": 0.4698055684566498,
        "y": 0.4746217727661133,
        "z": -0.009135996922850609
    },
    "left_knee": {
        "x": 0.4834044575691223,
        "y": 0.5812879800796509,
        "z": 0.042938098311424255
    },
    "right_knee": {
        "x": 0.45888423919677734,
        "y": 0.5854556560516357,
        "z": 0.03744847699999809
    },
    "left_ankle": {
        "x": 0.4638599157333374,
        "y": 0.6958035230636597,
        "z": 0.17728859186172485
    },
    "right_ankle": {
        "x": 0.4498966336250305,
        "y": 0.6944452524185181,
        "z": 0.19221410155296326
    },
    "left_heel": {
        "x": 0.45829468965530396,
        "y": 0.7126027345657349,
        "z": 0.1871364712715149
    },
    "right_heel": {
        "x": 0.44830086827278137,
        "y": 0.7082899212837219,
        "z": 0.2050030529499054
    },
    "left_foot_index": {
        "x": 0.46820682287216187,
        "y": 0.7330765128135681,
        "z": 0.1162329614162445
    },
    "right_foot_index": {
        "x": 0.45520514249801636,
        "y": 0.7375448346138,
        "z": 0.12787708640098572
    }
}