{
    "nose": {
        "x": 0.4272598922252655,
        "y": 0.40405136346817017,
        "z": -0.4171854257583618
    },
    "left_eye_inner": {
        "x": 0.4311012625694275,
        "y": 0.39536765217781067,
        "z": -0.41119280457496643
    },
    "left_eye": {
        "x": 0.43271246552467346,
        "y": 0.3942258954048157,
        "z": -0.41121017932891846
    },
    "left_eye_outer": {
        "x": 0.43441903591156006,
        "y": 0.39296090602874756,
        "z": -0.4112728238105774
    },
    "right_eye_inner": {
        "x": 0.4258647859096527,
        "y": 0.394680917263031,
        "z": -0.42757731676101685
    },
    "right_eye": {
        "x": 0.42379578948020935,
        "y": 0.3930298089981079,
        "z": -0.42768314480781555
    },
    "right_eye_outer": {
        "x": 0.4217199385166168,
        "y": 0.39131325483322144,
        "z": -0.42775672674179077
    },
    "left_ear": {
        "x": 0.43354061245918274,
        "y": 0.3831656575202942,
        "z": -0.32150667905807495
    },
    "right_ear": {
        "x": 0.4149814248085022,
        "y": 0.38004904985427856,
        "z": -0.3956077992916107
    },
    "mouth_left": {
        "x": 0.42698609828948975,
        "y": 0.4069299101829529,
        "z": -0.3764248788356781
    },
    "mouth_right": {
        "x": 0.42086946964263916,
        "y": 0.40624821186065674,
        "z": -0.3982343375682831
    },
    "left_shoulder": {
        "x": 0.433762788772583,
        "y": 0.39415642619132996,
        "z": -0.19194260239601135
    },
    "right_shoulder": {
        "x": 0.3856760859489441,
        "y": 0.3997015357017517,
        "z": -0.33504265546798706
    },
    "left_elbow": {
        "x": 0.43403029441833496,
        "y": 0.4782624840736389,
        "z": -0.12668319046497345
    },
    "right_elbow": {
        "x": 0.37410491704940796,
        "y": 0.4925958216190338,
        "z": -0.32945793867111206
    },
    "left_wrist": {
        "x": 0.43381941318511963,
        "y": 0.5580217838287354,
        "z": -0.19992780685424805
    },
    "right_wrist": {
        "x": 0.38881275057792664,
        "y": 0.5682645440101624,
        "z": -0.37191927433013916
    },
    "left_pinky": {
        "x": 0.44254741072654724,
        "y": 0.5756601095199585,
        "z": -0.2201457917690277
    },
    "right_pinky": {
        "x": 0.3922363221645355,
        "y": 0.5918174982070923,
        "z": -0.4067128896713257
    },
    "left_index": {
        "x": 0.4411168396472931,
        "y": 0.5780363082885742,
        "z": -0.24867291748523712
    },
    "right_index": {
        "x": 0.39879360795021057,
        "y": 0.5878419280052185,
        "z": -0.41758328676223755
    },
    "left_thumb": {
        "x": 0.43698906898498535,
        "y": 0.5729426741600037,
        "z": -0.21371611952781677
    },
    "right_thumb": {
        "x": 0.3990735113620758,
        "y": 0.5798895359039307,
        "z": -0.3761424720287323
    },
    "left_hip": {
        "x": 0.40136009454727173,
        "y": 0.5290447473526001,
        "z": 0.04111669957637787
    },
    "right_hip": {
        "x": 0.3705061972141266,
        "y": 0.536958634853363,
        "z": -0.04115617647767067
    },
    "left_knee": {
        "x": 0.39792919158935547,
        "y": 0.647705614566803,
        "z": 0.07656095176935196
    },
    "right_knee": {
        "x": 0.37664780020713806,
        "y": 0.6555488705635071,
        "z": -0.01721992716193199
    },
    "left_ankle": {
        "x": 0.3834609091281891,
        "y": 0.7365210056304932,
        "z": 0.22535473108291626
    },
    "right_ankle": {
        "x": 0.3738291561603546,
        "y": 0.7503234148025513,
        "z": 0.12976151704788208
    },
    "left_heel": {
        "x": 0.37626492977142334,
        "y": 0.745234489440918,
        "z": 0.23641550540924072
    },
    "right_heel": {
        "x": 0.37067002058029175,
        "y": 0.7619970440864563,
        "z": 0.13985273241996765
    },
    "left_foot_index": {
        "x": 0.39010775089263916,
        "y": 0.7744508981704712,
        "z": 0.16195131838321686
    },
    "right_foot_index": {
        "x": 0.38330599665641785,
        "y": 0.7904762029647827,
        "z": 0.04297446087002754
    }
}