{
    "nose": {
        "x": 0.4566912353038788,
        "y": 0.48179367184638977,
        "z": -0.0037239319644868374
    },
    "left_eye_inner": {
        "x": 0.45948418974876404,
        "y": 0.4700026214122772,
        "z": -0.007560340221971273
    },
    "left_eye": {
        "x": 0.4589920938014984,
        "y": 0.4683482348918915,
        "z": -0.007577113341540098
    },
    "left_eye_outer": {
        "x": 0.45841145515441895,
        "y": 0.46666213870048523,
        "z": -0.007595370523631573
    },
    "right_eye_inner": {
        "x": 0.45994672179222107,
        "y": 0.47181808948516846,
        "z": -0.024492740631103516
    },
    "right_eye": {
        "x": 0.4598735570907593,
        "y": 0.4715801477432251,
        "z": -0.0245200227946043
    },
    "right_eye_outer": {
        "x": 0.45975053310394287,
        "y": 0.4713495969772339,
        "z": -0.024595249444246292
    },
    "left_ear": {
        "x": 0.4526244103908539,
        "y": 0.4569982886314392,
        "z": -0.011905888095498085
    },
    "right_ear": {
        "x": 0.45448577404022217,
        "y": 0.4640865623950958,
        "z": -0.08868394047021866
    },
    "mouth_left": {
        "x": 0.4509239196777344,
        "y": 0.4838302433490753,
        "z": -0.0007872039568610489
    },
    "mouth_right": {
        "x": 0.4518566429615021,
        "y": 0.48554638028144836,
        "z": -0.02312459796667099
    },
    "left_shoulder": {
        "x": 0.407938152551651,
        "y": 0.45848292112350464,
        "z": 0.019861465319991112
    },
    "right_shoulder": {
        "x": 0.4382372796535492,
        "y": 0.49954086542129517,
        "z": -0.1275745928287506
    },
    "left_elbow": {
        "x": 0.3771010637283325,
        "y": 0.5086944699287415,
        "z": 0.10172472149133682
    },
    "right_elbow": {
        "x": 0.42159050703048706,
        "y": 0.5842701196670532,
        "z": -0.11395003646612167
    },
    "left_wrist": {
        "x": 0.39076414704322815,
        "y": 0.5486248135566711,
        "z": 0.1520356386899948
    },
    "right_wrist": {
        "x": 0.4290165603160858,
        "y": 0.6425120234489441,
        "z": -0.050296884030103683
    },
    "left_pinky": {
        "x": 0.39258986711502075,
        "y": 0.5547819137573242,
        "z": 0.1597408801317215
    },
    "right_pinky": {
        "x": 0.43147891759872437,
        "y": 0.6608189344406128,
        "z": -0.06048787012696266
    },
    "left_index": {
        "x": 0.3975529372692108,
        "y": 0.5564821362495422,
        "z": 0.14892578125
    },
    "right_index": {
        "x": 0.43470653891563416,
        "y": 0.6576329469680786,
        "z": -0.056854162365198135
    },
    "left_thumb": {
        "x": 0.3975175619125366,
        "y": 0.5564030408859253,
        "z": 0.14872585237026215
    },
    "right_thumb": {
        "x": 0.4329488277435303,
        "y": 0.6486135721206665,
        "z": -0.0470789298415184
    },
    "left_hip": {
        "x": 0.37081900238990784,
        "y": 0.6052488684654236,
        "z": 0.04928262159228325
    },
    "right_hip": {
        "x": 0.3956395089626312,
        "y": 0.6230444312095642,
        "z": -0.04936143010854721
    },
    "left_knee": {
        "x": 0.40207844972610474,
        "y": 0.5737002491950989,
        "z": 0.22122985124588013
    },
    "right_knee": {
        "x": 0.4447675943374634,
        "y": 0.6094693541526794,
        "z": 0.09423451125621796
    },
    "left_ankle": {
        "x": 0.38912662863731384,
        "y": 0.6119289994239807,
        "z": 0.3814249038696289
    },
    "right_ankle": {
        "x": 0.4361090362071991,
        "y": 0.6499715447425842,
        "z": 0.2875971794128418
    },
    "left_heel": {
        "x": 0.3822728991508484,
        "y": 0.6181473135948181,
        "z": 0.3988106846809387
    },
    "right_heel": {
        "x": 0.42949366569519043,
        "y": 0.6589051485061646,
        "z": 0.31006520986557007
    },
    "left_foot_index": {
        "x": 0.3974587321281433,
        "y": 0.6171478033065796,
        "z": 0.4227234125137329
    },
    "right_foot_index": {
        "x": 0.45026251673698425,
        "y": 0.6542096734046936,
        "z": 0.3447670638561249
    }
}