{
    "nose": {
        "x": 0.42733046412467957,
        "y": 0.4031382203102112,
        "z": -0.3972925841808319
    },
    "left_eye_inner": {
        "x": 0.4310792088508606,
        "y": 0.3944324851036072,
        "z": -0.39172375202178955
    },
    "left_eye": {
        "x": 0.43266451358795166,
        "y": 0.39326944947242737,
        "z": -0.39174309372901917
    },
    "left_eye_outer": {
        "x": 0.43434447050094604,
        "y": 0.39197298884391785,
        "z": -0.3918050527572632
    },
    "right_eye_inner": {
        "x": 0.4258800745010376,
        "y": 0.39382484555244446,
        "z": -0.4085535705089569
    },
    "right_eye": {
        "x": 0.42382189631462097,
        "y": 0.392229288816452,
        "z": -0.408652126789093
    },
    "right_eye_outer": {
        "x": 0.421731173992157,
        "y": 0.3905460238456726,
        "z": -0.4087195098400116
    },
    "left_ear": {
        "x": 0.4329878091812134,
        "y": 0.3818427324295044,
        "z": -0.30509820580482483
    },
    "right_ear": {
        "x": 0.41483867168426514,
        "y": 0.3791244626045227,
        "z": -0.3812916576862335
    },
    "mouth_left": {
        "x": 0.42698952555656433,
        "y": 0.4059516191482544,
        "z": -0.3575482964515686
    },
    "mouth_right": {
        "x": 0.4209401607513428,
        "y": 0.40542155504226685,
        "z": -0.3799750804901123
    },
    "left_shoulder": {
        "x": 0.43351900577545166,
        "y": 0.3928412199020386,
        "z": -0.17695745825767517
    },
    "right_shoulder": {
        "x": 0.38596442341804504,
        "y": 0.3976069688796997,
        "z": -0.32481905817985535
    },
    "left_elbow": {
        "x": 0.43304625153541565,
        "y": 0.478082537651062,
        "z": -0.11129893362522125
    },
    "right_elbow": {
        "x": 0.3743981420993805,
        "y": 0.4914129972457886,
        "z": -0.3170904517173767
    },
    "left_wrist": {
        "x": 0.4333576560020447,
        "y": 0.5573514699935913,
        "z": -0.183057963848114
    },
    "right_wrist": {
        "x": 0.38858115673065186,
        "y": 0.568430483341217,
        "z": -0.35589179396629333
    },
    "left_pinky": {
        "x": 0.4421897232532501,
        "y": 0.5752880573272705,
        "z": -0.20192968845367432
    },
    "right_pinky": {
        "x": 0.39186739921569824,
        "y": 0.5928547978401184,
        "z": -0.38951414823532104
    },
    "left_index": {
        "x": 0.44032734632492065,
        "y": 0.5776216387748718,
        "z": -0.23040476441383362
    },
    "right_index": {
        "x": 0.39806175231933594,
        "y": 0.5890868902206421,
        "z": -0.3996402621269226
    },
    "left_thumb": {
        "x": 0.4360893964767456,
        "y": 0.5722595453262329,
        "z": -0.19671019911766052
    },
    "right_thumb": {
        "x": 0.39849862456321716,
        "y": 0.5808936953544617,
        "z": -0.3596692979335785
    },
    "left_hip": {
        "x": 0.40159186720848083,
        "y": 0.527643084526062,
        "z": 0.04335660859942436
    },
    "right_hip": {
        "x": 0.37072470784187317,
        "y": 0.5348160266876221,
        "z": -0.0433836355805397
    },
    "left_knee": {
        "x": 0.3976457715034485,
        "y": 0.6419676542282104,
        "z": 0.0825531929731369
    },
    "right_knee": {
        "x": 0.3766903281211853,
        "y": 0.6535828113555908,
        "z": -0.037853091955184937
    },
    "left_ankle": {
        "x": 0.3824554681777954,
        "y": 0.7311616539955139,
        "z": 0.23097987473011017
    },
    "right_ankle": {
        "x": 0.37425994873046875,
        "y": 0.7508426904678345,
        "z": 0.08735306560993195
    },
    "left_heel": {
        "x": 0.374899685382843,
        "y": 0.7406793832778931,
        "z": 0.24225546419620514
    },
    "right_heel": {
        "x": 0.37071335315704346,
        "y": 0.7628837823867798,
        "z": 0.09525027871131897
    },
    "left_foot_index": {
        "x": 0.3909808099269867,
        "y": 0.7669634222984314,
        "z": 0.17314337193965912
    },
    "right_foot_index": {
        "x": 0.3847544491291046,
        "y": 0.790876030921936,
        "z": -0.0020280026365071535
    }
}