{
    "nose": {
        "x": 0.3834119141101837,
        "y": 0.8218141794204712,
        "z": 0.036720167845487595
    },
    "left_eye_inner": {
        "x": 0.37693333625793457,
        "y": 0.8236761093139648,
        "z": 0.0195884108543396
    },
    "left_eye": {
        "x": 0.37635529041290283,
        "y": 0.8264473676681519,
        "z": 0.019526679068803787
    },
    "left_eye_outer": {
        "x": 0.3758072555065155,
        "y": 0.8294402956962585,
        "z": 0.01948259025812149
    },
    "right_eye_inner": {
        "x": 0.3777298033237457,
        "y": 0.8189474940299988,
        "z": 0.010100814513862133
    },
    "right_eye": {
        "x": 0.3777610659599304,
        "y": 0.8182929158210754,
        "z": 0.010045571252703667
    },
    "right_eye_outer": {
        "x": 0.377874493598938,
        "y": 0.8176855444908142,
        "z": 0.009973637759685516
    },
    "left_ear": {
        "x": 0.3761512339115143,
        "y": 0.8443874716758728,
        "z": -0.03064521588385105
    },
    "right_ear": {
        "x": 0.3795126676559448,
        "y": 0.8255399465560913,
        "z": -0.0745280459523201
    },
    "mouth_left": {
        "x": 0.3882412612438202,
        "y": 0.8328282833099365,
        "z": 0.02390088327229023
    },
    "mouth_right": {
        "x": 0.38935601711273193,
        "y": 0.8270481824874878,
        "z": 0.011046217754483223
    },
    "left_shoulder": {
        "x": 0.4125644564628601,
        "y": 0.9057804942131042,
        "z": -0.011733445338904858
    },
    "right_shoulder": {
        "x": 0.420570969581604,
        "y": 0.8327580690383911,
        "z": -0.11020192503929138
    },
    "left_elbow": {
        "x": 0.4488997757434845,
        "y": 0.9195359349250793,
        "z": 0.042838141322135925
    },
    "right_elbow": {
        "x": 0.4589472711086273,
        "y": 0.828822910785675,
        "z": -0.1075335443019867
    },
    "left_wrist": {
        "x": 0.45024964213371277,
        "y": 0.8845465779304504,
        "z": 0.08119263499975204
    },
    "right_wrist": {
        "x": 0.4559260904788971,
        "y": 0.8406903743743896,
        "z": -0.04612165316939354
    },
    "left_pinky": {
        "x": 0.45142459869384766,
        "y": 0.8795568346977234,
        "z": 0.08236043155193329
    },
    "right_pinky": {
        "x": 0.4573041796684265,
        "y": 0.8395065665245056,
        "z": -0.05119173228740692
    },
    "left_index": {
        "x": 0.4477585256099701,
        "y": 0.8695272207260132,
        "z": 0.07281268388032913
    },
    "right_index": {
        "x": 0.45292073488235474,
        "y": 0.8437045216560364,
        "z": -0.04946349561214447
    },
    "left_thumb": {
        "x": 0.4482101500034332,
        "y": 0.8694478869438171,
        "z": 0.07712452113628387
    },
    "right_thumb": {
        "x": 0.45280009508132935,
        "y": 0.8475709557533264,
        "z": -0.044765304774045944
    },
    "left_hip": {
        "x": 0.5255129337310791,
        "y": 0.8919499516487122,
        "z": 0.052964676171541214
    },
    "right_hip": {
        "x": 0.528221845626831,
        "y": 0.8645556569099426,
        "z": -0.053083110600709915
    },
    "left_knee": {
        "x": 0.5614239573478699,
        "y": 0.8112281560897827,
        "z": 0.20390744507312775
    },
    "right_knee": {
        "x": 0.5510442852973938,
        "y": 0.7622026801109314,
        "z": 0.09936564415693283
    },
    "left_ankle": {
        "x": 0.6201518177986145,
        "y": 0.7831542491912842,
        "z": 0.3230682611465454
    },
    "right_ankle": {
        "x": 0.6158171892166138,
        "y": 0.7176885008811951,
        "z": 0.23360663652420044
    },
    "left_heel": {
        "x": 0.6332817077636719,
        "y": 0.7872136235237122,
        "z": 0.33601319789886475
    },
    "right_heel": {
        "x": 0.6335930228233337,
        "y": 0.7130098342895508,
        "z": 0.2474333792924881
    },
    "left_foot_index": {
        "x": 0.6205112934112549,
        "y": 0.7324891686439514,
        "z": 0.3343013525009155
    },
    "right_foot_index": {
        "x": 0.602963387966156,
        "y": 0.6568731069564819,
        "z": 0.24702268838882446
    }
}