{
    "nose": {
        "x": 0.3773830831050873,
        "y": 0.4382803738117218,
        "z": -0.011254915967583656
    },
    "left_eye_inner": {
        "x": 0.3736962378025055,
        "y": 0.4307865500450134,
        "z": -0.029973916709423065
    },
    "left_eye": {
        "x": 0.37207916378974915,
        "y": 0.431844025850296,
        "z": -0.029998190701007843
    },
    "left_eye_outer": {
        "x": 0.3704705834388733,
        "y": 0.43319207429885864,
        "z": -0.03007003851234913
    },
    "right_eye_inner": {
        "x": 0.3790081739425659,
        "y": 0.42789942026138306,
        "z": -0.0263853520154953
    },
    "right_eye": {
        "x": 0.38108861446380615,
        "y": 0.42686939239501953,
        "z": -0.026359906420111656
    },
    "right_eye_outer": {
        "x": 0.3832748532295227,
        "y": 0.4259156882762909,
        "z": -0.026408547535538673
    },
    "left_ear": {
        "x": 0.3700717091560364,
        "y": 0.4392375349998474,
        "z": -0.08630435168743134
    },
    "right_ear": {
        "x": 0.3882739245891571,
        "y": 0.4283604025840759,
        "z": -0.07132275402545929
    },
    "mouth_left": {
        "x": 0.3761693835258484,
        "y": 0.4474497437477112,
        "z": -0.027147257700562477
    },
    "mouth_right": {
        "x": 0.3819969892501831,
        "y": 0.44475671648979187,
        "z": -0.022815221920609474
    },
    "left_shoulder": {
        "x": 0.36164721846580505,
        "y": 0.5000780820846558,
        "z": -0.1091507226228714
    },
    "right_shoulder": {
        "x": 0.42378535866737366,
        "y": 0.46963050961494446,
        "z": -0.07504573464393616
    },
    "left_elbow": {
        "x": 0.34481775760650635,
        "y": 0.5737505555152893,
        "z": -0.10953040421009064
    },
    "right_elbow": {
        "x": 0.46067091822624207,
        "y": 0.5245469212532043,
        "z": -0.09461783617734909
    },
    "left_wrist": {
        "x": 0.3283919394016266,
        "y": 0.6455968022346497,
        "z": -0.08914056420326233
    },
    "right_wrist": {
        "x": 0.5006660223007202,
        "y": 0.5715955495834351,
        "z": -0.11522392183542252
    },
    "left_pinky": {
        "x": 0.32165446877479553,
        "y": 0.6594074368476868,
        "z": -0.102346271276474
    },
    "right_pinky": {
        "x": 0.5074466466903687,
        "y": 0.5833971500396729,
        "z": -0.13221445679664612
    },
    "left_index": {
        "x": 0.3215160071849823,
        "y": 0.6579469442367554,
        "z": -0.0996188372373581
    },
    "right_index": {
        "x": 0.5081493258476257,
        "y": 0.5818646550178528,
        "z": -0.1305166482925415
    },
    "left_thumb": {
        "x": 0.3246423006057739,
        "y": 0.6539112329483032,
        "z": -0.0879991352558136
    },
    "right_thumb": {
        "x": 0.5044875741004944,
        "y": 0.5787193775177002,
        "z": -0.11639345437288284
    },
    "left_hip": {
        "x": 0.3987642526626587,
        "y": 0.6165885925292969,
        "z": -0.030064256861805916
    },
    "right_hip": {
        "x": 0.43061742186546326,
        "y": 0.6044039130210876,
        "z": 0.029919221997261047
    },
    "left_knee": {
        "x": 0.3850644826889038,
        "y": 0.684791624546051,
        "z": 0.08835264295339584
    },
    "right_knee": {
        "x": 0.40969353914260864,
        "y": 0.669037401676178,
        "z": 0.16739077866077423
    },
    "left_ankle": {
        "x": 0.41061732172966003,
        "y": 0.7660858631134033,
        "z": 0.23424279689788818
    },
    "right_ankle": {
        "x": 0.42228299379348755,
        "y": 0.7470663785934448,
        "z": 0.3132023811340332
    },
    "left_heel": {
        "x": 0.42106300592422485,
        "y": 0.7861833572387695,
        "z": 0.24855604767799377
    },
    "right_heel": {
        "x": 0.42315417528152466,
        "y": 0.7540766000747681,
        "z": 0.32742008566856384
    },
    "left_foot_index": {
        "x": 0.4012620449066162,
        "y": 0.7850932478904724,
        "z": 0.2362489253282547
    },
    "right_foot_index": {
        "x": 0.4218656122684479,
        "y": 0.7538598775863647,
        "z": 0.3100617527961731
    }
}