{
    "nose": {
        "x": 0.3864726126194,
        "y": 0.437250554561615,
        "z": 0.05721049755811691
    },
    "left_eye_inner": {
        "x": 0.38301342725753784,
        "y": 0.4301285743713379,
        "z": 0.0372285321354866
    },
    "left_eye": {
        "x": 0.3813994526863098,
        "y": 0.4312032461166382,
        "z": 0.0371750108897686
    },
    "left_eye_outer": {
        "x": 0.3797551393508911,
        "y": 0.43251657485961914,
        "z": 0.03709869086742401
    },
    "right_eye_inner": {
        "x": 0.3878270983695984,
        "y": 0.4269818961620331,
        "z": 0.041086532175540924
    },
    "right_eye": {
        "x": 0.38953280448913574,
        "y": 0.42585378885269165,
        "z": 0.04111621901392937
    },
    "right_eye_outer": {
        "x": 0.39128533005714417,
        "y": 0.42478448152542114,
        "z": 0.04106979817152023
    },
    "left_ear": {
        "x": 0.37859049439430237,
        "y": 0.43496423959732056,
        "z": -0.029521100223064423
    },
    "right_ear": {
        "x": 0.39544758200645447,
        "y": 0.4242713153362274,
        "z": -0.012238066643476486
    },
    "mouth_left": {
        "x": 0.3849213123321533,
        "y": 0.4441615641117096,
        "z": 0.037538085132837296
    },
    "mouth_right": {
        "x": 0.3907368779182434,
        "y": 0.4416109621524811,
        "z": 0.04245927184820175
    },
    "left_shoulder": {
        "x": 0.3673326373100281,
        "y": 0.48791149258613586,
        "z": -0.06637052446603775
    },
    "right_shoulder": {
        "x": 0.433563768863678,
        "y": 0.45624393224716187,
        "z": -0.02795667015016079
    },
    "left_elbow": {
        "x": 0.35228508710861206,
        "y": 0.5719625949859619,
        "z": -0.07415039837360382
    },
    "right_elbow": {
        "x": 0.475128710269928,
        "y": 0.5167201161384583,
        "z": -0.03737860172986984
    },
    "left_wrist": {
        "x": 0.33814963698387146,
        "y": 0.6440756916999817,
        "z": -0.05975823104381561
    },
    "right_wrist": {
        "x": 0.512844443321228,
        "y": 0.5695779323577881,
        "z": -0.04784040153026581
    },
    "left_pinky": {
        "x": 0.3314666748046875,
        "y": 0.6580145359039307,
        "z": -0.07240711897611618
    },
    "right_pinky": {
        "x": 0.5211023092269897,
        "y": 0.5789591670036316,
        "z": -0.06255022436380386
    },
    "left_index": {
        "x": 0.3324381709098816,
        "y": 0.6582159399986267,
        "z": -0.06868307292461395
    },
    "right_index": {
        "x": 0.5208392143249512,
        "y": 0.5794236063957214,
        "z": -0.05866934359073639
    },
    "left_thumb": {
        "x": 0.3352656662464142,
        "y": 0.6543267369270325,
        "z": -0.05819260701537132
    },
    "right_thumb": {
        "x": 0.5173181295394897,
        "y": 0.5772647857666016,
        "z": -0.04796801880002022
    },
    "left_hip": {
        "x": 0.404751181602478,
        "y": 0.6284102201461792,
        "z": -0.031457461416721344
    },
    "right_hip": {
        "x": 0.44146010279655457,
        "y": 0.6048761010169983,
        "z": 0.0311951395124197
    },
    "left_knee": {
        "x": 0.39754000306129456,
        "y": 0.6681782007217407,
        "z": 0.1384153962135315
    },
    "right_knee": {
        "x": 0.4122824966907501,
        "y": 0.6104092001914978,
        "z": 0.24954535067081451
    },
    "left_ankle": {
        "x": 0.4130319654941559,
        "y": 0.7599236369132996,
        "z": 0.3033509850502014
    },
    "right_ankle": {
        "x": 0.41675472259521484,
        "y": 0.6479758620262146,
        "z": 0.41965603828430176
    },
    "left_heel": {
        "x": 0.420347660779953,
        "y": 0.7702870965003967,
        "z": 0.3206852078437805
    },
    "right_heel": {
        "x": 0.41852205991744995,
        "y": 0.6573549509048462,
        "z": 0.43712079524993896
    },
    "left_foot_index": {
        "x": 0.405437171459198,
        "y": 0.7742235660552979,
        "z": 0.311085045337677
    },
    "right_foot_index": {
        "x": 0.4142588675022125,
        "y": 0.6469901204109192,
        "z": 0.43766048550605774
    }
}