{
    "nose": {
        "x": 0.39810284972190857,
        "y": 0.7828646898269653,
        "z": -0.3625923991203308
    },
    "left_eye_inner": {
        "x": 0.39882582426071167,
        "y": 0.7756640911102295,
        "z": -0.360141396522522
    },
    "left_eye": {
        "x": 0.4000486135482788,
        "y": 0.7741972804069519,
        "z": -0.36017993092536926
    },
    "left_eye_outer": {
        "x": 0.4012226462364197,
        "y": 0.7727107405662537,
        "z": -0.36026522517204285
    },
    "right_eye_inner": {
        "x": 0.39521703124046326,
        "y": 0.7794693112373352,
        "z": -0.3661516308784485
    },
    "right_eye": {
        "x": 0.39395350217819214,
        "y": 0.7804449200630188,
        "z": -0.36614304780960083
    },
    "right_eye_outer": {
        "x": 0.392691969871521,
        "y": 0.7814521193504333,
        "z": -0.36616888642311096
    },
    "left_ear": {
        "x": 0.402095228433609,
        "y": 0.7645813226699829,
        "z": -0.2989863455295563
    },
    "right_ear": {
        "x": 0.3893202841281891,
        "y": 0.7786418795585632,
        "z": -0.326788991689682
    },
    "mouth_left": {
        "x": 0.3995636999607086,
        "y": 0.7812641859054565,
        "z": -0.33499380946159363
    },
    "mouth_right": {
        "x": 0.3958307206630707,
        "y": 0.785722553730011,
        "z": -0.3431844711303711
    },
    "left_shoulder": {
        "x": 0.4103665053844452,
        "y": 0.7524436116218567,
        "z": -0.21996325254440308
    },
    "right_shoulder": {
        "x": 0.37701693177223206,
        "y": 0.7880904078483582,
        "z": -0.24105550348758698
    },
    "left_elbow": {
        "x": 0.4323919415473938,
        "y": 0.7709567546844482,
        "z": -0.2545446455478668
    },
    "right_elbow": {
        "x": 0.3800100088119507,
        "y": 0.8381572365760803,
        "z": -0.28438371419906616
    },
    "left_wrist": {
        "x": 0.45266446471214294,
        "y": 0.7947700023651123,
        "z": -0.3505168855190277
    },
    "right_wrist": {
        "x": 0.39580994844436646,
        "y": 0.861346960067749,
        "z": -0.4024570882320404
    },
    "left_pinky": {
        "x": 0.4610082507133484,
        "y": 0.7968332767486572,
        "z": -0.38522014021873474
    },
    "right_pinky": {
        "x": 0.39867010712623596,
        "y": 0.8698553442955017,
        "z": -0.4421886205673218
    },
    "left_index": {
        "x": 0.45713984966278076,
        "y": 0.801364541053772,
        "z": -0.3954872190952301
    },
    "right_index": {
        "x": 0.40183812379837036,
        "y": 0.8640618920326233,
        "z": -0.44936734437942505
    },
    "left_thumb": {
        "x": 0.45385533571243286,
        "y": 0.8030157685279846,
        "z": -0.3584045171737671
    },
    "right_thumb": {
        "x": 0.4022970497608185,
        "y": 0.859733521938324,
        "z": -0.4096519947052002
    },
    "left_hip": {
        "x": 0.3673348128795624,
        "y": 0.7119414806365967,
        "z": 0.0062670777551829815
    },
    "right_hip": {
        "x": 0.3499624729156494,
        "y": 0.7354964017868042,
        "z": -0.006445403676480055
    },
    "left_knee": {
        "x": 0.3803023397922516,
        "y": 0.6337740421295166,
        "z": 0.05516617000102997
    },
    "right_knee": {
        "x": 0.30144304037094116,
        "y": 0.7323039174079895,
        "z": 0.008039693348109722
    },
    "left_ankle": {
        "x": 0.39781057834625244,
        "y": 0.5819124579429626,
        "z": 0.13886427879333496
    },
    "right_ankle": {
        "x": 0.27755171060562134,
        "y": 0.7262203693389893,
        "z": 0.10431742668151855
    },
    "left_heel": {
        "x": 0.40006646513938904,
        "y": 0.5755065083503723,
        "z": 0.1466304063796997
    },
    "right_heel": {
        "x": 0.28018900752067566,
        "y": 0.7229189276695251,
        "z": 0.11370153725147247
    },
    "left_foot_index": {
        "x": 0.4096253514289856,
        "y": 0.5650983452796936,
        "z": 0.10378731787204742
    },
    "right_foot_index": {
        "x": 0.25960156321525574,
        "y": 0.7244096994400024,
        "z": 0.07845808565616608
    }
}