{
    "nose": {
        "x": 0.7662517428398132,
        "y": 0.8065556883811951,
        "z": -0.2456401288509369
    },
    "left_eye_inner": {
        "x": 0.76857590675354,
        "y": 0.7943859696388245,
        "z": -0.25330206751823425
    },
    "left_eye": {
        "x": 0.7708797454833984,
        "y": 0.7926537394523621,
        "z": -0.2532652020454407
    },
    "left_eye_outer": {
        "x": 0.7732387781143188,
        "y": 0.7908357977867126,
        "z": -0.25336864590644836
    },
    "right_eye_inner": {
        "x": 0.7644802331924438,
        "y": 0.795956552028656,
        "z": -0.24383896589279175
    },
    "right_eye": {
        "x": 0.7638750672340393,
        "y": 0.7953584790229797,
        "z": -0.24393649399280548
    },
    "right_eye_outer": {
        "x": 0.7632879018783569,
        "y": 0.7945300340652466,
        "z": -0.24402683973312378
    },
    "left_ear": {
        "x": 0.7834733724594116,
        "y": 0.7814024090766907,
        "z": -0.2448241114616394
    },
    "right_ear": {
        "x": 0.7716524004936218,
        "y": 0.7845928072929382,
        "z": -0.20562796294689178
    },
    "mouth_left": {
        "x": 0.7755612134933472,
        "y": 0.8089634776115417,
        "z": -0.2381083369255066
    },
    "mouth_right": {
        "x": 0.7696694731712341,
        "y": 0.8105922937393188,
        "z": -0.22671574354171753
    },
    "left_shoulder": {
        "x": 0.8297908306121826,
        "y": 0.7969587445259094,
        "z": -0.21339468657970428
    },
    "right_shoulder": {
        "x": 0.7737698554992676,
        "y": 0.7884581685066223,
        "z": -0.15847498178482056
    },
    "left_elbow": {
        "x": 0.8754100799560547,
        "y": 0.8478661179542542,
        "z": -0.20655876398086548
    },
    "right_elbow": {
        "x": 0.7560582160949707,
        "y": 0.8274994492530823,
        "z": -0.10898002982139587
    },
    "left_wrist": {
        "x": 0.9006576538085938,
        "y": 0.9213806986808777,
        "z": -0.21113471686840057
    },
    "right_wrist": {
        "x": 0.7244322299957275,
        "y": 0.8771794438362122,
        "z": -0.11321696639060974
    },
    "left_pinky": {
        "x": 0.9107387661933899,
        "y": 0.9301151037216187,
        "z": -0.226836696267128
    },
    "right_pinky": {
        "x": 0.7102548480033875,
        "y": 0.8793855905532837,
        "z": -0.12194404751062393
    },
    "left_index": {
        "x": 0.9031369090080261,
        "y": 0.9331040978431702,
        "z": -0.23671890795230865
    },
    "right_index": {
        "x": 0.7111533880233765,
        "y": 0.879051148891449,
        "z": -0.13556592166423798
    },
    "left_thumb": {
        "x": 0.897536039352417,
        "y": 0.9309550523757935,
        "z": -0.2165592759847641
    },
    "right_thumb": {
        "x": 0.7176575660705566,
        "y": 0.8790609836578369,
        "z": -0.12018146365880966
    },
    "left_hip": {
        "x": 0.8698722720146179,
        "y": 0.8582823276519775,
        "z": -0.025171907618641853
    },
    "right_hip": {
        "x": 0.8365346789360046,
        "y": 0.8607873320579529,
        "z": 0.024993354454636574
    },
    "left_knee": {
        "x": 0.8883497714996338,
        "y": 0.9058696031570435,
        "z": 0.08617310225963593
    },
    "right_knee": {
        "x": 0.85614013671875,
        "y": 0.9144248962402344,
        "z": 0.12474726885557175
    },
    "left_ankle": {
        "x": 0.903239905834198,
        "y": 0.925537645816803,
        "z": 0.20573945343494415
    },
    "right_ankle": {
        "x": 0.8818370699882507,
        "y": 0.9343852996826172,
        "z": 0.2406478375196457
    },
    "left_heel": {
        "x": 0.9068161249160767,
        "y": 0.9215731024742126,
        "z": 0.21658958494663239
    },
    "right_heel": {
        "x": 0.8866296410560608,
        "y": 0.9297621846199036,
        "z": 0.2527361512184143
    },
    "left_foot_index": {
        "x": 0.9022592306137085,
        "y": 0.9525402188301086,
        "z": 0.19476795196533203
    },
    "right_foot_index": {
        "x": 0.8857477307319641,
        "y": 0.9682709574699402,
        "z": 0.2403125762939453
    }
}