{
    "nose": {
        "x": 0.21608075499534607,
        "y": 0.21088851988315582,
        "z": -0.02915264666080475
    },
    "left_eye_inner": {
        "x": 0.21493425965309143,
        "y": 0.19638919830322266,
        "z": -0.04262504726648331
    },
    "left_eye": {
        "x": 0.2135271281003952,
        "y": 0.19492587447166443,
        "z": -0.04260024055838585
    },
    "left_eye_outer": {
        "x": 0.2122528851032257,
        "y": 0.19340568780899048,
        "z": -0.04258306324481964
    },
    "right_eye_inner": {
        "x": 0.21750134229660034,
        "y": 0.19754716753959656,
        "z": -0.06142742931842804
    },
    "right_eye": {
        "x": 0.21772627532482147,
        "y": 0.19708505272865295,
        "z": -0.061428412795066833
    },
    "right_eye_outer": {
        "x": 0.21806207299232483,
        "y": 0.19680795073509216,
        "z": -0.06146036460995674
    },
    "left_ear": {
        "x": 0.201388880610466,
        "y": 0.18585695326328278,
        "z": -0.06262348592281342
    },
    "right_ear": {
        "x": 0.21123534440994263,
        "y": 0.1934453845024109,
        "z": -0.1481984406709671
    },
    "mouth_left": {
        "x": 0.2095215916633606,
        "y": 0.21655482053756714,
        "z": -0.028019776567816734
    },
    "mouth_right": {
        "x": 0.2131158709526062,
        "y": 0.21728160977363586,
        "z": -0.05296444520354271
    },
    "left_shoulder": {
        "x": 0.134109228849411,
        "y": 0.22710317373275757,
        "z": -5.600474469247274e-05
    },
    "right_shoulder": {
        "x": 0.21363085508346558,
        "y": 0.2594004273414612,
        "z": -0.19762112200260162
    },
    "left_elbow": {
        "x": 0.13722944259643555,
        "y": 0.29292556643486023,
        "z": 0.15362432599067688
    },
    "right_elbow": {
        "x": 0.22488316893577576,
        "y": 0.4148220419883728,
        "z": -0.15125443041324615
    },
    "left_wrist": {
        "x": 0.1703113317489624,
        "y": 0.2990896999835968,
        "z": 0.29201170802116394
    },
    "right_wrist": {
        "x": 0.25380727648735046,
        "y": 0.4673747718334198,
        "z": -0.05458381772041321
    },
    "left_pinky": {
        "x": 0.17327383160591125,
        "y": 0.29999420046806335,
        "z": 0.3106057345867157
    },
    "right_pinky": {
        "x": 0.261172354221344,
        "y": 0.4877171814441681,
        "z": -0.0643019825220108
    },
    "left_index": {
        "x": 0.18000581860542297,
        "y": 0.29483312368392944,
        "z": 0.2960667610168457
    },
    "right_index": {
        "x": 0.26051005721092224,
        "y": 0.48160091042518616,
        "z": -0.06761083751916885
    },
    "left_thumb": {
        "x": 0.18172432482242584,
        "y": 0.29724612832069397,
        "z": 0.28953564167022705
    },
    "right_thumb": {
        "x": 0.2570684850215912,
        "y": 0.4765481948852539,
        "z": -0.05263201892375946
    },
    "left_hip": {
        "x": 0.1322137713432312,
        "y": 0.4902633726596832,
        "z": 0.07904935628175735
    },
    "right_hip": {
        "x": 0.1697021871805191,
        "y": 0.4973105192184448,
        "z": -0.07914523035287857
    },
    "left_knee": {
        "x": 0.15365774929523468,
        "y": 0.6155340671539307,
        "z": 0.28362971544265747
    },
    "right_knee": {
        "x": 0.20708951354026794,
        "y": 0.625930666923523,
        "z": 0.050259046256542206
    },
    "left_ankle": {
        "x": 0.1514228880405426,
        "y": 0.7523709535598755,
        "z": 0.48562702536582947
    },
    "right_ankle": {
        "x": 0.19305454194545746,
        "y": 0.7820410132408142,
        "z": 0.18198901414871216
    },
    "left_heel": {
        "x": 0.13969671726226807,
        "y": 0.7807788848876953,
        "z": 0.5052754282951355
    },
    "right_heel": {
        "x": 0.1790200173854828,
        "y": 0.8133643865585327,
        "z": 0.1955052763223648
    },
    "left_foot_index": {
        "x": 0.1812317967414856,
        "y": 0.7496711015701294,
        "z": 0.5032444596290588
    },
    "right_foot_index": {
        "x": 0.22606775164604187,
        "y": 0.7814838886260986,
        "z": 0.1793028712272644
    }
}