{
    "nose": {
        "x": 0.19744491577148438,
        "y": 0.18553170561790466,
        "z": -0.0028034860733896494
    },
    "left_eye_inner": {
        "x": 0.1951386034488678,
        "y": 0.16853976249694824,
        "z": -0.013637196272611618
    },
    "left_eye": {
        "x": 0.19375038146972656,
        "y": 0.1676136553287506,
        "z": -0.013601900078356266
    },
    "left_eye_outer": {
        "x": 0.19238510727882385,
        "y": 0.16681092977523804,
        "z": -0.013618217781186104
    },
    "right_eye_inner": {
        "x": 0.1970871090888977,
        "y": 0.16896948218345642,
        "z": -0.032416194677352905
    },
    "right_eye": {
        "x": 0.19701597094535828,
        "y": 0.16839101910591125,
        "z": -0.032400332391262054
    },
    "right_eye_outer": {
        "x": 0.19700327515602112,
        "y": 0.16805371642112732,
        "z": -0.03241436183452606
    },
    "left_ear": {
        "x": 0.18125131726264954,
        "y": 0.1645050048828125,
        "z": -0.03224508464336395
    },
    "right_ear": {
        "x": 0.19060468673706055,
        "y": 0.16804757714271545,
        "z": -0.11660677194595337
    },
    "mouth_left": {
        "x": 0.19186019897460938,
        "y": 0.19561001658439636,
        "z": -0.0021988332737237215
    },
    "mouth_right": {
        "x": 0.19481885433197021,
        "y": 0.19599860906600952,
        "z": -0.02690867893397808
    },
    "left_shoulder": {
        "x": 0.12254180759191513,
        "y": 0.21952036023139954,
        "z": 0.022825077176094055
    },
    "right_shoulder": {
        "x": 0.19519643485546112,
        "y": 0.249253049492836,
        "z": -0.17685241997241974
    },
    "left_elbow": {
        "x": 0.12519773840904236,
        "y": 0.23781771957874298,
        "z": 0.17542730271816254
    },
    "right_elbow": {
        "x": 0.21806593239307404,
        "y": 0.37197694182395935,
        "z": -0.11751215159893036
    },
    "left_wrist": {
        "x": 0.1763327717781067,
        "y": 0.20731160044670105,
        "z": 0.3268682062625885
    },
    "right_wrist": {
        "x": 0.25005701184272766,
        "y": 0.43156710267066956,
        "z": 0.023495787754654884
    },
    "left_pinky": {
        "x": 0.18321436643600464,
        "y": 0.19883456826210022,
        "z": 0.3504180908203125
    },
    "right_pinky": {
        "x": 0.25905904173851013,
        "y": 0.44476112723350525,
        "z": 0.025514528155326843
    },
    "left_index": {
        "x": 0.18989309668540955,
        "y": 0.19338048994541168,
        "z": 0.3349997401237488
    },
    "right_index": {
        "x": 0.2576361298561096,
        "y": 0.4406103789806366,
        "z": 0.026851622387766838
    },
    "left_thumb": {
        "x": 0.19025899469852448,
        "y": 0.19989043474197388,
        "z": 0.3238826096057892
    },
    "right_thumb": {
        "x": 0.2545662224292755,
        "y": 0.4344477653503418,
        "z": 0.02970341593027115
    },
    "left_hip": {
        "x": 0.12489758431911469,
        "y": 0.488629549741745,
        "z": 0.07229994237422943
    },
    "right_hip": {
        "x": 0.1606275588274002,
        "y": 0.49309098720550537,
        "z": -0.0725024938583374
    },
    "left_knee": {
        "x": 0.13586857914924622,
        "y": 0.6434656977653503,
        "z": 0.2245752513408661
    },
    "right_knee": {
        "x": 0.18359100818634033,
        "y": 0.6400366425514221,
        "z": 0.075896717607975
    },
    "left_ankle": {
        "x": 0.14716798067092896,
        "y": 0.7744600772857666,
        "z": 0.37542545795440674
    },
    "right_ankle": {
        "x": 0.1887802928686142,
        "y": 0.7843571901321411,
        "z": 0.20406925678253174
    },
    "left_heel": {
        "x": 0.1463969647884369,
        "y": 0.8030034303665161,
        "z": 0.3913363218307495
    },
    "right_heel": {
        "x": 0.18015918135643005,
        "y": 0.816058874130249,
        "z": 0.2178594470024109
    },
    "left_foot_index": {
        "x": 0.1807500123977661,
        "y": 0.7735501527786255,
        "z": 0.3903672695159912
    },
    "right_foot_index": {
        "x": 0.22772638499736786,
        "y": 0.7788317203521729,
        "z": 0.20199771225452423
    }
}