{
    "nose": {
        "x": 0.21225856244564056,
        "y": 0.21474689245224,
        "z": 0.0021248571574687958
    },
    "left_eye_inner": {
        "x": 0.2116188257932663,
        "y": 0.19913539290428162,
        "z": -0.010144243016839027
    },
    "left_eye": {
        "x": 0.20968462526798248,
        "y": 0.19758108258247375,
        "z": -0.010121895931661129
    },
    "left_eye_outer": {
        "x": 0.20765070617198944,
        "y": 0.19595035910606384,
        "z": -0.01015518233180046
    },
    "right_eye_inner": {
        "x": 0.21530920267105103,
        "y": 0.19999724626541138,
        "z": -0.026199782267212868
    },
    "right_eye": {
        "x": 0.21599741280078888,
        "y": 0.19941559433937073,
        "z": -0.026172589510679245
    },
    "right_eye_outer": {
        "x": 0.2167619913816452,
        "y": 0.19887670874595642,
        "z": -0.026160050183534622
    },
    "left_ear": {
        "x": 0.1967332661151886,
        "y": 0.19212332367897034,
        "z": -0.033150073140859604
    },
    "right_ear": {
        "x": 0.21186673641204834,
        "y": 0.19956526160240173,
        "z": -0.10746435075998306
    },
    "mouth_left": {
        "x": 0.20484496653079987,
        "y": 0.2225499153137207,
        "z": 0.0006901040906086564
    },
    "mouth_right": {
        "x": 0.20936474204063416,
        "y": 0.2243400514125824,
        "z": -0.020902780815958977
    },
    "left_shoulder": {
        "x": 0.13610400259494781,
        "y": 0.2362828254699707,
        "z": 0.0136181078851223
    },
    "right_shoulder": {
        "x": 0.20516900718212128,
        "y": 0.2869282364845276,
        "z": -0.1619279682636261
    },
    "left_elbow": {
        "x": 0.14577651023864746,
        "y": 0.2608836889266968,
        "z": 0.14625541865825653
    },
    "right_elbow": {
        "x": 0.21880826354026794,
        "y": 0.433078408241272,
        "z": -0.14713707566261292
    },
    "left_wrist": {
        "x": 0.1833081990480423,
        "y": 0.2476377934217453,
        "z": 0.26643863320350647
    },
    "right_wrist": {
        "x": 0.24838681519031525,
        "y": 0.528806746006012,
        "z": -0.08201013505458832
    },
    "left_pinky": {
        "x": 0.1879926472902298,
        "y": 0.2385982871055603,
        "z": 0.28458917140960693
    },
    "right_pinky": {
        "x": 0.2577103078365326,
        "y": 0.5490010976791382,
        "z": -0.09180918335914612
    },
    "left_index": {
        "x": 0.19536490738391876,
        "y": 0.2330891489982605,
        "z": 0.2684285342693329
    },
    "right_index": {
        "x": 0.25983744859695435,
        "y": 0.5415892004966736,
        "z": -0.08925500512123108
    },
    "left_thumb": {
        "x": 0.19685381650924683,
        "y": 0.24123074114322662,
        "z": 0.26295799016952515
    },
    "right_thumb": {
        "x": 0.25622043013572693,
        "y": 0.5352759957313538,
        "z": -0.07858177274465561
    },
    "left_hip": {
        "x": 0.13083313405513763,
        "y": 0.5047436952590942,
        "z": 0.07130217552185059
    },
    "right_hip": {
        "x": 0.16910019516944885,
        "y": 0.5152292251586914,
        "z": -0.07132779061794281
    },
    "left_knee": {
        "x": 0.15807132422924042,
        "y": 0.6355966925621033,
        "z": 0.2460549771785736
    },
    "right_knee": {
        "x": 0.21393457055091858,
        "y": 0.639108419418335,
        "z": 0.05359722673892975
    },
    "left_ankle": {
        "x": 0.15659305453300476,
        "y": 0.7689182758331299,
        "z": 0.41984814405441284
    },
    "right_ankle": {
        "x": 0.19039461016654968,
        "y": 0.7883493304252625,
        "z": 0.1915886104106903
    },
    "left_heel": {
        "x": 0.15278306603431702,
        "y": 0.7921304106712341,
        "z": 0.4363952875137329
    },
    "right_heel": {
        "x": 0.18028336763381958,
        "y": 0.8206140995025635,
        "z": 0.20741839706897736
    },
    "left_foot_index": {
        "x": 0.18786457180976868,
        "y": 0.7914110422134399,
        "z": 0.4339616894721985
    },
    "right_foot_index": {
        "x": 0.22511497139930725,
        "y": 0.7851300835609436,
        "z": 0.2065667361021042
    }
}