{
    "nose": {
        "x": 0.26671332120895386,
        "y": 0.5134131908416748,
        "z": -0.141531839966774
    },
    "left_eye_inner": {
        "x": 0.2668493688106537,
        "y": 0.5012185573577881,
        "z": -0.1547715663909912
    },
    "left_eye": {
        "x": 0.26491042971611023,
        "y": 0.4967558681964874,
        "z": -0.15483540296554565
    },
    "left_eye_outer": {
        "x": 0.2628861665725708,
        "y": 0.4930410087108612,
        "z": -0.15488770604133606
    },
    "right_eye_inner": {
        "x": 0.2696506083011627,
        "y": 0.5166321992874146,
        "z": -0.1621275097131729
    },
    "right_eye": {
        "x": 0.2697961926460266,
        "y": 0.5219380855560303,
        "z": -0.16219085454940796
    },
    "right_eye_outer": {
        "x": 0.26983362436294556,
        "y": 0.526393473148346,
        "z": -0.16229313611984253
    },
    "left_ear": {
        "x": 0.25082921981811523,
        "y": 0.49575117230415344,
        "z": -0.17644387483596802
    },
    "right_ear": {
        "x": 0.2629203498363495,
        "y": 0.5351946949958801,
        "z": -0.2090846449136734
    },
    "mouth_left": {
        "x": 0.2630159854888916,
        "y": 0.5354136228561401,
        "z": -0.14365868270397186
    },
    "mouth_right": {
        "x": 0.25993025302886963,
        "y": 0.5339992642402649,
        "z": -0.15304970741271973
    },
    "left_shoulder": {
        "x": 0.19571104645729065,
        "y": 0.4953386187553406,
        "z": -0.13220347464084625
    },
    "right_shoulder": {
        "x": 0.22801616787910461,
        "y": 0.6388264298439026,
        "z": -0.23155780136585236
    },
    "left_elbow": {
        "x": 0.13887259364128113,
        "y": 0.43821364641189575,
        "z": -0.036388009786605835
    },
    "right_elbow": {
        "x": 0.2236824929714203,
        "y": 0.7407609224319458,
        "z": -0.22696268558502197
    },
    "left_wrist": {
        "x": 0.15411607921123505,
        "y": 0.4188865125179291,
        "z": 0.0235909316688776
    },
    "right_wrist": {
        "x": 0.2298160046339035,
        "y": 0.8470213413238525,
        "z": -0.18681973218917847
    },
    "left_pinky": {
        "x": 0.15427076816558838,
        "y": 0.40963125228881836,
        "z": 0.02156122960150242
    },
    "right_pinky": {
        "x": 0.23456022143363953,
        "y": 0.8739225268363953,
        "z": -0.20549869537353516
    },
    "left_index": {
        "x": 0.15899322926998138,
        "y": 0.40952804684638977,
        "z": 0.011509990319609642
    },
    "right_index": {
        "x": 0.24050146341323853,
        "y": 0.8699743151664734,
        "z": -0.20887157320976257
    },
    "left_thumb": {
        "x": 0.16000010073184967,
        "y": 0.41673606634140015,
        "z": 0.0213895495980978
    },
    "right_thumb": {
        "x": 0.23825177550315857,
        "y": 0.8625254034996033,
        "z": -0.18828050792217255
    },
    "left_hip": {
        "x": 0.14270606637001038,
        "y": 0.6536656022071838,
        "z": 0.05467023700475693
    },
    "right_hip": {
        "x": 0.16833359003067017,
        "y": 0.7110390067100525,
        "z": -0.05478047952055931
    },
    "left_knee": {
        "x": 0.19949060678482056,
        "y": 0.6528918743133545,
        "z": 0.21612966060638428
    },
    "right_knee": {
        "x": 0.24172140657901764,
        "y": 0.6937029361724854,
        "z": 0.0788697898387909
    },
    "left_ankle": {
        "x": 0.19485418498516083,
        "y": 0.7488969564437866,
        "z": 0.39330199360847473
    },
    "right_ankle": {
        "x": 0.19924068450927734,
        "y": 0.7770881056785583,
        "z": 0.29539501667022705
    },
    "left_heel": {
        "x": 0.19120681285858154,
        "y": 0.7647703886032104,
        "z": 0.41300132870674133
    },
    "right_heel": {
        "x": 0.18864400684833527,
        "y": 0.7857797741889954,
        "z": 0.3197249174118042
    },
    "left_foot_index": {
        "x": 0.20470348000526428,
        "y": 0.7712787389755249,
        "z": 0.4345179498195648
    },
    "right_foot_index": {
        "x": 0.2136855572462082,
        "y": 0.8099016547203064,
        "z": 0.34933918714523315
    }
}