{
    "nose": {
        "x": 0.2197241187095642,
        "y": 0.17992298305034637,
        "z": 0.10435314476490021
    },
    "left_eye_inner": {
        "x": 0.2146868109703064,
        "y": 0.17161911725997925,
        "z": 0.08648724853992462
    },
    "left_eye": {
        "x": 0.21257001161575317,
        "y": 0.17242494225502014,
        "z": 0.08648750931024551
    },
    "left_eye_outer": {
        "x": 0.2105763852596283,
        "y": 0.17327943444252014,
        "z": 0.08648105710744858
    },
    "right_eye_inner": {
        "x": 0.2196754515171051,
        "y": 0.16884136199951172,
        "z": 0.07708743214607239
    },
    "right_eye": {
        "x": 0.2209244668483734,
        "y": 0.1679592728614807,
        "z": 0.07703417539596558
    },
    "right_eye_outer": {
        "x": 0.22223849594593048,
        "y": 0.16721171140670776,
        "z": 0.07695028185844421
    },
    "left_ear": {
        "x": 0.20624002814292908,
        "y": 0.17842045426368713,
        "z": 0.026238396763801575
    },
    "right_ear": {
        "x": 0.22312253713607788,
        "y": 0.17107221484184265,
        "z": -0.01573493890464306
    },
    "mouth_left": {
        "x": 0.2165411114692688,
        "y": 0.18974576890468597,
        "z": 0.0875769779086113
    },
    "mouth_right": {
        "x": 0.22361499071121216,
        "y": 0.18807601928710938,
        "z": 0.07533044368028641
    },
    "left_shoulder": {
        "x": 0.1816999763250351,
        "y": 0.2609896957874298,
        "z": 0.04706437513232231
    },
    "right_shoulder": {
        "x": 0.24431030452251434,
        "y": 0.22150415182113647,
        "z": -0.08500812202692032
    },
    "left_elbow": {
        "x": 0.18255403637886047,
        "y": 0.3566698729991913,
        "z": 0.10977553576231003
    },
    "right_elbow": {
        "x": 0.2717439532279968,
        "y": 0.3113940954208374,
        "z": -0.0034520826302468777
    },
    "left_wrist": {
        "x": 0.2016654759645462,
        "y": 0.36497002840042114,
        "z": 0.17740337550640106
    },
    "right_wrist": {
        "x": 0.27214479446411133,
        "y": 0.30168887972831726,
        "z": 0.16753484308719635
    },
    "left_pinky": {
        "x": 0.20602230727672577,
        "y": 0.37336933612823486,
        "z": 0.19422239065170288
    },
    "right_pinky": {
        "x": 0.27690625190734863,
        "y": 0.29488104581832886,
        "z": 0.18592700362205505
    },
    "left_index": {
        "x": 0.2093738615512848,
        "y": 0.3644106686115265,
        "z": 0.19004714488983154
    },
    "right_index": {
        "x": 0.27065509557724,
        "y": 0.29127320647239685,
        "z": 0.18616095185279846
    },
    "left_thumb": {
        "x": 0.20857372879981995,
        "y": 0.36036252975463867,
        "z": 0.17760209739208221
    },
    "right_thumb": {
        "x": 0.2667127251625061,
        "y": 0.2878458797931671,
        "z": 0.1723656803369522
    },
    "left_hip": {
        "x": 0.21744878590106964,
        "y": 0.4312341809272766,
        "z": 0.06697143614292145
    },
    "right_hip": {
        "x": 0.25029295682907104,
        "y": 0.41971856355667114,
        "z": -0.06717082858085632
    },
    "left_knee": {
        "x": 0.2767077386379242,
        "y": 0.42913585901260376,
        "z": 0.20029707252979279
    },
    "right_knee": {
        "x": 0.301664263010025,
        "y": 0.4448612332344055,
        "z": 0.04679082706570625
    },
    "left_ankle": {
        "x": 0.28227633237838745,
        "y": 0.5361974239349365,
        "z": 0.2402081936597824
    },
    "right_ankle": {
        "x": 0.2881152927875519,
        "y": 0.5756385326385498,
        "z": 0.10371500998735428
    },
    "left_heel": {
        "x": 0.2779025137424469,
        "y": 0.5584617257118225,
        "z": 0.2453945279121399
    },
    "right_heel": {
        "x": 0.28055939078330994,
        "y": 0.6033294200897217,
        "z": 0.11270862817764282
    },
    "left_foot_index": {
        "x": 0.3080235719680786,
        "y": 0.5478897094726562,
        "z": 0.27049520611763
    },
    "right_foot_index": {
        "x": 0.3163529634475708,
        "y": 0.5726090669631958,
        "z": 0.13298846781253815
    }
}