{
    "nose": {
        "x": 0.7232497930526733,
        "y": 0.6859005689620972,
        "z": 0.03368666395545006
    },
    "left_eye_inner": {
        "x": 0.7174478769302368,
        "y": 0.6905950903892517,
        "z": 0.018624337390065193
    },
    "left_eye": {
        "x": 0.7175112366676331,
        "y": 0.6903520226478577,
        "z": 0.018580732867121696
    },
    "left_eye_outer": {
        "x": 0.7175209522247314,
        "y": 0.6900908946990967,
        "z": 0.018447894603013992
    },
    "right_eye_inner": {
        "x": 0.7162895798683167,
        "y": 0.6928719282150269,
        "z": 0.02230219542980194
    },
    "right_eye": {
        "x": 0.7156515717506409,
        "y": 0.6927706003189087,
        "z": 0.022319220006465912
    },
    "right_eye_outer": {
        "x": 0.714946985244751,
        "y": 0.6927216053009033,
        "z": 0.0222685057669878
    },
    "left_ear": {
        "x": 0.7201675176620483,
        "y": 0.6872835755348206,
        "z": -0.027435198426246643
    },
    "right_ear": {
        "x": 0.7157143950462341,
        "y": 0.6881956458091736,
        "z": -0.009838721714913845
    },
    "mouth_left": {
        "x": 0.7291057109832764,
        "y": 0.6797714233398438,
        "z": 0.022648854181170464
    },
    "mouth_right": {
        "x": 0.7280053496360779,
        "y": 0.6806211471557617,
        "z": 0.027313673868775368
    },
    "left_shoulder": {
        "x": 0.7519571185112,
        "y": 0.654662549495697,
        "z": -0.05437410995364189
    },
    "right_shoulder": {
        "x": 0.7426057457923889,
        "y": 0.6658591032028198,
        "z": 0.01294244546443224
    },
    "left_elbow": {
        "x": 0.7303082942962646,
        "y": 0.7010374069213867,
        "z": -0.037472933530807495
    },
    "right_elbow": {
        "x": 0.7290535569190979,
        "y": 0.673248827457428,
        "z": 0.06739410758018494
    },
    "left_wrist": {
        "x": 0.7016177177429199,
        "y": 0.7607398629188538,
        "z": -0.039862871170043945
    },
    "right_wrist": {
        "x": 0.7097461819648743,
        "y": 0.7075379490852356,
        "z": 0.12294910103082657
    },
    "left_pinky": {
        "x": 0.6961467862129211,
        "y": 0.7754130959510803,
        "z": -0.05502576008439064
    },
    "right_pinky": {
        "x": 0.7042944431304932,
        "y": 0.7134228348731995,
        "z": 0.13479164242744446
    },
    "left_index": {
        "x": 0.6961855292320251,
        "y": 0.7779204249382019,
        "z": -0.05354885011911392
    },
    "right_index": {
        "x": 0.7078393697738647,
        "y": 0.7148536443710327,
        "z": 0.12669022381305695
    },
    "left_thumb": {
        "x": 0.6973410248756409,
        "y": 0.7711966037750244,
        "z": -0.03971162438392639
    },
    "right_thumb": {
        "x": 0.7116386890411377,
        "y": 0.7139273881912231,
        "z": 0.12122967839241028
    },
    "left_hip": {
        "x": 0.7573785185813904,
        "y": 0.6533898711204529,
        "z": -0.009060648269951344
    },
    "right_hip": {
        "x": 0.761441707611084,
        "y": 0.6612809300422668,
        "z": 0.009207699447870255
    },
    "left_knee": {
        "x": 0.6908847093582153,
        "y": 0.721800684928894,
        "z": -0.08738405257463455
    },
    "right_knee": {
        "x": 0.7357183694839478,
        "y": 0.7580997943878174,
        "z": -0.04982335865497589
    },
    "left_ankle": {
        "x": 0.6637811064720154,
        "y": 0.8222674131393433,
        "z": 0.02694503776729107
    },
    "right_ankle": {
        "x": 0.716023862361908,
        "y": 0.85383141040802,
        "z": 0.03154155984520912
    },
    "left_heel": {
        "x": 0.6647965908050537,
        "y": 0.8272521495819092,
        "z": 0.04076438769698143
    },
    "right_heel": {
        "x": 0.7150112390518188,
        "y": 0.8680163025856018,
        "z": 0.041492704302072525
    },
    "left_foot_index": {
        "x": 0.6560801863670349,
        "y": 0.858502984046936,
        "z": 0.015458429232239723
    },
    "right_foot_index": {
        "x": 0.7034135460853577,
        "y": 0.8787823915481567,
        "z": 0.017922228202223778
    }
}