{
    "nose": {
        "x": 0.34525740146636963,
        "y": 0.7609712481498718,
        "z": 0.258759081363678
    },
    "left_eye_inner": {
        "x": 0.347339391708374,
        "y": 0.7658835053443909,
        "z": 0.2744285762310028
    },
    "left_eye": {
        "x": 0.3467404842376709,
        "y": 0.765850305557251,
        "z": 0.2743951380252838
    },
    "left_eye_outer": {
        "x": 0.3461023271083832,
        "y": 0.7657336592674255,
        "z": 0.2743866443634033
    },
    "right_eye_inner": {
        "x": 0.3503715991973877,
        "y": 0.7659190893173218,
        "z": 0.26115909218788147
    },
    "right_eye": {
        "x": 0.35166558623313904,
        "y": 0.765851616859436,
        "z": 0.26109448075294495
    },
    "right_eye_outer": {
        "x": 0.35286927223205566,
        "y": 0.7657451033592224,
        "z": 0.2609226405620575
    },
    "left_ear": {
        "x": 0.34856969118118286,
        "y": 0.7634677886962891,
        "z": 0.3234418034553528
    },
    "right_ear": {
        "x": 0.3589779734611511,
        "y": 0.7621074318885803,
        "z": 0.26774904131889343
    },
    "mouth_left": {
        "x": 0.34426289796829224,
        "y": 0.7537575364112854,
        "z": 0.27621951699256897
    },
    "mouth_right": {
        "x": 0.34720301628112793,
        "y": 0.7531305551528931,
        "z": 0.2597348392009735
    },
    "left_shoulder": {
        "x": 0.342070072889328,
        "y": 0.7252652645111084,
        "z": 0.31333738565444946
    },
    "right_shoulder": {
        "x": 0.3581201434135437,
        "y": 0.7404401898384094,
        "z": 0.17426756024360657
    },
    "left_elbow": {
        "x": 0.3053938150405884,
        "y": 0.6741288304328918,
        "z": 0.18215249478816986
    },
    "right_elbow": {
        "x": 0.33097705245018005,
        "y": 0.6896632313728333,
        "z": 0.08652817457914352
    },
    "left_wrist": {
        "x": 0.2866809368133545,
        "y": 0.7008180618286133,
        "z": 0.03373703360557556
    },
    "right_wrist": {
        "x": 0.3063679337501526,
        "y": 0.7229059338569641,
        "z": 0.1179535984992981
    },
    "left_pinky": {
        "x": 0.2825564444065094,
        "y": 0.7110183238983154,
        "z": 0.015334267169237137
    },
    "right_pinky": {
        "x": 0.29679322242736816,
        "y": 0.736733078956604,
        "z": 0.12077886611223221
    },
    "left_index": {
        "x": 0.2848565876483917,
        "y": 0.7132619619369507,
        "z": 0.02761843614280224
    },
    "right_index": {
        "x": 0.3007424771785736,
        "y": 0.7379068732261658,
        "z": 0.12515458464622498
    },
    "left_thumb": {
        "x": 0.2871485948562622,
        "y": 0.7081785202026367,
        "z": 0.034314826130867004
    },
    "right_thumb": {
        "x": 0.3033202290534973,
        "y": 0.7298890948295593,
        "z": 0.12365540862083435
    },
    "left_hip": {
        "x": 0.3416982889175415,
        "y": 0.6059663891792297,
        "z": 0.04295533522963524
    },
    "right_hip": {
        "x": 0.34895551204681396,
        "y": 0.6031726598739624,
        "z": -0.043298520147800446
    },
    "left_knee": {
        "x": 0.29360249638557434,
        "y": 0.7059972882270813,
        "z": 0.05690898001194
    },
    "right_knee": {
        "x": 0.31256967782974243,
        "y": 0.5988864302635193,
        "z": -0.20776839554309845
    },
    "left_ankle": {
        "x": 0.2800356447696686,
        "y": 0.69053715467453,
        "z": -0.16214342415332794
    },
    "right_ankle": {
        "x": 0.2866562306880951,
        "y": 0.6031177639961243,
        "z": -0.4329601228237152
    },
    "left_heel": {
        "x": 0.27635282278060913,
        "y": 0.6713880300521851,
        "z": -0.1909613460302353
    },
    "right_heel": {
        "x": 0.2861694097518921,
        "y": 0.5915486812591553,
        "z": -0.4583599865436554
    },
    "left_foot_index": {
        "x": 0.2793974280357361,
        "y": 0.7261900305747986,
        "z": -0.22261804342269897
    },
    "right_foot_index": {
        "x": 0.27199533581733704,
        "y": 0.6307555437088013,
        "z": -0.5096381306648254
    }
}