{
    "nose": {
        "x": 0.31403595209121704,
        "y": 0.8575441241264343,
        "z": -0.011476322077214718
    },
    "left_eye_inner": {
        "x": 0.3223628103733063,
        "y": 0.8639638423919678,
        "z": -0.02965673618018627
    },
    "left_eye": {
        "x": 0.3266030251979828,
        "y": 0.8642354607582092,
        "z": -0.02975647523999214
    },
    "left_eye_outer": {
        "x": 0.3307996094226837,
        "y": 0.8644261956214905,
        "z": -0.029823927208781242
    },
    "right_eye_inner": {
        "x": 0.31291526556015015,
        "y": 0.859591543674469,
        "z": -0.03640047833323479
    },
    "right_eye": {
        "x": 0.3101835250854492,
        "y": 0.8571302890777588,
        "z": -0.03643281012773514
    },
    "right_eye_outer": {
        "x": 0.30737581849098206,
        "y": 0.8546422123908997,
        "z": -0.036511972546577454
    },
    "left_ear": {
        "x": 0.3430168926715851,
        "y": 0.8472211360931396,
        "z": -0.08187677711248398
    },
    "right_ear": {
        "x": 0.30943629145622253,
        "y": 0.8320292830467224,
        "z": -0.11049667000770569
    },
    "mouth_left": {
        "x": 0.3211256265640259,
        "y": 0.8429319858551025,
        "z": -0.025228343904018402
    },
    "mouth_right": {
        "x": 0.3105986416339874,
        "y": 0.8394789099693298,
        "z": -0.03427090495824814
    },
    "left_shoulder": {
        "x": 0.36862900853157043,
        "y": 0.7946407794952393,
        "z": -0.0929984375834465
    },
    "right_shoulder": {
        "x": 0.2870049774646759,
        "y": 0.7390573620796204,
        "z": -0.1425902247428894
    },
    "left_elbow": {
        "x": 0.37167999148368835,
        "y": 0.8064674139022827,
        "z": -0.09605416655540466
    },
    "right_elbow": {
        "x": 0.23579098284244537,
        "y": 0.7344386577606201,
        "z": -0.2487555742263794
    },
    "left_wrist": {
        "x": 0.34924960136413574,
        "y": 0.8526861071586609,
        "z": -0.1354752629995346
    },
    "right_wrist": {
        "x": 0.20105211436748505,
        "y": 0.7858991622924805,
        "z": -0.38109147548675537
    },
    "left_pinky": {
        "x": 0.3520375192165375,
        "y": 0.8673151731491089,
        "z": -0.16113749146461487
    },
    "right_pinky": {
        "x": 0.19130820035934448,
        "y": 0.7942875027656555,
        "z": -0.4330073893070221
    },
    "left_index": {
        "x": 0.34337905049324036,
        "y": 0.8619036078453064,
        "z": -0.18147721886634827
    },
    "right_index": {
        "x": 0.19547326862812042,
        "y": 0.80817711353302,
        "z": -0.43090924620628357
    },
    "left_thumb": {
        "x": 0.3388057053089142,
        "y": 0.8551202416419983,
        "z": -0.14463993906974792
    },
    "right_thumb": {
        "x": 0.20019109547138214,
        "y": 0.8059318661689758,
        "z": -0.3867374360561371
    },
    "left_hip": {
        "x": 0.3299006223678589,
        "y": 0.5781636834144592,
        "z": 0.03244592249393463
    },
    "right_hip": {
        "x": 0.2910267412662506,
        "y": 0.5662944316864014,
        "z": -0.032705988734960556
    },
    "left_knee": {
        "x": 0.2840045392513275,
        "y": 0.6565179824829102,
        "z": 0.04271022975444794
    },
    "right_knee": {
        "x": 0.2200477421283722,
        "y": 0.6491236090660095,
        "z": -0.20464810729026794
    },
    "left_ankle": {
        "x": 0.2510078549385071,
        "y": 0.7255788445472717,
        "z": 0.16719114780426025
    },
    "right_ankle": {
        "x": 0.1943010836839676,
        "y": 0.7384377717971802,
        "z": -0.15864264965057373
    },
    "left_heel": {
        "x": 0.24583332240581512,
        "y": 0.7274971604347229,
        "z": 0.17703628540039062
    },
    "right_heel": {
        "x": 0.18918240070343018,
        "y": 0.7416603565216064,
        "z": -0.15815910696983337
    },
    "left_foot_index": {
        "x": 0.24292807281017303,
        "y": 0.7732466459274292,
        "z": 0.10806602239608765
    },
    "right_foot_index": {
        "x": 0.1938827633857727,
        "y": 0.7912700176239014,
        "z": -0.2467442750930786
    }
}