{
    "nose": {
        "x": 0.331452339887619,
        "y": 0.8125057220458984,
        "z": -0.031868573278188705
    },
    "left_eye_inner": {
        "x": 0.3370995819568634,
        "y": 0.8212671875953674,
        "z": -0.04163305461406708
    },
    "left_eye": {
        "x": 0.3394356667995453,
        "y": 0.8221608996391296,
        "z": -0.04165561497211456
    },
    "left_eye_outer": {
        "x": 0.3417692184448242,
        "y": 0.8230133056640625,
        "z": -0.04162115603685379
    },
    "right_eye_inner": {
        "x": 0.33335426449775696,
        "y": 0.817622184753418,
        "z": -0.06031288579106331
    },
    "right_eye": {
        "x": 0.33276280760765076,
        "y": 0.8162225484848022,
        "z": -0.06040172651410103
    },
    "right_eye_outer": {
        "x": 0.3320988714694977,
        "y": 0.8148357272148132,
        "z": -0.06047329306602478
    },
    "left_ear": {
        "x": 0.35421741008758545,
        "y": 0.8181384801864624,
        "z": -0.06182632967829704
    },
    "right_ear": {
        "x": 0.3406462073326111,
        "y": 0.8059194684028625,
        "z": -0.14730285108089447
    },
    "mouth_left": {
        "x": 0.3377057909965515,
        "y": 0.8035315275192261,
        "z": -0.03428390249609947
    },
    "mouth_right": {
        "x": 0.3332440257072449,
        "y": 0.8004533648490906,
        "z": -0.05917498096823692
    },
    "left_shoulder": {
        "x": 0.3829832971096039,
        "y": 0.7767915725708008,
        "z": -0.01418454572558403
    },
    "right_shoulder": {
        "x": 0.33504170179367065,
        "y": 0.7438720464706421,
        "z": -0.20140865445137024
    },
    "left_elbow": {
        "x": 0.3471885621547699,
        "y": 0.7434867024421692,
        "z": 0.024652427062392235
    },
    "right_elbow": {
        "x": 0.2955712080001831,
        "y": 0.6948856115341187,
        "z": -0.14619001746177673
    },
    "left_wrist": {
        "x": 0.30317264795303345,
        "y": 0.7351315021514893,
        "z": -0.022476015612483025
    },
    "right_wrist": {
        "x": 0.26496416330337524,
        "y": 0.7581158876419067,
        "z": -0.014891854487359524
    },
    "left_pinky": {
        "x": 0.2965686619281769,
        "y": 0.7380634546279907,
        "z": -0.028945256024599075
    },
    "right_pinky": {
        "x": 0.24945196509361267,
        "y": 0.7557381987571716,
        "z": -0.01889139600098133
    },
    "left_index": {
        "x": 0.2941741943359375,
        "y": 0.7385474443435669,
        "z": -0.046443019062280655
    },
    "right_index": {
        "x": 0.2543976306915283,
        "y": 0.7781859040260315,
        "z": -0.02151358686387539
    },
    "left_thumb": {
        "x": 0.29514387249946594,
        "y": 0.7346643209457397,
        "z": -0.030841557309031487
    },
    "right_thumb": {
        "x": 0.2598646581172943,
        "y": 0.7608567476272583,
        "z": -0.011595839634537697
    },
    "left_hip": {
        "x": 0.35639283061027527,
        "y": 0.6060667634010315,
        "z": 0.06840137392282486
    },
    "right_hip": {
        "x": 0.3314167261123657,
        "y": 0.5782002210617065,
        "z": -0.06852703541517258
    },
    "left_knee": {
        "x": 0.3432033658027649,
        "y": 0.6869767308235168,
        "z": 0.3062378168106079
    },
    "right_knee": {
        "x": 0.30525222420692444,
        "y": 0.5704589486122131,
        "z": -0.18358226120471954
    },
    "left_ankle": {
        "x": 0.31671687960624695,
        "y": 0.7443308234214783,
        "z": 0.39891883730888367
    },
    "right_ankle": {
        "x": 0.27239087224006653,
        "y": 0.6020364165306091,
        "z": -0.17095308005809784
    },
    "left_heel": {
        "x": 0.30803221464157104,
        "y": 0.7383819222450256,
        "z": 0.40721550583839417
    },
    "right_heel": {
        "x": 0.26681363582611084,
        "y": 0.5953375697135925,
        "z": -0.16915243864059448
    },
    "left_foot_index": {
        "x": 0.31474852561950684,
        "y": 0.798648476600647,
        "z": 0.3986673653125763
    },
    "right_foot_index": {
        "x": 0.25971901416778564,
        "y": 0.6411508917808533,
        "z": -0.20445828139781952
    }
}