{
    "nose": {
        "x": 0.2824607193470001,
        "y": 0.4366598129272461,
        "z": -0.35892295837402344
    },
    "left_eye_inner": {
        "x": 0.28637948632240295,
        "y": 0.41880589723587036,
        "z": -0.3684615194797516
    },
    "left_eye": {
        "x": 0.28941938281059265,
        "y": 0.4166521430015564,
        "z": -0.3684292733669281
    },
    "left_eye_outer": {
        "x": 0.29265865683555603,
        "y": 0.4144440293312073,
        "z": -0.3685659170150757
    },
    "right_eye_inner": {
        "x": 0.28090012073516846,
        "y": 0.4204326868057251,
        "z": -0.3477991223335266
    },
    "right_eye": {
        "x": 0.2799549400806427,
        "y": 0.41960352659225464,
        "z": -0.3478785753250122
    },
    "right_eye_outer": {
        "x": 0.27917182445526123,
        "y": 0.4187486469745636,
        "z": -0.347922682762146
    },
    "left_ear": {
        "x": 0.30525466799736023,
        "y": 0.4102253019809723,
        "z": -0.34126532077789307
    },
    "right_ear": {
        "x": 0.28878530859947205,
        "y": 0.4140833616256714,
        "z": -0.24865731596946716
    },
    "mouth_left": {
        "x": 0.29147064685821533,
        "y": 0.4473237693309784,
        "z": -0.34273555874824524
    },
    "mouth_right": {
        "x": 0.28468573093414307,
        "y": 0.4486071765422821,
        "z": -0.3163074553012848
    },
    "left_shoulder": {
        "x": 0.34918248653411865,
        "y": 0.4963405728340149,
        "z": -0.3335075378417969
    },
    "right_shoulder": {
        "x": 0.2789880931377411,
        "y": 0.46485206484794617,
        "z": -0.12959471344947815
    },
    "left_elbow": {
        "x": 0.335300475358963,
        "y": 0.6063238382339478,
        "z": -0.36784377694129944
    },
    "right_elbow": {
        "x": 0.22562366724014282,
        "y": 0.5091007947921753,
        "z": -0.2258695811033249
    },
    "left_wrist": {
        "x": 0.30552124977111816,
        "y": 0.6955028772354126,
        "z": -0.35240668058395386
    },
    "right_wrist": {
        "x": 0.2525586485862732,
        "y": 0.4688132107257843,
        "z": -0.39209243655204773
    },
    "left_pinky": {
        "x": 0.29875797033309937,
        "y": 0.73463374376297,
        "z": -0.37811896204948425
    },
    "right_pinky": {
        "x": 0.2573394775390625,
        "y": 0.44981032609939575,
        "z": -0.4219056963920593
    },
    "left_index": {
        "x": 0.2930406630039215,
        "y": 0.7231111526489258,
        "z": -0.3793151080608368
    },
    "right_index": {
        "x": 0.26544058322906494,
        "y": 0.4462871849536896,
        "z": -0.40306946635246277
    },
    "left_thumb": {
        "x": 0.29551810026168823,
        "y": 0.7073522210121155,
        "z": -0.3501620590686798
    },
    "right_thumb": {
        "x": 0.2672167122364044,
        "y": 0.4558030664920807,
        "z": -0.39029034972190857
    },
    "left_hip": {
        "x": 0.3544870615005493,
        "y": 0.6944442987442017,
        "z": -0.06772248446941376
    },
    "right_hip": {
        "x": 0.3120897114276886,
        "y": 0.6763885021209717,
        "z": 0.06760185956954956
    },
    "left_knee": {
        "x": 0.3206063508987427,
        "y": 0.8500926494598389,
        "z": -0.12218600511550903
    },
    "right_knee": {
        "x": 0.2971797585487366,
        "y": 0.8158858418464661,
        "z": 0.07945147901773453
    },
    "left_ankle": {
        "x": 0.34899580478668213,
        "y": 0.895782470703125,
        "z": 0.13791872560977936
    },
    "right_ankle": {
        "x": 0.305720716714859,
        "y": 0.9126940965652466,
        "z": 0.27294155955314636
    },
    "left_heel": {
        "x": 0.3613676428794861,
        "y": 0.8986397981643677,
        "z": 0.16425631940364838
    },
    "right_heel": {
        "x": 0.31271955370903015,
        "y": 0.928208589553833,
        "z": 0.2940266728401184
    },
    "left_foot_index": {
        "x": 0.33083999156951904,
        "y": 0.9378081560134888,
        "z": 0.1453685611486435
    },
    "right_foot_index": {
        "x": 0.2841896712779999,
        "y": 0.9592146277427673,
        "z": 0.26858049631118774
    }
}