{
    "nose": {
        "x": 0.39046725630760193,
        "y": 0.3620906472206116,
        "z": 0.0035255225375294685
    },
    "left_eye_inner": {
        "x": 0.39364928007125854,
        "y": 0.34959352016448975,
        "z": 0.004341824911534786
    },
    "left_eye": {
        "x": 0.39309218525886536,
        "y": 0.34791114926338196,
        "z": 0.004291772376745939
    },
    "left_eye_outer": {
        "x": 0.39258280396461487,
        "y": 0.3461546301841736,
        "z": 0.004295282531529665
    },
    "right_eye_inner": {
        "x": 0.39436233043670654,
        "y": 0.3510149121284485,
        "z": -0.018828747794032097
    },
    "right_eye": {
        "x": 0.39431270956993103,
        "y": 0.35047146677970886,
        "z": -0.018844403326511383
    },
    "right_eye_outer": {
        "x": 0.3942820429801941,
        "y": 0.34995371103286743,
        "z": -0.018939509987831116
    },
    "left_ear": {
        "x": 0.3862662613391876,
        "y": 0.33840495347976685,
        "z": 0.011322343721985817
    },
    "right_ear": {
        "x": 0.3887392282485962,
        "y": 0.3448652923107147,
        "z": -0.09422466903924942
    },
    "mouth_left": {
        "x": 0.3841760754585266,
        "y": 0.3638996183872223,
        "z": 0.01051674596965313
    },
    "mouth_right": {
        "x": 0.3845559060573578,
        "y": 0.36606982350349426,
        "z": -0.02032705582678318
    },
    "left_shoulder": {
        "x": 0.34166526794433594,
        "y": 0.3471657931804657,
        "z": 0.06524395942687988
    },
    "right_shoulder": {
        "x": 0.36733800172805786,
        "y": 0.3816925287246704,
        "z": -0.14982870221138
    },
    "left_elbow": {
        "x": 0.32834920287132263,
        "y": 0.4482165575027466,
        "z": 0.08817557990550995
    },
    "right_elbow": {
        "x": 0.36411988735198975,
        "y": 0.4860149025917053,
        "z": -0.15876860916614532
    },
    "left_wrist": {
        "x": 0.3392081558704376,
        "y": 0.5225886702537537,
        "z": 0.0517498143017292
    },
    "right_wrist": {
        "x": 0.36464816331863403,
        "y": 0.5557932257652283,
        "z": -0.10959728062152863
    },
    "left_pinky": {
        "x": 0.34065210819244385,
        "y": 0.5416621565818787,
        "z": 0.056339796632528305
    },
    "right_pinky": {
        "x": 0.3721805512905121,
        "y": 0.5817028284072876,
        "z": -0.1259182095527649
    },
    "left_index": {
        "x": 0.34642577171325684,
        "y": 0.5435775518417358,
        "z": 0.037024013698101044
    },
    "right_index": {
        "x": 0.37461018562316895,
        "y": 0.5784512162208557,
        "z": -0.11705751717090607
    },
    "left_thumb": {
        "x": 0.3461434245109558,
        "y": 0.5375146269798279,
        "z": 0.04239509999752045
    },
    "right_thumb": {
        "x": 0.3645322918891907,
        "y": 0.571110188961029,
        "z": -0.10481539368629456
    },
    "left_hip": {
        "x": 0.31622132658958435,
        "y": 0.5229266285896301,
        "z": 0.07740616798400879
    },
    "right_hip": {
        "x": 0.3321273922920227,
        "y": 0.5271817445755005,
        "z": -0.07748027890920639
    },
    "left_knee": {
        "x": 0.3401999771595001,
        "y": 0.6038306951522827,
        "z": 0.13901621103286743
    },
    "right_knee": {
        "x": 0.40913495421409607,
        "y": 0.5532825589179993,
        "z": -0.0008054234203882515
    },
    "left_ankle": {
        "x": 0.3244394063949585,
        "y": 0.7093601822853088,
        "z": 0.23115596175193787
    },
    "right_ankle": {
        "x": 0.4599340558052063,
        "y": 0.6381205320358276,
        "z": 0.08514048904180527
    },
    "left_heel": {
        "x": 0.3193000555038452,
        "y": 0.7314180731773376,
        "z": 0.23947089910507202
    },
    "right_heel": {
        "x": 0.46302559971809387,
        "y": 0.6597818732261658,
        "z": 0.09236177802085876
    },
    "left_foot_index": {
        "x": 0.3404219448566437,
        "y": 0.7433351874351501,
        "z": 0.21934624016284943
    },
    "right_foot_index": {
        "x": 0.49062874913215637,
        "y": 0.6361966729164124,
        "z": 0.06934531778097153
    }
}