{
    "nose": {
        "x": 0.3421042263507843,
        "y": 0.4873243272304535,
        "z": 0.1487298607826233
    },
    "left_eye_inner": {
        "x": 0.3410196006298065,
        "y": 0.4814530909061432,
        "z": 0.1317148655653
    },
    "left_eye": {
        "x": 0.34008651971817017,
        "y": 0.483566015958786,
        "z": 0.13172979652881622
    },
    "left_eye_outer": {
        "x": 0.3398197293281555,
        "y": 0.4847863018512726,
        "z": 0.13178390264511108
    },
    "right_eye_inner": {
        "x": 0.3467954695224762,
        "y": 0.4743236303329468,
        "z": 0.1396283209323883
    },
    "right_eye": {
        "x": 0.34835129976272583,
        "y": 0.4719465374946594,
        "z": 0.13964106142520905
    },
    "right_eye_outer": {
        "x": 0.34993311762809753,
        "y": 0.46951863169670105,
        "z": 0.13962212204933167
    },
    "left_ear": {
        "x": 0.34458082914352417,
        "y": 0.49155300855636597,
        "z": 0.06250230222940445
    },
    "right_ear": {
        "x": 0.35591116547584534,
        "y": 0.4730583131313324,
        "z": 0.09826549887657166
    },
    "mouth_left": {
        "x": 0.3447125256061554,
        "y": 0.4981532096862793,
        "z": 0.1262989044189453
    },
    "mouth_right": {
        "x": 0.3488542437553406,
        "y": 0.49397438764572144,
        "z": 0.13658694922924042
    },
    "left_shoulder": {
        "x": 0.3418410122394562,
        "y": 0.5594968795776367,
        "z": 0.005384458694607019
    },
    "right_shoulder": {
        "x": 0.38992804288864136,
        "y": 0.5011720061302185,
        "z": 0.10224654525518417
    },
    "left_elbow": {
        "x": 0.3289881646633148,
        "y": 0.6297801733016968,
        "z": -0.015366071835160255
    },
    "right_elbow": {
        "x": 0.4252244532108307,
        "y": 0.5530014634132385,
        "z": 0.1435558795928955
    },
    "left_wrist": {
        "x": 0.3075173795223236,
        "y": 0.656708300113678,
        "z": -0.014869033358991146
    },
    "right_wrist": {
        "x": 0.43038448691368103,
        "y": 0.6061542630195618,
        "z": 0.18467482924461365
    },
    "left_pinky": {
        "x": 0.29913023114204407,
        "y": 0.6663528680801392,
        "z": -0.029429966583848
    },
    "right_pinky": {
        "x": 0.4323387145996094,
        "y": 0.6115052103996277,
        "z": 0.1881200224161148
    },
    "left_index": {
        "x": 0.29778164625167847,
        "y": 0.6532207727432251,
        "z": -0.022110290825366974
    },
    "right_index": {
        "x": 0.42829954624176025,
        "y": 0.6191439032554626,
        "z": 0.1807395964860916
    },
    "left_thumb": {
        "x": 0.3027805685997009,
        "y": 0.6493765115737915,
        "z": -0.012428906746208668
    },
    "right_thumb": {
        "x": 0.42677298188209534,
        "y": 0.6187202334403992,
        "z": 0.18215890228748322
    },
    "left_hip": {
        "x": 0.4033640921115875,
        "y": 0.6304270625114441,
        "z": -0.041491519659757614
    },
    "right_hip": {
        "x": 0.4310780465602875,
        "y": 0.5910668969154358,
        "z": 0.041481632739305496
    },
    "left_knee": {
        "x": 0.3561328649520874,
        "y": 0.6768912672996521,
        "z": -0.047857023775577545
    },
    "right_knee": {
        "x": 0.4628230631351471,
        "y": 0.5979111790657043,
        "z": 0.09865102171897888
    },
    "left_ankle": {
        "x": 0.3401489555835724,
        "y": 0.7813929319381714,
        "z": -0.09899591654539108
    },
    "right_ankle": {
        "x": 0.5056161880493164,
        "y": 0.5889192819595337,
        "z": 0.07769662141799927
    },
    "left_heel": {
        "x": 0.34277620911598206,
        "y": 0.8006561398506165,
        "z": -0.10372183471918106
    },
    "right_heel": {
        "x": 0.5104547739028931,
        "y": 0.5872469544410706,
        "z": 0.07683272659778595
    },
    "left_foot_index": {
        "x": 0.3236318826675415,
        "y": 0.8031141757965088,
        "z": -0.14785714447498322
    },
    "right_foot_index": {
        "x": 0.5244864821434021,
        "y": 0.5912789702415466,
        "z": 0.05357982963323593
    }
}