{
    "nose": {
        "x": 0.38468942046165466,
        "y": 0.3641524314880371,
        "z": -0.11243840306997299
    },
    "left_eye_inner": {
        "x": 0.3883393406867981,
        "y": 0.3557882308959961,
        "z": -0.10349204391241074
    },
    "left_eye": {
        "x": 0.3885982930660248,
        "y": 0.3556121587753296,
        "z": -0.10358036309480667
    },
    "left_eye_outer": {
        "x": 0.3888809084892273,
        "y": 0.3555920422077179,
        "z": -0.10363569110631943
    },
    "right_eye_inner": {
        "x": 0.38689759373664856,
        "y": 0.3549175262451172,
        "z": -0.1234312653541565
    },
    "right_eye": {
        "x": 0.3860859274864197,
        "y": 0.354110985994339,
        "z": -0.12345273047685623
    },
    "right_eye_outer": {
        "x": 0.3852075934410095,
        "y": 0.353384405374527,
        "z": -0.12350936979055405
    },
    "left_ear": {
        "x": 0.38555657863616943,
        "y": 0.3541209101676941,
        "z": -0.04610886052250862
    },
    "right_ear": {
        "x": 0.3797908425331116,
        "y": 0.34945785999298096,
        "z": -0.13750837743282318
    },
    "mouth_left": {
        "x": 0.3799962103366852,
        "y": 0.369096577167511,
        "z": -0.0879235714673996
    },
    "mouth_right": {
        "x": 0.3782312273979187,
        "y": 0.36752045154571533,
        "z": -0.11463966965675354
    },
    "left_shoulder": {
        "x": 0.36204612255096436,
        "y": 0.38419193029403687,
        "z": 0.03631480783224106
    },
    "right_shoulder": {
        "x": 0.34644967317581177,
        "y": 0.38289961218833923,
        "z": -0.15760363638401031
    },
    "left_elbow": {
        "x": 0.36044764518737793,
        "y": 0.48281681537628174,
        "z": 0.06892600655555725
    },
    "right_elbow": {
        "x": 0.33945125341415405,
        "y": 0.470279335975647,
        "z": -0.14401361346244812
    },
    "left_wrist": {
        "x": 0.3804592490196228,
        "y": 0.5594531297683716,
        "z": 0.012628862634301186
    },
    "right_wrist": {
        "x": 0.3445400595664978,
        "y": 0.5305894613265991,
        "z": -0.11253032088279724
    },
    "left_pinky": {
        "x": 0.38621070981025696,
        "y": 0.5846933126449585,
        "z": 0.008788400329649448
    },
    "right_pinky": {
        "x": 0.3452852964401245,
        "y": 0.5462189316749573,
        "z": -0.12811307609081268
    },
    "left_index": {
        "x": 0.3881834149360657,
        "y": 0.5842321515083313,
        "z": -0.015432399697601795
    },
    "right_index": {
        "x": 0.3495076894760132,
        "y": 0.5439371466636658,
        "z": -0.134305939078331
    },
    "left_thumb": {
        "x": 0.38400959968566895,
        "y": 0.5755672454833984,
        "z": 0.0008259371388703585
    },
    "right_thumb": {
        "x": 0.34918758273124695,
        "y": 0.538340151309967,
        "z": -0.11408379673957825
    },
    "left_hip": {
        "x": 0.32855433225631714,
        "y": 0.5298817753791809,
        "z": 0.06757910549640656
    },
    "right_hip": {
        "x": 0.309147447347641,
        "y": 0.5377102494239807,
        "z": -0.06748508661985397
    },
    "left_knee": {
        "x": 0.3940238952636719,
        "y": 0.5759356021881104,
        "z": 0.017696889117360115
    },
    "right_knee": {
        "x": 0.33974283933639526,
        "y": 0.629915177822113,
        "z": -0.1697372943162918
    },
    "left_ankle": {
        "x": 0.40686631202697754,
        "y": 0.6787437200546265,
        "z": 0.09172086417675018
    },
    "right_ankle": {
        "x": 0.34208762645721436,
        "y": 0.7614128589630127,
        "z": -0.10665503144264221
    },
    "left_heel": {
        "x": 0.39955607056617737,
        "y": 0.6983479261398315,
        "z": 0.09574706852436066
    },
    "right_heel": {
        "x": 0.3332096338272095,
        "y": 0.7789345979690552,
        "z": -0.10341671109199524
    },
    "left_foot_index": {
        "x": 0.43971213698387146,
        "y": 0.7072140574455261,
        "z": 0.05467754229903221
    },
    "right_foot_index": {
        "x": 0.3696950674057007,
        "y": 0.8006048202514648,
        "z": -0.1716092824935913
    }
}