{
    "nose": {
        "x": 0.6736587285995483,
        "y": 0.4740593731403351,
        "z": -0.13246212899684906
    },
    "left_eye_inner": {
        "x": 0.6768713593482971,
        "y": 0.4597918689250946,
        "z": -0.14775818586349487
    },
    "left_eye": {
        "x": 0.6786317229270935,
        "y": 0.45903098583221436,
        "z": -0.14778532087802887
    },
    "left_eye_outer": {
        "x": 0.6804964542388916,
        "y": 0.4581544101238251,
        "z": -0.14781229197978973
    },
    "right_eye_inner": {
        "x": 0.6749035716056824,
        "y": 0.45992815494537354,
        "z": -0.12207787483930588
    },
    "right_eye": {
        "x": 0.6753475069999695,
        "y": 0.45926597714424133,
        "z": -0.12212047725915909
    },
    "right_eye_outer": {
        "x": 0.6758821606636047,
        "y": 0.458478718996048,
        "z": -0.12218876928091049
    },
    "left_ear": {
        "x": 0.6950837969779968,
        "y": 0.4559004604816437,
        "z": -0.17138856649398804
    },
    "right_ear": {
        "x": 0.6874908208847046,
        "y": 0.45578131079673767,
        "z": -0.05604174733161926
    },
    "mouth_left": {
        "x": 0.6813961863517761,
        "y": 0.4849298596382141,
        "z": -0.13780252635478973
    },
    "mouth_right": {
        "x": 0.6786655187606812,
        "y": 0.48526716232299805,
        "z": -0.10437233000993729
    },
    "left_shoulder": {
        "x": 0.7332200407981873,
        "y": 0.5230867266654968,
        "z": -0.20763520896434784
    },
    "right_shoulder": {
        "x": 0.6862419247627258,
        "y": 0.5124810934066772,
        "z": 0.03543679788708687
    },
    "left_elbow": {
        "x": 0.724301278591156,
        "y": 0.6219170689582825,
        "z": -0.26819273829460144
    },
    "right_elbow": {
        "x": 0.6590946316719055,
        "y": 0.5714007616043091,
        "z": 0.13031207025051117
    },
    "left_wrist": {
        "x": 0.6708716750144958,
        "y": 0.6442846059799194,
        "z": -0.3128245174884796
    },
    "right_wrist": {
        "x": 0.6160213947296143,
        "y": 0.5886361002922058,
        "z": 0.12399185448884964
    },
    "left_pinky": {
        "x": 0.6594812273979187,
        "y": 0.6561363935470581,
        "z": -0.34406977891921997
    },
    "right_pinky": {
        "x": 0.6029009222984314,
        "y": 0.5897843241691589,
        "z": 0.12305429577827454
    },
    "left_index": {
        "x": 0.6539075374603271,
        "y": 0.6441766619682312,
        "z": -0.34195077419281006
    },
    "right_index": {
        "x": 0.603128969669342,
        "y": 0.5880157351493835,
        "z": 0.10250533372163773
    },
    "left_thumb": {
        "x": 0.6571958065032959,
        "y": 0.6400731801986694,
        "z": -0.3111349642276764
    },
    "right_thumb": {
        "x": 0.607860803604126,
        "y": 0.589164674282074,
        "z": 0.11363107711076736
    },
    "left_hip": {
        "x": 0.7377886176109314,
        "y": 0.7146878838539124,
        "z": -0.07292931526899338
    },
    "right_hip": {
        "x": 0.7042658925056458,
        "y": 0.6971831917762756,
        "z": 0.07290329784154892
    },
    "left_knee": {
        "x": 0.7093793749809265,
        "y": 0.8490779995918274,
        "z": -0.10056059062480927
    },
    "right_knee": {
        "x": 0.6604271531105042,
        "y": 0.7948013544082642,
        "z": 0.07505669444799423
    },
    "left_ankle": {
        "x": 0.7266075015068054,
        "y": 0.9515656232833862,
        "z": 0.04596908017992973
    },
    "right_ankle": {
        "x": 0.6770070791244507,
        "y": 0.8682059645652771,
        "z": 0.2775055766105652
    },
    "left_heel": {
        "x": 0.7360551953315735,
        "y": 0.9628618955612183,
        "z": 0.05889618396759033
    },
    "right_heel": {
        "x": 0.6862642765045166,
        "y": 0.8797848224639893,
        "z": 0.2971005141735077
    },
    "left_foot_index": {
        "x": 0.7035449743270874,
        "y": 0.9888502359390259,
        "z": 0.0068709226325154305
    },
    "right_foot_index": {
        "x": 0.6460493206977844,
        "y": 0.9018682837486267,
        "z": 0.28273653984069824
    }
}