{
    "nose": {
        "x": 0.32338160276412964,
        "y": 0.20127706229686737,
        "z": -0.162370964884758
    },
    "left_eye_inner": {
        "x": 0.32697781920433044,
        "y": 0.1899702399969101,
        "z": -0.17173221707344055
    },
    "left_eye": {
        "x": 0.32863014936447144,
        "y": 0.1900799721479416,
        "z": -0.17179422080516815
    },
    "left_eye_outer": {
        "x": 0.3303287625312805,
        "y": 0.19025689363479614,
        "z": -0.1718536764383316
    },
    "right_eye_inner": {
        "x": 0.32493793964385986,
        "y": 0.18902048468589783,
        "z": -0.15256260335445404
    },
    "right_eye": {
        "x": 0.3250211477279663,
        "y": 0.18844400346279144,
        "z": -0.15256367623806
    },
    "right_eye_outer": {
        "x": 0.32516101002693176,
        "y": 0.18780416250228882,
        "z": -0.15257860720157623
    },
    "left_ear": {
        "x": 0.3414677679538727,
        "y": 0.19434520602226257,
        "z": -0.16910085082054138
    },
    "right_ear": {
        "x": 0.3342629373073578,
        "y": 0.19069069623947144,
        "z": -0.08454518020153046
    },
    "mouth_left": {
        "x": 0.3284260034561157,
        "y": 0.21308794617652893,
        "z": -0.1581975519657135
    },
    "mouth_right": {
        "x": 0.32559090852737427,
        "y": 0.21205562353134155,
        "z": -0.13384900987148285
    },
    "left_shoulder": {
        "x": 0.3587631583213806,
        "y": 0.2528107166290283,
        "z": -0.1909559816122055
    },
    "right_shoulder": {
        "x": 0.33149105310440063,
        "y": 0.24328534305095673,
        "z": 0.0244925394654274
    },
    "left_elbow": {
        "x": 0.3702888786792755,
        "y": 0.3370390832424164,
        "z": -0.26462623476982117
    },
    "right_elbow": {
        "x": 0.3282945156097412,
        "y": 0.29276344180107117,
        "z": 0.19068484008312225
    },
    "left_wrist": {
        "x": 0.33832430839538574,
        "y": 0.3572465479373932,
        "z": -0.3450699746608734
    },
    "right_wrist": {
        "x": 0.3074057400226593,
        "y": 0.2956370711326599,
        "z": 0.2795047163963318
    },
    "left_pinky": {
        "x": 0.3269509971141815,
        "y": 0.36238348484039307,
        "z": -0.37516066431999207
    },
    "right_pinky": {
        "x": 0.2998281717300415,
        "y": 0.2923262417316437,
        "z": 0.2940412163734436
    },
    "left_index": {
        "x": 0.3236337900161743,
        "y": 0.35103991627693176,
        "z": -0.3752550184726715
    },
    "right_index": {
        "x": 0.29888999462127686,
        "y": 0.2863117456436157,
        "z": 0.2767493724822998
    },
    "left_thumb": {
        "x": 0.3263281583786011,
        "y": 0.3480226695537567,
        "z": -0.3457667827606201
    },
    "right_thumb": {
        "x": 0.3032149076461792,
        "y": 0.28841277956962585,
        "z": 0.2744372487068176
    },
    "left_hip": {
        "x": 0.3548116385936737,
        "y": 0.4159904718399048,
        "z": -0.06938030570745468
    },
    "right_hip": {
        "x": 0.33849915862083435,
        "y": 0.408512681722641,
        "z": 0.06934855878353119
    },
    "left_knee": {
        "x": 0.35160210728645325,
        "y": 0.5189374685287476,
        "z": -0.009091446176171303
    },
    "right_knee": {
        "x": 0.33984148502349854,
        "y": 0.5011294484138489,
        "z": 0.15959544479846954
    },
    "left_ankle": {
        "x": 0.3830377459526062,
        "y": 0.5996970534324646,
        "z": 0.11291293054819107
    },
    "right_ankle": {
        "x": 0.36414259672164917,
        "y": 0.5723097920417786,
        "z": 0.3254460394382477
    },
    "left_heel": {
        "x": 0.3953820466995239,
        "y": 0.6147028207778931,
        "z": 0.12366826087236404
    },
    "right_heel": {
        "x": 0.37301576137542725,
        "y": 0.5850667953491211,
        "z": 0.3400156497955322
    },
    "left_foot_index": {
        "x": 0.3570757806301117,
        "y": 0.6262758374214172,
        "z": 0.07050853222608566
    },
    "right_foot_index": {
        "x": 0.3443637192249298,
        "y": 0.6040329337120056,
        "z": 0.31172963976860046
    }
}