{
    "nose": {
        "x": 0.22161272168159485,
        "y": 0.33433979749679565,
        "z": -0.33459359407424927
    },
    "left_eye_inner": {
        "x": 0.22641068696975708,
        "y": 0.3213427662849426,
        "z": -0.34197312593460083
    },
    "left_eye": {
        "x": 0.22824469208717346,
        "y": 0.32126232981681824,
        "z": -0.3419695794582367
    },
    "left_eye_outer": {
        "x": 0.23017700016498566,
        "y": 0.3210636377334595,
        "z": -0.3420802056789398
    },
    "right_eye_inner": {
        "x": 0.22399455308914185,
        "y": 0.32047396898269653,
        "z": -0.32028430700302124
    },
    "right_eye": {
        "x": 0.22406454384326935,
        "y": 0.31973111629486084,
        "z": -0.32035064697265625
    },
    "right_eye_outer": {
        "x": 0.22421586513519287,
        "y": 0.3188742995262146,
        "z": -0.3202742636203766
    },
    "left_ear": {
        "x": 0.24049264192581177,
        "y": 0.3229755759239197,
        "z": -0.3234698176383972
    },
    "right_ear": {
        "x": 0.23459070920944214,
        "y": 0.32003676891326904,
        "z": -0.22397713363170624
    },
    "mouth_left": {
        "x": 0.2278110533952713,
        "y": 0.3446791470050812,
        "z": -0.3235991299152374
    },
    "mouth_right": {
        "x": 0.22455942630767822,
        "y": 0.3435567617416382,
        "z": -0.2947426438331604
    },
    "left_shoulder": {
        "x": 0.2602061331272125,
        "y": 0.38434898853302,
        "z": -0.3217153549194336
    },
    "right_shoulder": {
        "x": 0.25134360790252686,
        "y": 0.35137471556663513,
        "z": -0.09062916785478592
    },
    "left_elbow": {
        "x": 0.22130784392356873,
        "y": 0.4542277157306671,
        "z": -0.39299869537353516
    },
    "right_elbow": {
        "x": 0.20919854938983917,
        "y": 0.34734290838241577,
        "z": 0.043287135660648346
    },
    "left_wrist": {
        "x": 0.17608027160167694,
        "y": 0.4738523066043854,
        "z": -0.4549010097980499
    },
    "right_wrist": {
        "x": 0.17870894074440002,
        "y": 0.36946895718574524,
        "z": 0.09350618720054626
    },
    "left_pinky": {
        "x": 0.15994782745838165,
        "y": 0.4827132821083069,
        "z": -0.504767894744873
    },
    "right_pinky": {
        "x": 0.17139048874378204,
        "y": 0.3724832534790039,
        "z": 0.10686174035072327
    },
    "left_index": {
        "x": 0.15844795107841492,
        "y": 0.4730525612831116,
        "z": -0.49296265840530396
    },
    "right_index": {
        "x": 0.17114466428756714,
        "y": 0.3727259039878845,
        "z": 0.07396969199180603
    },
    "left_thumb": {
        "x": 0.163977712392807,
        "y": 0.4688927233219147,
        "z": -0.4536478817462921
    },
    "right_thumb": {
        "x": 0.17452961206436157,
        "y": 0.37321963906288147,
        "z": 0.08292350172996521
    },
    "left_hip": {
        "x": 0.3287060558795929,
        "y": 0.4760622978210449,
        "z": -0.08323578536510468
    },
    "right_hip": {
        "x": 0.3098471760749817,
        "y": 0.4699280858039856,
        "z": 0.08340100198984146
    },
    "left_knee": {
        "x": 0.2972376346588135,
        "y": 0.5980371832847595,
        "z": -0.1611221432685852
    },
    "right_knee": {
        "x": 0.28217336535453796,
        "y": 0.5676895976066589,
        "z": 0.13830873370170593
    },
    "left_ankle": {
        "x": 0.3683210015296936,
        "y": 0.5979568958282471,
        "z": -0.022210294380784035
    },
    "right_ankle": {
        "x": 0.3326001763343811,
        "y": 0.5759508013725281,
        "z": 0.31097131967544556
    },
    "left_heel": {
        "x": 0.385525107383728,
        "y": 0.5942043662071228,
        "z": -0.00656769797205925
    },
    "right_heel": {
        "x": 0.3393324911594391,
        "y": 0.569683313369751,
        "z": 0.32847175002098083
    },
    "left_foot_index": {
        "x": 0.3590659201145172,
        "y": 0.6393290758132935,
        "z": -0.016520077362656593
    },
    "right_foot_index": {
        "x": 0.33688345551490784,
        "y": 0.6113443374633789,
        "z": 0.3302203118801117
    }
}