{
    "nose": {
        "x": 0.3901636004447937,
        "y": 0.3805912435054779,
        "z": -0.09868720173835754
    },
    "left_eye_inner": {
        "x": 0.39570382237434387,
        "y": 0.37740960717201233,
        "z": -0.10094299912452698
    },
    "left_eye": {
        "x": 0.39715680480003357,
        "y": 0.37828800082206726,
        "z": -0.10098330676555634
    },
    "left_eye_outer": {
        "x": 0.3986712694168091,
        "y": 0.3789602518081665,
        "z": -0.10105803608894348
    },
    "right_eye_inner": {
        "x": 0.3939141035079956,
        "y": 0.3758034110069275,
        "z": -0.08849550038576126
    },
    "right_eye": {
        "x": 0.39389556646347046,
        "y": 0.37553513050079346,
        "z": -0.08850578963756561
    },
    "right_eye_outer": {
        "x": 0.3938634395599365,
        "y": 0.3751232326030731,
        "z": -0.08844944834709167
    },
    "left_ear": {
        "x": 0.40490609407424927,
        "y": 0.38446980714797974,
        "z": -0.0693250298500061
    },
    "right_ear": {
        "x": 0.3974262475967407,
        "y": 0.37782037258148193,
        "z": -0.012941655702888966
    },
    "mouth_left": {
        "x": 0.39188170433044434,
        "y": 0.38878899812698364,
        "z": -0.08382110297679901
    },
    "mouth_right": {
        "x": 0.3897757828235626,
        "y": 0.38673046231269836,
        "z": -0.06752050668001175
    },
    "left_shoulder": {
        "x": 0.4149256646633148,
        "y": 0.4492286145687103,
        "z": -0.01554154884070158
    },
    "right_shoulder": {
        "x": 0.38844597339630127,
        "y": 0.38198184967041016,
        "z": 0.048647645860910416
    },
    "left_elbow": {
        "x": 0.42196282744407654,
        "y": 0.5101235508918762,
        "z": 0.010593945160508156
    },
    "right_elbow": {
        "x": 0.37406906485557556,
        "y": 0.3643994629383087,
        "z": 0.1691981703042984
    },
    "left_wrist": {
        "x": 0.39463627338409424,
        "y": 0.5374826788902283,
        "z": 0.02270170859992504
    },
    "right_wrist": {
        "x": 0.35028162598609924,
        "y": 0.3583891987800598,
        "z": 0.22276830673217773
    },
    "left_pinky": {
        "x": 0.3875781297683716,
        "y": 0.5537617206573486,
        "z": 0.02091267518699169
    },
    "right_pinky": {
        "x": 0.3434901833534241,
        "y": 0.3531692326068878,
        "z": 0.2322075068950653
    },
    "left_index": {
        "x": 0.3852180540561676,
        "y": 0.5447755455970764,
        "z": 0.0025113883893936872
    },
    "right_index": {
        "x": 0.3443624973297119,
        "y": 0.3577321171760559,
        "z": 0.21406877040863037
    },
    "left_thumb": {
        "x": 0.38612911105155945,
        "y": 0.537182092666626,
        "z": 0.016325149685144424
    },
    "right_thumb": {
        "x": 0.3466116786003113,
        "y": 0.36168575286865234,
        "z": 0.217320516705513
    },
    "left_hip": {
        "x": 0.3341866731643677,
        "y": 0.49740326404571533,
        "z": -0.017961589619517326
    },
    "right_hip": {
        "x": 0.3215584456920624,
        "y": 0.44926273822784424,
        "z": 0.01818000338971615
    },
    "left_knee": {
        "x": 0.29913219809532166,
        "y": 0.5324432253837585,
        "z": -0.260682612657547
    },
    "right_knee": {
        "x": 0.2852834165096283,
        "y": 0.41089826822280884,
        "z": -0.2149410843849182
    },
    "left_ankle": {
        "x": 0.23048144578933716,
        "y": 0.5822791457176208,
        "z": -0.2605355381965637
    },
    "right_ankle": {
        "x": 0.22372186183929443,
        "y": 0.48655325174331665,
        "z": -0.1997399479150772
    },
    "left_heel": {
        "x": 0.21344316005706787,
        "y": 0.5745041370391846,
        "z": -0.2635723948478699
    },
    "right_heel": {
        "x": 0.21492895483970642,
        "y": 0.516088604927063,
        "z": -0.20187805593013763
    },
    "left_foot_index": {
        "x": 0.21577684581279755,
        "y": 0.627809464931488,
        "z": -0.34570616483688354
    },
    "right_foot_index": {
        "x": 0.19283351302146912,
        "y": 0.4648253321647644,
        "z": -0.2777714729309082
    }
}