{
    "nose": {
        "x": 0.14156144857406616,
        "y": 0.09535057097673416,
        "z": -0.13807187974452972
    },
    "left_eye_inner": {
        "x": 0.1413601040840149,
        "y": 0.08039328455924988,
        "z": -0.15851940214633942
    },
    "left_eye": {
        "x": 0.14242953062057495,
        "y": 0.07945282012224197,
        "z": -0.15853288769721985
    },
    "left_eye_outer": {
        "x": 0.14355704188346863,
        "y": 0.07842686772346497,
        "z": -0.15856759250164032
    },
    "right_eye_inner": {
        "x": 0.14041222631931305,
        "y": 0.08058440685272217,
        "z": -0.13011816143989563
    },
    "right_eye": {
        "x": 0.14082446694374084,
        "y": 0.07969143986701965,
        "z": -0.1300974190235138
    },
    "right_eye_outer": {
        "x": 0.14131267368793488,
        "y": 0.07867401093244553,
        "z": -0.1301402747631073
    },
    "left_ear": {
        "x": 0.15513519942760468,
        "y": 0.0741419792175293,
        "z": -0.2055560052394867
    },
    "right_ear": {
        "x": 0.15168306231498718,
        "y": 0.07452232390642166,
        "z": -0.07848960906267166
    },
    "mouth_left": {
        "x": 0.1489732265472412,
        "y": 0.10358817875385284,
        "z": -0.15103338658809662
    },
    "mouth_right": {
        "x": 0.14798961579799652,
        "y": 0.10401323437690735,
        "z": -0.11413803696632385
    },
    "left_shoulder": {
        "x": 0.17392316460609436,
        "y": 0.14750955998897552,
        "z": -0.2570531964302063
    },
    "right_shoulder": {
        "x": 0.18437710404396057,
        "y": 0.12293025851249695,
        "z": 0.025385458022356033
    },
    "left_elbow": {
        "x": 0.16896295547485352,
        "y": 0.2574057877063751,
        "z": -0.2758515775203705
    },
    "right_elbow": {
        "x": 0.1748819798231125,
        "y": 0.22796794772148132,
        "z": 0.0788002759218216
    },
    "left_wrist": {
        "x": 0.15707728266716003,
        "y": 0.35348987579345703,
        "z": -0.2395705282688141
    },
    "right_wrist": {
        "x": 0.1580042690038681,
        "y": 0.30199897289276123,
        "z": 0.04754307121038437
    },
    "left_pinky": {
        "x": 0.15148517489433289,
        "y": 0.37728995084762573,
        "z": -0.2682981491088867
    },
    "right_pinky": {
        "x": 0.15132002532482147,
        "y": 0.33467361330986023,
        "z": 0.048981647938489914
    },
    "left_index": {
        "x": 0.14595206081867218,
        "y": 0.3750227093696594,
        "z": -0.265484482049942
    },
    "right_index": {
        "x": 0.1475890576839447,
        "y": 0.3355942964553833,
        "z": 0.023351594805717468
    },
    "left_thumb": {
        "x": 0.14859002828598022,
        "y": 0.3668604791164398,
        "z": -0.2367653250694275
    },
    "right_thumb": {
        "x": 0.14982259273529053,
        "y": 0.32958507537841797,
        "z": 0.03553572669625282
    },
    "left_hip": {
        "x": 0.17539826035499573,
        "y": 0.33333271741867065,
        "z": -0.08160750567913055
    },
    "right_hip": {
        "x": 0.18601876497268677,
        "y": 0.3227071762084961,
        "z": 0.08162561058998108
    },
    "left_knee": {
        "x": 0.14117375016212463,
        "y": 0.43858039379119873,
        "z": 0.020482920110225677
    },
    "right_knee": {
        "x": 0.16999933123588562,
        "y": 0.41485917568206787,
        "z": 0.253894180059433
    },
    "left_ankle": {
        "x": 0.14526616036891937,
        "y": 0.5661916136741638,
        "z": 0.1256542205810547
    },
    "right_ankle": {
        "x": 0.19858497381210327,
        "y": 0.512718677520752,
        "z": 0.42498791217803955
    },
    "left_heel": {
        "x": 0.1538163721561432,
        "y": 0.5953959226608276,
        "z": 0.13297313451766968
    },
    "right_heel": {
        "x": 0.21229973435401917,
        "y": 0.5323866605758667,
        "z": 0.44175976514816284
    },
    "left_foot_index": {
        "x": 0.10753674805164337,
        "y": 0.5940164923667908,
        "z": 0.08027812093496323
    },
    "right_foot_index": {
        "x": 0.16518846154212952,
        "y": 0.5296931862831116,
        "z": 0.42745816707611084
    }
}