{
    "nose": {
        "x": 0.7073863744735718,
        "y": 0.41841453313827515,
        "z": -0.31158843636512756
    },
    "left_eye_inner": {
        "x": 0.7040644288063049,
        "y": 0.40771225094795227,
        "z": -0.2904050648212433
    },
    "left_eye": {
        "x": 0.706681489944458,
        "y": 0.40590354800224304,
        "z": -0.2904713749885559
    },
    "left_eye_outer": {
        "x": 0.7095155119895935,
        "y": 0.4044541120529175,
        "z": -0.2905644178390503
    },
    "right_eye_inner": {
        "x": 0.6965072154998779,
        "y": 0.41762253642082214,
        "z": -0.3010391294956207
    },
    "right_eye": {
        "x": 0.6940106153488159,
        "y": 0.42264169454574585,
        "z": -0.30107951164245605
    },
    "right_eye_outer": {
        "x": 0.6916250586509705,
        "y": 0.42780929803848267,
        "z": -0.3011689782142639
    },
    "left_ear": {
        "x": 0.7132341265678406,
        "y": 0.41102463006973267,
        "z": -0.17535443603992462
    },
    "right_ear": {
        "x": 0.6886283755302429,
        "y": 0.44479408860206604,
        "z": -0.22015371918678284
    },
    "mouth_left": {
        "x": 0.7175832986831665,
        "y": 0.4285326302051544,
        "z": -0.26753750443458557
    },
    "mouth_right": {
        "x": 0.7093079090118408,
        "y": 0.4411996006965637,
        "z": -0.28036633133888245
    },
    "left_shoulder": {
        "x": 0.7530692219734192,
        "y": 0.4689536690711975,
        "z": -0.04747104272246361
    },
    "right_shoulder": {
        "x": 0.6984307169914246,
        "y": 0.5358548760414124,
        "z": -0.21643096208572388
    },
    "left_elbow": {
        "x": 0.8002100586891174,
        "y": 0.5335996150970459,
        "z": -0.011025873012840748
    },
    "right_elbow": {
        "x": 0.7414875626564026,
        "y": 0.6435311436653137,
        "z": -0.23032169044017792
    },
    "left_wrist": {
        "x": 0.8277271389961243,
        "y": 0.5763708353042603,
        "z": -0.07570856064558029
    },
    "right_wrist": {
        "x": 0.811431884765625,
        "y": 0.6723052859306335,
        "z": -0.2324923574924469
    },
    "left_pinky": {
        "x": 0.840442955493927,
        "y": 0.5905742645263672,
        "z": -0.09567742049694061
    },
    "right_pinky": {
        "x": 0.8305162191390991,
        "y": 0.6916412711143494,
        "z": -0.2561345100402832
    },
    "left_index": {
        "x": 0.8355820178985596,
        "y": 0.5893661975860596,
        "z": -0.10973744094371796
    },
    "right_index": {
        "x": 0.8345664739608765,
        "y": 0.6761103272438049,
        "z": -0.26667001843452454
    },
    "left_thumb": {
        "x": 0.8288621306419373,
        "y": 0.5878359079360962,
        "z": -0.08449900895357132
    },
    "right_thumb": {
        "x": 0.8276922106742859,
        "y": 0.6696428656578064,
        "z": -0.23591381311416626
    },
    "left_hip": {
        "x": 0.795855700969696,
        "y": 0.6477562189102173,
        "z": 0.054971180856227875
    },
    "right_hip": {
        "x": 0.7651996612548828,
        "y": 0.6922219395637512,
        "z": -0.05485405772924423
    },
    "left_knee": {
        "x": 0.871666669845581,
        "y": 0.7058500051498413,
        "z": -0.02427779510617256
    },
    "right_knee": {
        "x": 0.8537144660949707,
        "y": 0.7408219575881958,
        "z": -0.10942790657281876
    },
    "left_ankle": {
        "x": 0.8936046361923218,
        "y": 0.8562425971031189,
        "z": 0.11432606726884842
    },
    "right_ankle": {
        "x": 0.8825313448905945,
        "y": 0.8906387090682983,
        "z": 0.025372736155986786
    },
    "left_heel": {
        "x": 0.8879399299621582,
        "y": 0.8808019161224365,
        "z": 0.12385032325983047
    },
    "right_heel": {
        "x": 0.8775258660316467,
        "y": 0.916723370552063,
        "z": 0.03722592815756798
    },
    "left_foot_index": {
        "x": 0.93059241771698,
        "y": 0.8973896503448486,
        "z": 0.060926370322704315
    },
    "right_foot_index": {
        "x": 0.9138757586479187,
        "y": 0.9269922971725464,
        "z": -0.029137112200260162
    }
}