{
    "nose": {
        "x": 0.5831448435783386,
        "y": 0.4760485887527466,
        "z": 0.07553035020828247
    },
    "left_eye_inner": {
        "x": 0.5773589015007019,
        "y": 0.4758751690387726,
        "z": 0.06105780601501465
    },
    "left_eye": {
        "x": 0.5770214200019836,
        "y": 0.4779883623123169,
        "z": 0.06105169653892517
    },
    "left_eye_outer": {
        "x": 0.5767471790313721,
        "y": 0.48008984327316284,
        "z": 0.061072275042533875
    },
    "right_eye_inner": {
        "x": 0.5781599283218384,
        "y": 0.469739705324173,
        "z": 0.06398345530033112
    },
    "right_eye": {
        "x": 0.5783669352531433,
        "y": 0.4676952362060547,
        "z": 0.06396660208702087
    },
    "right_eye_outer": {
        "x": 0.5785825848579407,
        "y": 0.4655765891075134,
        "z": 0.0638679787516594
    },
    "left_ear": {
        "x": 0.5788308382034302,
        "y": 0.4863954484462738,
        "z": 0.01325763575732708
    },
    "right_ear": {
        "x": 0.5819159150123596,
        "y": 0.46549588441848755,
        "z": 0.025723278522491455
    },
    "mouth_left": {
        "x": 0.5877597332000732,
        "y": 0.4837236702442169,
        "z": 0.06194034591317177
    },
    "mouth_right": {
        "x": 0.5884070992469788,
        "y": 0.47760850191116333,
        "z": 0.0652787908911705
    },
    "left_shoulder": {
        "x": 0.5979032516479492,
        "y": 0.5142166614532471,
        "z": -0.0017252691322937608
    },
    "right_shoulder": {
        "x": 0.6114206314086914,
        "y": 0.45458194613456726,
        "z": 0.023781340569257736
    },
    "left_elbow": {
        "x": 0.5897429585456848,
        "y": 0.5098549723625183,
        "z": 0.038422953337430954
    },
    "right_elbow": {
        "x": 0.6148415207862854,
        "y": 0.43547821044921875,
        "z": 0.06565574556589127
    },
    "left_wrist": {
        "x": 0.555630087852478,
        "y": 0.5109027624130249,
        "z": 0.1128200888633728
    },
    "right_wrist": {
        "x": 0.5924607515335083,
        "y": 0.44162559509277344,
        "z": 0.10848424583673477
    },
    "left_pinky": {
        "x": 0.5458230972290039,
        "y": 0.5159056186676025,
        "z": 0.11910629272460938
    },
    "right_pinky": {
        "x": 0.5882473587989807,
        "y": 0.43894487619400024,
        "z": 0.11073755472898483
    },
    "left_index": {
        "x": 0.5457566976547241,
        "y": 0.5095301866531372,
        "z": 0.12049425393342972
    },
    "right_index": {
        "x": 0.5851035118103027,
        "y": 0.44487711787223816,
        "z": 0.10483438521623611
    },
    "left_thumb": {
        "x": 0.5509447455406189,
        "y": 0.5070594549179077,
        "z": 0.11608819663524628
    },
    "right_thumb": {
        "x": 0.5872166752815247,
        "y": 0.44853803515434265,
        "z": 0.1078946590423584
    },
    "left_hip": {
        "x": 0.7075355648994446,
        "y": 0.5493510961532593,
        "z": -0.01505198236554861
    },
    "right_hip": {
        "x": 0.7154659032821655,
        "y": 0.5132392644882202,
        "z": 0.014868665486574173
    },
    "left_knee": {
        "x": 0.7486550807952881,
        "y": 0.6365106105804443,
        "z": -0.034346356987953186
    },
    "right_knee": {
        "x": 0.7563557624816895,
        "y": 0.5878949761390686,
        "z": -0.010894812643527985
    },
    "left_ankle": {
        "x": 0.8126460313796997,
        "y": 0.6977712512016296,
        "z": -0.043428320437669754
    },
    "right_ankle": {
        "x": 0.8212878704071045,
        "y": 0.6650705933570862,
        "z": -0.03132933750748634
    },
    "left_heel": {
        "x": 0.8234445452690125,
        "y": 0.7027848958969116,
        "z": -0.04491828754544258
    },
    "right_heel": {
        "x": 0.8323081731796265,
        "y": 0.6757286190986633,
        "z": -0.03370684012770653
    },
    "left_foot_index": {
        "x": 0.8283022046089172,
        "y": 0.7204635143280029,
        "z": -0.07120266556739807
    },
    "right_foot_index": {
        "x": 0.8359302282333374,
        "y": 0.6938656568527222,
        "z": -0.06509425491094589
    }
}