{
    "nose": {
        "x": 0.38478633761405945,
        "y": 0.3940359354019165,
        "z": 0.22043120861053467
    },
    "left_eye_inner": {
        "x": 0.38329583406448364,
        "y": 0.38344141840934753,
        "z": 0.2339654415845871
    },
    "left_eye": {
        "x": 0.3827054500579834,
        "y": 0.38324815034866333,
        "z": 0.233970507979393
    },
    "left_eye_outer": {
        "x": 0.3820478320121765,
        "y": 0.38307926058769226,
        "z": 0.23399870097637177
    },
    "right_eye_inner": {
        "x": 0.38339394330978394,
        "y": 0.38290029764175415,
        "z": 0.2123069316148758
    },
    "right_eye": {
        "x": 0.3828187584877014,
        "y": 0.3822861313819885,
        "z": 0.21230436861515045
    },
    "right_eye_outer": {
        "x": 0.38219931721687317,
        "y": 0.38143450021743774,
        "z": 0.212208554148674
    },
    "left_ear": {
        "x": 0.37694552540779114,
        "y": 0.38311660289764404,
        "z": 0.26734739542007446
    },
    "right_ear": {
        "x": 0.37733811140060425,
        "y": 0.3805599808692932,
        "z": 0.17010502517223358
    },
    "mouth_left": {
        "x": 0.38208672404289246,
        "y": 0.40037310123443604,
        "z": 0.23238933086395264
    },
    "mouth_right": {
        "x": 0.38198697566986084,
        "y": 0.3999917209148407,
        "z": 0.20397597551345825
    },
    "left_shoulder": {
        "x": 0.3467422127723694,
        "y": 0.43389540910720825,
        "z": 0.2903335690498352
    },
    "right_shoulder": {
        "x": 0.3554243743419647,
        "y": 0.40584784746170044,
        "z": 0.07155712693929672
    },
    "left_elbow": {
        "x": 0.33134520053863525,
        "y": 0.4975105822086334,
        "z": 0.2501004636287689
    },
    "right_elbow": {
        "x": 0.35098326206207275,
        "y": 0.46253150701522827,
        "z": -0.04410098120570183
    },
    "left_wrist": {
        "x": 0.3450538218021393,
        "y": 0.5463264584541321,
        "z": 0.18412713706493378
    },
    "right_wrist": {
        "x": 0.3822852075099945,
        "y": 0.510805070400238,
        "z": -0.13239671289920807
    },
    "left_pinky": {
        "x": 0.3473571538925171,
        "y": 0.5618880391120911,
        "z": 0.18092501163482666
    },
    "right_pinky": {
        "x": 0.38681191205978394,
        "y": 0.5254303812980652,
        "z": -0.15461325645446777
    },
    "left_index": {
        "x": 0.35170912742614746,
        "y": 0.5572616457939148,
        "z": 0.1772708147764206
    },
    "right_index": {
        "x": 0.39309048652648926,
        "y": 0.5187042951583862,
        "z": -0.14067891240119934
    },
    "left_thumb": {
        "x": 0.35099753737449646,
        "y": 0.5522992610931396,
        "z": 0.1794782429933548
    },
    "right_thumb": {
        "x": 0.39073505997657776,
        "y": 0.5126659274101257,
        "z": -0.12695172429084778
    },
    "left_hip": {
        "x": 0.3451393246650696,
        "y": 0.5655307769775391,
        "z": 0.06729285418987274
    },
    "right_hip": {
        "x": 0.34485572576522827,
        "y": 0.548454999923706,
        "z": -0.06735395640134811
    },
    "left_knee": {
        "x": 0.3834567666053772,
        "y": 0.6243778467178345,
        "z": 0.01384176965802908
    },
    "right_knee": {
        "x": 0.3915327489376068,
        "y": 0.6213350296020508,
        "z": -0.15234501659870148
    },
    "left_ankle": {
        "x": 0.34718257188796997,
        "y": 0.713603675365448,
        "z": -0.06701098382472992
    },
    "right_ankle": {
        "x": 0.38166558742523193,
        "y": 0.7506314516067505,
        "z": -0.2683057188987732
    },
    "left_heel": {
        "x": 0.3271943926811218,
        "y": 0.7086263298988342,
        "z": -0.07983522117137909
    },
    "right_heel": {
        "x": 0.3733622431755066,
        "y": 0.7766385674476624,
        "z": -0.28231343626976013
    },
    "left_foot_index": {
        "x": 0.35298073291778564,
        "y": 0.7509321570396423,
        "z": -0.10961185395717621
    },
    "right_foot_index": {
        "x": 0.42364606261253357,
        "y": 0.7901566028594971,
        "z": -0.3336186707019806
    }
}