{
    "nose": {
        "x": 0.13454994559288025,
        "y": 0.5459924340248108,
        "z": -0.19029775261878967
    },
    "left_eye_inner": {
        "x": 0.13690721988677979,
        "y": 0.5319344997406006,
        "z": -0.18431419134140015
    },
    "left_eye": {
        "x": 0.1391681283712387,
        "y": 0.529754638671875,
        "z": -0.18436375260353088
    },
    "left_eye_outer": {
        "x": 0.1413402259349823,
        "y": 0.5275455713272095,
        "z": -0.18449415266513824
    },
    "right_eye_inner": {
        "x": 0.12969738245010376,
        "y": 0.5351084470748901,
        "z": -0.1818876415491104
    },
    "right_eye": {
        "x": 0.1271607130765915,
        "y": 0.5350654721260071,
        "z": -0.18187439441680908
    },
    "right_eye_outer": {
        "x": 0.1245582103729248,
        "y": 0.5349624156951904,
        "z": -0.18183335661888123
    },
    "left_ear": {
        "x": 0.1434352695941925,
        "y": 0.5206866264343262,
        "z": -0.10571388900279999
    },
    "right_ear": {
        "x": 0.12064751982688904,
        "y": 0.5295740365982056,
        "z": -0.09435833245515823
    },
    "mouth_left": {
        "x": 0.13924865424633026,
        "y": 0.548810601234436,
        "z": -0.15639175474643707
    },
    "mouth_right": {
        "x": 0.13127577304840088,
        "y": 0.5524903535842896,
        "z": -0.1533573567867279
    },
    "left_shoulder": {
        "x": 0.17540252208709717,
        "y": 0.5492502450942993,
        "z": -0.04623112082481384
    },
    "right_shoulder": {
        "x": 0.10870115458965302,
        "y": 0.5814515948295593,
        "z": -0.014467821456491947
    },
    "left_elbow": {
        "x": 0.206407368183136,
        "y": 0.6218429803848267,
        "z": -0.03614412248134613
    },
    "right_elbow": {
        "x": 0.11485277861356735,
        "y": 0.6614869236946106,
        "z": 0.018732503056526184
    },
    "left_wrist": {
        "x": 0.22523871064186096,
        "y": 0.7014131546020508,
        "z": -0.09192653000354767
    },
    "right_wrist": {
        "x": 0.10323416441679001,
        "y": 0.6809664964675903,
        "z": -0.04591939598321915
    },
    "left_pinky": {
        "x": 0.23052732646465302,
        "y": 0.7230480909347534,
        "z": -0.10902771353721619
    },
    "right_pinky": {
        "x": 0.09915139526128769,
        "y": 0.6920685172080994,
        "z": -0.05929255858063698
    },
    "left_index": {
        "x": 0.22677354514598846,
        "y": 0.7254625558853149,
        "z": -0.12689505517482758
    },
    "right_index": {
        "x": 0.09889908134937286,
        "y": 0.6890513896942139,
        "z": -0.0810428112745285
    },
    "left_thumb": {
        "x": 0.22349220514297485,
        "y": 0.718648374080658,
        "z": -0.09950585663318634
    },
    "right_thumb": {
        "x": 0.10252590477466583,
        "y": 0.6855913400650024,
        "z": -0.05693594366312027
    },
    "left_hip": {
        "x": 0.18241344392299652,
        "y": 0.7208337783813477,
        "z": -0.0018241284415125847
    },
    "right_hip": {
        "x": 0.1405826061964035,
        "y": 0.7405593991279602,
        "z": 0.002033076249063015
    },
    "left_knee": {
        "x": 0.19646765291690826,
        "y": 0.7583779692649841,
        "z": -0.2629193663597107
    },
    "right_knee": {
        "x": 0.13988088071346283,
        "y": 0.7728044986724854,
        "z": -0.26349714398384094
    },
    "left_ankle": {
        "x": 0.22441768646240234,
        "y": 0.8842254877090454,
        "z": -0.16681768000125885
    },
    "right_ankle": {
        "x": 0.16705027222633362,
        "y": 0.903355598449707,
        "z": -0.17061647772789001
    },
    "left_heel": {
        "x": 0.2220415621995926,
        "y": 0.9009070992469788,
        "z": -0.16047316789627075
    },
    "right_heel": {
        "x": 0.1752127856016159,
        "y": 0.9150969386100769,
        "z": -0.16381686925888062
    },
    "left_foot_index": {
        "x": 0.2412918210029602,
        "y": 0.9233680963516235,
        "z": -0.26670128107070923
    },
    "right_foot_index": {
        "x": 0.17196212708950043,
        "y": 0.960403561592102,
        "z": -0.27294811606407166
    }
}