{
    "nose": {
        "x": 0.19200840592384338,
        "y": 0.6717020273208618,
        "z": -0.35970309376716614
    },
    "left_eye_inner": {
        "x": 0.19625982642173767,
        "y": 0.6546820402145386,
        "z": -0.35753241181373596
    },
    "left_eye": {
        "x": 0.19929635524749756,
        "y": 0.6529718637466431,
        "z": -0.3573695719242096
    },
    "left_eye_outer": {
        "x": 0.20151159167289734,
        "y": 0.6501856446266174,
        "z": -0.3573774993419647
    },
    "right_eye_inner": {
        "x": 0.18614886701107025,
        "y": 0.6539751887321472,
        "z": -0.36082780361175537
    },
    "right_eye": {
        "x": 0.18228183686733246,
        "y": 0.6525400876998901,
        "z": -0.3610011339187622
    },
    "right_eye_outer": {
        "x": 0.17784972488880157,
        "y": 0.6497018933296204,
        "z": -0.3610873520374298
    },
    "left_ear": {
        "x": 0.1991543024778366,
        "y": 0.6406320929527283,
        "z": -0.2866159677505493
    },
    "right_ear": {
        "x": 0.16890007257461548,
        "y": 0.6468437910079956,
        "z": -0.3073580861091614
    },
    "mouth_left": {
        "x": 0.19490380585193634,
        "y": 0.6769838333129883,
        "z": -0.32779261469841003
    },
    "mouth_right": {
        "x": 0.18190132081508636,
        "y": 0.6760618686676025,
        "z": -0.33423909544944763
    },
    "left_shoulder": {
        "x": 0.21786752343177795,
        "y": 0.661211371421814,
        "z": -0.21677611768245697
    },
    "right_shoulder": {
        "x": 0.13924112915992737,
        "y": 0.7050853371620178,
        "z": -0.2082781344652176
    },
    "left_elbow": {
        "x": 0.25245699286460876,
        "y": 0.7041574120521545,
        "z": -0.13466279208660126
    },
    "right_elbow": {
        "x": 0.14260216057300568,
        "y": 0.7906321883201599,
        "z": -0.24529778957366943
    },
    "left_wrist": {
        "x": 0.2600363790988922,
        "y": 0.7831875681877136,
        "z": -0.09472803771495819
    },
    "right_wrist": {
        "x": 0.1848791241645813,
        "y": 0.8363284468650818,
        "z": -0.3413955569267273
    },
    "left_pinky": {
        "x": 0.2677379250526428,
        "y": 0.8056077361106873,
        "z": -0.09533578157424927
    },
    "right_pinky": {
        "x": 0.19614766538143158,
        "y": 0.8582700490951538,
        "z": -0.361049622297287
    },
    "left_index": {
        "x": 0.25596752762794495,
        "y": 0.8067390322685242,
        "z": -0.10346025228500366
    },
    "right_index": {
        "x": 0.2012677639722824,
        "y": 0.8469739556312561,
        "z": -0.37033528089523315
    },
    "left_thumb": {
        "x": 0.2525436282157898,
        "y": 0.7995880246162415,
        "z": -0.0934022068977356
    },
    "right_thumb": {
        "x": 0.19926075637340546,
        "y": 0.8392084836959839,
        "z": -0.34539246559143066
    },
    "left_hip": {
        "x": 0.25928783416748047,
        "y": 0.7591637372970581,
        "z": -0.005192385520786047
    },
    "right_hip": {
        "x": 0.22786851227283478,
        "y": 0.7984431385993958,
        "z": 0.005168867763131857
    },
    "left_knee": {
        "x": 0.28756752610206604,
        "y": 0.8388954997062683,
        "z": -0.18395064771175385
    },
    "right_knee": {
        "x": 0.24015183746814728,
        "y": 0.9011906385421753,
        "z": -0.16223040223121643
    },
    "left_ankle": {
        "x": 0.3069542944431305,
        "y": 0.9685072302818298,
        "z": -0.08154049515724182
    },
    "right_ankle": {
        "x": 0.27652427554130554,
        "y": 1.015965461730957,
        "z": -0.1011960506439209
    },
    "left_heel": {
        "x": 0.3036251664161682,
        "y": 0.9806555509567261,
        "z": -0.07258481532335281
    },
    "right_heel": {
        "x": 0.28427016735076904,
        "y": 1.030712604522705,
        "z": -0.09676237404346466
    },
    "left_foot_index": {
        "x": 0.3212270438671112,
        "y": 1.0124104022979736,
        "z": -0.14075200259685516
    },
    "right_foot_index": {
        "x": 0.27937355637550354,
        "y": 1.0617549419403076,
        "z": -0.17368143796920776
    }
}