{
    "nose": {
        "x": 0.19736485183238983,
        "y": 0.6713443398475647,
        "z": -0.1865655779838562
    },
    "left_eye_inner": {
        "x": 0.19915571808815002,
        "y": 0.6621192693710327,
        "z": -0.1878858506679535
    },
    "left_eye": {
        "x": 0.20045176148414612,
        "y": 0.6593988537788391,
        "z": -0.1878693550825119
    },
    "left_eye_outer": {
        "x": 0.20192787051200867,
        "y": 0.6565452814102173,
        "z": -0.18793509900569916
    },
    "right_eye_inner": {
        "x": 0.1941850334405899,
        "y": 0.6660276055335999,
        "z": -0.192141592502594
    },
    "right_eye": {
        "x": 0.1917213499546051,
        "y": 0.6665692925453186,
        "z": -0.19218787550926208
    },
    "right_eye_outer": {
        "x": 0.1894311010837555,
        "y": 0.6668152213096619,
        "z": -0.1922266185283661
    },
    "left_ear": {
        "x": 0.20068834722042084,
        "y": 0.6487760543823242,
        "z": -0.1340181827545166
    },
    "right_ear": {
        "x": 0.17952117323875427,
        "y": 0.6629761457443237,
        "z": -0.15292072296142578
    },
    "mouth_left": {
        "x": 0.19915103912353516,
        "y": 0.6715893149375916,
        "z": -0.15953223407268524
    },
    "mouth_right": {
        "x": 0.1919098049402237,
        "y": 0.6775608062744141,
        "z": -0.16541220247745514
    },
    "left_shoulder": {
        "x": 0.21882453560829163,
        "y": 0.6441770195960999,
        "z": -0.08202461898326874
    },
    "right_shoulder": {
        "x": 0.15293459594249725,
        "y": 0.6964724659919739,
        "z": -0.09617245942354202
    },
    "left_elbow": {
        "x": 0.2536577582359314,
        "y": 0.7033893465995789,
        "z": -0.03666286915540695
    },
    "right_elbow": {
        "x": 0.15558990836143494,
        "y": 0.7953187823295593,
        "z": -0.1673787534236908
    },
    "left_wrist": {
        "x": 0.2608882784843445,
        "y": 0.7772786021232605,
        "z": -0.05038208141922951
    },
    "right_wrist": {
        "x": 0.17112363874912262,
        "y": 0.7139523029327393,
        "z": -0.2575739920139313
    },
    "left_pinky": {
        "x": 0.26552116870880127,
        "y": 0.801302969455719,
        "z": -0.05945909395813942
    },
    "right_pinky": {
        "x": 0.17347092926502228,
        "y": 0.6945196390151978,
        "z": -0.27884355187416077
    },
    "left_index": {
        "x": 0.2573291063308716,
        "y": 0.8028546571731567,
        "z": -0.07135506719350815
    },
    "right_index": {
        "x": 0.1702231764793396,
        "y": 0.6855162382125854,
        "z": -0.26962438225746155
    },
    "left_thumb": {
        "x": 0.2543802857398987,
        "y": 0.7960706949234009,
        "z": -0.053329452872276306
    },
    "right_thumb": {
        "x": 0.16951040923595428,
        "y": 0.6881874799728394,
        "z": -0.25535938143730164
    },
    "left_hip": {
        "x": 0.24583543837070465,
        "y": 0.7940025329589844,
        "z": 0.010422737337648869
    },
    "right_hip": {
        "x": 0.20650798082351685,
        "y": 0.833567202091217,
        "z": -0.010401558130979538
    },
    "left_knee": {
        "x": 0.2911246418952942,
        "y": 0.854103684425354,
        "z": -0.1279495656490326
    },
    "right_knee": {
        "x": 0.23910613358020782,
        "y": 0.9150403738021851,
        "z": -0.07892804592847824
    },
    "left_ankle": {
        "x": 0.3171130418777466,
        "y": 0.9719581007957458,
        "z": -0.012311100959777832
    },
    "right_ankle": {
        "x": 0.2638532519340515,
        "y": 1.0126680135726929,
        "z": 0.034498557448387146
    },
    "left_heel": {
        "x": 0.3128703534603119,
        "y": 0.9908483028411865,
        "z": -0.003428458934649825
    },
    "right_heel": {
        "x": 0.2713581323623657,
        "y": 1.041079044342041,
        "z": 0.04442863538861275
    },
    "left_foot_index": {
        "x": 0.33689984679222107,
        "y": 1.0083197355270386,
        "z": -0.07280231267213821
    },
    "right_foot_index": {
        "x": 0.27744871377944946,
        "y": 1.076383352279663,
        "z": -0.02500602789223194
    }
}