{
    "nose": {
        "x": 0.19269730150699615,
        "y": 0.6537716388702393,
        "z": -0.19393400847911835
    },
    "left_eye_inner": {
        "x": 0.19607678055763245,
        "y": 0.6414713263511658,
        "z": -0.1886058747768402
    },
    "left_eye": {
        "x": 0.19814608991146088,
        "y": 0.6397775411605835,
        "z": -0.1885293573141098
    },
    "left_eye_outer": {
        "x": 0.2000769078731537,
        "y": 0.6381002068519592,
        "z": -0.18855634331703186
    },
    "right_eye_inner": {
        "x": 0.1885848492383957,
        "y": 0.6419349312782288,
        "z": -0.19244079291820526
    },
    "right_eye": {
        "x": 0.18543091416358948,
        "y": 0.6405153274536133,
        "z": -0.1925172656774521
    },
    "right_eye_outer": {
        "x": 0.1817629635334015,
        "y": 0.6381305456161499,
        "z": -0.1925780177116394
    },
    "left_ear": {
        "x": 0.19983452558517456,
        "y": 0.6335048675537109,
        "z": -0.12249474227428436
    },
    "right_ear": {
        "x": 0.17214283347129822,
        "y": 0.633675217628479,
        "z": -0.14398075640201569
    },
    "mouth_left": {
        "x": 0.19564078748226166,
        "y": 0.6577191948890686,
        "z": -0.1653439700603485
    },
    "mouth_right": {
        "x": 0.18588261306285858,
        "y": 0.6596574187278748,
        "z": -0.1717432141304016
    },
    "left_shoulder": {
        "x": 0.21820512413978577,
        "y": 0.6479796767234802,
        "z": -0.07230865955352783
    },
    "right_shoulder": {
        "x": 0.1506659835577011,
        "y": 0.6989820599555969,
        "z": -0.08514218032360077
    },
    "left_elbow": {
        "x": 0.2529096007347107,
        "y": 0.6999056935310364,
        "z": -0.025856224820017815
    },
    "right_elbow": {
        "x": 0.1550922393798828,
        "y": 0.7890384793281555,
        "z": -0.083733469247818
    },
    "left_wrist": {
        "x": 0.2599232792854309,
        "y": 0.7737752199172974,
        "z": -0.06329133361577988
    },
    "right_wrist": {
        "x": 0.18838849663734436,
        "y": 0.8431165218353271,
        "z": -0.1522757112979889
    },
    "left_pinky": {
        "x": 0.26769185066223145,
        "y": 0.7966536283493042,
        "z": -0.08049316704273224
    },
    "right_pinky": {
        "x": 0.19749709963798523,
        "y": 0.8660737872123718,
        "z": -0.1737404763698578
    },
    "left_index": {
        "x": 0.25779634714126587,
        "y": 0.8009253144264221,
        "z": -0.09180229902267456
    },
    "right_index": {
        "x": 0.20319229364395142,
        "y": 0.8550317287445068,
        "z": -0.1874716877937317
    },
    "left_thumb": {
        "x": 0.2542412281036377,
        "y": 0.7951717376708984,
        "z": -0.06712580472230911
    },
    "right_thumb": {
        "x": 0.2017163783311844,
        "y": 0.8460495471954346,
        "z": -0.15818215906620026
    },
    "left_hip": {
        "x": 0.2554060220718384,
        "y": 0.7848666310310364,
        "z": 0.0044807856902480125
    },
    "right_hip": {
        "x": 0.21816881000995636,
        "y": 0.8231481313705444,
        "z": -0.004482590593397617
    },
    "left_knee": {
        "x": 0.29157206416130066,
        "y": 0.8555334210395813,
        "z": -0.13259220123291016
    },
    "right_knee": {
        "x": 0.24400988221168518,
        "y": 0.9189810156822205,
        "z": -0.12769556045532227
    },
    "left_ankle": {
        "x": 0.3147786557674408,
        "y": 0.9667575359344482,
        "z": 0.0012917080894112587
    },
    "right_ankle": {
        "x": 0.28445905447006226,
        "y": 1.0135886669158936,
        "z": 0.007706429809331894
    },
    "left_heel": {
        "x": 0.3170565366744995,
        "y": 0.9802097678184509,
        "z": 0.013725141063332558
    },
    "right_heel": {
        "x": 0.28918859362602234,
        "y": 1.0184928178787231,
        "z": 0.019948484376072884
    },
    "left_foot_index": {
        "x": 0.34000977873802185,
        "y": 1.012250542640686,
        "z": -0.045184992253780365
    },
    "right_foot_index": {
        "x": 0.3019104301929474,
        "y": 1.0583484172821045,
        "z": -0.043626416474580765
    }
}