{
    "nose": {
        "x": 0.18921877443790436,
        "y": 0.6466387510299683,
        "z": -0.21828407049179077
    },
    "left_eye_inner": {
        "x": 0.19229498505592346,
        "y": 0.6315640211105347,
        "z": -0.20920510590076447
    },
    "left_eye": {
        "x": 0.19432489573955536,
        "y": 0.6298761963844299,
        "z": -0.2092825174331665
    },
    "left_eye_outer": {
        "x": 0.19610100984573364,
        "y": 0.6279672980308533,
        "z": -0.209483802318573
    },
    "right_eye_inner": {
        "x": 0.1836499273777008,
        "y": 0.6330978274345398,
        "z": -0.2139960080385208
    },
    "right_eye": {
        "x": 0.17973867058753967,
        "y": 0.6325126886367798,
        "z": -0.21399709582328796
    },
    "right_eye_outer": {
        "x": 0.17601236701011658,
        "y": 0.631621241569519,
        "z": -0.21402177214622498
    },
    "left_ear": {
        "x": 0.19646158814430237,
        "y": 0.6218163371086121,
        "z": -0.11848901957273483
    },
    "right_ear": {
        "x": 0.16895025968551636,
        "y": 0.627418577671051,
        "z": -0.14099538326263428
    },
    "mouth_left": {
        "x": 0.19286403059959412,
        "y": 0.6523200869560242,
        "z": -0.17991548776626587
    },
    "mouth_right": {
        "x": 0.18261706829071045,
        "y": 0.6556367874145508,
        "z": -0.18673747777938843
    },
    "left_shoulder": {
        "x": 0.22101570665836334,
        "y": 0.6495580673217773,
        "z": -0.030973954126238823
    },
    "right_shoulder": {
        "x": 0.15213197469711304,
        "y": 0.6868062615394592,
        "z": -0.07720533013343811
    },
    "left_elbow": {
        "x": 0.2532072961330414,
        "y": 0.7230008840560913,
        "z": 0.023109104484319687
    },
    "right_elbow": {
        "x": 0.15132680535316467,
        "y": 0.7685427069664001,
        "z": -0.09476757794618607
    },
    "left_wrist": {
        "x": 0.2796405255794525,
        "y": 0.7771204710006714,
        "z": -0.023135483264923096
    },
    "right_wrist": {
        "x": 0.15482094883918762,
        "y": 0.789088249206543,
        "z": -0.18579719960689545
    },
    "left_pinky": {
        "x": 0.28824928402900696,
        "y": 0.7917482256889343,
        "z": -0.03471828252077103
    },
    "right_pinky": {
        "x": 0.15431639552116394,
        "y": 0.7977431416511536,
        "z": -0.20208901166915894
    },
    "left_index": {
        "x": 0.28834494948387146,
        "y": 0.7943645715713501,
        "z": -0.05586077645421028
    },
    "right_index": {
        "x": 0.15450477600097656,
        "y": 0.7894453406333923,
        "z": -0.21876388788223267
    },
    "left_thumb": {
        "x": 0.28404754400253296,
        "y": 0.7937338352203369,
        "z": -0.0324564091861248
    },
    "right_thumb": {
        "x": 0.157136470079422,
        "y": 0.7863292098045349,
        "z": -0.19444160163402557
    },
    "left_hip": {
        "x": 0.23618802428245544,
        "y": 0.8142589330673218,
        "z": 0.024367621168494225
    },
    "right_hip": {
        "x": 0.19975891709327698,
        "y": 0.8470970988273621,
        "z": -0.024166151881217957
    },
    "left_knee": {
        "x": 0.2918117344379425,
        "y": 0.856248676776886,
        "z": -0.22969599068164825
    },
    "right_knee": {
        "x": 0.23824214935302734,
        "y": 0.9196275472640991,
        "z": -0.12468236684799194
    },
    "left_ankle": {
        "x": 0.3076142370700836,
        "y": 0.9840809106826782,
        "z": -0.12887084484100342
    },
    "right_ankle": {
        "x": 0.2717956006526947,
        "y": 1.0370402336120605,
        "z": -0.0024946993216872215
    },
    "left_heel": {
        "x": 0.30167537927627563,
        "y": 1.005899429321289,
        "z": -0.12116564065217972
    },
    "right_heel": {
        "x": 0.2743326425552368,
        "y": 1.0458840131759644,
        "z": 0.007520817685872316
    },
    "left_foot_index": {
        "x": 0.3359249532222748,
        "y": 1.026099443435669,
        "z": -0.20604267716407776
    },
    "right_foot_index": {
        "x": 0.291802316904068,
        "y": 1.0841574668884277,
        "z": -0.07956379652023315
    }
}