{
    "nose": {
        "x": 0.19747309386730194,
        "y": 0.6651981472969055,
        "z": -0.35917577147483826
    },
    "left_eye_inner": {
        "x": 0.20075660943984985,
        "y": 0.6537293791770935,
        "z": -0.3554309606552124
    },
    "left_eye": {
        "x": 0.20236098766326904,
        "y": 0.6519177556037903,
        "z": -0.35535499453544617
    },
    "left_eye_outer": {
        "x": 0.20414775609970093,
        "y": 0.6491223573684692,
        "z": -0.35545262694358826
    },
    "right_eye_inner": {
        "x": 0.1942395567893982,
        "y": 0.6542734503746033,
        "z": -0.36275535821914673
    },
    "right_eye": {
        "x": 0.1916089504957199,
        "y": 0.6527242660522461,
        "z": -0.36285799741744995
    },
    "right_eye_outer": {
        "x": 0.1873229742050171,
        "y": 0.6510193347930908,
        "z": -0.36294183135032654
    },
    "left_ear": {
        "x": 0.20276987552642822,
        "y": 0.6423211693763733,
        "z": -0.2711610496044159
    },
    "right_ear": {
        "x": 0.17579537630081177,
        "y": 0.6461549401283264,
        "z": -0.309615820646286
    },
    "mouth_left": {
        "x": 0.19912701845169067,
        "y": 0.6720391511917114,
        "z": -0.3210793733596802
    },
    "mouth_right": {
        "x": 0.18989892303943634,
        "y": 0.672353208065033,
        "z": -0.33251214027404785
    },
    "left_shoulder": {
        "x": 0.219101220369339,
        "y": 0.6590477228164673,
        "z": -0.18901707231998444
    },
    "right_shoulder": {
        "x": 0.14711177349090576,
        "y": 0.7114202976226807,
        "z": -0.20740433037281036
    },
    "left_elbow": {
        "x": 0.2550971806049347,
        "y": 0.7065537571907043,
        "z": -0.11943751573562622
    },
    "right_elbow": {
        "x": 0.1473681777715683,
        "y": 0.7718988060951233,
        "z": -0.15336458384990692
    },
    "left_wrist": {
        "x": 0.2602028250694275,
        "y": 0.780450701713562,
        "z": -0.13247625529766083
    },
    "right_wrist": {
        "x": 0.18527372181415558,
        "y": 0.7921444177627563,
        "z": -0.1472567468881607
    },
    "left_pinky": {
        "x": 0.26573777198791504,
        "y": 0.8029413223266602,
        "z": -0.14902684092521667
    },
    "right_pinky": {
        "x": 0.19499000906944275,
        "y": 0.798632800579071,
        "z": -0.15652501583099365
    },
    "left_index": {
        "x": 0.2575274407863617,
        "y": 0.8048700094223022,
        "z": -0.160068079829216
    },
    "right_index": {
        "x": 0.19724628329277039,
        "y": 0.7917696237564087,
        "z": -0.1699536144733429
    },
    "left_thumb": {
        "x": 0.2546427547931671,
        "y": 0.7976285219192505,
        "z": -0.13537991046905518
    },
    "right_thumb": {
        "x": 0.1955842524766922,
        "y": 0.790051281452179,
        "z": -0.15009096264839172
    },
    "left_hip": {
        "x": 0.25549444556236267,
        "y": 0.7811696529388428,
        "z": 0.002097093965858221
    },
    "right_hip": {
        "x": 0.21953298151493073,
        "y": 0.8196183443069458,
        "z": -0.0019288761541247368
    },
    "left_knee": {
        "x": 0.2904350459575653,
        "y": 0.8561500906944275,
        "z": -0.12564617395401
    },
    "right_knee": {
        "x": 0.24963288009166718,
        "y": 0.9275552034378052,
        "z": -0.13357272744178772
    },
    "left_ankle": {
        "x": 0.3133971691131592,
        "y": 0.9728012084960938,
        "z": 0.057637739926576614
    },
    "right_ankle": {
        "x": 0.27969059348106384,
        "y": 0.9992820024490356,
        "z": 0.05096270143985748
    },
    "left_heel": {
        "x": 0.3122759461402893,
        "y": 0.9876861572265625,
        "z": 0.07536006718873978
    },
    "right_heel": {
        "x": 0.2833928167819977,
        "y": 1.0020687580108643,
        "z": 0.0687485784292221
    },
    "left_foot_index": {
        "x": 0.3296564817428589,
        "y": 1.0138248205184937,
        "z": 0.01776459626853466
    },
    "right_foot_index": {
        "x": 0.29416191577911377,
        "y": 1.0389440059661865,
        "z": 0.0059929704293608665
    }
}