{
    "nose": {
        "x": 0.17550663650035858,
        "y": 0.6283022165298462,
        "z": -0.2223670780658722
    },
    "left_eye_inner": {
        "x": 0.1777012050151825,
        "y": 0.6155720949172974,
        "z": -0.21193012595176697
    },
    "left_eye": {
        "x": 0.17948272824287415,
        "y": 0.6139411926269531,
        "z": -0.21189765632152557
    },
    "left_eye_outer": {
        "x": 0.18118640780448914,
        "y": 0.6120076775550842,
        "z": -0.21197491884231567
    },
    "right_eye_inner": {
        "x": 0.17054301500320435,
        "y": 0.6163864731788635,
        "z": -0.22051572799682617
    },
    "right_eye": {
        "x": 0.1673048734664917,
        "y": 0.615332841873169,
        "z": -0.22057044506072998
    },
    "right_eye_outer": {
        "x": 0.1640322059392929,
        "y": 0.6139436960220337,
        "z": -0.22060619294643402
    },
    "left_ear": {
        "x": 0.1790962666273117,
        "y": 0.6059417128562927,
        "z": -0.11351045966148376
    },
    "right_ear": {
        "x": 0.15542665123939514,
        "y": 0.6117492318153381,
        "z": -0.15909777581691742
    },
    "mouth_left": {
        "x": 0.1778479516506195,
        "y": 0.6332347393035889,
        "z": -0.1813802719116211
    },
    "mouth_right": {
        "x": 0.169307142496109,
        "y": 0.6361887454986572,
        "z": -0.19477614760398865
    },
    "left_shoulder": {
        "x": 0.20214609801769257,
        "y": 0.6346392035484314,
        "z": -0.04596078395843506
    },
    "right_shoulder": {
        "x": 0.12940315902233124,
        "y": 0.666674017906189,
        "z": -0.09682529419660568
    },
    "left_elbow": {
        "x": 0.23625899851322174,
        "y": 0.6949958801269531,
        "z": 0.003123070113360882
    },
    "right_elbow": {
        "x": 0.10939520597457886,
        "y": 0.7545416355133057,
        "z": -0.1757948100566864
    },
    "left_wrist": {
        "x": 0.26522424817085266,
        "y": 0.7531694173812866,
        "z": -0.046016205102205276
    },
    "right_wrist": {
        "x": 0.13003572821617126,
        "y": 0.7950668931007385,
        "z": -0.3368416130542755
    },
    "left_pinky": {
        "x": 0.27570852637290955,
        "y": 0.7711013555526733,
        "z": -0.0579352080821991
    },
    "right_pinky": {
        "x": 0.13328808546066284,
        "y": 0.8131970167160034,
        "z": -0.3703068792819977
    },
    "left_index": {
        "x": 0.27420884370803833,
        "y": 0.7761077880859375,
        "z": -0.08389923721551895
    },
    "right_index": {
        "x": 0.13922351598739624,
        "y": 0.803548276424408,
        "z": -0.3765067160129547
    },
    "left_thumb": {
        "x": 0.2700415253639221,
        "y": 0.7713584303855896,
        "z": -0.05628880485892296
    },
    "right_thumb": {
        "x": 0.13994383811950684,
        "y": 0.7983319163322449,
        "z": -0.3432934284210205
    },
    "left_hip": {
        "x": 0.23788981139659882,
        "y": 0.7793885469436646,
        "z": 0.018306966871023178
    },
    "right_hip": {
        "x": 0.20154446363449097,
        "y": 0.8130885362625122,
        "z": -0.018272217363119125
    },
    "left_knee": {
        "x": 0.28239789605140686,
        "y": 0.851764976978302,
        "z": -0.08166693896055222
    },
    "right_knee": {
        "x": 0.22631479799747467,
        "y": 0.9236539602279663,
        "z": -0.13096830248832703
    },
    "left_ankle": {
        "x": 0.2998952269554138,
        "y": 0.9705742001533508,
        "z": 0.11529530584812164
    },
    "right_ankle": {
        "x": 0.25890323519706726,
        "y": 1.0031344890594482,
        "z": 0.07490681111812592
    },
    "left_heel": {
        "x": 0.2958209812641144,
        "y": 0.9987694025039673,
        "z": 0.13368426263332367
    },
    "right_heel": {
        "x": 0.26397013664245605,
        "y": 1.0042985677719116,
        "z": 0.09427615255117416
    },
    "left_foot_index": {
        "x": 0.330260694026947,
        "y": 1.0087794065475464,
        "z": 0.07675478607416153
    },
    "right_foot_index": {
        "x": 0.273998886346817,
        "y": 1.049713373184204,
        "z": 0.03022528812289238
    }
}