{
    "nose": {
        "x": 0.19030024111270905,
        "y": 0.6481142640113831,
        "z": -0.2617831826210022
    },
    "left_eye_inner": {
        "x": 0.1926857829093933,
        "y": 0.6337524652481079,
        "z": -0.2542104423046112
    },
    "left_eye": {
        "x": 0.19456619024276733,
        "y": 0.6321142911911011,
        "z": -0.25429031252861023
    },
    "left_eye_outer": {
        "x": 0.196261465549469,
        "y": 0.6302767992019653,
        "z": -0.2544938027858734
    },
    "right_eye_inner": {
        "x": 0.184795081615448,
        "y": 0.6355176568031311,
        "z": -0.25997650623321533
    },
    "right_eye": {
        "x": 0.18111401796340942,
        "y": 0.6352540850639343,
        "z": -0.25999510288238525
    },
    "right_eye_outer": {
        "x": 0.17749522626399994,
        "y": 0.6347571015357971,
        "z": -0.2600244879722595
    },
    "left_ear": {
        "x": 0.19586718082427979,
        "y": 0.6247093081474304,
        "z": -0.16876471042633057
    },
    "right_ear": {
        "x": 0.16947022080421448,
        "y": 0.631364107131958,
        "z": -0.19329708814620972
    },
    "mouth_left": {
        "x": 0.193804070353508,
        "y": 0.6553930044174194,
        "z": -0.2245008796453476
    },
    "mouth_right": {
        "x": 0.18397842347621918,
        "y": 0.6584821939468384,
        "z": -0.23190826177597046
    },
    "left_shoulder": {
        "x": 0.2210284173488617,
        "y": 0.6516666412353516,
        "z": -0.08055216073989868
    },
    "right_shoulder": {
        "x": 0.15063351392745972,
        "y": 0.6917089819908142,
        "z": -0.12739971280097961
    },
    "left_elbow": {
        "x": 0.2540232539176941,
        "y": 0.7222932577133179,
        "z": -0.025114841759204865
    },
    "right_elbow": {
        "x": 0.16039133071899414,
        "y": 0.7935823798179626,
        "z": -0.112190380692482
    },
    "left_wrist": {
        "x": 0.28336504101753235,
        "y": 0.7797859907150269,
        "z": -0.07131985574960709
    },
    "right_wrist": {
        "x": 0.18580593168735504,
        "y": 0.8541375994682312,
        "z": -0.15799856185913086
    },
    "left_pinky": {
        "x": 0.291137158870697,
        "y": 0.797159731388092,
        "z": -0.08377263695001602
    },
    "right_pinky": {
        "x": 0.1904284805059433,
        "y": 0.8736974596977234,
        "z": -0.17188426852226257
    },
    "left_index": {
        "x": 0.2907707691192627,
        "y": 0.8016895055770874,
        "z": -0.10624327510595322
    },
    "right_index": {
        "x": 0.19309642910957336,
        "y": 0.8665404915809631,
        "z": -0.19194281101226807
    },
    "left_thumb": {
        "x": 0.2873227894306183,
        "y": 0.7973440289497375,
        "z": -0.08092955499887466
    },
    "right_thumb": {
        "x": 0.19415602087974548,
        "y": 0.8583196997642517,
        "z": -0.16647092998027802
    },
    "left_hip": {
        "x": 0.23577503859996796,
        "y": 0.8117721080780029,
        "z": 0.01963230036199093
    },
    "right_hip": {
        "x": 0.19866237044334412,
        "y": 0.8454965353012085,
        "z": -0.019500816240906715
    },
    "left_knee": {
        "x": 0.2914300858974457,
        "y": 0.8558560609817505,
        "z": -0.22793219983577728
    },
    "right_knee": {
        "x": 0.23679617047309875,
        "y": 0.923781156539917,
        "z": -0.16593238711357117
    },
    "left_ankle": {
        "x": 0.3125811219215393,
        "y": 0.9702603816986084,
        "z": -0.10176138579845428
    },
    "right_ankle": {
        "x": 0.27373549342155457,
        "y": 1.0370306968688965,
        "z": -0.04705183953046799
    },
    "left_heel": {
        "x": 0.3051646053791046,
        "y": 0.9990297555923462,
        "z": -0.09182607382535934
    },
    "right_heel": {
        "x": 0.2783691883087158,
        "y": 1.0437129735946655,
        "z": -0.03707493469119072
    },
    "left_foot_index": {
        "x": 0.33582016825675964,
        "y": 1.004891037940979,
        "z": -0.17104122042655945
    },
    "right_foot_index": {
        "x": 0.2936159074306488,
        "y": 1.0856906175613403,
        "z": -0.11988386511802673
    }
}