{
    "nose": {
        "x": 0.4769660234451294,
        "y": 0.4623459577560425,
        "z": -0.2044486105442047
    },
    "left_eye_inner": {
        "x": 0.4873645305633545,
        "y": 0.46279799938201904,
        "z": -0.20095162093639374
    },
    "left_eye": {
        "x": 0.4899023175239563,
        "y": 0.4614280164241791,
        "z": -0.20098404586315155
    },
    "left_eye_outer": {
        "x": 0.4909130930900574,
        "y": 0.4642827808856964,
        "z": -0.20101866126060486
    },
    "right_eye_inner": {
        "x": 0.4863007068634033,
        "y": 0.44332355260849,
        "z": -0.21578268706798553
    },
    "right_eye": {
        "x": 0.48539555072784424,
        "y": 0.4375261068344116,
        "z": -0.21580050885677338
    },
    "right_eye_outer": {
        "x": 0.4829484224319458,
        "y": 0.4285523295402527,
        "z": -0.21580593287944794
    },
    "left_ear": {
        "x": 0.4870798885822296,
        "y": 0.44820231199264526,
        "z": -0.15595148503780365
    },
    "right_ear": {
        "x": 0.47752246260643005,
        "y": 0.40224456787109375,
        "z": -0.2215857356786728
    },
    "mouth_left": {
        "x": 0.46932923793792725,
        "y": 0.4636310338973999,
        "z": -0.1836860477924347
    },
    "mouth_right": {
        "x": 0.4652481973171234,
        "y": 0.4455406963825226,
        "z": -0.20240311324596405
    },
    "left_shoulder": {
        "x": 0.4644792675971985,
        "y": 0.41595327854156494,
        "z": -0.09103269875049591
    },
    "right_shoulder": {
        "x": 0.4206753671169281,
        "y": 0.3806825280189514,
        "z": -0.20530249178409576
    },
    "left_elbow": {
        "x": 0.44590458273887634,
        "y": 0.4190761148929596,
        "z": -0.003603241639211774
    },
    "right_elbow": {
        "x": 0.38556402921676636,
        "y": 0.4074484705924988,
        "z": -0.17326469719409943
    },
    "left_wrist": {
        "x": 0.44333693385124207,
        "y": 0.4735777974128723,
        "z": 0.013983458280563354
    },
    "right_wrist": {
        "x": 0.41514700651168823,
        "y": 0.4771704375743866,
        "z": -0.10874880105257034
    },
    "left_pinky": {
        "x": 0.4477676451206207,
        "y": 0.4892980456352234,
        "z": 0.0071526821702718735
    },
    "right_pinky": {
        "x": 0.4190458059310913,
        "y": 0.49546873569488525,
        "z": -0.12371236830949783
    },
    "left_index": {
        "x": 0.446491539478302,
        "y": 0.4888308346271515,
        "z": -0.005328704137355089
    },
    "right_index": {
        "x": 0.43090903759002686,
        "y": 0.49287059903144836,
        "z": -0.12719281017780304
    },
    "left_thumb": {
        "x": 0.44272691011428833,
        "y": 0.4815792441368103,
        "z": 0.008310156874358654
    },
    "right_thumb": {
        "x": 0.43007129430770874,
        "y": 0.4873867630958557,
        "z": -0.10992571711540222
    },
    "left_hip": {
        "x": 0.3756883144378662,
        "y": 0.2778216302394867,
        "z": 0.039575718343257904
    },
    "right_hip": {
        "x": 0.3552078902721405,
        "y": 0.26617592573165894,
        "z": -0.039471082389354706
    },
    "left_knee": {
        "x": 0.3385730981826782,
        "y": 0.2659202516078949,
        "z": 0.19782547652721405
    },
    "right_knee": {
        "x": 0.3146461248397827,
        "y": 0.2916377782821655,
        "z": 0.11332865059375763
    },
    "left_ankle": {
        "x": 0.3288787603378296,
        "y": 0.21538157761096954,
        "z": 0.35141363739967346
    },
    "right_ankle": {
        "x": 0.3081775903701782,
        "y": 0.21573378145694733,
        "z": 0.26674461364746094
    },
    "left_heel": {
        "x": 0.3305171728134155,
        "y": 0.20364287495613098,
        "z": 0.3690125644207001
    },
    "right_heel": {
        "x": 0.3094017803668976,
        "y": 0.19840431213378906,
        "z": 0.2849520742893219
    },
    "left_foot_index": {
        "x": 0.3147120475769043,
        "y": 0.21896500885486603,
        "z": 0.38974106311798096
    },
    "right_foot_index": {
        "x": 0.2949817478656769,
        "y": 0.217932790517807,
        "z": 0.302655428647995
    }
}