{
    "nose": {
        "x": 0.403544545173645,
        "y": 0.20718573033809662,
        "z": 0.2272079885005951
    },
    "left_eye_inner": {
        "x": 0.4024689495563507,
        "y": 0.19577504694461823,
        "z": 0.20883497595787048
    },
    "left_eye": {
        "x": 0.40050479769706726,
        "y": 0.19433210790157318,
        "z": 0.2088192105293274
    },
    "left_eye_outer": {
        "x": 0.3983733355998993,
        "y": 0.19302678108215332,
        "z": 0.20877259969711304
    },
    "right_eye_inner": {
        "x": 0.40760985016822815,
        "y": 0.19922515749931335,
        "z": 0.20916010439395905
    },
    "right_eye": {
        "x": 0.4092195928096771,
        "y": 0.20008793473243713,
        "z": 0.20918335020542145
    },
    "right_eye_outer": {
        "x": 0.4108307659626007,
        "y": 0.2011510580778122,
        "z": 0.2091589868068695
    },
    "left_ear": {
        "x": 0.3940733075141907,
        "y": 0.19721266627311707,
        "z": 0.13162316381931305
    },
    "right_ear": {
        "x": 0.41127023100852966,
        "y": 0.2079082876443863,
        "z": 0.13258503377437592
    },
    "mouth_left": {
        "x": 0.39836061000823975,
        "y": 0.2143179327249527,
        "z": 0.20291027426719666
    },
    "mouth_right": {
        "x": 0.40417683124542236,
        "y": 0.21786929666996002,
        "z": 0.20286321640014648
    },
    "left_shoulder": {
        "x": 0.35688307881355286,
        "y": 0.2335750162601471,
        "z": 0.06833067536354065
    },
    "right_shoulder": {
        "x": 0.42056506872177124,
        "y": 0.26233553886413574,
        "z": 0.08928282558917999
    },
    "left_elbow": {
        "x": 0.3272453546524048,
        "y": 0.3032675087451935,
        "z": 0.1107788011431694
    },
    "right_elbow": {
        "x": 0.4285937547683716,
        "y": 0.3589268624782562,
        "z": 0.13731999695301056
    },
    "left_wrist": {
        "x": 0.3318120539188385,
        "y": 0.34972164034843445,
        "z": 0.23254390060901642
    },
    "right_wrist": {
        "x": 0.4146023690700531,
        "y": 0.39358779788017273,
        "z": 0.2434559315443039
    },
    "left_pinky": {
        "x": 0.3323560953140259,
        "y": 0.3593013882637024,
        "z": 0.2457495927810669
    },
    "right_pinky": {
        "x": 0.4119793176651001,
        "y": 0.40466728806495667,
        "z": 0.2649816572666168
    },
    "left_index": {
        "x": 0.33695271611213684,
        "y": 0.35765165090560913,
        "z": 0.25412848591804504
    },
    "right_index": {
        "x": 0.4099055528640747,
        "y": 0.3990573287010193,
        "z": 0.2652416527271271
    },
    "left_thumb": {
        "x": 0.33772972226142883,
        "y": 0.3541278839111328,
        "z": 0.23879961669445038
    },
    "right_thumb": {
        "x": 0.4092959463596344,
        "y": 0.39407604932785034,
        "z": 0.24709244072437286
    },
    "left_hip": {
        "x": 0.342357337474823,
        "y": 0.39853858947753906,
        "z": -0.015048873610794544
    },
    "right_hip": {
        "x": 0.378834068775177,
        "y": 0.4093795418739319,
        "z": 0.014932291582226753
    },
    "left_knee": {
        "x": 0.3317832946777344,
        "y": 0.5132139921188354,
        "z": -0.004835352301597595
    },
    "right_knee": {
        "x": 0.3762305974960327,
        "y": 0.5297322273254395,
        "z": 0.04899881035089493
    },
    "left_ankle": {
        "x": 0.34353023767471313,
        "y": 0.6326189637184143,
        "z": -0.053810108453035355
    },
    "right_ankle": {
        "x": 0.3746458888053894,
        "y": 0.6444055438041687,
        "z": 0.016039269044995308
    },
    "left_heel": {
        "x": 0.34771019220352173,
        "y": 0.6534824371337891,
        "z": -0.058473147451877594
    },
    "right_heel": {
        "x": 0.3715636134147644,
        "y": 0.6637254953384399,
        "z": 0.013360896147787571
    },
    "left_foot_index": {
        "x": 0.34504061937332153,
        "y": 0.6541121006011963,
        "z": -0.06279031932353973
    },
    "right_foot_index": {
        "x": 0.3792511224746704,
        "y": 0.6690300703048706,
        "z": 0.005144459195435047
    }
}