{
    "nose": {
        "x": 0.2250235378742218,
        "y": 0.7377194762229919,
        "z": -0.4115584194660187
    },
    "left_eye_inner": {
        "x": 0.22681938111782074,
        "y": 0.7268238067626953,
        "z": -0.41330718994140625
    },
    "left_eye": {
        "x": 0.22822518646717072,
        "y": 0.7241511940956116,
        "z": -0.41330626606941223
    },
    "left_eye_outer": {
        "x": 0.22953978180885315,
        "y": 0.7209095358848572,
        "z": -0.4134599566459656
    },
    "right_eye_inner": {
        "x": 0.22111104428768158,
        "y": 0.7300204634666443,
        "z": -0.4205859303474426
    },
    "right_eye": {
        "x": 0.21816296875476837,
        "y": 0.7299767732620239,
        "z": -0.4206954538822174
    },
    "right_eye_outer": {
        "x": 0.21542038023471832,
        "y": 0.7296003699302673,
        "z": -0.4207652807235718
    },
    "left_ear": {
        "x": 0.22764858603477478,
        "y": 0.7050142884254456,
        "z": -0.33190977573394775
    },
    "right_ear": {
        "x": 0.20213469862937927,
        "y": 0.7217309474945068,
        "z": -0.36651861667633057
    },
    "mouth_left": {
        "x": 0.22638550400733948,
        "y": 0.7373085618019104,
        "z": -0.3714602589607239
    },
    "mouth_right": {
        "x": 0.21827706694602966,
        "y": 0.7413706183433533,
        "z": -0.3817041516304016
    },
    "left_shoulder": {
        "x": 0.245928093791008,
        "y": 0.7066363096237183,
        "z": -0.23765672743320465
    },
    "right_shoulder": {
        "x": 0.16667374968528748,
        "y": 0.7588090896606445,
        "z": -0.24862103164196014
    },
    "left_elbow": {
        "x": 0.27777329087257385,
        "y": 0.7575366497039795,
        "z": -0.20221655070781708
    },
    "right_elbow": {
        "x": 0.13276275992393494,
        "y": 0.8389789462089539,
        "z": -0.19833484292030334
    },
    "left_wrist": {
        "x": 0.2953442335128784,
        "y": 0.8221070170402527,
        "z": -0.30371159315109253
    },
    "right_wrist": {
        "x": 0.15534642338752747,
        "y": 0.9157786965370178,
        "z": -0.2173103392124176
    },
    "left_pinky": {
        "x": 0.30550312995910645,
        "y": 0.8393409252166748,
        "z": -0.3320143520832062
    },
    "right_pinky": {
        "x": 0.1596415936946869,
        "y": 0.9432516098022461,
        "z": -0.2288869023323059
    },
    "left_index": {
        "x": 0.2975357472896576,
        "y": 0.8407174348831177,
        "z": -0.34900882840156555
    },
    "right_index": {
        "x": 0.16915073990821838,
        "y": 0.9364989399909973,
        "z": -0.24650169909000397
    },
    "left_thumb": {
        "x": 0.2929644286632538,
        "y": 0.8365586996078491,
        "z": -0.3115862011909485
    },
    "right_thumb": {
        "x": 0.1702856421470642,
        "y": 0.9258229732513428,
        "z": -0.2220982313156128
    },
    "left_hip": {
        "x": 0.25299251079559326,
        "y": 0.888039231300354,
        "z": 0.0015343461418524384
    },
    "right_hip": {
        "x": 0.2028481662273407,
        "y": 0.9091669917106628,
        "z": -0.001381522393785417
    },
    "left_knee": {
        "x": 0.2769660949707031,
        "y": 1.0010898113250732,
        "z": -0.07416816055774689
    },
    "right_knee": {
        "x": 0.22605198621749878,
        "y": 1.013429880142212,
        "z": -0.04970170930027962
    },
    "left_ankle": {
        "x": 0.2707756757736206,
        "y": 1.090504765510559,
        "z": 0.24361364543437958
    },
    "right_ankle": {
        "x": 0.23380233347415924,
        "y": 1.115343689918518,
        "z": 0.21747781336307526
    },
    "left_heel": {
        "x": 0.267148494720459,
        "y": 1.0926464796066284,
        "z": 0.2748429775238037
    },
    "right_heel": {
        "x": 0.23433832824230194,
        "y": 1.1187453269958496,
        "z": 0.2445502132177353
    },
    "left_foot_index": {
        "x": 0.27298882603645325,
        "y": 1.1430773735046387,
        "z": 0.22706040740013123
    },
    "right_foot_index": {
        "x": 0.2423112690448761,
        "y": 1.1667379140853882,
        "z": 0.18027764558792114
    }
}