{
    "nose": {
        "x": 0.20400962233543396,
        "y": 0.7164345383644104,
        "z": -0.5368945598602295
    },
    "left_eye_inner": {
        "x": 0.20372474193572998,
        "y": 0.7031157612800598,
        "z": -0.5343841314315796
    },
    "left_eye": {
        "x": 0.20480524003505707,
        "y": 0.7009409070014954,
        "z": -0.5343279838562012
    },
    "left_eye_outer": {
        "x": 0.20683054625988007,
        "y": 0.6979610919952393,
        "z": -0.534487783908844
    },
    "right_eye_inner": {
        "x": 0.1979667991399765,
        "y": 0.7057369947433472,
        "z": -0.5393574833869934
    },
    "right_eye": {
        "x": 0.19589115679264069,
        "y": 0.7041659951210022,
        "z": -0.539461612701416
    },
    "right_eye_outer": {
        "x": 0.19295735657215118,
        "y": 0.7037296891212463,
        "z": -0.5395488142967224
    },
    "left_ear": {
        "x": 0.20663218200206757,
        "y": 0.690273106098175,
        "z": -0.43812283873558044
    },
    "right_ear": {
        "x": 0.18499454855918884,
        "y": 0.7009203433990479,
        "z": -0.4656866490840912
    },
    "mouth_left": {
        "x": 0.2065630704164505,
        "y": 0.7184219360351562,
        "z": -0.49304017424583435
    },
    "mouth_right": {
        "x": 0.19967687129974365,
        "y": 0.7222399115562439,
        "z": -0.5012266039848328
    },
    "left_shoulder": {
        "x": 0.23428010940551758,
        "y": 0.6991708874702454,
        "z": -0.325252890586853
    },
    "right_shoulder": {
        "x": 0.15990611910820007,
        "y": 0.7515459060668945,
        "z": -0.3542204797267914
    },
    "left_elbow": {
        "x": 0.28150326013565063,
        "y": 0.747051477432251,
        "z": -0.25285300612449646
    },
    "right_elbow": {
        "x": 0.1223456934094429,
        "y": 0.8373210430145264,
        "z": -0.3999912142753601
    },
    "left_wrist": {
        "x": 0.29717162251472473,
        "y": 0.8120810389518738,
        "z": -0.2647703289985657
    },
    "right_wrist": {
        "x": 0.14266882836818695,
        "y": 0.9071247577667236,
        "z": -0.5231753587722778
    },
    "left_pinky": {
        "x": 0.3079024851322174,
        "y": 0.8333411812782288,
        "z": -0.27739953994750977
    },
    "right_pinky": {
        "x": 0.14403429627418518,
        "y": 0.9399902820587158,
        "z": -0.5531869530677795
    },
    "left_index": {
        "x": 0.29874715209007263,
        "y": 0.8377702236175537,
        "z": -0.30153265595436096
    },
    "right_index": {
        "x": 0.15519025921821594,
        "y": 0.9309804439544678,
        "z": -0.5686855912208557
    },
    "left_thumb": {
        "x": 0.29202669858932495,
        "y": 0.8337185382843018,
        "z": -0.27195608615875244
    },
    "right_thumb": {
        "x": 0.15738844871520996,
        "y": 0.9192785620689392,
        "z": -0.5303617119789124
    },
    "left_hip": {
        "x": 0.2522600591182709,
        "y": 0.8606114983558655,
        "z": 0.007068764418363571
    },
    "right_hip": {
        "x": 0.2057928591966629,
        "y": 0.8918363451957703,
        "z": -0.00726922694593668
    },
    "left_knee": {
        "x": 0.2884279191493988,
        "y": 0.9945253729820251,
        "z": -0.01865052990615368
    },
    "right_knee": {
        "x": 0.22109279036521912,
        "y": 1.0204579830169678,
        "z": -0.04054617881774902
    },
    "left_ankle": {
        "x": 0.28813230991363525,
        "y": 1.0259640216827393,
        "z": 0.3102412819862366
    },
    "right_ankle": {
        "x": 0.25271475315093994,
        "y": 1.0314267873764038,
        "z": 0.2770741879940033
    },
    "left_heel": {
        "x": 0.282953679561615,
        "y": 1.025217056274414,
        "z": 0.34475862979888916
    },
    "right_heel": {
        "x": 0.258578896522522,
        "y": 1.0212435722351074,
        "z": 0.3116166889667511
    },
    "left_foot_index": {
        "x": 0.2956446707248688,
        "y": 1.0573291778564453,
        "z": 0.32648172974586487
    },
    "right_foot_index": {
        "x": 0.26460567116737366,
        "y": 1.0605621337890625,
        "z": 0.28615128993988037
    }
}