{
    "nose": {
        "x": 0.19473829865455627,
        "y": 0.7322605848312378,
        "z": -0.49903419613838196
    },
    "left_eye_inner": {
        "x": 0.1975051313638687,
        "y": 0.7167986035346985,
        "z": -0.5079616904258728
    },
    "left_eye": {
        "x": 0.20077496767044067,
        "y": 0.7135241031646729,
        "z": -0.507856547832489
    },
    "left_eye_outer": {
        "x": 0.2043568193912506,
        "y": 0.7096385359764099,
        "z": -0.5079282522201538
    },
    "right_eye_inner": {
        "x": 0.18926727771759033,
        "y": 0.7198582887649536,
        "z": -0.5009464025497437
    },
    "right_eye": {
        "x": 0.18701143562793732,
        "y": 0.718949556350708,
        "z": -0.5011023879051208
    },
    "right_eye_outer": {
        "x": 0.18457506597042084,
        "y": 0.7179441452026367,
        "z": -0.5012390613555908
    },
    "left_ear": {
        "x": 0.2087937593460083,
        "y": 0.693603515625,
        "z": -0.46297967433929443
    },
    "right_ear": {
        "x": 0.1838042438030243,
        "y": 0.7095752358436584,
        "z": -0.4367247521877289
    },
    "mouth_left": {
        "x": 0.2022245079278946,
        "y": 0.7326478362083435,
        "z": -0.4741993248462677
    },
    "mouth_right": {
        "x": 0.19306187331676483,
        "y": 0.7364112138748169,
        "z": -0.4668261408805847
    },
    "left_shoulder": {
        "x": 0.24139651656150818,
        "y": 0.6979078650474548,
        "z": -0.3929216265678406
    },
    "right_shoulder": {
        "x": 0.1575840711593628,
        "y": 0.739753782749176,
        "z": -0.3247445821762085
    },
    "left_elbow": {
        "x": 0.2927783131599426,
        "y": 0.7667244076728821,
        "z": -0.39574578404426575
    },
    "right_elbow": {
        "x": 0.1196923553943634,
        "y": 0.8193405866622925,
        "z": -0.3071366250514984
    },
    "left_wrist": {
        "x": 0.267470121383667,
        "y": 0.8466677069664001,
        "z": -0.4282764196395874
    },
    "right_wrist": {
        "x": 0.10439412295818329,
        "y": 0.8985361456871033,
        "z": -0.35023877024650574
    },
    "left_pinky": {
        "x": 0.26885026693344116,
        "y": 0.8714755773544312,
        "z": -0.4628975987434387
    },
    "right_pinky": {
        "x": 0.09661547839641571,
        "y": 0.9228261709213257,
        "z": -0.3744412362575531
    },
    "left_index": {
        "x": 0.2540948688983917,
        "y": 0.8715580701828003,
        "z": -0.4651317894458771
    },
    "right_index": {
        "x": 0.09293922781944275,
        "y": 0.932567834854126,
        "z": -0.39897412061691284
    },
    "left_thumb": {
        "x": 0.2533116936683655,
        "y": 0.8622846007347107,
        "z": -0.43151092529296875
    },
    "right_thumb": {
        "x": 0.1034899353981018,
        "y": 0.927525520324707,
        "z": -0.36363112926483154
    },
    "left_hip": {
        "x": 0.2750436067581177,
        "y": 0.7638818025588989,
        "z": -0.028228377923369408
    },
    "right_hip": {
        "x": 0.243734210729599,
        "y": 0.7981484532356262,
        "z": 0.02806173637509346
    },
    "left_knee": {
        "x": 0.28229787945747375,
        "y": 0.8467023372650146,
        "z": 0.14493077993392944
    },
    "right_knee": {
        "x": 0.2616859972476959,
        "y": 0.8787790536880493,
        "z": 0.17421752214431763
    },
    "left_ankle": {
        "x": 0.2973804473876953,
        "y": 0.9285592436790466,
        "z": 0.36159422993659973
    },
    "right_ankle": {
        "x": 0.28885552287101746,
        "y": 0.941550612449646,
        "z": 0.41195306181907654
    },
    "left_heel": {
        "x": 0.30006542801856995,
        "y": 0.9376906156539917,
        "z": 0.3829857110977173
    },
    "right_heel": {
        "x": 0.2922617793083191,
        "y": 0.9446489214897156,
        "z": 0.4359849989414215
    },
    "left_foot_index": {
        "x": 0.298291951417923,
        "y": 0.9705831408500671,
        "z": 0.3355965316295624
    },
    "right_foot_index": {
        "x": 0.29502812027931213,
        "y": 0.9805456399917603,
        "z": 0.39752915501594543
    }
}