{
    "nose": {
        "x": 0.36304914951324463,
        "y": 0.29213666915893555,
        "z": 0.03930053114891052
    },
    "left_eye_inner": {
        "x": 0.362764447927475,
        "y": 0.2801133394241333,
        "z": 0.04032959043979645
    },
    "left_eye": {
        "x": 0.36156272888183594,
        "y": 0.277934193611145,
        "z": 0.04029473289847374
    },
    "left_eye_outer": {
        "x": 0.3602847158908844,
        "y": 0.27575331926345825,
        "z": 0.04029674082994461
    },
    "right_eye_inner": {
        "x": 0.36484095454216003,
        "y": 0.2822035551071167,
        "z": 0.019233400002121925
    },
    "right_eye": {
        "x": 0.36517879366874695,
        "y": 0.28167808055877686,
        "z": 0.019219420850276947
    },
    "right_eye_outer": {
        "x": 0.36553043127059937,
        "y": 0.2812519669532776,
        "z": 0.01911480724811554
    },
    "left_ear": {
        "x": 0.35406503081321716,
        "y": 0.26879262924194336,
        "z": 0.04654036462306976
    },
    "right_ear": {
        "x": 0.3615935444831848,
        "y": 0.277454674243927,
        "z": -0.04796658828854561
    },
    "mouth_left": {
        "x": 0.35836857557296753,
        "y": 0.29380905628204346,
        "z": 0.04566230624914169
    },
    "mouth_right": {
        "x": 0.3601343035697937,
        "y": 0.2957908809185028,
        "z": 0.018068794161081314
    },
    "left_shoulder": {
        "x": 0.3140258491039276,
        "y": 0.2991922199726105,
        "z": 0.08913861960172653
    },
    "right_shoulder": {
        "x": 0.34704262018203735,
        "y": 0.31687110662460327,
        "z": -0.10887746512889862
    },
    "left_elbow": {
        "x": 0.30584850907325745,
        "y": 0.39258137345314026,
        "z": 0.09245415031909943
    },
    "right_elbow": {
        "x": 0.33629047870635986,
        "y": 0.40799596905708313,
        "z": -0.1102520301938057
    },
    "left_wrist": {
        "x": 0.3085108995437622,
        "y": 0.45565494894981384,
        "z": 0.0636148527264595
    },
    "right_wrist": {
        "x": 0.3454912304878235,
        "y": 0.47503405809402466,
        "z": -0.06433574855327606
    },
    "left_pinky": {
        "x": 0.30673834681510925,
        "y": 0.47203826904296875,
        "z": 0.06698203831911087
    },
    "right_pinky": {
        "x": 0.34911876916885376,
        "y": 0.49703529477119446,
        "z": -0.07565492391586304
    },
    "left_index": {
        "x": 0.31143826246261597,
        "y": 0.4709385335445404,
        "z": 0.056781597435474396
    },
    "right_index": {
        "x": 0.3515917658805847,
        "y": 0.4886791408061981,
        "z": -0.07014430314302444
    },
    "left_thumb": {
        "x": 0.31274229288101196,
        "y": 0.465202659368515,
        "z": 0.05798115208745003
    },
    "right_thumb": {
        "x": 0.34929412603378296,
        "y": 0.48460879921913147,
        "z": -0.06036198511719704
    },
    "left_hip": {
        "x": 0.2891545295715332,
        "y": 0.47441717982292175,
        "z": 0.0667199119925499
    },
    "right_hip": {
        "x": 0.3123679459095001,
        "y": 0.47770121693611145,
        "z": -0.06685882806777954
    },
    "left_knee": {
        "x": 0.29881352186203003,
        "y": 0.5856101512908936,
        "z": 0.1262872964143753
    },
    "right_knee": {
        "x": 0.32385364174842834,
        "y": 0.588165819644928,
        "z": -0.03570875525474548
    },
    "left_ankle": {
        "x": 0.29927176237106323,
        "y": 0.695033609867096,
        "z": 0.19815294444561005
    },
    "right_ankle": {
        "x": 0.32375195622444153,
        "y": 0.7042756676673889,
        "z": 0.009817969985306263
    },
    "left_heel": {
        "x": 0.29568323493003845,
        "y": 0.7139968276023865,
        "z": 0.2027149349451065
    },
    "right_heel": {
        "x": 0.3177105188369751,
        "y": 0.7335608601570129,
        "z": 0.012498706579208374
    },
    "left_foot_index": {
        "x": 0.3172740340232849,
        "y": 0.707829475402832,
        "z": 0.17849574983119965
    },
    "right_foot_index": {
        "x": 0.346059113740921,
        "y": 0.7105475664138794,
        "z": -0.024597659707069397
    }
}