{
    "nose": {
        "x": 0.3504143953323364,
        "y": 0.2639961838722229,
        "z": 0.04135078564286232
    },
    "left_eye_inner": {
        "x": 0.34778058528900146,
        "y": 0.25223487615585327,
        "z": 0.036318108439445496
    },
    "left_eye": {
        "x": 0.3461637794971466,
        "y": 0.25135374069213867,
        "z": 0.036318156868219376
    },
    "left_eye_outer": {
        "x": 0.34455636143684387,
        "y": 0.25059905648231506,
        "z": 0.03635440766811371
    },
    "right_eye_inner": {
        "x": 0.35098162293434143,
        "y": 0.2532474398612976,
        "z": 0.019667748361825943
    },
    "right_eye": {
        "x": 0.35171565413475037,
        "y": 0.25318482518196106,
        "z": 0.01964634843170643
    },
    "right_eye_outer": {
        "x": 0.3524775803089142,
        "y": 0.2532011866569519,
        "z": 0.019579866901040077
    },
    "left_ear": {
        "x": 0.33697977662086487,
        "y": 0.251796156167984,
        "z": 0.020817212760448456
    },
    "right_ear": {
        "x": 0.3484923243522644,
        "y": 0.256345272064209,
        "z": -0.052629515528678894
    },
    "mouth_left": {
        "x": 0.34582215547561646,
        "y": 0.27118828892707825,
        "z": 0.04032336547970772
    },
    "mouth_right": {
        "x": 0.34928104281425476,
        "y": 0.27264222502708435,
        "z": 0.018871791660785675
    },
    "left_shoulder": {
        "x": 0.29575294256210327,
        "y": 0.2997269034385681,
        "z": 0.05025951936841011
    },
    "right_shoulder": {
        "x": 0.3441224694252014,
        "y": 0.3226146101951599,
        "z": -0.11056391894817352
    },
    "left_elbow": {
        "x": 0.2812153697013855,
        "y": 0.38718312978744507,
        "z": 0.07523421198129654
    },
    "right_elbow": {
        "x": 0.33548763394355774,
        "y": 0.42064082622528076,
        "z": -0.06155619025230408
    },
    "left_wrist": {
        "x": 0.2779693901538849,
        "y": 0.4483402371406555,
        "z": 0.08018103241920471
    },
    "right_wrist": {
        "x": 0.35347771644592285,
        "y": 0.45641058683395386,
        "z": 0.07680748403072357
    },
    "left_pinky": {
        "x": 0.275332510471344,
        "y": 0.4660711884498596,
        "z": 0.08504471182823181
    },
    "right_pinky": {
        "x": 0.36174553632736206,
        "y": 0.46287086606025696,
        "z": 0.08474430441856384
    },
    "left_index": {
        "x": 0.2810114920139313,
        "y": 0.4602440893650055,
        "z": 0.07979734241962433
    },
    "right_index": {
        "x": 0.3610225021839142,
        "y": 0.453904926776886,
        "z": 0.0852033719420433
    },
    "left_thumb": {
        "x": 0.28221890330314636,
        "y": 0.4571153521537781,
        "z": 0.07788525521755219
    },
    "right_thumb": {
        "x": 0.35777223110198975,
        "y": 0.45243972539901733,
        "z": 0.08198341727256775
    },
    "left_hip": {
        "x": 0.28752121329307556,
        "y": 0.47781068086624146,
        "z": 0.06457573920488358
    },
    "right_hip": {
        "x": 0.3129016160964966,
        "y": 0.48533833026885986,
        "z": -0.06488043814897537
    },
    "left_knee": {
        "x": 0.29494810104370117,
        "y": 0.5863332152366638,
        "z": 0.16547398269176483
    },
    "right_knee": {
        "x": 0.3186582326889038,
        "y": 0.5932797789573669,
        "z": 0.02334681712090969
    },
    "left_ankle": {
        "x": 0.29328998923301697,
        "y": 0.6923255324363708,
        "z": 0.26831915974617004
    },
    "right_ankle": {
        "x": 0.3188261091709137,
        "y": 0.7081639766693115,
        "z": 0.11438294500112534
    },
    "left_heel": {
        "x": 0.29030641913414,
        "y": 0.7088569402694702,
        "z": 0.2779194712638855
    },
    "right_heel": {
        "x": 0.31095412373542786,
        "y": 0.7419326901435852,
        "z": 0.12396073341369629
    },
    "left_foot_index": {
        "x": 0.313493937253952,
        "y": 0.6927486062049866,
        "z": 0.27159175276756287
    },
    "right_foot_index": {
        "x": 0.34474167227745056,
        "y": 0.7116209268569946,
        "z": 0.10097047686576843
    }
}