{
    "nose": {
        "x": 0.3010256886482239,
        "y": 0.29468032717704773,
        "z": -0.31297001242637634
    },
    "left_eye_inner": {
        "x": 0.30259233713150024,
        "y": 0.2796934247016907,
        "z": -0.30242156982421875
    },
    "left_eye": {
        "x": 0.30449041724205017,
        "y": 0.2785389721393585,
        "z": -0.3024379312992096
    },
    "left_eye_outer": {
        "x": 0.30637043714523315,
        "y": 0.27739688754081726,
        "z": -0.30244073271751404
    },
    "right_eye_inner": {
        "x": 0.2965122163295746,
        "y": 0.28003233671188354,
        "z": -0.3102191388607025
    },
    "right_eye": {
        "x": 0.2937297523021698,
        "y": 0.27929776906967163,
        "z": -0.31026843190193176
    },
    "right_eye_outer": {
        "x": 0.29094281792640686,
        "y": 0.27869468927383423,
        "z": -0.31032460927963257
    },
    "left_ear": {
        "x": 0.3067953288555145,
        "y": 0.2763735353946686,
        "z": -0.2004564106464386
    },
    "right_ear": {
        "x": 0.28420573472976685,
        "y": 0.2795400023460388,
        "z": -0.23845180869102478
    },
    "mouth_left": {
        "x": 0.3044549822807312,
        "y": 0.30381515622138977,
        "z": -0.27062180638313293
    },
    "mouth_right": {
        "x": 0.29631808400154114,
        "y": 0.30477386713027954,
        "z": -0.2816106975078583
    },
    "left_shoulder": {
        "x": 0.32873183488845825,
        "y": 0.3359793722629547,
        "z": -0.08732816576957703
    },
    "right_shoulder": {
        "x": 0.2566448152065277,
        "y": 0.3457120656967163,
        "z": -0.1788761019706726
    },
    "left_elbow": {
        "x": 0.3367767333984375,
        "y": 0.42453303933143616,
        "z": -0.039144571870565414
    },
    "right_elbow": {
        "x": 0.24151986837387085,
        "y": 0.4424053132534027,
        "z": -0.15933911502361298
    },
    "left_wrist": {
        "x": 0.3588792681694031,
        "y": 0.47996145486831665,
        "z": -0.16148753464221954
    },
    "right_wrist": {
        "x": 0.26062247157096863,
        "y": 0.5196036696434021,
        "z": -0.22511130571365356
    },
    "left_pinky": {
        "x": 0.3671466112136841,
        "y": 0.4965733587741852,
        "z": -0.18853908777236938
    },
    "right_pinky": {
        "x": 0.26496434211730957,
        "y": 0.5469440221786499,
        "z": -0.25191831588745117
    },
    "left_index": {
        "x": 0.36688822507858276,
        "y": 0.4960551857948303,
        "z": -0.2162685990333557
    },
    "right_index": {
        "x": 0.2707175016403198,
        "y": 0.5432559251785278,
        "z": -0.27290257811546326
    },
    "left_thumb": {
        "x": 0.36410200595855713,
        "y": 0.49152740836143494,
        "z": -0.17565235495567322
    },
    "right_thumb": {
        "x": 0.2705700695514679,
        "y": 0.5344851613044739,
        "z": -0.23307712376117706
    },
    "left_hip": {
        "x": 0.31454527378082275,
        "y": 0.5219671726226807,
        "z": 0.036698415875434875
    },
    "right_hip": {
        "x": 0.2785007059574127,
        "y": 0.5305426120758057,
        "z": -0.03672921657562256
    },
    "left_knee": {
        "x": 0.3248218595981598,
        "y": 0.6453462243080139,
        "z": 0.07019893079996109
    },
    "right_knee": {
        "x": 0.27928656339645386,
        "y": 0.6546557545661926,
        "z": 0.0140482597053051
    },
    "left_ankle": {
        "x": 0.3274533152580261,
        "y": 0.7485910654067993,
        "z": 0.22591213881969452
    },
    "right_ankle": {
        "x": 0.2680061459541321,
        "y": 0.748688280582428,
        "z": 0.18922306597232819
    },
    "left_heel": {
        "x": 0.32178428769111633,
        "y": 0.7642113566398621,
        "z": 0.23727622628211975
    },
    "right_heel": {
        "x": 0.2615969777107239,
        "y": 0.7635375261306763,
        "z": 0.20249587297439575
    },
    "left_foot_index": {
        "x": 0.3553759753704071,
        "y": 0.7849034070968628,
        "z": 0.16309458017349243
    },
    "right_foot_index": {
        "x": 0.2875123620033264,
        "y": 0.7889491319656372,
        "z": 0.11033416539430618
    }
}