{
    "nose": {
        "x": 0.24556465446949005,
        "y": 0.28828492760658264,
        "z": -0.0005489898612722754
    },
    "left_eye_inner": {
        "x": 0.24352282285690308,
        "y": 0.2754557728767395,
        "z": -0.00017044454580172896
    },
    "left_eye": {
        "x": 0.24230502545833588,
        "y": 0.27447816729545593,
        "z": -0.0001816120493458584
    },
    "left_eye_outer": {
        "x": 0.24102206528186798,
        "y": 0.2733975052833557,
        "z": -0.0001810031390050426
    },
    "right_eye_inner": {
        "x": 0.2452249526977539,
        "y": 0.27573081851005554,
        "z": -0.022309504449367523
    },
    "right_eye": {
        "x": 0.24530908465385437,
        "y": 0.27504581212997437,
        "z": -0.022328486666083336
    },
    "right_eye_outer": {
        "x": 0.24539822340011597,
        "y": 0.2743084728717804,
        "z": -0.022390322759747505
    },
    "left_ear": {
        "x": 0.2307649403810501,
        "y": 0.27125483751296997,
        "z": 0.005754574667662382
    },
    "right_ear": {
        "x": 0.23810303211212158,
        "y": 0.27428722381591797,
        "z": -0.09265939891338348
    },
    "mouth_left": {
        "x": 0.24059191346168518,
        "y": 0.29594963788986206,
        "z": 0.005921315401792526
    },
    "mouth_right": {
        "x": 0.24236640334129333,
        "y": 0.2969256043434143,
        "z": -0.02261113002896309
    },
    "left_shoulder": {
        "x": 0.19131013751029968,
        "y": 0.3134051561355591,
        "z": 0.05343468114733696
    },
    "right_shoulder": {
        "x": 0.2322881668806076,
        "y": 0.3393738865852356,
        "z": -0.14218167960643768
    },
    "left_elbow": {
        "x": 0.1774635761976242,
        "y": 0.398703396320343,
        "z": 0.12208738178014755
    },
    "right_elbow": {
        "x": 0.2306198924779892,
        "y": 0.44349491596221924,
        "z": -0.11278785020112991
    },
    "left_wrist": {
        "x": 0.19826969504356384,
        "y": 0.44323018193244934,
        "z": 0.15692278742790222
    },
    "right_wrist": {
        "x": 0.26397067308425903,
        "y": 0.45678672194480896,
        "z": -0.023089760914444923
    },
    "left_pinky": {
        "x": 0.2017136812210083,
        "y": 0.45316582918167114,
        "z": 0.1633318066596985
    },
    "right_pinky": {
        "x": 0.2776400148868561,
        "y": 0.46071794629096985,
        "z": -0.02913966402411461
    },
    "left_index": {
        "x": 0.2048681676387787,
        "y": 0.4511207342147827,
        "z": 0.15303660929203033
    },
    "right_index": {
        "x": 0.2781626284122467,
        "y": 0.4482053816318512,
        "z": -0.027752459049224854
    },
    "left_thumb": {
        "x": 0.20441395044326782,
        "y": 0.44873130321502686,
        "z": 0.1528170108795166
    },
    "right_thumb": {
        "x": 0.2729921042919159,
        "y": 0.44728028774261475,
        "z": -0.01918485201895237
    },
    "left_hip": {
        "x": 0.19825118780136108,
        "y": 0.5032774209976196,
        "z": 0.06298254430294037
    },
    "right_hip": {
        "x": 0.22001045942306519,
        "y": 0.5107604265213013,
        "z": -0.06308452039957047
    },
    "left_knee": {
        "x": 0.20562762022018433,
        "y": 0.6093044877052307,
        "z": 0.16562847793102264
    },
    "right_knee": {
        "x": 0.23966260254383087,
        "y": 0.6280326247215271,
        "z": 0.03877665475010872
    },
    "left_ankle": {
        "x": 0.18303659558296204,
        "y": 0.7214043140411377,
        "z": 0.27575403451919556
    },
    "right_ankle": {
        "x": 0.24901866912841797,
        "y": 0.7422770261764526,
        "z": 0.14506365358829498
    },
    "left_heel": {
        "x": 0.17421802878379822,
        "y": 0.7403188347816467,
        "z": 0.2858595550060272
    },
    "right_heel": {
        "x": 0.2431260049343109,
        "y": 0.7635242342948914,
        "z": 0.15611940622329712
    },
    "left_foot_index": {
        "x": 0.20686648786067963,
        "y": 0.7396169304847717,
        "z": 0.2731000483036041
    },
    "right_foot_index": {
        "x": 0.2819386124610901,
        "y": 0.7405837774276733,
        "z": 0.13402052223682404
    }
}