{
    "nose": {
        "x": 0.3493214547634125,
        "y": 0.2628578841686249,
        "z": 0.027509521692991257
    },
    "left_eye_inner": {
        "x": 0.3466256856918335,
        "y": 0.2514812648296356,
        "z": 0.023747317492961884
    },
    "left_eye": {
        "x": 0.3451000452041626,
        "y": 0.2505147457122803,
        "z": 0.023737778887152672
    },
    "left_eye_outer": {
        "x": 0.3435558080673218,
        "y": 0.2496459037065506,
        "z": 0.023771457374095917
    },
    "right_eye_inner": {
        "x": 0.3498126268386841,
        "y": 0.25257760286331177,
        "z": 0.005764347966760397
    },
    "right_eye": {
        "x": 0.3505041003227234,
        "y": 0.2524779140949249,
        "z": 0.005753727164119482
    },
    "right_eye_outer": {
        "x": 0.35119327902793884,
        "y": 0.25241899490356445,
        "z": 0.005691422149538994
    },
    "left_ear": {
        "x": 0.33591341972351074,
        "y": 0.2505435347557068,
        "z": 0.013315921649336815
    },
    "right_ear": {
        "x": 0.3471110463142395,
        "y": 0.25498345494270325,
        "z": -0.06664711236953735
    },
    "mouth_left": {
        "x": 0.34505435824394226,
        "y": 0.2701123058795929,
        "z": 0.0282233078032732
    },
    "mouth_right": {
        "x": 0.34817445278167725,
        "y": 0.2714740037918091,
        "z": 0.004911311436444521
    },
    "left_shoulder": {
        "x": 0.2951110601425171,
        "y": 0.29643937945365906,
        "z": 0.04688712954521179
    },
    "right_shoulder": {
        "x": 0.34218981862068176,
        "y": 0.3207472562789917,
        "z": -0.1228635236620903
    },
    "left_elbow": {
        "x": 0.27978283166885376,
        "y": 0.38186660408973694,
        "z": 0.07134809345006943
    },
    "right_elbow": {
        "x": 0.33331936597824097,
        "y": 0.41663578152656555,
        "z": -0.0982038751244545
    },
    "left_wrist": {
        "x": 0.27585625648498535,
        "y": 0.450468510389328,
        "z": 0.07541894912719727
    },
    "right_wrist": {
        "x": 0.3530433773994446,
        "y": 0.4638506770133972,
        "z": -0.009921347722411156
    },
    "left_pinky": {
        "x": 0.2741367816925049,
        "y": 0.4670961797237396,
        "z": 0.08074942231178284
    },
    "right_pinky": {
        "x": 0.361355185508728,
        "y": 0.4736819565296173,
        "z": -0.010607597418129444
    },
    "left_index": {
        "x": 0.27666595578193665,
        "y": 0.466998428106308,
        "z": 0.07279054820537567
    },
    "right_index": {
        "x": 0.3617030382156372,
        "y": 0.46463102102279663,
        "z": -0.01039265375584364
    },
    "left_thumb": {
        "x": 0.2774653136730194,
        "y": 0.46124109625816345,
        "z": 0.07212680578231812
    },
    "right_thumb": {
        "x": 0.35756024718284607,
        "y": 0.46182671189308167,
        "z": -0.0061045014299452305
    },
    "left_hip": {
        "x": 0.2884783446788788,
        "y": 0.47847089171409607,
        "z": 0.0636557936668396
    },
    "right_hip": {
        "x": 0.31285539269447327,
        "y": 0.4846216142177582,
        "z": -0.06382818520069122
    },
    "left_knee": {
        "x": 0.2960260510444641,
        "y": 0.5887260437011719,
        "z": 0.16125670075416565
    },
    "right_knee": {
        "x": 0.3172571063041687,
        "y": 0.5952940583229065,
        "z": 0.0014696263242512941
    },
    "left_ankle": {
        "x": 0.29289329051971436,
        "y": 0.6920762658119202,
        "z": 0.2585922181606293
    },
    "right_ankle": {
        "x": 0.3158486485481262,
        "y": 0.7070044279098511,
        "z": 0.06505247950553894
    },
    "left_heel": {
        "x": 0.2887269854545593,
        "y": 0.7084326148033142,
        "z": 0.26663386821746826
    },
    "right_heel": {
        "x": 0.30827152729034424,
        "y": 0.7248293161392212,
        "z": 0.07094990462064743
    },
    "left_foot_index": {
        "x": 0.3089620769023895,
        "y": 0.6973546743392944,
        "z": 0.25686806440353394
    },
    "right_foot_index": {
        "x": 0.3411017954349518,
        "y": 0.7118460536003113,
        "z": 0.04372809827327728
    }
}