{
    "nose": {
        "x": 0.34636834263801575,
        "y": 0.2696950137615204,
        "z": 0.03800954297184944
    },
    "left_eye_inner": {
        "x": 0.34422025084495544,
        "y": 0.2583874464035034,
        "z": 0.03716427832841873
    },
    "left_eye": {
        "x": 0.34286603331565857,
        "y": 0.25712090730667114,
        "z": 0.03714989125728607
    },
    "left_eye_outer": {
        "x": 0.341421902179718,
        "y": 0.2557826042175293,
        "z": 0.03716053441166878
    },
    "right_eye_inner": {
        "x": 0.3467985987663269,
        "y": 0.25934579968452454,
        "z": 0.014944794587790966
    },
    "right_eye": {
        "x": 0.34728580713272095,
        "y": 0.25887876749038696,
        "z": 0.014948081225156784
    },
    "right_eye_outer": {
        "x": 0.3477911353111267,
        "y": 0.2584013044834137,
        "z": 0.014857559464871883
    },
    "left_ear": {
        "x": 0.3327712118625641,
        "y": 0.2531149983406067,
        "z": 0.03564979135990143
    },
    "right_ear": {
        "x": 0.3422677218914032,
        "y": 0.2577713131904602,
        "z": -0.06340774893760681
    },
    "mouth_left": {
        "x": 0.3416573405265808,
        "y": 0.27504777908325195,
        "z": 0.041955798864364624
    },
    "mouth_right": {
        "x": 0.3441479206085205,
        "y": 0.2764921486377716,
        "z": 0.012888025492429733
    },
    "left_shoulder": {
        "x": 0.29372721910476685,
        "y": 0.2942211925983429,
        "z": 0.08258488774299622
    },
    "right_shoulder": {
        "x": 0.33538585901260376,
        "y": 0.30857354402542114,
        "z": -0.13312382996082306
    },
    "left_elbow": {
        "x": 0.28573065996170044,
        "y": 0.38108521699905396,
        "z": 0.14261160790920258
    },
    "right_elbow": {
        "x": 0.33691737055778503,
        "y": 0.4037163555622101,
        "z": -0.12866823375225067
    },
    "left_wrist": {
        "x": 0.29187172651290894,
        "y": 0.4369240403175354,
        "z": 0.17515011131763458
    },
    "right_wrist": {
        "x": 0.3592619001865387,
        "y": 0.4656892418861389,
        "z": -0.0682501271367073
    },
    "left_pinky": {
        "x": 0.2867274582386017,
        "y": 0.4602898061275482,
        "z": 0.18924850225448608
    },
    "right_pinky": {
        "x": 0.3711615800857544,
        "y": 0.47370073199272156,
        "z": -0.0760338082909584
    },
    "left_index": {
        "x": 0.29384756088256836,
        "y": 0.45676231384277344,
        "z": 0.17816263437271118
    },
    "right_index": {
        "x": 0.3714734613895416,
        "y": 0.46905773878097534,
        "z": -0.07296176254749298
    },
    "left_thumb": {
        "x": 0.29739516973495483,
        "y": 0.44656887650489807,
        "z": 0.17163768410682678
    },
    "right_thumb": {
        "x": 0.3658345937728882,
        "y": 0.4682602882385254,
        "z": -0.06393780559301376
    },
    "left_hip": {
        "x": 0.2854063808917999,
        "y": 0.47964856028556824,
        "z": 0.07499847561120987
    },
    "right_hip": {
        "x": 0.31180572509765625,
        "y": 0.4814743399620056,
        "z": -0.07523602992296219
    },
    "left_knee": {
        "x": 0.294653981924057,
        "y": 0.586758553981781,
        "z": 0.17553481459617615
    },
    "right_knee": {
        "x": 0.3230955898761749,
        "y": 0.5893121957778931,
        "z": -0.001144210691563785
    },
    "left_ankle": {
        "x": 0.2934643626213074,
        "y": 0.6948387622833252,
        "z": 0.28857138752937317
    },
    "right_ankle": {
        "x": 0.32648614048957825,
        "y": 0.7078298926353455,
        "z": 0.07400403916835785
    },
    "left_heel": {
        "x": 0.29103273153305054,
        "y": 0.7124594449996948,
        "z": 0.29803988337516785
    },
    "right_heel": {
        "x": 0.31876829266548157,
        "y": 0.72719806432724,
        "z": 0.08134177327156067
    },
    "left_foot_index": {
        "x": 0.3084242641925812,
        "y": 0.6915474534034729,
        "z": 0.28247085213661194
    },
    "right_foot_index": {
        "x": 0.34974730014801025,
        "y": 0.7116886973381042,
        "z": 0.0491175539791584
    }
}