{
    "nose": {
        "x": 0.362578421831131,
        "y": 0.29259052872657776,
        "z": 0.012457817792892456
    },
    "left_eye_inner": {
        "x": 0.3625060021877289,
        "y": 0.2804020643234253,
        "z": 0.014735176227986813
    },
    "left_eye": {
        "x": 0.36165931820869446,
        "y": 0.2785816490650177,
        "z": 0.01470345538109541
    },
    "left_eye_outer": {
        "x": 0.3607792258262634,
        "y": 0.2768065631389618,
        "z": 0.014715335331857204
    },
    "right_eye_inner": {
        "x": 0.36371785402297974,
        "y": 0.2818235456943512,
        "z": -0.007114878855645657
    },
    "right_eye": {
        "x": 0.3637663722038269,
        "y": 0.2811279892921448,
        "z": -0.007127570919692516
    },
    "right_eye_outer": {
        "x": 0.36385050415992737,
        "y": 0.2805563807487488,
        "z": -0.007222330663353205
    },
    "left_ear": {
        "x": 0.35485970973968506,
        "y": 0.2701185345649719,
        "z": 0.030548101291060448
    },
    "right_ear": {
        "x": 0.3593403100967407,
        "y": 0.27593833208084106,
        "z": -0.06735996901988983
    },
    "mouth_left": {
        "x": 0.3581313192844391,
        "y": 0.2942282557487488,
        "z": 0.023008907213807106
    },
    "mouth_right": {
        "x": 0.3591904044151306,
        "y": 0.29550865292549133,
        "z": -0.005567144136875868
    },
    "left_shoulder": {
        "x": 0.31465741991996765,
        "y": 0.2988046407699585,
        "z": 0.08538120985031128
    },
    "right_shoulder": {
        "x": 0.34293878078460693,
        "y": 0.31196194887161255,
        "z": -0.12514770030975342
    },
    "left_elbow": {
        "x": 0.3033425211906433,
        "y": 0.39326247572898865,
        "z": 0.09826625883579254
    },
    "right_elbow": {
        "x": 0.33292651176452637,
        "y": 0.4071003198623657,
        "z": -0.12231925129890442
    },
    "left_wrist": {
        "x": 0.3050379157066345,
        "y": 0.4583946764469147,
        "z": 0.07380443811416626
    },
    "right_wrist": {
        "x": 0.346242755651474,
        "y": 0.4783078730106354,
        "z": -0.06734485924243927
    },
    "left_pinky": {
        "x": 0.3032033145427704,
        "y": 0.4762699007987976,
        "z": 0.077799491584301
    },
    "right_pinky": {
        "x": 0.3514794111251831,
        "y": 0.49729883670806885,
        "z": -0.07829511165618896
    },
    "left_index": {
        "x": 0.30830201506614685,
        "y": 0.47483110427856445,
        "z": 0.06731683015823364
    },
    "right_index": {
        "x": 0.35437554121017456,
        "y": 0.4868774712085724,
        "z": -0.07304120063781738
    },
    "left_thumb": {
        "x": 0.3093579113483429,
        "y": 0.46847760677337646,
        "z": 0.0682835653424263
    },
    "right_thumb": {
        "x": 0.35159578919410706,
        "y": 0.4836340546607971,
        "z": -0.06299308687448502
    },
    "left_hip": {
        "x": 0.29015758633613586,
        "y": 0.4770650267601013,
        "z": 0.07280104607343674
    },
    "right_hip": {
        "x": 0.31122925877571106,
        "y": 0.4822375178337097,
        "z": -0.0729566141963005
    },
    "left_knee": {
        "x": 0.29800546169281006,
        "y": 0.5893809199333191,
        "z": 0.14464715123176575
    },
    "right_knee": {
        "x": 0.3323291540145874,
        "y": 0.5910487771034241,
        "z": -0.00615856284275651
    },
    "left_ankle": {
        "x": 0.2963072955608368,
        "y": 0.6953763365745544,
        "z": 0.2292240709066391
    },
    "right_ankle": {
        "x": 0.3286650776863098,
        "y": 0.704779863357544,
        "z": 0.07856129854917526
    },
    "left_heel": {
        "x": 0.29302605986595154,
        "y": 0.711699903011322,
        "z": 0.23535318672657013
    },
    "right_heel": {
        "x": 0.3194887936115265,
        "y": 0.7358599901199341,
        "z": 0.08605530112981796
    },
    "left_foot_index": {
        "x": 0.31697723269462585,
        "y": 0.709077775478363,
        "z": 0.21627582609653473
    },
    "right_foot_index": {
        "x": 0.35010695457458496,
        "y": 0.7135941982269287,
        "z": 0.05664180591702461
    }
}