{
    "nose": {
        "x": 0.6623693704605103,
        "y": 0.3534720242023468,
        "z": 0.10184641182422638
    },
    "left_eye_inner": {
        "x": 0.6588233113288879,
        "y": 0.34051063656806946,
        "z": 0.06947105377912521
    },
    "left_eye": {
        "x": 0.6563457250595093,
        "y": 0.34041154384613037,
        "z": 0.06943601369857788
    },
    "left_eye_outer": {
        "x": 0.6540877819061279,
        "y": 0.34068718552589417,
        "z": 0.06942082196474075
    },
    "right_eye_inner": {
        "x": 0.6663160920143127,
        "y": 0.34028273820877075,
        "z": 0.07496960461139679
    },
    "right_eye": {
        "x": 0.668607771396637,
        "y": 0.33988484740257263,
        "z": 0.07493669539690018
    },
    "right_eye_outer": {
        "x": 0.6707004308700562,
        "y": 0.33982208371162415,
        "z": 0.07480786740779877
    },
    "left_ear": {
        "x": 0.6533010005950928,
        "y": 0.35073941946029663,
        "z": -0.03213181719183922
    },
    "right_ear": {
        "x": 0.6746079325675964,
        "y": 0.3502517342567444,
        "z": -0.011086029931902885
    },
    "mouth_left": {
        "x": 0.6584690809249878,
        "y": 0.36638298630714417,
        "z": 0.07255992293357849
    },
    "mouth_right": {
        "x": 0.6662414073944092,
        "y": 0.36798638105392456,
        "z": 0.07866150140762329
    },
    "left_shoulder": {
        "x": 0.6219942569732666,
        "y": 0.43528181314468384,
        "z": -0.11537658423185349
    },
    "right_shoulder": {
        "x": 0.7036433219909668,
        "y": 0.4257112145423889,
        "z": 0.02135738916695118
    },
    "left_elbow": {
        "x": 0.6172875165939331,
        "y": 0.5493103861808777,
        "z": -0.11775410920381546
    },
    "right_elbow": {
        "x": 0.7133703827857971,
        "y": 0.49373573064804077,
        "z": 0.129597008228302
    },
    "left_wrist": {
        "x": 0.6097174286842346,
        "y": 0.6345627903938293,
        "z": -0.04460112005472183
    },
    "right_wrist": {
        "x": 0.6867746114730835,
        "y": 0.46671608090400696,
        "z": 0.3094678819179535
    },
    "left_pinky": {
        "x": 0.605680525302887,
        "y": 0.6533483266830444,
        "z": -0.04496043175458908
    },
    "right_pinky": {
        "x": 0.682574450969696,
        "y": 0.45942115783691406,
        "z": 0.34634163975715637
    },
    "left_index": {
        "x": 0.6078064441680908,
        "y": 0.6503881812095642,
        "z": -0.03865957260131836
    },
    "right_index": {
        "x": 0.6716012358665466,
        "y": 0.44926270842552185,
        "z": 0.34219130873680115
    },
    "left_thumb": {
        "x": 0.612308919429779,
        "y": 0.642421305179596,
        "z": -0.04062171280384064
    },
    "right_thumb": {
        "x": 0.6705760359764099,
        "y": 0.4524359703063965,
        "z": 0.3120414912700653
    },
    "left_hip": {
        "x": 0.6429915428161621,
        "y": 0.6588256359100342,
        "z": -0.0532105416059494
    },
    "right_hip": {
        "x": 0.6896023750305176,
        "y": 0.6624829173088074,
        "z": 0.053115855902433395
    },
    "left_knee": {
        "x": 0.6222665905952454,
        "y": 0.8031946420669556,
        "z": 0.06626557558774948
    },
    "right_knee": {
        "x": 0.6558501720428467,
        "y": 0.8077414035797119,
        "z": 0.15676431357860565
    },
    "left_ankle": {
        "x": 0.6143107414245605,
        "y": 0.9533709287643433,
        "z": 0.17072603106498718
    },
    "right_ankle": {
        "x": 0.6309071779251099,
        "y": 0.9622777700424194,
        "z": 0.2633437514305115
    },
    "left_heel": {
        "x": 0.6177389025688171,
        "y": 0.9762158989906311,
        "z": 0.18148431181907654
    },
    "right_heel": {
        "x": 0.6319944858551025,
        "y": 0.9823039770126343,
        "z": 0.27404502034187317
    },
    "left_foot_index": {
        "x": 0.5853403806686401,
        "y": 0.9463107585906982,
        "z": 0.17217880487442017
    },
    "right_foot_index": {
        "x": 0.6100593209266663,
        "y": 0.9484796524047852,
        "z": 0.2579942047595978
    }
}