{
    "nose": {
        "x": 0.1389959156513214,
        "y": 0.7877134680747986,
        "z": -0.0825313851237297
    },
    "left_eye_inner": {
        "x": 0.13132457435131073,
        "y": 0.7857810854911804,
        "z": -0.09036283195018768
    },
    "left_eye": {
        "x": 0.13009536266326904,
        "y": 0.7825108766555786,
        "z": -0.09040327370166779
    },
    "left_eye_outer": {
        "x": 0.12885355949401855,
        "y": 0.7788750529289246,
        "z": -0.09042967110872269
    },
    "right_eye_inner": {
        "x": 0.13293513655662537,
        "y": 0.7923710942268372,
        "z": -0.07024895399808884
    },
    "right_eye": {
        "x": 0.1328703612089157,
        "y": 0.7938829064369202,
        "z": -0.07026465982198715
    },
    "right_eye_outer": {
        "x": 0.13284769654273987,
        "y": 0.7953736186027527,
        "z": -0.07034788280725479
    },
    "left_ear": {
        "x": 0.12557098269462585,
        "y": 0.7647917866706848,
        "z": -0.09427306056022644
    },
    "right_ear": {
        "x": 0.1305665373802185,
        "y": 0.7863717675209045,
        "z": -0.0033891804050654173
    },
    "mouth_left": {
        "x": 0.1422414928674698,
        "y": 0.7763034105300903,
        "z": -0.08130832761526108
    },
    "mouth_right": {
        "x": 0.14390689134597778,
        "y": 0.7857763171195984,
        "z": -0.055120304226875305
    },
    "left_shoulder": {
        "x": 0.1504288911819458,
        "y": 0.7169729471206665,
        "z": -0.13733462989330292
    },
    "right_shoulder": {
        "x": 0.14870847761631012,
        "y": 0.7766954898834229,
        "z": 0.05808938667178154
    },
    "left_elbow": {
        "x": 0.1649986207485199,
        "y": 0.8028978109359741,
        "z": -0.22469693422317505
    },
    "right_elbow": {
        "x": 0.15421202778816223,
        "y": 0.8343309760093689,
        "z": 0.05379856750369072
    },
    "left_wrist": {
        "x": 0.12487899512052536,
        "y": 0.8510416746139526,
        "z": -0.23354965448379517
    },
    "right_wrist": {
        "x": 0.11814980208873749,
        "y": 0.8678157329559326,
        "z": -0.05255012959241867
    },
    "left_pinky": {
        "x": 0.11225113272666931,
        "y": 0.8639989495277405,
        "z": -0.25840049982070923
    },
    "right_pinky": {
        "x": 0.10874423384666443,
        "y": 0.878248929977417,
        "z": -0.06934433430433273
    },
    "left_index": {
        "x": 0.10933637619018555,
        "y": 0.8625662326812744,
        "z": -0.2454220950603485
    },
    "right_index": {
        "x": 0.10778729617595673,
        "y": 0.8754428625106812,
        "z": -0.0798085406422615
    },
    "left_thumb": {
        "x": 0.11393681168556213,
        "y": 0.8562108278274536,
        "z": -0.22913937270641327
    },
    "right_thumb": {
        "x": 0.11090132594108582,
        "y": 0.8709934949874878,
        "z": -0.06227178871631622
    },
    "left_hip": {
        "x": 0.26117777824401855,
        "y": 0.7019445300102234,
        "z": -0.06705531477928162
    },
    "right_hip": {
        "x": 0.26469340920448303,
        "y": 0.7555093169212341,
        "z": 0.06698773056268692
    },
    "left_knee": {
        "x": 0.3394368886947632,
        "y": 0.74061119556427,
        "z": -0.15828809142112732
    },
    "right_knee": {
        "x": 0.3208765685558319,
        "y": 0.7975780367851257,
        "z": -0.018292540684342384
    },
    "left_ankle": {
        "x": 0.42725592851638794,
        "y": 0.6811376214027405,
        "z": -0.10549768805503845
    },
    "right_ankle": {
        "x": 0.3866557776927948,
        "y": 0.7249608635902405,
        "z": 0.10033369064331055
    },
    "left_heel": {
        "x": 0.4345678985118866,
        "y": 0.6631913781166077,
        "z": -0.10216981172561646
    },
    "right_heel": {
        "x": 0.3886415362358093,
        "y": 0.7063371539115906,
        "z": 0.11138801276683807
    },
    "left_foot_index": {
        "x": 0.4639534652233124,
        "y": 0.7080927491188049,
        "z": -0.17309421300888062
    },
    "right_foot_index": {
        "x": 0.4212111532688141,
        "y": 0.7176562547683716,
        "z": 0.0787903219461441
    }
}