{
    "nose": {
        "x": 0.3689488470554352,
        "y": 0.5319919586181641,
        "z": -0.4421655535697937
    },
    "left_eye_inner": {
        "x": 0.36903735995292664,
        "y": 0.518250048160553,
        "z": -0.4439157247543335
    },
    "left_eye": {
        "x": 0.3713065981864929,
        "y": 0.5150084495544434,
        "z": -0.443898469209671
    },
    "left_eye_outer": {
        "x": 0.3736060857772827,
        "y": 0.5117923021316528,
        "z": -0.4440368711948395
    },
    "right_eye_inner": {
        "x": 0.36107271909713745,
        "y": 0.5274845957756042,
        "z": -0.44109976291656494
    },
    "right_eye": {
        "x": 0.3579846918582916,
        "y": 0.530332088470459,
        "z": -0.4411795139312744
    },
    "right_eye_outer": {
        "x": 0.35494011640548706,
        "y": 0.5331050157546997,
        "z": -0.44124725461006165
    },
    "left_ear": {
        "x": 0.3702126741409302,
        "y": 0.5040913820266724,
        "z": -0.38658758997917175
    },
    "right_ear": {
        "x": 0.344707727432251,
        "y": 0.537928581237793,
        "z": -0.3760758936405182
    },
    "mouth_left": {
        "x": 0.371753990650177,
        "y": 0.5342206358909607,
        "z": -0.414628803730011
    },
    "mouth_right": {
        "x": 0.3610820770263672,
        "y": 0.5383962392807007,
        "z": -0.41157066822052
    },
    "left_shoulder": {
        "x": 0.3851868510246277,
        "y": 0.5008881092071533,
        "z": -0.327783465385437
    },
    "right_shoulder": {
        "x": 0.31468892097473145,
        "y": 0.5703034996986389,
        "z": -0.2587752044200897
    },
    "left_elbow": {
        "x": 0.4316862225532532,
        "y": 0.5035192370414734,
        "z": -0.3358204662799835
    },
    "right_elbow": {
        "x": 0.28522178530693054,
        "y": 0.6165376901626587,
        "z": -0.17852164804935455
    },
    "left_wrist": {
        "x": 0.48398053646087646,
        "y": 0.552098274230957,
        "z": -0.3627207279205322
    },
    "right_wrist": {
        "x": 0.27520012855529785,
        "y": 0.6810129880905151,
        "z": -0.13048632442951202
    },
    "left_pinky": {
        "x": 0.49849700927734375,
        "y": 0.5607964992523193,
        "z": -0.38527911901474
    },
    "right_pinky": {
        "x": 0.2744998335838318,
        "y": 0.7029329538345337,
        "z": -0.12784446775913239
    },
    "left_index": {
        "x": 0.494540810585022,
        "y": 0.5738970041275024,
        "z": -0.39901697635650635
    },
    "right_index": {
        "x": 0.27720072865486145,
        "y": 0.7035205364227295,
        "z": -0.14807747304439545
    },
    "left_thumb": {
        "x": 0.49002814292907715,
        "y": 0.5720953345298767,
        "z": -0.3692089021205902
    },
    "right_thumb": {
        "x": 0.2785857915878296,
        "y": 0.695656418800354,
        "z": -0.1367940455675125
    },
    "left_hip": {
        "x": 0.40912100672721863,
        "y": 0.5347119569778442,
        "z": -0.023924613371491432
    },
    "right_hip": {
        "x": 0.38114631175994873,
        "y": 0.5845071077346802,
        "z": 0.023960741236805916
    },
    "left_knee": {
        "x": 0.44783511757850647,
        "y": 0.5749348402023315,
        "z": -0.1638544201850891
    },
    "right_knee": {
        "x": 0.4052557051181793,
        "y": 0.6773911714553833,
        "z": -0.14177857339382172
    },
    "left_ankle": {
        "x": 0.48821961879730225,
        "y": 0.611602246761322,
        "z": -0.021670091897249222
    },
    "right_ankle": {
        "x": 0.4688236713409424,
        "y": 0.7299336791038513,
        "z": -0.03261067718267441
    },
    "left_heel": {
        "x": 0.4916134774684906,
        "y": 0.6156222224235535,
        "z": -0.009098624810576439
    },
    "right_heel": {
        "x": 0.4805727005004883,
        "y": 0.7281923294067383,
        "z": -0.024427330121397972
    },
    "left_foot_index": {
        "x": 0.5077027678489685,
        "y": 0.6398012042045593,
        "z": -0.0639275535941124
    },
    "right_foot_index": {
        "x": 0.48834407329559326,
        "y": 0.784716784954071,
        "z": -0.09376224875450134
    }
}