{
    "nose": {
        "x": 0.24545171856880188,
        "y": 0.358390212059021,
        "z": -0.053215499967336655
    },
    "left_eye_inner": {
        "x": 0.24483734369277954,
        "y": 0.35041970014572144,
        "z": -0.06662702560424805
    },
    "left_eye": {
        "x": 0.24530848860740662,
        "y": 0.3511323928833008,
        "z": -0.06656072288751602
    },
    "left_eye_outer": {
        "x": 0.24584370851516724,
        "y": 0.3520609438419342,
        "z": -0.06654258072376251
    },
    "right_eye_inner": {
        "x": 0.24414466321468353,
        "y": 0.3474658131599426,
        "z": -0.06158730387687683
    },
    "right_eye": {
        "x": 0.24415640532970428,
        "y": 0.34635457396507263,
        "z": -0.06164023280143738
    },
    "right_eye_outer": {
        "x": 0.24429823458194733,
        "y": 0.34531116485595703,
        "z": -0.06168222799897194
    },
    "left_ear": {
        "x": 0.24956564605236053,
        "y": 0.35311004519462585,
        "z": -0.09493331611156464
    },
    "right_ear": {
        "x": 0.2478371113538742,
        "y": 0.34575361013412476,
        "z": -0.07388873398303986
    },
    "mouth_left": {
        "x": 0.24926228821277618,
        "y": 0.3663192093372345,
        "z": -0.05962376296520233
    },
    "mouth_right": {
        "x": 0.24820393323898315,
        "y": 0.3627989590167999,
        "z": -0.05361281707882881
    },
    "left_shoulder": {
        "x": 0.28378236293792725,
        "y": 0.399676650762558,
        "z": -0.10230235755443573
    },
    "right_shoulder": {
        "x": 0.2678714990615845,
        "y": 0.34957772493362427,
        "z": -0.025358261540532112
    },
    "left_elbow": {
        "x": 0.3241899013519287,
        "y": 0.40444236993789673,
        "z": -0.10883068293333054
    },
    "right_elbow": {
        "x": 0.2502521574497223,
        "y": 0.3976568877696991,
        "z": 0.016840798780322075
    },
    "left_wrist": {
        "x": 0.32909756898880005,
        "y": 0.4183307886123657,
        "z": -0.16276884078979492
    },
    "right_wrist": {
        "x": 0.23229600489139557,
        "y": 0.45527341961860657,
        "z": 0.014487700536847115
    },
    "left_pinky": {
        "x": 0.33227530121803284,
        "y": 0.43150198459625244,
        "z": -0.18608838319778442
    },
    "right_pinky": {
        "x": 0.22644810378551483,
        "y": 0.4672900140285492,
        "z": 0.01340679731220007
    },
    "left_index": {
        "x": 0.3239704966545105,
        "y": 0.428151398897171,
        "z": -0.19424384832382202
    },
    "right_index": {
        "x": 0.22431416809558868,
        "y": 0.4653795063495636,
        "z": -0.00930528063327074
    },
    "left_thumb": {
        "x": 0.3225559890270233,
        "y": 0.4241606891155243,
        "z": -0.16760854423046112
    },
    "right_thumb": {
        "x": 0.22673681378364563,
        "y": 0.46206384897232056,
        "z": 0.006023962050676346
    },
    "left_hip": {
        "x": 0.36678996682167053,
        "y": 0.4241863787174225,
        "z": -0.04090108722448349
    },
    "right_hip": {
        "x": 0.3724164068698883,
        "y": 0.38439828157424927,
        "z": 0.04080762714147568
    },
    "left_knee": {
        "x": 0.3696215748786926,
        "y": 0.49700555205345154,
        "z": -0.07119640707969666
    },
    "right_knee": {
        "x": 0.4271058142185211,
        "y": 0.39816123247146606,
        "z": 0.06899835914373398
    },
    "left_ankle": {
        "x": 0.38379982113838196,
        "y": 0.5747363567352295,
        "z": 0.033817730844020844
    },
    "right_ankle": {
        "x": 0.49797096848487854,
        "y": 0.442127525806427,
        "z": 0.09310618042945862
    },
    "left_heel": {
        "x": 0.3873958885669708,
        "y": 0.5848224759101868,
        "z": 0.04488317668437958
    },
    "right_heel": {
        "x": 0.5101720690727234,
        "y": 0.44570761919021606,
        "z": 0.09453979134559631
    },
    "left_foot_index": {
        "x": 0.37718668580055237,
        "y": 0.6007709503173828,
        "z": 0.02599828504025936
    },
    "right_foot_index": {
        "x": 0.5121984481811523,
        "y": 0.45886293053627014,
        "z": 0.05409299209713936
    }
}