{
    "nose": {
        "x": 0.6496450901031494,
        "y": 0.7930700778961182,
        "z": -0.11922815442085266
    },
    "left_eye_inner": {
        "x": 0.6560618877410889,
        "y": 0.7898553013801575,
        "z": -0.124818354845047
    },
    "left_eye": {
        "x": 0.6576893329620361,
        "y": 0.7915065288543701,
        "z": -0.12482092529535294
    },
    "left_eye_outer": {
        "x": 0.6595609188079834,
        "y": 0.7933083772659302,
        "z": -0.12491464614868164
    },
    "right_eye_inner": {
        "x": 0.6541656255722046,
        "y": 0.7857115268707275,
        "z": -0.10985306650400162
    },
    "right_eye": {
        "x": 0.6543886661529541,
        "y": 0.78447026014328,
        "z": -0.10983823984861374
    },
    "right_eye_outer": {
        "x": 0.6546852588653564,
        "y": 0.7830626368522644,
        "z": -0.1098347157239914
    },
    "left_ear": {
        "x": 0.6698972582817078,
        "y": 0.8038439154624939,
        "z": -0.10092110931873322
    },
    "right_ear": {
        "x": 0.6627364158630371,
        "y": 0.7861502170562744,
        "z": -0.030107224360108376
    },
    "mouth_left": {
        "x": 0.6509394645690918,
        "y": 0.8044349551200867,
        "z": -0.1059287041425705
    },
    "mouth_right": {
        "x": 0.6485086679458618,
        "y": 0.7993612885475159,
        "z": -0.08544539660215378
    },
    "left_shoulder": {
        "x": 0.6782436966896057,
        "y": 0.8697351813316345,
        "z": -0.07713867723941803
    },
    "right_shoulder": {
        "x": 0.6433624029159546,
        "y": 0.7914734482765198,
        "z": 0.057513099163770676
    },
    "left_elbow": {
        "x": 0.6792373061180115,
        "y": 0.942407488822937,
        "z": -0.10918042808771133
    },
    "right_elbow": {
        "x": 0.5981065630912781,
        "y": 0.8146003484725952,
        "z": 0.13410167396068573
    },
    "left_wrist": {
        "x": 0.6656264662742615,
        "y": 1.0089783668518066,
        "z": -0.19929653406143188
    },
    "right_wrist": {
        "x": 0.5576508641242981,
        "y": 0.8231229782104492,
        "z": 0.08349525183439255
    },
    "left_pinky": {
        "x": 0.6684224605560303,
        "y": 1.0259149074554443,
        "z": -0.22132223844528198
    },
    "right_pinky": {
        "x": 0.545691728591919,
        "y": 0.8193498253822327,
        "z": 0.07827460765838623
    },
    "left_index": {
        "x": 0.6642256379127502,
        "y": 1.0209964513778687,
        "z": -0.24186626076698303
    },
    "right_index": {
        "x": 0.546335756778717,
        "y": 0.8205807209014893,
        "z": 0.04974715784192085
    },
    "left_thumb": {
        "x": 0.6578522324562073,
        "y": 1.0016460418701172,
        "z": -0.2090023159980774
    },
    "right_thumb": {
        "x": 0.5513182878494263,
        "y": 0.8248143792152405,
        "z": 0.07063016295433044
    },
    "left_hip": {
        "x": 0.5906891226768494,
        "y": 0.9460664391517639,
        "z": -0.04402948543429375
    },
    "right_hip": {
        "x": 0.5781773924827576,
        "y": 0.8987597227096558,
        "z": 0.04422594606876373
    },
    "left_knee": {
        "x": 0.5433565378189087,
        "y": 0.9867515563964844,
        "z": -0.23557692766189575
    },
    "right_knee": {
        "x": 0.5373716354370117,
        "y": 0.8473237752914429,
        "z": -0.15297982096672058
    },
    "left_ankle": {
        "x": 0.48933088779449463,
        "y": 0.9921546578407288,
        "z": -0.12919601798057556
    },
    "right_ankle": {
        "x": 0.47857069969177246,
        "y": 0.9582851529121399,
        "z": -0.12054143100976944
    },
    "left_heel": {
        "x": 0.486941933631897,
        "y": 0.9965350031852722,
        "z": -0.11903928965330124
    },
    "right_heel": {
        "x": 0.4781920313835144,
        "y": 0.9786924719810486,
        "z": -0.11986047774553299
    },
    "left_foot_index": {
        "x": 0.45484107732772827,
        "y": 0.9862963557243347,
        "z": -0.18510107696056366
    },
    "right_foot_index": {
        "x": 0.4370390772819519,
        "y": 0.9708606600761414,
        "z": -0.194274440407753
    }
}