{
    "nose": {
        "x": 0.6588219404220581,
        "y": 0.6350879073143005,
        "z": -0.15288785099983215
    },
    "left_eye_inner": {
        "x": 0.6622005701065063,
        "y": 0.6257861852645874,
        "z": -0.14893962442874908
    },
    "left_eye": {
        "x": 0.664023756980896,
        "y": 0.625646710395813,
        "z": -0.1489783674478531
    },
    "left_eye_outer": {
        "x": 0.6658856868743896,
        "y": 0.6258711218833923,
        "z": -0.1490735113620758
    },
    "right_eye_inner": {
        "x": 0.6566851735115051,
        "y": 0.6250399947166443,
        "z": -0.1486055701971054
    },
    "right_eye": {
        "x": 0.6548898816108704,
        "y": 0.6243702173233032,
        "z": -0.14857913553714752
    },
    "right_eye_outer": {
        "x": 0.6535006761550903,
        "y": 0.6238533854484558,
        "z": -0.14855267107486725
    },
    "left_ear": {
        "x": 0.6664215326309204,
        "y": 0.6274387240409851,
        "z": -0.10743454098701477
    },
    "right_ear": {
        "x": 0.6524450182914734,
        "y": 0.6245551705360413,
        "z": -0.1029786616563797
    },
    "mouth_left": {
        "x": 0.6619993448257446,
        "y": 0.6434524655342102,
        "z": -0.13505768775939941
    },
    "mouth_right": {
        "x": 0.6558110117912292,
        "y": 0.6421781182289124,
        "z": -0.13388042151927948
    },
    "left_shoulder": {
        "x": 0.6759555339813232,
        "y": 0.6717905402183533,
        "z": -0.07896494120359421
    },
    "right_shoulder": {
        "x": 0.6241703033447266,
        "y": 0.6506020426750183,
        "z": -0.054105244576931
    },
    "left_elbow": {
        "x": 0.6913161277770996,
        "y": 0.7088640332221985,
        "z": -0.09464725852012634
    },
    "right_elbow": {
        "x": 0.5961941480636597,
        "y": 0.6886700391769409,
        "z": 0.010602708905935287
    },
    "left_wrist": {
        "x": 0.6808840036392212,
        "y": 0.7124526500701904,
        "z": -0.12344865500926971
    },
    "right_wrist": {
        "x": 0.591010332107544,
        "y": 0.7030583620071411,
        "z": 0.03737587109208107
    },
    "left_pinky": {
        "x": 0.6751406788825989,
        "y": 0.7278357744216919,
        "z": -0.13320989906787872
    },
    "right_pinky": {
        "x": 0.5882742404937744,
        "y": 0.7102161049842834,
        "z": 0.03880523890256882
    },
    "left_index": {
        "x": 0.6704453825950623,
        "y": 0.7209547162055969,
        "z": -0.13554354012012482
    },
    "right_index": {
        "x": 0.590528666973114,
        "y": 0.7036926746368408,
        "z": 0.027626214548945427
    },
    "left_thumb": {
        "x": 0.6703607439994812,
        "y": 0.7150625586509705,
        "z": -0.12488254904747009
    },
    "right_thumb": {
        "x": 0.5922865867614746,
        "y": 0.702261209487915,
        "z": 0.03390507772564888
    },
    "left_hip": {
        "x": 0.6178990006446838,
        "y": 0.7632458209991455,
        "z": -0.01443056482821703
    },
    "right_hip": {
        "x": 0.5937544107437134,
        "y": 0.7402056455612183,
        "z": 0.014372847974300385
    },
    "left_knee": {
        "x": 0.6219274401664734,
        "y": 0.8309794664382935,
        "z": -0.07973763346672058
    },
    "right_knee": {
        "x": 0.5799932479858398,
        "y": 0.7968798875808716,
        "z": -0.03854338079690933
    },
    "left_ankle": {
        "x": 0.5882893800735474,
        "y": 0.9063996076583862,
        "z": -0.009190511889755726
    },
    "right_ankle": {
        "x": 0.5641295313835144,
        "y": 0.8784924149513245,
        "z": 0.04014081135392189
    },
    "left_heel": {
        "x": 0.5842629671096802,
        "y": 0.9139884114265442,
        "z": -0.0029411681462079287
    },
    "right_heel": {
        "x": 0.5641629695892334,
        "y": 0.8899787664413452,
        "z": 0.048998527228832245
    },
    "left_foot_index": {
        "x": 0.5723990201950073,
        "y": 0.9423510432243347,
        "z": -0.04434783756732941
    },
    "right_foot_index": {
        "x": 0.5476284623146057,
        "y": 0.9086742401123047,
        "z": 0.017219390720129013
    }
}