{
    "nose": {
        "x": 0.6609729528427124,
        "y": 0.5709599852561951,
        "z": 0.0012123278575018048
    },
    "left_eye_inner": {
        "x": 0.6601530313491821,
        "y": 0.5597132444381714,
        "z": -0.014863899908959866
    },
    "left_eye": {
        "x": 0.6606175899505615,
        "y": 0.5591418147087097,
        "z": -0.014901933260262012
    },
    "left_eye_outer": {
        "x": 0.6611175537109375,
        "y": 0.5585620403289795,
        "z": -0.014933649450540543
    },
    "right_eye_inner": {
        "x": 0.6602107882499695,
        "y": 0.5588298439979553,
        "z": 0.0041215387172997
    },
    "right_eye": {
        "x": 0.6607046723365784,
        "y": 0.5576400756835938,
        "z": 0.0041400594636797905
    },
    "right_eye_outer": {
        "x": 0.6612521409988403,
        "y": 0.556397557258606,
        "z": 0.004130817949771881
    },
    "left_ear": {
        "x": 0.669124960899353,
        "y": 0.5557209253311157,
        "z": -0.060472652316093445
    },
    "right_ear": {
        "x": 0.6691409349441528,
        "y": 0.5528873205184937,
        "z": 0.025012465193867683
    },
    "mouth_left": {
        "x": 0.6660048961639404,
        "y": 0.5775628685951233,
        "z": -0.012809625826776028
    },
    "mouth_right": {
        "x": 0.6656976938247681,
        "y": 0.5768473148345947,
        "z": 0.011976842768490314
    },
    "left_shoulder": {
        "x": 0.685111939907074,
        "y": 0.5858151912689209,
        "z": -0.12165992707014084
    },
    "right_shoulder": {
        "x": 0.6938771605491638,
        "y": 0.5707637071609497,
        "z": 0.08667633682489395
    },
    "left_elbow": {
        "x": 0.7079697251319885,
        "y": 0.6399708986282349,
        "z": -0.1733884960412979
    },
    "right_elbow": {
        "x": 0.712231457233429,
        "y": 0.6311460137367249,
        "z": 0.14861935377120972
    },
    "left_wrist": {
        "x": 0.6867051720619202,
        "y": 0.7080894112586975,
        "z": -0.1687205284833908
    },
    "right_wrist": {
        "x": 0.6961843371391296,
        "y": 0.6905873417854309,
        "z": 0.1699352115392685
    },
    "left_pinky": {
        "x": 0.6810309886932373,
        "y": 0.7292963266372681,
        "z": -0.1868889480829239
    },
    "right_pinky": {
        "x": 0.6926311254501343,
        "y": 0.7058348059654236,
        "z": 0.18291540443897247
    },
    "left_index": {
        "x": 0.6745979189872742,
        "y": 0.7244052886962891,
        "z": -0.17336168885231018
    },
    "right_index": {
        "x": 0.6895221471786499,
        "y": 0.7079898715019226,
        "z": 0.1631825566291809
    },
    "left_thumb": {
        "x": 0.6763979196548462,
        "y": 0.7177950143814087,
        "z": -0.16231705248355865
    },
    "right_thumb": {
        "x": 0.6905489563941956,
        "y": 0.7044386267662048,
        "z": 0.1623409241437912
    },
    "left_hip": {
        "x": 0.7197327613830566,
        "y": 0.739916205406189,
        "z": -0.06970686465501785
    },
    "right_hip": {
        "x": 0.7177360653877258,
        "y": 0.7197996377944946,
        "z": 0.06970565766096115
    },
    "left_knee": {
        "x": 0.653916597366333,
        "y": 0.8014498949050903,
        "z": -0.014398529194295406
    },
    "right_knee": {
        "x": 0.6638710498809814,
        "y": 0.7722517251968384,
        "z": 0.14988712966442108
    },
    "left_ankle": {
        "x": 0.6784255504608154,
        "y": 0.8596096038818359,
        "z": 0.07977047562599182
    },
    "right_ankle": {
        "x": 0.6769627928733826,
        "y": 0.8366117477416992,
        "z": 0.17497998476028442
    },
    "left_heel": {
        "x": 0.6887814402580261,
        "y": 0.8632513284683228,
        "z": 0.09257370233535767
    },
    "right_heel": {
        "x": 0.6848263740539551,
        "y": 0.8456989526748657,
        "z": 0.17807601392269135
    },
    "left_foot_index": {
        "x": 0.6655868291854858,
        "y": 0.8874552249908447,
        "z": 0.1232091411948204
    },
    "right_foot_index": {
        "x": 0.6592733263969421,
        "y": 0.8615932464599609,
        "z": 0.19264420866966248
    }
}