{
    "nose": {
        "x": 0.6521658897399902,
        "y": 0.6392762660980225,
        "z": -0.036797378212213516
    },
    "left_eye_inner": {
        "x": 0.6540296673774719,
        "y": 0.6279350519180298,
        "z": -0.04446342587471008
    },
    "left_eye": {
        "x": 0.6555218696594238,
        "y": 0.6271175742149353,
        "z": -0.04450223967432976
    },
    "left_eye_outer": {
        "x": 0.6572132706642151,
        "y": 0.6260993480682373,
        "z": -0.04455897957086563
    },
    "right_eye_inner": {
        "x": 0.6520954370498657,
        "y": 0.6280555725097656,
        "z": -0.028043141588568687
    },
    "right_eye": {
        "x": 0.6521649360656738,
        "y": 0.6274325251579285,
        "z": -0.02804860845208168
    },
    "right_eye_outer": {
        "x": 0.6523378491401672,
        "y": 0.6266823410987854,
        "z": -0.02807999774813652
    },
    "left_ear": {
        "x": 0.6667064428329468,
        "y": 0.6235726475715637,
        "z": -0.057036299258470535
    },
    "right_ear": {
        "x": 0.6626052260398865,
        "y": 0.6247623562812805,
        "z": 0.016764052212238312
    },
    "mouth_left": {
        "x": 0.657840371131897,
        "y": 0.6464700698852539,
        "z": -0.040375545620918274
    },
    "mouth_right": {
        "x": 0.6555371284484863,
        "y": 0.6473742723464966,
        "z": -0.019045747816562653
    },
    "left_shoulder": {
        "x": 0.6890447735786438,
        "y": 0.6469492316246033,
        "z": -0.09680440276861191
    },
    "right_shoulder": {
        "x": 0.6697370409965515,
        "y": 0.6622226238250732,
        "z": 0.06829877942800522
    },
    "left_elbow": {
        "x": 0.7162739634513855,
        "y": 0.6813286542892456,
        "z": -0.1632070541381836
    },
    "right_elbow": {
        "x": 0.678219199180603,
        "y": 0.7059110999107361,
        "z": 0.06482242047786713
    },
    "left_wrist": {
        "x": 0.6866796016693115,
        "y": 0.7163305282592773,
        "z": -0.19239334762096405
    },
    "right_wrist": {
        "x": 0.6718735694885254,
        "y": 0.7257514595985413,
        "z": -0.0018219626508653164
    },
    "left_pinky": {
        "x": 0.677000105381012,
        "y": 0.7299553155899048,
        "z": -0.21419723331928253
    },
    "right_pinky": {
        "x": 0.6704467535018921,
        "y": 0.7346263527870178,
        "z": -0.008429249748587608
    },
    "left_index": {
        "x": 0.6726170182228088,
        "y": 0.7236701250076294,
        "z": -0.20462310314178467
    },
    "right_index": {
        "x": 0.6690791249275208,
        "y": 0.7301274538040161,
        "z": -0.017285507172346115
    },
    "left_thumb": {
        "x": 0.6734622716903687,
        "y": 0.7194441556930542,
        "z": -0.18847520649433136
    },
    "right_thumb": {
        "x": 0.6699952483177185,
        "y": 0.7275455594062805,
        "z": -0.008127105422317982
    },
    "left_hip": {
        "x": 0.7184548377990723,
        "y": 0.7530443668365479,
        "z": -0.055449191480875015
    },
    "right_hip": {
        "x": 0.702711820602417,
        "y": 0.7585271000862122,
        "z": 0.055553242564201355
    },
    "left_knee": {
        "x": 0.6822086572647095,
        "y": 0.8178058862686157,
        "z": -0.09064330905675888
    },
    "right_knee": {
        "x": 0.6666887402534485,
        "y": 0.8099194169044495,
        "z": 0.020192639902234077
    },
    "left_ankle": {
        "x": 0.6884959936141968,
        "y": 0.8791059255599976,
        "z": 0.00707599800080061
    },
    "right_ankle": {
        "x": 0.6853335499763489,
        "y": 0.8691208362579346,
        "z": 0.07431867718696594
    },
    "left_heel": {
        "x": 0.6953130960464478,
        "y": 0.8842772841453552,
        "z": 0.017713556066155434
    },
    "right_heel": {
        "x": 0.6923072934150696,
        "y": 0.8742110133171082,
        "z": 0.07924667745828629
    },
    "left_foot_index": {
        "x": 0.6736011505126953,
        "y": 0.911902666091919,
        "z": 0.002047569490969181
    },
    "right_foot_index": {
        "x": 0.676766037940979,
        "y": 0.9005091786384583,
        "z": 0.061349812895059586
    }
}