{
    "nose": {
        "x": 0.6533023715019226,
        "y": 0.6347032785415649,
        "z": -0.23998112976551056
    },
    "left_eye_inner": {
        "x": 0.6556397080421448,
        "y": 0.6236608028411865,
        "z": -0.24402372539043427
    },
    "left_eye": {
        "x": 0.6576560139656067,
        "y": 0.6231182813644409,
        "z": -0.2440587282180786
    },
    "left_eye_outer": {
        "x": 0.6599819660186768,
        "y": 0.6225771307945251,
        "z": -0.24416153132915497
    },
    "right_eye_inner": {
        "x": 0.6519927978515625,
        "y": 0.6238760352134705,
        "z": -0.2359084188938141
    },
    "right_eye": {
        "x": 0.6513429284095764,
        "y": 0.6236894130706787,
        "z": -0.2358960211277008
    },
    "right_eye_outer": {
        "x": 0.6509141325950623,
        "y": 0.6233606338500977,
        "z": -0.23588505387306213
    },
    "left_ear": {
        "x": 0.6658774018287659,
        "y": 0.6223523616790771,
        "z": -0.21762865781784058
    },
    "right_ear": {
        "x": 0.6543413400650024,
        "y": 0.6218312382698059,
        "z": -0.17815719544887543
    },
    "mouth_left": {
        "x": 0.6583560109138489,
        "y": 0.6412445306777954,
        "z": -0.22582530975341797
    },
    "mouth_right": {
        "x": 0.6538977026939392,
        "y": 0.6416600346565247,
        "z": -0.21444091200828552
    },
    "left_shoulder": {
        "x": 0.6895765662193298,
        "y": 0.6494295001029968,
        "z": -0.1791803240776062
    },
    "right_shoulder": {
        "x": 0.6429412961006165,
        "y": 0.6458789706230164,
        "z": -0.10338058322668076
    },
    "left_elbow": {
        "x": 0.70952969789505,
        "y": 0.6764737963676453,
        "z": -0.18880072236061096
    },
    "right_elbow": {
        "x": 0.6254820823669434,
        "y": 0.6860524415969849,
        "z": -0.02589203603565693
    },
    "left_wrist": {
        "x": 0.6821051239967346,
        "y": 0.7121744155883789,
        "z": -0.19054393470287323
    },
    "right_wrist": {
        "x": 0.6208880543708801,
        "y": 0.7093638181686401,
        "z": -0.0029957545921206474
    },
    "left_pinky": {
        "x": 0.6754751801490784,
        "y": 0.7275393009185791,
        "z": -0.2019377201795578
    },
    "right_pinky": {
        "x": 0.6187717914581299,
        "y": 0.718897819519043,
        "z": -0.0028539292979985476
    },
    "left_index": {
        "x": 0.6708528995513916,
        "y": 0.7217856049537659,
        "z": -0.20310437679290771
    },
    "right_index": {
        "x": 0.619337797164917,
        "y": 0.7131255269050598,
        "z": -0.015354497358202934
    },
    "left_thumb": {
        "x": 0.6712790131568909,
        "y": 0.716465413570404,
        "z": -0.19016267359256744
    },
    "right_thumb": {
        "x": 0.6206311583518982,
        "y": 0.7096316814422607,
        "z": -0.007149772252887487
    },
    "left_hip": {
        "x": 0.6414794325828552,
        "y": 0.7552353143692017,
        "z": -0.030606139451265335
    },
    "right_hip": {
        "x": 0.6209207773208618,
        "y": 0.7358736395835876,
        "z": 0.030618460848927498
    },
    "left_knee": {
        "x": 0.6238143444061279,
        "y": 0.8086261749267578,
        "z": -0.05831897631287575
    },
    "right_knee": {
        "x": 0.5971224904060364,
        "y": 0.7875881195068359,
        "z": 0.004687519744038582
    },
    "left_ankle": {
        "x": 0.6046921610832214,
        "y": 0.8781363368034363,
        "z": 0.038303520530462265
    },
    "right_ankle": {
        "x": 0.589952826499939,
        "y": 0.8655820488929749,
        "z": 0.10827460885047913
    },
    "left_heel": {
        "x": 0.6038850545883179,
        "y": 0.8908780813217163,
        "z": 0.04742906242609024
    },
    "right_heel": {
        "x": 0.5926523804664612,
        "y": 0.8791409730911255,
        "z": 0.11930015683174133
    },
    "left_foot_index": {
        "x": 0.5912799835205078,
        "y": 0.8964535593986511,
        "z": 0.006337638478726149
    },
    "right_foot_index": {
        "x": 0.5725361108779907,
        "y": 0.884455680847168,
        "z": 0.08346328139305115
    }
}