{
    "nose": {
        "x": 0.6643646955490112,
        "y": 0.5184433460235596,
        "z": -0.02312917448580265
    },
    "left_eye_inner": {
        "x": 0.6630779504776001,
        "y": 0.5046815872192383,
        "z": -0.038460150361061096
    },
    "left_eye": {
        "x": 0.6640337109565735,
        "y": 0.5038825273513794,
        "z": -0.03851925581693649
    },
    "left_eye_outer": {
        "x": 0.6651144623756409,
        "y": 0.5028729438781738,
        "z": -0.03857248276472092
    },
    "right_eye_inner": {
        "x": 0.6624477505683899,
        "y": 0.5042145252227783,
        "z": -0.015863753855228424
    },
    "right_eye": {
        "x": 0.6629245281219482,
        "y": 0.5031883716583252,
        "z": -0.015846092253923416
    },
    "right_eye_outer": {
        "x": 0.6634705066680908,
        "y": 0.5019561052322388,
        "z": -0.01590295135974884
    },
    "left_ear": {
        "x": 0.676181972026825,
        "y": 0.49624377489089966,
        "z": -0.0784701406955719
    },
    "right_ear": {
        "x": 0.6734724640846252,
        "y": 0.495571494102478,
        "z": 0.021685661748051643
    },
    "mouth_left": {
        "x": 0.6708447337150574,
        "y": 0.525174617767334,
        "z": -0.035766396671533585
    },
    "mouth_right": {
        "x": 0.6693621277809143,
        "y": 0.5253568291664124,
        "z": -0.0066885631531476974
    },
    "left_shoulder": {
        "x": 0.7000722289085388,
        "y": 0.5432025790214539,
        "z": -0.14446702599525452
    },
    "right_shoulder": {
        "x": 0.6960672736167908,
        "y": 0.5348630547523499,
        "z": 0.09529328346252441
    },
    "left_elbow": {
        "x": 0.7082765698432922,
        "y": 0.6283811926841736,
        "z": -0.1712353527545929
    },
    "right_elbow": {
        "x": 0.694163978099823,
        "y": 0.6177072525024414,
        "z": 0.15254651010036469
    },
    "left_wrist": {
        "x": 0.6849846839904785,
        "y": 0.710163950920105,
        "z": -0.14354769885540009
    },
    "right_wrist": {
        "x": 0.679568350315094,
        "y": 0.69276362657547,
        "z": 0.15869268774986267
    },
    "left_pinky": {
        "x": 0.682068943977356,
        "y": 0.730692446231842,
        "z": -0.16315479576587677
    },
    "right_pinky": {
        "x": 0.6725585460662842,
        "y": 0.709426999092102,
        "z": 0.1660190373659134
    },
    "left_index": {
        "x": 0.6742880344390869,
        "y": 0.7257742285728455,
        "z": -0.15775541961193085
    },
    "right_index": {
        "x": 0.6707866191864014,
        "y": 0.7093260288238525,
        "z": 0.1472349464893341
    },
    "left_thumb": {
        "x": 0.6763241291046143,
        "y": 0.7186250686645508,
        "z": -0.139713853597641
    },
    "right_thumb": {
        "x": 0.6728174090385437,
        "y": 0.7060874700546265,
        "z": 0.15040582418441772
    },
    "left_hip": {
        "x": 0.7211552262306213,
        "y": 0.7186492085456848,
        "z": -0.07345777750015259
    },
    "right_hip": {
        "x": 0.710543692111969,
        "y": 0.7008798718452454,
        "z": 0.07348956167697906
    },
    "left_knee": {
        "x": 0.657784104347229,
        "y": 0.8224054574966431,
        "z": -0.08063460141420364
    },
    "right_knee": {
        "x": 0.650780439376831,
        "y": 0.770244300365448,
        "z": 0.09328456223011017
    },
    "left_ankle": {
        "x": 0.6970664262771606,
        "y": 0.87894606590271,
        "z": 0.0680338591337204
    },
    "right_ankle": {
        "x": 0.6810601949691772,
        "y": 0.8525349497795105,
        "z": 0.1725728064775467
    },
    "left_heel": {
        "x": 0.7095444202423096,
        "y": 0.8824390172958374,
        "z": 0.0868978500366211
    },
    "right_heel": {
        "x": 0.6947510242462158,
        "y": 0.8617649078369141,
        "z": 0.18079710006713867
    },
    "left_foot_index": {
        "x": 0.6918211579322815,
        "y": 0.9109916687011719,
        "z": 0.1215050145983696
    },
    "right_foot_index": {
        "x": 0.6681089997291565,
        "y": 0.8899463415145874,
        "z": 0.19359852373600006
    }
}