{
    "nose": {
        "x": 0.6354671120643616,
        "y": 0.6384558081626892,
        "z": -0.06503676623106003
    },
    "left_eye_inner": {
        "x": 0.6352834701538086,
        "y": 0.6268647909164429,
        "z": -0.07475710660219193
    },
    "left_eye": {
        "x": 0.6363611221313477,
        "y": 0.6255934238433838,
        "z": -0.0748179629445076
    },
    "left_eye_outer": {
        "x": 0.6375089883804321,
        "y": 0.6240841150283813,
        "z": -0.07489573210477829
    },
    "right_eye_inner": {
        "x": 0.6338178515434265,
        "y": 0.6274539828300476,
        "z": -0.0583200678229332
    },
    "right_eye": {
        "x": 0.633863091468811,
        "y": 0.6266728639602661,
        "z": -0.058284249156713486
    },
    "right_eye_outer": {
        "x": 0.6340378522872925,
        "y": 0.6254796385765076,
        "z": -0.058317575603723526
    },
    "left_ear": {
        "x": 0.6468717455863953,
        "y": 0.6183567047119141,
        "z": -0.09860623627901077
    },
    "right_ear": {
        "x": 0.6435426473617554,
        "y": 0.6178858280181885,
        "z": -0.024390483275055885
    },
    "mouth_left": {
        "x": 0.6419059038162231,
        "y": 0.6433404088020325,
        "z": -0.0722794383764267
    },
    "mouth_right": {
        "x": 0.6405197381973267,
        "y": 0.6439343690872192,
        "z": -0.05076482146978378
    },
    "left_shoulder": {
        "x": 0.6746002435684204,
        "y": 0.6409202814102173,
        "z": -0.13270045816898346
    },
    "right_shoulder": {
        "x": 0.6621381640434265,
        "y": 0.6399411559104919,
        "z": 0.028739266097545624
    },
    "left_elbow": {
        "x": 0.705569326877594,
        "y": 0.6815188527107239,
        "z": -0.16173198819160461
    },
    "right_elbow": {
        "x": 0.6769088506698608,
        "y": 0.6884573698043823,
        "z": 0.07662305980920792
    },
    "left_wrist": {
        "x": 0.6785826086997986,
        "y": 0.7219741344451904,
        "z": -0.14972712099552155
    },
    "right_wrist": {
        "x": 0.6730520725250244,
        "y": 0.7202577590942383,
        "z": 0.07896506041288376
    },
    "left_pinky": {
        "x": 0.6750943660736084,
        "y": 0.7332521080970764,
        "z": -0.1675047129392624
    },
    "right_pinky": {
        "x": 0.6701193451881409,
        "y": 0.7304600477218628,
        "z": 0.08301980793476105
    },
    "left_index": {
        "x": 0.6697389483451843,
        "y": 0.7260284423828125,
        "z": -0.15911005437374115
    },
    "right_index": {
        "x": 0.6670820713043213,
        "y": 0.7269482016563416,
        "z": 0.07035781443119049
    },
    "left_thumb": {
        "x": 0.6700055003166199,
        "y": 0.7219799757003784,
        "z": -0.145025834441185
    },
    "right_thumb": {
        "x": 0.6689253449440002,
        "y": 0.7214463949203491,
        "z": 0.07324256747961044
    },
    "left_hip": {
        "x": 0.7012535929679871,
        "y": 0.7447776198387146,
        "z": -0.04854079708456993
    },
    "right_hip": {
        "x": 0.6898890137672424,
        "y": 0.745207667350769,
        "z": 0.04856562986969948
    },
    "left_knee": {
        "x": 0.6900236010551453,
        "y": 0.8218851089477539,
        "z": -0.0470951683819294
    },
    "right_knee": {
        "x": 0.6813338398933411,
        "y": 0.802936315536499,
        "z": 0.0900304988026619
    },
    "left_ankle": {
        "x": 0.6966578960418701,
        "y": 0.8535673022270203,
        "z": 0.10452565550804138
    },
    "right_ankle": {
        "x": 0.6930628418922424,
        "y": 0.8493961095809937,
        "z": 0.19242854416370392
    },
    "left_heel": {
        "x": 0.7018207311630249,
        "y": 0.8560238480567932,
        "z": 0.12112844735383987
    },
    "right_heel": {
        "x": 0.6978854537010193,
        "y": 0.8551639318466187,
        "z": 0.2030729502439499
    },
    "left_foot_index": {
        "x": 0.6866459846496582,
        "y": 0.8757145404815674,
        "z": 0.12467864900827408
    },
    "right_foot_index": {
        "x": 0.6854926347732544,
        "y": 0.8749223947525024,
        "z": 0.19859305024147034
    }
}