{
    "nose": {
        "x": 0.6595966815948486,
        "y": 0.564121663570404,
        "z": 0.013346780091524124
    },
    "left_eye_inner": {
        "x": 0.6589943766593933,
        "y": 0.5521038770675659,
        "z": -0.003019065363332629
    },
    "left_eye": {
        "x": 0.6595711708068848,
        "y": 0.5513797998428345,
        "z": -0.0030472183134406805
    },
    "left_eye_outer": {
        "x": 0.660186231136322,
        "y": 0.5505931973457336,
        "z": -0.0030691497959196568
    },
    "right_eye_inner": {
        "x": 0.659003496170044,
        "y": 0.5513065457344055,
        "z": 0.016880696639418602
    },
    "right_eye": {
        "x": 0.6595553755760193,
        "y": 0.5499982833862305,
        "z": 0.01688908040523529
    },
    "right_eye_outer": {
        "x": 0.6601638793945312,
        "y": 0.5485241413116455,
        "z": 0.01686643436551094
    },
    "left_ear": {
        "x": 0.6686068773269653,
        "y": 0.5477436184883118,
        "z": -0.0478978268802166
    },
    "right_ear": {
        "x": 0.668209969997406,
        "y": 0.5449453592300415,
        "z": 0.041222814470529556
    },
    "mouth_left": {
        "x": 0.6649959087371826,
        "y": 0.5698820948600769,
        "z": -0.0008856224012561142
    },
    "mouth_right": {
        "x": 0.6648212671279907,
        "y": 0.5694996118545532,
        "z": 0.02499731071293354
    },
    "left_shoulder": {
        "x": 0.6865513324737549,
        "y": 0.5848600268363953,
        "z": -0.1149488165974617
    },
    "right_shoulder": {
        "x": 0.694620668888092,
        "y": 0.5654617547988892,
        "z": 0.10313523560762405
    },
    "left_elbow": {
        "x": 0.7065897583961487,
        "y": 0.6408175826072693,
        "z": -0.17540447413921356
    },
    "right_elbow": {
        "x": 0.711181640625,
        "y": 0.6350759863853455,
        "z": 0.16165317595005035
    },
    "left_wrist": {
        "x": 0.6845534443855286,
        "y": 0.7095932364463806,
        "z": -0.17807167768478394
    },
    "right_wrist": {
        "x": 0.6953911781311035,
        "y": 0.6968213319778442,
        "z": 0.1819521188735962
    },
    "left_pinky": {
        "x": 0.68004310131073,
        "y": 0.7283933162689209,
        "z": -0.1968906819820404
    },
    "right_pinky": {
        "x": 0.6922921538352966,
        "y": 0.7133551239967346,
        "z": 0.19354334473609924
    },
    "left_index": {
        "x": 0.6743524074554443,
        "y": 0.724897563457489,
        "z": -0.184284508228302
    },
    "right_index": {
        "x": 0.6893242597579956,
        "y": 0.7148519158363342,
        "z": 0.17439168691635132
    },
    "left_thumb": {
        "x": 0.6758336424827576,
        "y": 0.7188320755958557,
        "z": -0.17224983870983124
    },
    "right_thumb": {
        "x": 0.6902660131454468,
        "y": 0.7102884650230408,
        "z": 0.17436560988426208
    },
    "left_hip": {
        "x": 0.7208082675933838,
        "y": 0.7404099702835083,
        "z": -0.07292389124631882
    },
    "right_hip": {
        "x": 0.7165364027023315,
        "y": 0.7200628519058228,
        "z": 0.07296451926231384
    },
    "left_knee": {
        "x": 0.6497953534126282,
        "y": 0.8076704740524292,
        "z": -0.050426971167325974
    },
    "right_knee": {
        "x": 0.6501878499984741,
        "y": 0.7739797830581665,
        "z": 0.11268950253725052
    },
    "left_ankle": {
        "x": 0.683953046798706,
        "y": 0.8696907162666321,
        "z": 0.03369152173399925
    },
    "right_ankle": {
        "x": 0.6776602864265442,
        "y": 0.845199704170227,
        "z": 0.14158578217029572
    },
    "left_heel": {
        "x": 0.6979281902313232,
        "y": 0.8735727071762085,
        "z": 0.045819107443094254
    },
    "right_heel": {
        "x": 0.6882308125495911,
        "y": 0.851443886756897,
        "z": 0.14462652802467346
    },
    "left_foot_index": {
        "x": 0.6742978096008301,
        "y": 0.9074316024780273,
        "z": 0.07585738599300385
    },
    "right_foot_index": {
        "x": 0.6650985479354858,
        "y": 0.879223108291626,
        "z": 0.15724153816699982
    }
}