{
    "nose": {
        "x": 0.6569692492485046,
        "y": 0.5080495476722717,
        "z": -0.4436424970626831
    },
    "left_eye_inner": {
        "x": 0.656922459602356,
        "y": 0.4936523139476776,
        "z": -0.45505818724632263
    },
    "left_eye": {
        "x": 0.6597458124160767,
        "y": 0.4920792579650879,
        "z": -0.45505836606025696
    },
    "left_eye_outer": {
        "x": 0.6627431511878967,
        "y": 0.4901122450828552,
        "z": -0.4552002251148224
    },
    "right_eye_inner": {
        "x": 0.6516167521476746,
        "y": 0.4935373067855835,
        "z": -0.4397438168525696
    },
    "right_eye": {
        "x": 0.6506800055503845,
        "y": 0.4924152195453644,
        "z": -0.43989109992980957
    },
    "right_eye_outer": {
        "x": 0.6497856378555298,
        "y": 0.4914717674255371,
        "z": -0.4399855136871338
    },
    "left_ear": {
        "x": 0.6734344959259033,
        "y": 0.4804159998893738,
        "z": -0.4357028603553772
    },
    "right_ear": {
        "x": 0.6571470499038696,
        "y": 0.4831494688987732,
        "z": -0.3659011721611023
    },
    "mouth_left": {
        "x": 0.6668744087219238,
        "y": 0.5113852620124817,
        "z": -0.42927828431129456
    },
    "mouth_right": {
        "x": 0.6611888408660889,
        "y": 0.5132635831832886,
        "z": -0.40875425934791565
    },
    "left_shoulder": {
        "x": 0.7158664464950562,
        "y": 0.5262503623962402,
        "z": -0.39495769143104553
    },
    "right_shoulder": {
        "x": 0.6620607972145081,
        "y": 0.49947643280029297,
        "z": -0.2186744660139084
    },
    "left_elbow": {
        "x": 0.708508312702179,
        "y": 0.634116530418396,
        "z": -0.4133168160915375
    },
    "right_elbow": {
        "x": 0.650834321975708,
        "y": 0.5621731281280518,
        "z": -0.08873160183429718
    },
    "left_wrist": {
        "x": 0.6811696887016296,
        "y": 0.7140434980392456,
        "z": -0.4585648477077484
    },
    "right_wrist": {
        "x": 0.629639744758606,
        "y": 0.6314240097999573,
        "z": -0.06069551408290863
    },
    "left_pinky": {
        "x": 0.6746885776519775,
        "y": 0.7329047918319702,
        "z": -0.5056152939796448
    },
    "right_pinky": {
        "x": 0.6192842125892639,
        "y": 0.6401752829551697,
        "z": -0.06466235220432281
    },
    "left_index": {
        "x": 0.6703040599822998,
        "y": 0.729888916015625,
        "z": -0.5117785334587097
    },
    "right_index": {
        "x": 0.6213160753250122,
        "y": 0.6415026187896729,
        "z": -0.09738723933696747
    },
    "left_thumb": {
        "x": 0.6720743775367737,
        "y": 0.7236913442611694,
        "z": -0.4644903540611267
    },
    "right_thumb": {
        "x": 0.6269763112068176,
        "y": 0.638558566570282,
        "z": -0.0726122111082077
    },
    "left_hip": {
        "x": 0.7517542243003845,
        "y": 0.5872737765312195,
        "z": -0.06128094717860222
    },
    "right_hip": {
        "x": 0.7217977643013,
        "y": 0.5807732939720154,
        "z": 0.06163608655333519
    },
    "left_knee": {
        "x": 0.7102530598640442,
        "y": 0.7177673578262329,
        "z": -0.08025515824556351
    },
    "right_knee": {
        "x": 0.6985995769500732,
        "y": 0.7095494866371155,
        "z": 0.010307664051651955
    },
    "left_ankle": {
        "x": 0.6893414258956909,
        "y": 0.8596612215042114,
        "z": 0.019647354260087013
    },
    "right_ankle": {
        "x": 0.7056987285614014,
        "y": 0.8452783823013306,
        "z": 0.13560310006141663
    },
    "left_heel": {
        "x": 0.6924165487289429,
        "y": 0.8717142343521118,
        "z": 0.026030074805021286
    },
    "right_heel": {
        "x": 0.7128679156303406,
        "y": 0.868398129940033,
        "z": 0.14637209475040436
    },
    "left_foot_index": {
        "x": 0.6631184220314026,
        "y": 0.8869596719741821,
        "z": -0.0558495819568634
    },
    "right_foot_index": {
        "x": 0.6851522326469421,
        "y": 0.876317024230957,
        "z": 0.07499510794878006
    }
}