{
    "nose": {
        "x": 0.7859853506088257,
        "y": 0.7035952210426331,
        "z": 0.23668324947357178
    },
    "left_eye_inner": {
        "x": 0.7871525287628174,
        "y": 0.7047275304794312,
        "z": 0.23755936324596405
    },
    "left_eye": {
        "x": 0.7879263162612915,
        "y": 0.7060164213180542,
        "z": 0.2375529408454895
    },
    "left_eye_outer": {
        "x": 0.7889533042907715,
        "y": 0.7064517140388489,
        "z": 0.2375093400478363
    },
    "right_eye_inner": {
        "x": 0.784585177898407,
        "y": 0.703828752040863,
        "z": 0.2412823885679245
    },
    "right_eye": {
        "x": 0.783852219581604,
        "y": 0.7036086916923523,
        "z": 0.24125584959983826
    },
    "right_eye_outer": {
        "x": 0.7833846807479858,
        "y": 0.7027579545974731,
        "z": 0.24114732444286346
    },
    "left_ear": {
        "x": 0.7888134717941284,
        "y": 0.7112650275230408,
        "z": 0.21389064192771912
    },
    "right_ear": {
        "x": 0.7818586826324463,
        "y": 0.7033957242965698,
        "z": 0.2315787822008133
    },
    "mouth_left": {
        "x": 0.7872061729431152,
        "y": 0.706853449344635,
        "z": 0.22490942478179932
    },
    "mouth_right": {
        "x": 0.7841176390647888,
        "y": 0.7058303356170654,
        "z": 0.22964763641357422
    },
    "left_shoulder": {
        "x": 0.7971945405006409,
        "y": 0.7333782315254211,
        "z": 0.13311444222927094
    },
    "right_shoulder": {
        "x": 0.7676732540130615,
        "y": 0.7014310956001282,
        "z": 0.18773311376571655
    },
    "left_elbow": {
        "x": 0.7979118824005127,
        "y": 0.7604573369026184,
        "z": 0.08533152937889099
    },
    "right_elbow": {
        "x": 0.7382498383522034,
        "y": 0.7069905996322632,
        "z": 0.18203508853912354
    },
    "left_wrist": {
        "x": 0.7981640696525574,
        "y": 0.7414259314537048,
        "z": 0.062332794070243835
    },
    "right_wrist": {
        "x": 0.7332969903945923,
        "y": 0.7216647863388062,
        "z": 0.18353137373924255
    },
    "left_pinky": {
        "x": 0.797706127166748,
        "y": 0.7389484643936157,
        "z": 0.05865727737545967
    },
    "right_pinky": {
        "x": 0.7300699353218079,
        "y": 0.7272242903709412,
        "z": 0.19135980308055878
    },
    "left_index": {
        "x": 0.7981790900230408,
        "y": 0.7306589484214783,
        "z": 0.06801144778728485
    },
    "right_index": {
        "x": 0.7331286072731018,
        "y": 0.7259122133255005,
        "z": 0.19028781354427338
    },
    "left_thumb": {
        "x": 0.7979269623756409,
        "y": 0.7309930324554443,
        "z": 0.06525127589702606
    },
    "right_thumb": {
        "x": 0.7362139225006104,
        "y": 0.7252981662750244,
        "z": 0.1830986738204956
    },
    "left_hip": {
        "x": 0.7545863389968872,
        "y": 0.7680594325065613,
        "z": -0.0235128290951252
    },
    "right_hip": {
        "x": 0.742184042930603,
        "y": 0.7463322877883911,
        "z": 0.0235695019364357
    },
    "left_knee": {
        "x": 0.6837026476860046,
        "y": 0.7946248650550842,
        "z": -0.08317964524030685
    },
    "right_knee": {
        "x": 0.6839656829833984,
        "y": 0.786264955997467,
        "z": -0.04322677478194237
    },
    "left_ankle": {
        "x": 0.6329414248466492,
        "y": 0.8575255274772644,
        "z": -0.1444397121667862
    },
    "right_ankle": {
        "x": 0.6328624486923218,
        "y": 0.8522292971611023,
        "z": -0.09512314200401306
    },
    "left_heel": {
        "x": 0.627836287021637,
        "y": 0.8806439638137817,
        "z": -0.14975851774215698
    },
    "right_heel": {
        "x": 0.6245190501213074,
        "y": 0.8802440762519836,
        "z": -0.10007824748754501
    },
    "left_foot_index": {
        "x": 0.5998790264129639,
        "y": 0.8587691187858582,
        "z": -0.18233351409435272
    },
    "right_foot_index": {
        "x": 0.6025811433792114,
        "y": 0.8527495861053467,
        "z": -0.12946774065494537
    }
}