{
    "nose": {
        "x": 0.5410593748092651,
        "y": 0.5121517777442932,
        "z": -0.4246237874031067
    },
    "left_eye_inner": {
        "x": 0.5478912591934204,
        "y": 0.5049869418144226,
        "z": -0.43587204813957214
    },
    "left_eye": {
        "x": 0.5508987307548523,
        "y": 0.5050244331359863,
        "z": -0.4357908368110657
    },
    "left_eye_outer": {
        "x": 0.5537130236625671,
        "y": 0.5049936175346375,
        "z": -0.4358716905117035
    },
    "right_eye_inner": {
        "x": 0.5410912036895752,
        "y": 0.49974697828292847,
        "z": -0.44061073660850525
    },
    "right_eye": {
        "x": 0.5389969348907471,
        "y": 0.496198832988739,
        "z": -0.44066962599754333
    },
    "right_eye_outer": {
        "x": 0.5368372201919556,
        "y": 0.49268627166748047,
        "z": -0.4406910240650177
    },
    "left_ear": {
        "x": 0.5569660663604736,
        "y": 0.49470824003219604,
        "z": -0.3772374093532562
    },
    "right_ear": {
        "x": 0.5287951231002808,
        "y": 0.4765942692756653,
        "z": -0.399577796459198
    },
    "mouth_left": {
        "x": 0.5428117513656616,
        "y": 0.5147210955619812,
        "z": -0.39079490303993225
    },
    "mouth_right": {
        "x": 0.5352340936660767,
        "y": 0.5081315636634827,
        "z": -0.3979070782661438
    },
    "left_shoulder": {
        "x": 0.5728952884674072,
        "y": 0.47000858187675476,
        "z": -0.2805975079536438
    },
    "right_shoulder": {
        "x": 0.4883645176887512,
        "y": 0.45871850848197937,
        "z": -0.31345564126968384
    },
    "left_elbow": {
        "x": 0.6123042702674866,
        "y": 0.5261739492416382,
        "z": -0.3321952521800995
    },
    "right_elbow": {
        "x": 0.43628355860710144,
        "y": 0.5083796381950378,
        "z": -0.42024657130241394
    },
    "left_wrist": {
        "x": 0.6282786726951599,
        "y": 0.568810224533081,
        "z": -0.48402732610702515
    },
    "right_wrist": {
        "x": 0.4366365671157837,
        "y": 0.6124416589736938,
        "z": -0.5835819840431213
    },
    "left_pinky": {
        "x": 0.6354854106903076,
        "y": 0.5838373899459839,
        "z": -0.5197968482971191
    },
    "right_pinky": {
        "x": 0.4257933497428894,
        "y": 0.6288576126098633,
        "z": -0.6182647943496704
    },
    "left_index": {
        "x": 0.629784107208252,
        "y": 0.5813890099525452,
        "z": -0.5299674868583679
    },
    "right_index": {
        "x": 0.4398442506790161,
        "y": 0.631199300289154,
        "z": -0.6298484802246094
    },
    "left_thumb": {
        "x": 0.6242232918739319,
        "y": 0.5776609778404236,
        "z": -0.49188780784606934
    },
    "right_thumb": {
        "x": 0.44471976161003113,
        "y": 0.6269364953041077,
        "z": -0.5912490487098694
    },
    "left_hip": {
        "x": 0.5455776453018188,
        "y": 0.6103304028511047,
        "z": 0.018775586038827896
    },
    "right_hip": {
        "x": 0.5047485828399658,
        "y": 0.6307694911956787,
        "z": -0.018822062760591507
    },
    "left_knee": {
        "x": 0.5866709351539612,
        "y": 0.7065649032592773,
        "z": 0.09090407192707062
    },
    "right_knee": {
        "x": 0.5320941805839539,
        "y": 0.7469483017921448,
        "z": 0.0820559561252594
    },
    "left_ankle": {
        "x": 0.5851271152496338,
        "y": 0.7933899760246277,
        "z": 0.3223051130771637
    },
    "right_ankle": {
        "x": 0.548287034034729,
        "y": 0.8637704253196716,
        "z": 0.2811026871204376
    },
    "left_heel": {
        "x": 0.5760113000869751,
        "y": 0.809040904045105,
        "z": 0.3429490923881531
    },
    "right_heel": {
        "x": 0.5498098731040955,
        "y": 0.8724393844604492,
        "z": 0.2984467148780823
    },
    "left_foot_index": {
        "x": 0.5971900820732117,
        "y": 0.8467896580696106,
        "z": 0.2831500172615051
    },
    "right_foot_index": {
        "x": 0.5612374544143677,
        "y": 0.9261653423309326,
        "z": 0.22556304931640625
    }
}