{
    "nose": {
        "x": 0.34871581196784973,
        "y": 0.5795465111732483,
        "z": 0.14114469289779663
    },
    "left_eye_inner": {
        "x": 0.346599280834198,
        "y": 0.5771586894989014,
        "z": 0.157685324549675
    },
    "left_eye": {
        "x": 0.34623435139656067,
        "y": 0.5748767852783203,
        "z": 0.15770556032657623
    },
    "left_eye_outer": {
        "x": 0.3458046615123749,
        "y": 0.5743907690048218,
        "z": 0.15774714946746826
    },
    "right_eye_inner": {
        "x": 0.34522414207458496,
        "y": 0.5859315395355225,
        "z": 0.14673006534576416
    },
    "right_eye": {
        "x": 0.34496548771858215,
        "y": 0.5883792042732239,
        "z": 0.14672420918941498
    },
    "right_eye_outer": {
        "x": 0.3447261452674866,
        "y": 0.5907993912696838,
        "z": 0.14663287997245789
    },
    "left_ear": {
        "x": 0.3496207296848297,
        "y": 0.5805385708808899,
        "z": 0.2177751511335373
    },
    "right_ear": {
        "x": 0.3477007746696472,
        "y": 0.5988572239875793,
        "z": 0.16781198978424072
    },
    "mouth_left": {
        "x": 0.3538835644721985,
        "y": 0.5766931772232056,
        "z": 0.1613311916589737
    },
    "mouth_right": {
        "x": 0.35333675146102905,
        "y": 0.5840135216712952,
        "z": 0.14662772417068481
    },
    "left_shoulder": {
        "x": 0.3747720718383789,
        "y": 0.5600103139877319,
        "z": 0.21519608795642853
    },
    "right_shoulder": {
        "x": 0.3642861843109131,
        "y": 0.6196664571762085,
        "z": 0.12414903938770294
    },
    "left_elbow": {
        "x": 0.38990792632102966,
        "y": 0.5472705960273743,
        "z": 0.13664433360099792
    },
    "right_elbow": {
        "x": 0.3632121682167053,
        "y": 0.63102126121521,
        "z": -0.0169901791960001
    },
    "left_wrist": {
        "x": 0.3669138252735138,
        "y": 0.5381259322166443,
        "z": 0.06536915898323059
    },
    "right_wrist": {
        "x": 0.3465086817741394,
        "y": 0.5861014723777771,
        "z": -0.07916121929883957
    },
    "left_pinky": {
        "x": 0.3621877431869507,
        "y": 0.5426639318466187,
        "z": 0.05603440850973129
    },
    "right_pinky": {
        "x": 0.3377920985221863,
        "y": 0.5816271305084229,
        "z": -0.088003970682621
    },
    "left_index": {
        "x": 0.3605862557888031,
        "y": 0.5439761877059937,
        "z": 0.06491590291261673
    },
    "right_index": {
        "x": 0.33861830830574036,
        "y": 0.5805624127388,
        "z": -0.07208313047885895
    },
    "left_thumb": {
        "x": 0.3621565103530884,
        "y": 0.5497398376464844,
        "z": 0.06616396456956863
    },
    "right_thumb": {
        "x": 0.3424406945705414,
        "y": 0.5817132592201233,
        "z": -0.07257533818483353
    },
    "left_hip": {
        "x": 0.43374398350715637,
        "y": 0.5424926280975342,
        "z": 0.020259041339159012
    },
    "right_hip": {
        "x": 0.42844313383102417,
        "y": 0.5779578685760498,
        "z": -0.020405834540724754
    },
    "left_knee": {
        "x": 0.4382209777832031,
        "y": 0.5199590921401978,
        "z": -0.07263737916946411
    },
    "right_knee": {
        "x": 0.41018146276474,
        "y": 0.5591890215873718,
        "z": -0.15332694351673126
    },
    "left_ankle": {
        "x": 0.47803160548210144,
        "y": 0.5470722913742065,
        "z": -0.20612649619579315
    },
    "right_ankle": {
        "x": 0.4726749360561371,
        "y": 0.5568277835845947,
        "z": -0.28500986099243164
    },
    "left_heel": {
        "x": 0.48906272649765015,
        "y": 0.5590932369232178,
        "z": -0.22392329573631287
    },
    "right_heel": {
        "x": 0.4848569631576538,
        "y": 0.5566725134849548,
        "z": -0.30198103189468384
    },
    "left_foot_index": {
        "x": 0.48170673847198486,
        "y": 0.5554200410842896,
        "z": -0.26917949318885803
    },
    "right_foot_index": {
        "x": 0.4835831820964813,
        "y": 0.5478256344795227,
        "z": -0.35642096400260925
    }
}