{
    "nose": {
        "x": 0.31356281042099,
        "y": 0.004688441753387451,
        "z": 0.15176691114902496
    },
    "left_eye_inner": {
        "x": 0.31066209077835083,
        "y": -0.004569411277770996,
        "z": 0.12538304924964905
    },
    "left_eye": {
        "x": 0.3079555332660675,
        "y": -0.004494071006774902,
        "z": 0.12538065016269684
    },
    "left_eye_outer": {
        "x": 0.3052539527416229,
        "y": -0.004422932863235474,
        "z": 0.1253540813922882
    },
    "right_eye_inner": {
        "x": 0.31734412908554077,
        "y": -0.004535764455795288,
        "z": 0.12667346000671387
    },
    "right_eye": {
        "x": 0.3191998600959778,
        "y": -0.004494041204452515,
        "z": 0.1266711801290512
    },
    "right_eye_outer": {
        "x": 0.321109414100647,
        "y": -0.004561096429824829,
        "z": 0.12659665942192078
    },
    "left_ear": {
        "x": 0.30074411630630493,
        "y": 0.0014535188674926758,
        "z": 0.03904419392347336
    },
    "right_ear": {
        "x": 0.3236504793167114,
        "y": 0.002707839012145996,
        "z": 0.04504401981830597
    },
    "mouth_left": {
        "x": 0.3090780973434448,
        "y": 0.013382881879806519,
        "z": 0.12692764401435852
    },
    "mouth_right": {
        "x": 0.316480815410614,
        "y": 0.013728231191635132,
        "z": 0.12850405275821686
    },
    "left_shoulder": {
        "x": 0.2699499726295471,
        "y": 0.06564156711101532,
        "z": -0.003609864041209221
    },
    "right_shoulder": {
        "x": 0.3438197672367096,
        "y": 0.07502545416355133,
        "z": 0.008745778352022171
    },
    "left_elbow": {
        "x": 0.2444107085466385,
        "y": 0.1487625539302826,
        "z": 0.05963227152824402
    },
    "right_elbow": {
        "x": 0.36540621519088745,
        "y": 0.16580364108085632,
        "z": 0.08823375403881073
    },
    "left_wrist": {
        "x": 0.2639448940753937,
        "y": 0.16159957647323608,
        "z": 0.1898537129163742
    },
    "right_wrist": {
        "x": 0.3428359627723694,
        "y": 0.1698945313692093,
        "z": 0.237958163022995
    },
    "left_pinky": {
        "x": 0.26612353324890137,
        "y": 0.17007523775100708,
        "z": 0.20398978888988495
    },
    "right_pinky": {
        "x": 0.33499351143836975,
        "y": 0.18104292452335358,
        "z": 0.2610575258731842
    },
    "left_index": {
        "x": 0.2724339962005615,
        "y": 0.16326597332954407,
        "z": 0.20714682340621948
    },
    "right_index": {
        "x": 0.3312680721282959,
        "y": 0.17314204573631287,
        "z": 0.25925150513648987
    },
    "left_thumb": {
        "x": 0.27316728234291077,
        "y": 0.16114386916160583,
        "z": 0.19450433552265167
    },
    "right_thumb": {
        "x": 0.333734393119812,
        "y": 0.16304534673690796,
        "z": 0.2414950728416443
    },
    "left_hip": {
        "x": 0.2805221974849701,
        "y": 0.24843282997608185,
        "z": -0.0027207029052078724
    },
    "right_hip": {
        "x": 0.3170827627182007,
        "y": 0.2538723349571228,
        "z": 0.0026075018104165792
    },
    "left_knee": {
        "x": 0.273663192987442,
        "y": 0.37400227785110474,
        "z": 0.07339520752429962
    },
    "right_knee": {
        "x": 0.3096628785133362,
        "y": 0.38177281618118286,
        "z": 0.08985896408557892
    },
    "left_ankle": {
        "x": 0.2725389301776886,
        "y": 0.487826406955719,
        "z": 0.13353359699249268
    },
    "right_ankle": {
        "x": 0.301390677690506,
        "y": 0.49956047534942627,
        "z": 0.1613246202468872
    },
    "left_heel": {
        "x": 0.2735166847705841,
        "y": 0.5083127617835999,
        "z": 0.140840545296669
    },
    "right_heel": {
        "x": 0.29673585295677185,
        "y": 0.5247288346290588,
        "z": 0.16954578459262848
    },
    "left_foot_index": {
        "x": 0.2734752893447876,
        "y": 0.4773672819137573,
        "z": 0.15109089016914368
    },
    "right_foot_index": {
        "x": 0.3101598024368286,
        "y": 0.49508053064346313,
        "z": 0.1746755987405777
    }
}