{
    "nose": {
        "x": 0.3259822130203247,
        "y": 0.009021848440170288,
        "z": 0.17867764830589294
    },
    "left_eye_inner": {
        "x": 0.3242815434932709,
        "y": 0.00036385655403137207,
        "z": 0.15566332638263702
    },
    "left_eye": {
        "x": 0.3221840560436249,
        "y": 0.00011551380157470703,
        "z": 0.15567176043987274
    },
    "left_eye_outer": {
        "x": 0.31992894411087036,
        "y": -6.708502769470215e-05,
        "z": 0.15567871928215027
    },
    "right_eye_inner": {
        "x": 0.3294539749622345,
        "y": 0.0008885860443115234,
        "z": 0.15263697504997253
    },
    "right_eye": {
        "x": 0.3311886191368103,
        "y": 0.0010463595390319824,
        "z": 0.15263640880584717
    },
    "right_eye_outer": {
        "x": 0.3329917788505554,
        "y": 0.0012356340885162354,
        "z": 0.15257574617862701
    },
    "left_ear": {
        "x": 0.3148691654205322,
        "y": 0.0029619336128234863,
        "z": 0.07614091783761978
    },
    "right_ear": {
        "x": 0.3353545367717743,
        "y": 0.00593140721321106,
        "z": 0.0625695139169693
    },
    "mouth_left": {
        "x": 0.3229191303253174,
        "y": 0.015615761280059814,
        "z": 0.1559922993183136
    },
    "mouth_right": {
        "x": 0.3280082046985626,
        "y": 0.016597121953964233,
        "z": 0.15173858404159546
    },
    "left_shoulder": {
        "x": 0.27760830521583557,
        "y": 0.06092400848865509,
        "z": 0.020581571385264397
    },
    "right_shoulder": {
        "x": 0.3490416705608368,
        "y": 0.07461117208003998,
        "z": 0.010046310722827911
    },
    "left_elbow": {
        "x": 0.2435878962278366,
        "y": 0.13599486649036407,
        "z": 0.01885451003909111
    },
    "right_elbow": {
        "x": 0.36642009019851685,
        "y": 0.15987148880958557,
        "z": 0.047543760389089584
    },
    "left_wrist": {
        "x": 0.2581542432308197,
        "y": 0.19960278272628784,
        "z": 0.06746290624141693
    },
    "right_wrist": {
        "x": 0.3492979109287262,
        "y": 0.2198781967163086,
        "z": 0.15483668446540833
    },
    "left_pinky": {
        "x": 0.25924569368362427,
        "y": 0.21473850309848785,
        "z": 0.06858008354902267
    },
    "right_pinky": {
        "x": 0.34554600715637207,
        "y": 0.23323693871498108,
        "z": 0.16848787665367126
    },
    "left_index": {
        "x": 0.2658151686191559,
        "y": 0.20937247574329376,
        "z": 0.07373178005218506
    },
    "right_index": {
        "x": 0.3407050669193268,
        "y": 0.2275955080986023,
        "z": 0.16978105902671814
    },
    "left_thumb": {
        "x": 0.26699328422546387,
        "y": 0.203266903758049,
        "z": 0.0702015608549118
    },
    "right_thumb": {
        "x": 0.340671569108963,
        "y": 0.2217261791229248,
        "z": 0.1586807370185852
    },
    "left_hip": {
        "x": 0.2819167375564575,
        "y": 0.244313046336174,
        "z": 0.00278525915928185
    },
    "right_hip": {
        "x": 0.3176916837692261,
        "y": 0.24962037801742554,
        "z": -0.002999670570716262
    },
    "left_knee": {
        "x": 0.27588003873825073,
        "y": 0.3722442090511322,
        "z": 0.09187024086713791
    },
    "right_knee": {
        "x": 0.3089997470378876,
        "y": 0.37494346499443054,
        "z": 0.09800583124160767
    },
    "left_ankle": {
        "x": 0.27346134185791016,
        "y": 0.48582446575164795,
        "z": 0.16856242716312408
    },
    "right_ankle": {
        "x": 0.3041474521160126,
        "y": 0.49612417817115784,
        "z": 0.19183535873889923
    },
    "left_heel": {
        "x": 0.2728310525417328,
        "y": 0.5035179257392883,
        "z": 0.17764681577682495
    },
    "right_heel": {
        "x": 0.30014362931251526,
        "y": 0.5152082443237305,
        "z": 0.2023257315158844
    },
    "left_foot_index": {
        "x": 0.26445505023002625,
        "y": 0.48226702213287354,
        "z": 0.17637009918689728
    },
    "right_foot_index": {
        "x": 0.3172714114189148,
        "y": 0.49695655703544617,
        "z": 0.19737903773784637
    }
}