{
    "nose": {
        "x": 0.6595569849014282,
        "y": 0.602736234664917,
        "z": 0.055609025061130524
    },
    "left_eye_inner": {
        "x": 0.6603929400444031,
        "y": 0.5941387414932251,
        "z": 0.0664486438035965
    },
    "left_eye": {
        "x": 0.6599209308624268,
        "y": 0.5933970212936401,
        "z": 0.06642579287290573
    },
    "left_eye_outer": {
        "x": 0.6593874096870422,
        "y": 0.5925961136817932,
        "z": 0.06641265749931335
    },
    "right_eye_inner": {
        "x": 0.6600624918937683,
        "y": 0.5936415195465088,
        "z": 0.04245619475841522
    },
    "right_eye": {
        "x": 0.6594446301460266,
        "y": 0.5927160382270813,
        "z": 0.04241716489195824
    },
    "right_eye_outer": {
        "x": 0.6587733626365662,
        "y": 0.5916327238082886,
        "z": 0.04239113628864288
    },
    "left_ear": {
        "x": 0.6521334648132324,
        "y": 0.5877672433853149,
        "z": 0.11113663762807846
    },
    "right_ear": {
        "x": 0.6512997150421143,
        "y": 0.5853710174560547,
        "z": 0.002957174787297845
    },
    "mouth_left": {
        "x": 0.6549904346466064,
        "y": 0.6073287129402161,
        "z": 0.07324597239494324
    },
    "mouth_right": {
        "x": 0.6546362042427063,
        "y": 0.6070009469985962,
        "z": 0.04168648272752762
    },
    "left_shoulder": {
        "x": 0.6332104802131653,
        "y": 0.6219449639320374,
        "z": 0.17499278485774994
    },
    "right_shoulder": {
        "x": 0.6343024373054504,
        "y": 0.6092194318771362,
        "z": -0.07697602361440659
    },
    "left_elbow": {
        "x": 0.6745970845222473,
        "y": 0.6531962752342224,
        "z": 0.20239339768886566
    },
    "right_elbow": {
        "x": 0.678585946559906,
        "y": 0.6477699875831604,
        "z": -0.10253163427114487
    },
    "left_wrist": {
        "x": 0.7163614630699158,
        "y": 0.6529098153114319,
        "z": 0.15638336539268494
    },
    "right_wrist": {
        "x": 0.7195757031440735,
        "y": 0.6447685360908508,
        "z": -0.03266550600528717
    },
    "left_pinky": {
        "x": 0.7276980876922607,
        "y": 0.6533121466636658,
        "z": 0.15833213925361633
    },
    "right_pinky": {
        "x": 0.732832133769989,
        "y": 0.6465942859649658,
        "z": -0.043638620525598526
    },
    "left_index": {
        "x": 0.7300955057144165,
        "y": 0.6491217017173767,
        "z": 0.1412101835012436
    },
    "right_index": {
        "x": 0.7351936101913452,
        "y": 0.6408544778823853,
        "z": -0.032353535294532776
    },
    "left_thumb": {
        "x": 0.7251042127609253,
        "y": 0.6484755873680115,
        "z": 0.1462687849998474
    },
    "right_thumb": {
        "x": 0.7309863567352295,
        "y": 0.6396191120147705,
        "z": -0.02622542530298233
    },
    "left_hip": {
        "x": 0.6229316592216492,
        "y": 0.7527110576629639,
        "z": 0.08452267944812775
    },
    "right_hip": {
        "x": 0.6209669709205627,
        "y": 0.756455659866333,
        "z": -0.08443262428045273
    },
    "left_knee": {
        "x": 0.6944065690040588,
        "y": 0.7251525521278381,
        "z": 0.08404353260993958
    },
    "right_knee": {
        "x": 0.6974937319755554,
        "y": 0.7298199534416199,
        "z": -0.11255708336830139
    },
    "left_ankle": {
        "x": 0.7111360430717468,
        "y": 0.8367219567298889,
        "z": 0.10886452347040176
    },
    "right_ankle": {
        "x": 0.7156739234924316,
        "y": 0.8541030287742615,
        "z": -0.08491519838571548
    },
    "left_heel": {
        "x": 0.7045407891273499,
        "y": 0.8609980344772339,
        "z": 0.10936925560235977
    },
    "right_heel": {
        "x": 0.7084980607032776,
        "y": 0.8821164965629578,
        "z": -0.08014877140522003
    },
    "left_foot_index": {
        "x": 0.7395855188369751,
        "y": 0.8438148498535156,
        "z": 0.09504366666078568
    },
    "right_foot_index": {
        "x": 0.744564414024353,
        "y": 0.8670992255210876,
        "z": -0.08373966068029404
    }
}