{
    "nose": {
        "x": 0.7277167439460754,
        "y": 0.5759430527687073,
        "z": -0.020592207089066505
    },
    "left_eye_inner": {
        "x": 0.7277377843856812,
        "y": 0.564758837223053,
        "z": -0.014069336466491222
    },
    "left_eye": {
        "x": 0.7269324660301208,
        "y": 0.5640115141868591,
        "z": -0.014118015766143799
    },
    "left_eye_outer": {
        "x": 0.7259482741355896,
        "y": 0.563040018081665,
        "z": -0.014126023277640343
    },
    "right_eye_inner": {
        "x": 0.7277597784996033,
        "y": 0.5643714666366577,
        "z": -0.039544325321912766
    },
    "right_eye": {
        "x": 0.7271741628646851,
        "y": 0.5636216402053833,
        "z": -0.039577264338731766
    },
    "right_eye_outer": {
        "x": 0.7264209985733032,
        "y": 0.5627580881118774,
        "z": -0.0395897775888443
    },
    "left_ear": {
        "x": 0.7182520031929016,
        "y": 0.5609229803085327,
        "z": 0.02675250917673111
    },
    "right_ear": {
        "x": 0.7188233733177185,
        "y": 0.5618063807487488,
        "z": -0.08775882422924042
    },
    "mouth_left": {
        "x": 0.7219297289848328,
        "y": 0.5823880434036255,
        "z": -0.00247517554089427
    },
    "mouth_right": {
        "x": 0.7215178608894348,
        "y": 0.5823198556900024,
        "z": -0.03559589758515358
    },
    "left_shoulder": {
        "x": 0.6858984231948853,
        "y": 0.601582944393158,
        "z": 0.1085224598646164
    },
    "right_shoulder": {
        "x": 0.7005151510238647,
        "y": 0.6052499413490295,
        "z": -0.14996229112148285
    },
    "left_elbow": {
        "x": 0.7139375805854797,
        "y": 0.6533163785934448,
        "z": 0.15430839359760284
    },
    "right_elbow": {
        "x": 0.733844518661499,
        "y": 0.6751879453659058,
        "z": -0.1456899493932724
    },
    "left_wrist": {
        "x": 0.7548720836639404,
        "y": 0.6553558111190796,
        "z": 0.09917809814214706
    },
    "right_wrist": {
        "x": 0.7633678913116455,
        "y": 0.6377905011177063,
        "z": -0.037944246083498
    },
    "left_pinky": {
        "x": 0.7704967260360718,
        "y": 0.6424571871757507,
        "z": 0.09395302087068558
    },
    "right_pinky": {
        "x": 0.7763151526451111,
        "y": 0.6400420069694519,
        "z": -0.04614634066820145
    },
    "left_index": {
        "x": 0.770516037940979,
        "y": 0.6382264494895935,
        "z": 0.0770491361618042
    },
    "right_index": {
        "x": 0.7756927609443665,
        "y": 0.6350293755531311,
        "z": -0.04273967444896698
    },
    "left_thumb": {
        "x": 0.763043999671936,
        "y": 0.6497093439102173,
        "z": 0.08866879343986511
    },
    "right_thumb": {
        "x": 0.7714149951934814,
        "y": 0.6341512203216553,
        "z": -0.03322165459394455
    },
    "left_hip": {
        "x": 0.6664459705352783,
        "y": 0.7552193999290466,
        "z": 0.08814181387424469
    },
    "right_hip": {
        "x": 0.6654717326164246,
        "y": 0.7677996754646301,
        "z": -0.08803727477788925
    },
    "left_knee": {
        "x": 0.7353551983833313,
        "y": 0.7651410698890686,
        "z": 0.17988723516464233
    },
    "right_knee": {
        "x": 0.744171142578125,
        "y": 0.7799712419509888,
        "z": -0.11535555869340897
    },
    "left_ankle": {
        "x": 0.7135094404220581,
        "y": 0.8642606735229492,
        "z": 0.27630478143692017
    },
    "right_ankle": {
        "x": 0.7093393206596375,
        "y": 0.902369499206543,
        "z": -0.058214832097291946
    },
    "left_heel": {
        "x": 0.7003980875015259,
        "y": 0.8771362900733948,
        "z": 0.2851918637752533
    },
    "right_heel": {
        "x": 0.6954335570335388,
        "y": 0.9206610918045044,
        "z": -0.049998313188552856
    },
    "left_foot_index": {
        "x": 0.7360859513282776,
        "y": 0.8894670605659485,
        "z": 0.2888125479221344
    },
    "right_foot_index": {
        "x": 0.7378436923027039,
        "y": 0.9243776798248291,
        "z": -0.04908321797847748
    }
}