{
    "nose": {
        "x": 0.4400256872177124,
        "y": 0.6396340131759644,
        "z": -0.08542298525571823
    },
    "left_eye_inner": {
        "x": 0.4425642788410187,
        "y": 0.627763569355011,
        "z": -0.08938398957252502
    },
    "left_eye": {
        "x": 0.4418613314628601,
        "y": 0.6264843344688416,
        "z": -0.08942907303571701
    },
    "left_eye_outer": {
        "x": 0.4405350089073181,
        "y": 0.6229565143585205,
        "z": -0.08947642147541046
    },
    "right_eye_inner": {
        "x": 0.4423165023326874,
        "y": 0.628579318523407,
        "z": -0.11081062257289886
    },
    "right_eye": {
        "x": 0.4415270984172821,
        "y": 0.6280053853988647,
        "z": -0.11088762432336807
    },
    "right_eye_outer": {
        "x": 0.44031161069869995,
        "y": 0.6274077892303467,
        "z": -0.11105067282915115
    },
    "left_ear": {
        "x": 0.42931637167930603,
        "y": 0.6154298186302185,
        "z": -0.07988069951534271
    },
    "right_ear": {
        "x": 0.4291137456893921,
        "y": 0.6226847767829895,
        "z": -0.1746542602777481
    },
    "mouth_left": {
        "x": 0.4292936623096466,
        "y": 0.6401844620704651,
        "z": -0.0750398114323616
    },
    "mouth_right": {
        "x": 0.4286583960056305,
        "y": 0.6411210298538208,
        "z": -0.10282870382070541
    },
    "left_shoulder": {
        "x": 0.3876064419746399,
        "y": 0.6148226857185364,
        "z": -0.007725255563855171
    },
    "right_shoulder": {
        "x": 0.401628315448761,
        "y": 0.6520290374755859,
        "z": -0.22744183242321014
    },
    "left_elbow": {
        "x": 0.3871462643146515,
        "y": 0.7200410962104797,
        "z": 0.02460026741027832
    },
    "right_elbow": {
        "x": 0.42595499753952026,
        "y": 0.7579987049102783,
        "z": -0.24290123581886292
    },
    "left_wrist": {
        "x": 0.41209959983825684,
        "y": 0.8034126162528992,
        "z": -0.008059793151915073
    },
    "right_wrist": {
        "x": 0.46819669008255005,
        "y": 0.8538616895675659,
        "z": -0.2332509607076645
    },
    "left_pinky": {
        "x": 0.417826771736145,
        "y": 0.8217434287071228,
        "z": -0.003869852516800165
    },
    "right_pinky": {
        "x": 0.477004736661911,
        "y": 0.8721486926078796,
        "z": -0.2639613747596741
    },
    "left_index": {
        "x": 0.4248768091201782,
        "y": 0.8236121535301208,
        "z": -0.026087993755936623
    },
    "right_index": {
        "x": 0.4801675081253052,
        "y": 0.8691875338554382,
        "z": -0.2613389790058136
    },
    "left_thumb": {
        "x": 0.4219571053981781,
        "y": 0.8184207677841187,
        "z": -0.017799440771341324
    },
    "right_thumb": {
        "x": 0.47542667388916016,
        "y": 0.8603371381759644,
        "z": -0.23276491463184357
    },
    "left_hip": {
        "x": 0.3974255323410034,
        "y": 0.8074188232421875,
        "z": 0.0713835135102272
    },
    "right_hip": {
        "x": 0.3935885727405548,
        "y": 0.8365327715873718,
        "z": -0.07137610763311386
    },
    "left_knee": {
        "x": 0.46519410610198975,
        "y": 0.8812681436538696,
        "z": 0.08972447365522385
    },
    "right_knee": {
        "x": 0.48198041319847107,
        "y": 0.9061673283576965,
        "z": -0.10228189826011658
    },
    "left_ankle": {
        "x": 0.4202343225479126,
        "y": 0.863766610622406,
        "z": 0.20617784559726715
    },
    "right_ankle": {
        "x": 0.420662522315979,
        "y": 0.8868116140365601,
        "z": 0.10816475003957748
    },
    "left_heel": {
        "x": 0.4161866009235382,
        "y": 0.8500654697418213,
        "z": 0.21520467102527618
    },
    "right_heel": {
        "x": 0.4125172793865204,
        "y": 0.8698016405105591,
        "z": 0.13254213333129883
    },
    "left_foot_index": {
        "x": 0.4027975797653198,
        "y": 0.8699981570243835,
        "z": 0.2625313103199005
    },
    "right_foot_index": {
        "x": 0.40323588252067566,
        "y": 0.8913480043411255,
        "z": 0.20913583040237427
    }
}