{
    "nose": {
        "x": 0.4245028793811798,
        "y": 0.5948010683059692,
        "z": -0.3300480246543884
    },
    "left_eye_inner": {
        "x": 0.42650431394577026,
        "y": 0.581952691078186,
        "z": -0.3307099938392639
    },
    "left_eye": {
        "x": 0.4260791540145874,
        "y": 0.580678403377533,
        "z": -0.33067554235458374
    },
    "left_eye_outer": {
        "x": 0.4255429804325104,
        "y": 0.5793184041976929,
        "z": -0.3306719660758972
    },
    "right_eye_inner": {
        "x": 0.4258168339729309,
        "y": 0.5828511714935303,
        "z": -0.3479716181755066
    },
    "right_eye": {
        "x": 0.42495521903038025,
        "y": 0.5819846987724304,
        "z": -0.34806883335113525
    },
    "right_eye_outer": {
        "x": 0.4238111972808838,
        "y": 0.5811992883682251,
        "z": -0.34820911288261414
    },
    "left_ear": {
        "x": 0.4179915487766266,
        "y": 0.5713288187980652,
        "z": -0.2895433306694031
    },
    "right_ear": {
        "x": 0.4159108102321625,
        "y": 0.575455904006958,
        "z": -0.36785373091697693
    },
    "mouth_left": {
        "x": 0.4195457100868225,
        "y": 0.5991047024726868,
        "z": -0.3077637553215027
    },
    "mouth_right": {
        "x": 0.4189089834690094,
        "y": 0.5990576148033142,
        "z": -0.3307674825191498
    },
    "left_shoulder": {
        "x": 0.3958917558193207,
        "y": 0.5524992346763611,
        "z": -0.1876813769340515
    },
    "right_shoulder": {
        "x": 0.3893578350543976,
        "y": 0.6189722418785095,
        "z": -0.3238741159439087
    },
    "left_elbow": {
        "x": 0.3878025710582733,
        "y": 0.5853140950202942,
        "z": -0.059647336602211
    },
    "right_elbow": {
        "x": 0.39474713802337646,
        "y": 0.7095001339912415,
        "z": -0.32211121916770935
    },
    "left_wrist": {
        "x": 0.39083126187324524,
        "y": 0.6099515557289124,
        "z": -0.0043640900403261185
    },
    "right_wrist": {
        "x": 0.44403690099716187,
        "y": 0.7937315702438354,
        "z": -0.3247157633304596
    },
    "left_pinky": {
        "x": 0.3893764615058899,
        "y": 0.6121856570243835,
        "z": 0.004493901040405035
    },
    "right_pinky": {
        "x": 0.4524896740913391,
        "y": 0.817387580871582,
        "z": -0.3517354726791382
    },
    "left_index": {
        "x": 0.3912380337715149,
        "y": 0.6141211986541748,
        "z": -0.012471545487642288
    },
    "right_index": {
        "x": 0.4588926434516907,
        "y": 0.813430905342102,
        "z": -0.3559465706348419
    },
    "left_thumb": {
        "x": 0.3922721743583679,
        "y": 0.615338146686554,
        "z": -0.00855025090277195
    },
    "right_thumb": {
        "x": 0.45743781328201294,
        "y": 0.8065231442451477,
        "z": -0.32635974884033203
    },
    "left_hip": {
        "x": 0.38468384742736816,
        "y": 0.6389381289482117,
        "z": 0.04008479416370392
    },
    "right_hip": {
        "x": 0.37236031889915466,
        "y": 0.6748542189598083,
        "z": -0.039964836090803146
    },
    "left_knee": {
        "x": 0.40093958377838135,
        "y": 0.5851675868034363,
        "z": 0.08094432204961777
    },
    "right_knee": {
        "x": 0.3765963017940521,
        "y": 0.6213752031326294,
        "z": 0.020299091935157776
    },
    "left_ankle": {
        "x": 0.4263078570365906,
        "y": 0.5863076448440552,
        "z": 0.2665455937385559
    },
    "right_ankle": {
        "x": 0.40814465284347534,
        "y": 0.601471483707428,
        "z": 0.1987374722957611
    },
    "left_heel": {
        "x": 0.43082794547080994,
        "y": 0.5959265232086182,
        "z": 0.2856447100639343
    },
    "right_heel": {
        "x": 0.41285091638565063,
        "y": 0.6075995564460754,
        "z": 0.2164934277534485
    },
    "left_foot_index": {
        "x": 0.4328910708427429,
        "y": 0.5584399700164795,
        "z": 0.2631306052207947
    },
    "right_foot_index": {
        "x": 0.42069998383522034,
        "y": 0.5724155306816101,
        "z": 0.18949812650680542
    }
}