{
    "nose": {
        "x": 0.701541543006897,
        "y": 0.5256035923957825,
        "z": 0.19868916273117065
    },
    "left_eye_inner": {
        "x": 0.6986725330352783,
        "y": 0.5169733166694641,
        "z": 0.1870892345905304
    },
    "left_eye": {
        "x": 0.6966713666915894,
        "y": 0.5168878436088562,
        "z": 0.18712139129638672
    },
    "left_eye_outer": {
        "x": 0.6944283843040466,
        "y": 0.5161925554275513,
        "z": 0.18711800873279572
    },
    "right_eye_inner": {
        "x": 0.7037620544433594,
        "y": 0.5175179243087769,
        "z": 0.1861495077610016
    },
    "right_eye": {
        "x": 0.7053302526473999,
        "y": 0.5176194310188293,
        "z": 0.18615522980690002
    },
    "right_eye_outer": {
        "x": 0.7068490386009216,
        "y": 0.5175575017929077,
        "z": 0.18613480031490326
    },
    "left_ear": {
        "x": 0.6902334094047546,
        "y": 0.5235897898674011,
        "z": 0.13032621145248413
    },
    "right_ear": {
        "x": 0.7078587412834167,
        "y": 0.5228577852249146,
        "z": 0.12677690386772156
    },
    "mouth_left": {
        "x": 0.6957447528839111,
        "y": 0.5385210514068604,
        "z": 0.18003804981708527
    },
    "mouth_right": {
        "x": 0.7016152739524841,
        "y": 0.5391710996627808,
        "z": 0.17906445264816284
    },
    "left_shoulder": {
        "x": 0.6663024425506592,
        "y": 0.5760477185249329,
        "z": 0.08950287848711014
    },
    "right_shoulder": {
        "x": 0.7224032878875732,
        "y": 0.580120325088501,
        "z": 0.0834159180521965
    },
    "left_elbow": {
        "x": 0.6644941568374634,
        "y": 0.6367830634117126,
        "z": 0.11492811143398285
    },
    "right_elbow": {
        "x": 0.7435417175292969,
        "y": 0.6350008845329285,
        "z": 0.05730414763092995
    },
    "left_wrist": {
        "x": 0.6821166276931763,
        "y": 0.6572415828704834,
        "z": 0.16484707593917847
    },
    "right_wrist": {
        "x": 0.7546449303627014,
        "y": 0.6744063496589661,
        "z": 0.039206743240356445
    },
    "left_pinky": {
        "x": 0.6827115416526794,
        "y": 0.6606637835502625,
        "z": 0.16417305171489716
    },
    "right_pinky": {
        "x": 0.7587956190109253,
        "y": 0.6899149417877197,
        "z": 0.02934400737285614
    },
    "left_index": {
        "x": 0.6877242922782898,
        "y": 0.6573058366775513,
        "z": 0.1656929850578308
    },
    "right_index": {
        "x": 0.7567479610443115,
        "y": 0.6864871978759766,
        "z": 0.032278258353471756
    },
    "left_thumb": {
        "x": 0.6892058849334717,
        "y": 0.6574817299842834,
        "z": 0.16621360182762146
    },
    "right_thumb": {
        "x": 0.7521090507507324,
        "y": 0.682357907295227,
        "z": 0.03900107368826866
    },
    "left_hip": {
        "x": 0.672808051109314,
        "y": 0.691847026348114,
        "z": -0.015253640711307526
    },
    "right_hip": {
        "x": 0.7029457688331604,
        "y": 0.6998266577720642,
        "z": 0.01513755414634943
    },
    "left_knee": {
        "x": 0.643123984336853,
        "y": 0.7011175751686096,
        "z": 0.08614115417003632
    },
    "right_knee": {
        "x": 0.680060625076294,
        "y": 0.7322363257408142,
        "z": 0.1588137447834015
    },
    "left_ankle": {
        "x": 0.6274936199188232,
        "y": 0.7860091924667358,
        "z": 0.06631165742874146
    },
    "right_ankle": {
        "x": 0.6625267863273621,
        "y": 0.8075305223464966,
        "z": 0.1489069014787674
    },
    "left_heel": {
        "x": 0.6215007901191711,
        "y": 0.8082231283187866,
        "z": 0.06370951235294342
    },
    "right_heel": {
        "x": 0.6679258942604065,
        "y": 0.8216488361358643,
        "z": 0.14587168395519257
    },
    "left_foot_index": {
        "x": 0.610082745552063,
        "y": 0.7983194589614868,
        "z": 0.056709691882133484
    },
    "right_foot_index": {
        "x": 0.6558711528778076,
        "y": 0.8231950402259827,
        "z": 0.13607558608055115
    }
}