{
    "nose": {
        "x": 0.302055686712265,
        "y": 0.6757887005805969,
        "z": 0.036408498883247375
    },
    "left_eye_inner": {
        "x": 0.29376688599586487,
        "y": 0.680050253868103,
        "z": 0.005662287585437298
    },
    "left_eye": {
        "x": 0.2938718795776367,
        "y": 0.6848844289779663,
        "z": 0.005672052036970854
    },
    "left_eye_outer": {
        "x": 0.2941107749938965,
        "y": 0.6896273493766785,
        "z": 0.005688953213393688
    },
    "right_eye_inner": {
        "x": 0.2936670482158661,
        "y": 0.6677488088607788,
        "z": 0.015107797458767891
    },
    "right_eye": {
        "x": 0.29393675923347473,
        "y": 0.6644330620765686,
        "z": 0.015162915922701359
    },
    "right_eye_outer": {
        "x": 0.29453226923942566,
        "y": 0.6617390513420105,
        "z": 0.015139587223529816
    },
    "left_ear": {
        "x": 0.29739511013031006,
        "y": 0.689706563949585,
        "z": -0.0828482136130333
    },
    "right_ear": {
        "x": 0.29993265867233276,
        "y": 0.6582342386245728,
        "z": -0.04093458503484726
    },
    "mouth_left": {
        "x": 0.3101775050163269,
        "y": 0.6837078928947449,
        "z": 0.012365237809717655
    },
    "mouth_right": {
        "x": 0.3106640875339508,
        "y": 0.668041467666626,
        "z": 0.024324143305420876
    },
    "left_shoulder": {
        "x": 0.34118711948394775,
        "y": 0.7466180920600891,
        "z": -0.12794122099876404
    },
    "right_shoulder": {
        "x": 0.3560652434825897,
        "y": 0.6079658269882202,
        "z": -0.02744053304195404
    },
    "left_elbow": {
        "x": 0.3378026485443115,
        "y": 0.8547525405883789,
        "z": -0.053139034658670425
    },
    "right_elbow": {
        "x": 0.41796454787254333,
        "y": 0.6143040060997009,
        "z": 0.11713472008705139
    },
    "left_wrist": {
        "x": 0.2838550806045532,
        "y": 0.8615740537643433,
        "z": 0.10016770660877228
    },
    "right_wrist": {
        "x": 0.42528679966926575,
        "y": 0.6362441182136536,
        "z": 0.2929917573928833
    },
    "left_pinky": {
        "x": 0.27244144678115845,
        "y": 0.8671852350234985,
        "z": 0.0996047705411911
    },
    "right_pinky": {
        "x": 0.43087443709373474,
        "y": 0.6454355716705322,
        "z": 0.31207898259162903
    },
    "left_index": {
        "x": 0.27134549617767334,
        "y": 0.8532062768936157,
        "z": 0.10068120062351227
    },
    "right_index": {
        "x": 0.42617520689964294,
        "y": 0.6488862633705139,
        "z": 0.3009030222892761
    },
    "left_thumb": {
        "x": 0.2767549157142639,
        "y": 0.8483825922012329,
        "z": 0.10398454964160919
    },
    "right_thumb": {
        "x": 0.4242917001247406,
        "y": 0.6486939191818237,
        "z": 0.2933231294155121
    },
    "left_hip": {
        "x": 0.48207610845565796,
        "y": 0.7229634523391724,
        "z": -0.03342811018228531
    },
    "right_hip": {
        "x": 0.48758018016815186,
        "y": 0.6425869464874268,
        "z": 0.033274371176958084
    },
    "left_knee": {
        "x": 0.5307677984237671,
        "y": 0.7238503098487854,
        "z": 0.15156593918800354
    },
    "right_knee": {
        "x": 0.5448903441429138,
        "y": 0.6772735118865967,
        "z": 0.22891660034656525
    },
    "left_ankle": {
        "x": 0.6057665348052979,
        "y": 0.6995216608047485,
        "z": 0.33121031522750854
    },
    "right_ankle": {
        "x": 0.6109015345573425,
        "y": 0.6854822039604187,
        "z": 0.419297456741333
    },
    "left_heel": {
        "x": 0.6218873858451843,
        "y": 0.6899541020393372,
        "z": 0.3521060049533844
    },
    "right_heel": {
        "x": 0.6244110465049744,
        "y": 0.6875725388526917,
        "z": 0.4421887695789337
    },
    "left_foot_index": {
        "x": 0.6078343391418457,
        "y": 0.7084466218948364,
        "z": 0.36180028319358826
    },
    "right_foot_index": {
        "x": 0.617699384689331,
        "y": 0.6932637691497803,
        "z": 0.45412933826446533
    }
}