{
    "nose": {
        "x": 0.5479759573936462,
        "y": 0.6195663809776306,
        "z": -0.1273987591266632
    },
    "left_eye_inner": {
        "x": 0.5498220920562744,
        "y": 0.6145065426826477,
        "z": -0.13334660232067108
    },
    "left_eye": {
        "x": 0.5506011247634888,
        "y": 0.614562451839447,
        "z": -0.13336598873138428
    },
    "left_eye_outer": {
        "x": 0.5515624284744263,
        "y": 0.614477276802063,
        "z": -0.13340680301189423
    },
    "right_eye_inner": {
        "x": 0.5488855838775635,
        "y": 0.6135923862457275,
        "z": -0.1250602751970291
    },
    "right_eye": {
        "x": 0.5488473773002625,
        "y": 0.6123632788658142,
        "z": -0.12508216500282288
    },
    "right_eye_outer": {
        "x": 0.5540178418159485,
        "y": 0.6105127930641174,
        "z": -0.1251014769077301
    },
    "left_ear": {
        "x": 0.5576834082603455,
        "y": 0.6141076683998108,
        "z": -0.14114218950271606
    },
    "right_ear": {
        "x": 0.5583751797676086,
        "y": 0.6079770922660828,
        "z": -0.1041439026594162
    },
    "mouth_left": {
        "x": 0.5536012053489685,
        "y": 0.6224373579025269,
        "z": -0.12794679403305054
    },
    "mouth_right": {
        "x": 0.5577882528305054,
        "y": 0.6200491189956665,
        "z": -0.11712043732404709
    },
    "left_shoulder": {
        "x": 0.5765568614006042,
        "y": 0.6361724138259888,
        "z": -0.1396508365869522
    },
    "right_shoulder": {
        "x": 0.5726878643035889,
        "y": 0.6206013560295105,
        "z": -0.06740844249725342
    },
    "left_elbow": {
        "x": 0.5753695368766785,
        "y": 0.6844912171363831,
        "z": -0.14121420681476593
    },
    "right_elbow": {
        "x": 0.5753669142723083,
        "y": 0.6618362665176392,
        "z": -0.03772308677434921
    },
    "left_wrist": {
        "x": 0.550574004650116,
        "y": 0.7171522974967957,
        "z": -0.1365746557712555
    },
    "right_wrist": {
        "x": 0.5606236457824707,
        "y": 0.6812031865119934,
        "z": -0.039490699768066406
    },
    "left_pinky": {
        "x": 0.5439352989196777,
        "y": 0.7197010517120361,
        "z": -0.15422360599040985
    },
    "right_pinky": {
        "x": 0.5580912828445435,
        "y": 0.6791669130325317,
        "z": -0.0444796122610569
    },
    "left_index": {
        "x": 0.5432184934616089,
        "y": 0.7132707238197327,
        "z": -0.1510288268327713
    },
    "right_index": {
        "x": 0.5546009540557861,
        "y": 0.680496335029602,
        "z": -0.05434943363070488
    },
    "left_thumb": {
        "x": 0.544916033744812,
        "y": 0.7114588022232056,
        "z": -0.1359645575284958
    },
    "right_thumb": {
        "x": 0.5555718541145325,
        "y": 0.6818706393241882,
        "z": -0.044288601726293564
    },
    "left_hip": {
        "x": 0.5879300236701965,
        "y": 0.6852772235870361,
        "z": -0.0202926117926836
    },
    "right_hip": {
        "x": 0.5855110883712769,
        "y": 0.6731235384941101,
        "z": 0.02022845298051834
    },
    "left_knee": {
        "x": 0.5711209774017334,
        "y": 0.6826700568199158,
        "z": 0.07550735771656036
    },
    "right_knee": {
        "x": 0.5743917226791382,
        "y": 0.6713125109672546,
        "z": 0.11380475759506226
    },
    "left_ankle": {
        "x": 0.5625399351119995,
        "y": 0.7051653265953064,
        "z": 0.19531412422657013
    },
    "right_ankle": {
        "x": 0.5638588070869446,
        "y": 0.6983232498168945,
        "z": 0.23249569535255432
    },
    "left_heel": {
        "x": 0.5633660554885864,
        "y": 0.7119645476341248,
        "z": 0.20737990736961365
    },
    "right_heel": {
        "x": 0.5651970505714417,
        "y": 0.7039614319801331,
        "z": 0.24498805403709412
    },
    "left_foot_index": {
        "x": 0.5512043237686157,
        "y": 0.7009657621383667,
        "z": 0.19896429777145386
    },
    "right_foot_index": {
        "x": 0.55171799659729,
        "y": 0.7001776099205017,
        "z": 0.23956626653671265
    }
}