{
    "nose": {
        "x": 0.5830029845237732,
        "y": 0.6350817084312439,
        "z": 0.2376360446214676
    },
    "left_eye_inner": {
        "x": 0.5778396725654602,
        "y": 0.6278735995292664,
        "z": 0.2316785305738449
    },
    "left_eye": {
        "x": 0.5773600935935974,
        "y": 0.6238908767700195,
        "z": 0.23167918622493744
    },
    "left_eye_outer": {
        "x": 0.5774419903755188,
        "y": 0.6219335794448853,
        "z": 0.2317230999469757
    },
    "right_eye_inner": {
        "x": 0.5793483257293701,
        "y": 0.6303350925445557,
        "z": 0.24982276558876038
    },
    "right_eye": {
        "x": 0.594868540763855,
        "y": 0.6316744685173035,
        "z": 0.25000840425491333
    },
    "right_eye_outer": {
        "x": 0.5960004329681396,
        "y": 0.6311309933662415,
        "z": 0.2500247061252594
    },
    "left_ear": {
        "x": 0.5814440250396729,
        "y": 0.6044430136680603,
        "z": 0.1895822137594223
    },
    "right_ear": {
        "x": 0.6016831994056702,
        "y": 0.6196451187133789,
        "z": 0.27208805084228516
    },
    "mouth_left": {
        "x": 0.5986232161521912,
        "y": 0.6303837299346924,
        "z": 0.2204636186361313
    },
    "mouth_right": {
        "x": 0.6018357872962952,
        "y": 0.6323937773704529,
        "z": 0.2448158860206604
    },
    "left_shoulder": {
        "x": 0.605626106262207,
        "y": 0.5907180905342102,
        "z": 0.09517563134431839
    },
    "right_shoulder": {
        "x": 0.6505633592605591,
        "y": 0.618535041809082,
        "z": 0.2695072591304779
    },
    "left_elbow": {
        "x": 0.5940902233123779,
        "y": 0.6287432312965393,
        "z": -0.047446347773075104
    },
    "right_elbow": {
        "x": 0.6642829179763794,
        "y": 0.6877438426017761,
        "z": 0.17629659175872803
    },
    "left_wrist": {
        "x": 0.5799000263214111,
        "y": 0.6518587470054626,
        "z": -0.15636882185935974
    },
    "right_wrist": {
        "x": 0.6663598418235779,
        "y": 0.761963427066803,
        "z": 0.07630185037851334
    },
    "left_pinky": {
        "x": 0.5731430649757385,
        "y": 0.657755434513092,
        "z": -0.17910176515579224
    },
    "right_pinky": {
        "x": 0.6712925434112549,
        "y": 0.7739246487617493,
        "z": 0.07452782243490219
    },
    "left_index": {
        "x": 0.5729560852050781,
        "y": 0.6536516547203064,
        "z": -0.15930268168449402
    },
    "right_index": {
        "x": 0.6639102101325989,
        "y": 0.7742639183998108,
        "z": 0.07564820349216461
    },
    "left_thumb": {
        "x": 0.5760606527328491,
        "y": 0.652823805809021,
        "z": -0.1492282748222351
    },
    "right_thumb": {
        "x": 0.6600019335746765,
        "y": 0.7704185247421265,
        "z": 0.074128158390522
    },
    "left_hip": {
        "x": 0.6314676403999329,
        "y": 0.6485618352890015,
        "z": -0.06687871366739273
    },
    "right_hip": {
        "x": 0.6602807641029358,
        "y": 0.6728982925415039,
        "z": 0.0665002390742302
    },
    "left_knee": {
        "x": 0.5929828882217407,
        "y": 0.7261115312576294,
        "z": -0.0717666894197464
    },
    "right_knee": {
        "x": 0.6185885667800903,
        "y": 0.7432286143302917,
        "z": 0.08065558224916458
    },
    "left_ankle": {
        "x": 0.6301411986351013,
        "y": 0.8197904825210571,
        "z": -0.2409030795097351
    },
    "right_ankle": {
        "x": 0.6531267762184143,
        "y": 0.8410506844520569,
        "z": -0.08888242393732071
    },
    "left_heel": {
        "x": 0.643944501876831,
        "y": 0.8240222930908203,
        "z": -0.2583398222923279
    },
    "right_heel": {
        "x": 0.6620820760726929,
        "y": 0.8513076901435852,
        "z": -0.1102207750082016
    },
    "left_foot_index": {
        "x": 0.6346408128738403,
        "y": 0.8836315870285034,
        "z": -0.2556355893611908
    },
    "right_foot_index": {
        "x": 0.6505709886550903,
        "y": 0.8741937279701233,
        "z": -0.13088767230510712
    }
}