{
    "nose": {
        "x": 0.4779914617538452,
        "y": 0.7795027494430542,
        "z": -0.33014151453971863
    },
    "left_eye_inner": {
        "x": 0.47830772399902344,
        "y": 0.7709251642227173,
        "z": -0.34869515895843506
    },
    "left_eye": {
        "x": 0.4802362024784088,
        "y": 0.7695528864860535,
        "z": -0.3486694097518921
    },
    "left_eye_outer": {
        "x": 0.4843197762966156,
        "y": 0.7686290740966797,
        "z": -0.34876519441604614
    },
    "right_eye_inner": {
        "x": 0.4742428958415985,
        "y": 0.7723276615142822,
        "z": -0.33083871006965637
    },
    "right_eye": {
        "x": 0.4735003411769867,
        "y": 0.771583616733551,
        "z": -0.33085641264915466
    },
    "right_eye_outer": {
        "x": 0.4721190929412842,
        "y": 0.7698885202407837,
        "z": -0.33088433742523193
    },
    "left_ear": {
        "x": 0.4909581243991852,
        "y": 0.7559008002281189,
        "z": -0.36160990595817566
    },
    "right_ear": {
        "x": 0.4766641855239868,
        "y": 0.7578386068344116,
        "z": -0.2794418931007385
    },
    "mouth_left": {
        "x": 0.48636025190353394,
        "y": 0.7769663333892822,
        "z": -0.32717663049697876
    },
    "mouth_right": {
        "x": 0.48145970702171326,
        "y": 0.7796193361282349,
        "z": -0.3040202856063843
    },
    "left_shoulder": {
        "x": 0.5258018374443054,
        "y": 0.7512069940567017,
        "z": -0.3223225474357605
    },
    "right_shoulder": {
        "x": 0.4800644814968109,
        "y": 0.748677134513855,
        "z": -0.19221065938472748
    },
    "left_elbow": {
        "x": 0.5318912267684937,
        "y": 0.7983525991439819,
        "z": -0.2917582094669342
    },
    "right_elbow": {
        "x": 0.45106905698776245,
        "y": 0.7833793759346008,
        "z": -0.12255630642175674
    },
    "left_wrist": {
        "x": 0.484386146068573,
        "y": 0.8143779039382935,
        "z": -0.2231471836566925
    },
    "right_wrist": {
        "x": 0.43747755885124207,
        "y": 0.8067607283592224,
        "z": -0.11703114211559296
    },
    "left_pinky": {
        "x": 0.4719161093235016,
        "y": 0.8217332363128662,
        "z": -0.23605488240718842
    },
    "right_pinky": {
        "x": 0.43023213744163513,
        "y": 0.8060909509658813,
        "z": -0.12527531385421753
    },
    "left_index": {
        "x": 0.46820202469825745,
        "y": 0.8108434677124023,
        "z": -0.23286111652851105
    },
    "right_index": {
        "x": 0.4336968660354614,
        "y": 0.80489182472229,
        "z": -0.13664117455482483
    },
    "left_thumb": {
        "x": 0.47232264280319214,
        "y": 0.8084250092506409,
        "z": -0.21955356001853943
    },
    "right_thumb": {
        "x": 0.43764451146125793,
        "y": 0.8078113198280334,
        "z": -0.12250816076993942
    },
    "left_hip": {
        "x": 0.5768629312515259,
        "y": 0.8251334428787231,
        "z": -0.043593451380729675
    },
    "right_hip": {
        "x": 0.5490867495536804,
        "y": 0.8388365507125854,
        "z": 0.043557945638895035
    },
    "left_knee": {
        "x": 0.638645589351654,
        "y": 0.8699150681495667,
        "z": 0.08088265359401703
    },
    "right_knee": {
        "x": 0.5514480471611023,
        "y": 0.9192035794258118,
        "z": 0.2262556403875351
    },
    "left_ankle": {
        "x": 0.685168981552124,
        "y": 0.909561276435852,
        "z": 0.23455017805099487
    },
    "right_ankle": {
        "x": 0.5848535895347595,
        "y": 0.9034515619277954,
        "z": 0.47047099471092224
    },
    "left_heel": {
        "x": 0.6962519884109497,
        "y": 0.9046655297279358,
        "z": 0.24830074608325958
    },
    "right_heel": {
        "x": 0.5900432467460632,
        "y": 0.8946815729141235,
        "z": 0.4961417019367218
    },
    "left_foot_index": {
        "x": 0.6972395181655884,
        "y": 0.9616342782974243,
        "z": 0.1814558058977127
    },
    "right_foot_index": {
        "x": 0.5932474732398987,
        "y": 0.9315770268440247,
        "z": 0.4808902442455292
    }
}