{
    "nose": {
        "x": 0.48265281319618225,
        "y": 0.7394945621490479,
        "z": -0.5053366422653198
    },
    "left_eye_inner": {
        "x": 0.47597548365592957,
        "y": 0.7466825842857361,
        "z": -0.5081391334533691
    },
    "left_eye": {
        "x": 0.47365516424179077,
        "y": 0.7460779547691345,
        "z": -0.5080890655517578
    },
    "left_eye_outer": {
        "x": 0.4711301028728485,
        "y": 0.7460289597511292,
        "z": -0.5082873702049255
    },
    "right_eye_inner": {
        "x": 0.48305755853652954,
        "y": 0.7546805143356323,
        "z": -0.5156040191650391
    },
    "right_eye": {
        "x": 0.4819713830947876,
        "y": 0.7645981907844543,
        "z": -0.5155974626541138
    },
    "right_eye_outer": {
        "x": 0.4851997494697571,
        "y": 0.7696964740753174,
        "z": -0.5155349373817444
    },
    "left_ear": {
        "x": 0.46312156319618225,
        "y": 0.7636224627494812,
        "z": -0.42171815037727356
    },
    "right_ear": {
        "x": 0.49073660373687744,
        "y": 0.7953163385391235,
        "z": -0.45759326219558716
    },
    "mouth_left": {
        "x": 0.48114195466041565,
        "y": 0.7366769313812256,
        "z": -0.4626106023788452
    },
    "mouth_right": {
        "x": 0.4888601005077362,
        "y": 0.7453889846801758,
        "z": -0.473700612783432
    },
    "left_shoulder": {
        "x": 0.4464589059352875,
        "y": 0.757854163646698,
        "z": -0.30699190497398376
    },
    "right_shoulder": {
        "x": 0.5189425349235535,
        "y": 0.8208194375038147,
        "z": -0.34588631987571716
    },
    "left_elbow": {
        "x": 0.4039655029773712,
        "y": 0.7018740177154541,
        "z": -0.1714288592338562
    },
    "right_elbow": {
        "x": 0.5045722126960754,
        "y": 0.9128637313842773,
        "z": -0.3014107048511505
    },
    "left_wrist": {
        "x": 0.44714024662971497,
        "y": 0.6259196400642395,
        "z": -0.10567546635866165
    },
    "right_wrist": {
        "x": 0.48064833879470825,
        "y": 0.9545385837554932,
        "z": -0.16253194212913513
    },
    "left_pinky": {
        "x": 0.4506864845752716,
        "y": 0.6034257411956787,
        "z": -0.11496398597955704
    },
    "right_pinky": {
        "x": 0.47482162714004517,
        "y": 0.9741905927658081,
        "z": -0.17387810349464417
    },
    "left_index": {
        "x": 0.45655545592308044,
        "y": 0.6098261475563049,
        "z": -0.12740767002105713
    },
    "right_index": {
        "x": 0.479473352432251,
        "y": 0.9569631218910217,
        "z": -0.16976648569107056
    },
    "left_thumb": {
        "x": 0.4572336971759796,
        "y": 0.617614209651947,
        "z": -0.10868982970714569
    },
    "right_thumb": {
        "x": 0.4788972735404968,
        "y": 0.9458223581314087,
        "z": -0.16139402985572815
    },
    "left_hip": {
        "x": 0.4912807047367096,
        "y": 0.5912037491798401,
        "z": 0.0042365193367004395
    },
    "right_hip": {
        "x": 0.5328407287597656,
        "y": 0.6114646196365356,
        "z": -0.004140885081142187
    },
    "left_knee": {
        "x": 0.5068441033363342,
        "y": 0.46324774622917175,
        "z": 0.03504883497953415
    },
    "right_knee": {
        "x": 0.5482150912284851,
        "y": 0.489688515663147,
        "z": 0.07126182317733765
    },
    "left_ankle": {
        "x": 0.5287280678749084,
        "y": 0.35666078329086304,
        "z": 0.2911447286605835
    },
    "right_ankle": {
        "x": 0.5572487711906433,
        "y": 0.36954864859580994,
        "z": 0.31996044516563416
    },
    "left_heel": {
        "x": 0.5358172059059143,
        "y": 0.34454911947250366,
        "z": 0.317590594291687
    },
    "right_heel": {
        "x": 0.5567854046821594,
        "y": 0.35472747683525085,
        "z": 0.34618210792541504
    },
    "left_foot_index": {
        "x": 0.5279287099838257,
        "y": 0.3080833852291107,
        "z": 0.2547592520713806
    },
    "right_foot_index": {
        "x": 0.5680060386657715,
        "y": 0.3167340159416199,
        "z": 0.28028371930122375
    }
}