{
    "nose": {
        "x": 0.3190421164035797,
        "y": 0.43573036789894104,
        "z": -0.016702886670827866
    },
    "left_eye_inner": {
        "x": 0.31636011600494385,
        "y": 0.44975221157073975,
        "z": -0.006791405845433474
    },
    "left_eye": {
        "x": 0.3170703053474426,
        "y": 0.44938045740127563,
        "z": -0.00679527223110199
    },
    "left_eye_outer": {
        "x": 0.31773048639297485,
        "y": 0.44888168573379517,
        "z": -0.0067903995513916016
    },
    "right_eye_inner": {
        "x": 0.3163672983646393,
        "y": 0.4506107568740845,
        "z": -0.02799629047513008
    },
    "right_eye": {
        "x": 0.3171667456626892,
        "y": 0.45081934332847595,
        "z": -0.02800157479941845
    },
    "right_eye_outer": {
        "x": 0.3195621371269226,
        "y": 0.4555418789386749,
        "z": -0.028039244934916496
    },
    "left_ear": {
        "x": 0.32834112644195557,
        "y": 0.4531164765357971,
        "z": 0.04494891315698624
    },
    "right_ear": {
        "x": 0.32879769802093506,
        "y": 0.4599549472332001,
        "z": -0.051437925547361374
    },
    "mouth_left": {
        "x": 0.3266749978065491,
        "y": 0.4316476285457611,
        "z": 0.0038230959326028824
    },
    "mouth_right": {
        "x": 0.3263823986053467,
        "y": 0.4350300431251526,
        "z": -0.024045147001743317
    },
    "left_shoulder": {
        "x": 0.359651118516922,
        "y": 0.430135041475296,
        "z": 0.0953918993473053
    },
    "right_shoulder": {
        "x": 0.35518118739128113,
        "y": 0.44942182302474976,
        "z": -0.10274026542901993
    },
    "left_elbow": {
        "x": 0.34216105937957764,
        "y": 0.43844252824783325,
        "z": 0.11541922390460968
    },
    "right_elbow": {
        "x": 0.3271591067314148,
        "y": 0.4528537690639496,
        "z": -0.13329581916332245
    },
    "left_wrist": {
        "x": 0.3094624876976013,
        "y": 0.45064738392829895,
        "z": 0.06351278722286224
    },
    "right_wrist": {
        "x": 0.29371675848960876,
        "y": 0.44916588068008423,
        "z": -0.053860459476709366
    },
    "left_pinky": {
        "x": 0.3031836152076721,
        "y": 0.45514976978302,
        "z": 0.05990011990070343
    },
    "right_pinky": {
        "x": 0.2871996760368347,
        "y": 0.4466584026813507,
        "z": -0.05948437377810478
    },
    "left_index": {
        "x": 0.30412977933883667,
        "y": 0.45617803931236267,
        "z": 0.05168813839554787
    },
    "right_index": {
        "x": 0.29148826003074646,
        "y": 0.44918093085289,
        "z": -0.056891947984695435
    },
    "left_thumb": {
        "x": 0.3068395256996155,
        "y": 0.45449644327163696,
        "z": 0.05678940936923027
    },
    "right_thumb": {
        "x": 0.2946988642215729,
        "y": 0.45018455386161804,
        "z": -0.04994774982333183
    },
    "left_hip": {
        "x": 0.4612790644168854,
        "y": 0.3739074170589447,
        "z": 0.06718160957098007
    },
    "right_hip": {
        "x": 0.46051204204559326,
        "y": 0.39170709252357483,
        "z": -0.0673169419169426
    },
    "left_knee": {
        "x": 0.4900851547718048,
        "y": 0.3254523277282715,
        "z": 0.004423665814101696
    },
    "right_knee": {
        "x": 0.504745364189148,
        "y": 0.39421531558036804,
        "z": -0.10328325629234314
    },
    "left_ankle": {
        "x": 0.4905611276626587,
        "y": 0.48501530289649963,
        "z": -0.002149902982637286
    },
    "right_ankle": {
        "x": 0.4860920011997223,
        "y": 0.49365901947021484,
        "z": -0.03860010951757431
    },
    "left_heel": {
        "x": 0.4789324700832367,
        "y": 0.5025902390480042,
        "z": -0.003918217029422522
    },
    "right_heel": {
        "x": 0.47284775972366333,
        "y": 0.49640148878097534,
        "z": -0.031773604452610016
    },
    "left_foot_index": {
        "x": 0.5047771334648132,
        "y": 0.5464386343955994,
        "z": 0.0008607187774032354
    },
    "right_foot_index": {
        "x": 0.4929245412349701,
        "y": 0.5413917303085327,
        "z": -0.014365797862410545
    }
}