{
    "nose": {
        "x": 0.7849608659744263,
        "y": 0.4664963185787201,
        "z": -0.29798442125320435
    },
    "left_eye_inner": {
        "x": 0.7883938550949097,
        "y": 0.4620468020439148,
        "z": -0.29979589581489563
    },
    "left_eye": {
        "x": 0.7901178598403931,
        "y": 0.46240323781967163,
        "z": -0.2997395992279053
    },
    "left_eye_outer": {
        "x": 0.7918545007705688,
        "y": 0.46263647079467773,
        "z": -0.2998218536376953
    },
    "right_eye_inner": {
        "x": 0.7847083806991577,
        "y": 0.45925846695899963,
        "z": -0.29214027523994446
    },
    "right_eye": {
        "x": 0.7840132117271423,
        "y": 0.4578390121459961,
        "z": -0.29217708110809326
    },
    "right_eye_outer": {
        "x": 0.7832494378089905,
        "y": 0.4563843607902527,
        "z": -0.2921713590621948
    },
    "left_ear": {
        "x": 0.7966611981391907,
        "y": 0.4592519998550415,
        "z": -0.2566175162792206
    },
    "right_ear": {
        "x": 0.7843071818351746,
        "y": 0.4518706500530243,
        "z": -0.22272972762584686
    },
    "mouth_left": {
        "x": 0.7890437841415405,
        "y": 0.4707881212234497,
        "z": -0.276983380317688
    },
    "mouth_right": {
        "x": 0.7843140363693237,
        "y": 0.46736812591552734,
        "z": -0.2673954963684082
    },
    "left_shoulder": {
        "x": 0.8126018047332764,
        "y": 0.48688724637031555,
        "z": -0.20910459756851196
    },
    "right_shoulder": {
        "x": 0.7787139415740967,
        "y": 0.45202237367630005,
        "z": -0.12632931768894196
    },
    "left_elbow": {
        "x": 0.8188811540603638,
        "y": 0.5437027812004089,
        "z": -0.1910257190465927
    },
    "right_elbow": {
        "x": 0.7471776008605957,
        "y": 0.49469855427742004,
        "z": -0.1534792184829712
    },
    "left_wrist": {
        "x": 0.8295251727104187,
        "y": 0.5913921594619751,
        "z": -0.20397518575191498
    },
    "right_wrist": {
        "x": 0.7310057878494263,
        "y": 0.48107051849365234,
        "z": -0.26074498891830444
    },
    "left_pinky": {
        "x": 0.8341896533966064,
        "y": 0.6007494330406189,
        "z": -0.2151385247707367
    },
    "right_pinky": {
        "x": 0.7242643237113953,
        "y": 0.4826488494873047,
        "z": -0.27537864446640015
    },
    "left_index": {
        "x": 0.8327356576919556,
        "y": 0.6013170480728149,
        "z": -0.22874118387699127
    },
    "right_index": {
        "x": 0.7266101241111755,
        "y": 0.477885365486145,
        "z": -0.2900797724723816
    },
    "left_thumb": {
        "x": 0.8305286169052124,
        "y": 0.5983166098594666,
        "z": -0.209303081035614
    },
    "right_thumb": {
        "x": 0.7292238473892212,
        "y": 0.480506956577301,
        "z": -0.26949572563171387
    },
    "left_hip": {
        "x": 0.7967004179954529,
        "y": 0.564471423625946,
        "z": -0.042398396879434586
    },
    "right_hip": {
        "x": 0.7782676219940186,
        "y": 0.5431484580039978,
        "z": 0.042491890490055084
    },
    "left_knee": {
        "x": 0.7367097735404968,
        "y": 0.5780429840087891,
        "z": -0.145185649394989
    },
    "right_knee": {
        "x": 0.7319719195365906,
        "y": 0.5650120973587036,
        "z": -0.012236464768648148
    },
    "left_ankle": {
        "x": 0.7227758765220642,
        "y": 0.6445038318634033,
        "z": -0.008843357674777508
    },
    "right_ankle": {
        "x": 0.7206854820251465,
        "y": 0.638085663318634,
        "z": 0.10316124558448792
    },
    "left_heel": {
        "x": 0.7274856567382812,
        "y": 0.6555187702178955,
        "z": 0.004278181120753288
    },
    "right_heel": {
        "x": 0.7248294353485107,
        "y": 0.6491988897323608,
        "z": 0.11329948157072067
    },
    "left_foot_index": {
        "x": 0.7024848461151123,
        "y": 0.6740466952323914,
        "z": -0.021269207820296288
    },
    "right_foot_index": {
        "x": 0.7006170153617859,
        "y": 0.6671493649482727,
        "z": 0.08283969014883041
    }
}