{
    "nose": {
        "x": 0.7067803740501404,
        "y": 0.3493170142173767,
        "z": -0.015366124920547009
    },
    "left_eye_inner": {
        "x": 0.7049399614334106,
        "y": 0.33842557668685913,
        "z": -0.031135115772485733
    },
    "left_eye": {
        "x": 0.7055532932281494,
        "y": 0.33739200234413147,
        "z": -0.031142868101596832
    },
    "left_eye_outer": {
        "x": 0.7061750292778015,
        "y": 0.3364725708961487,
        "z": -0.031142236664891243
    },
    "right_eye_inner": {
        "x": 0.704389750957489,
        "y": 0.3391563296318054,
        "z": -0.008635034784674644
    },
    "right_eye": {
        "x": 0.7045572400093079,
        "y": 0.33875685930252075,
        "z": -0.008606525138020515
    },
    "right_eye_outer": {
        "x": 0.7046748995780945,
        "y": 0.33854109048843384,
        "z": -0.008611082099378109
    },
    "left_ear": {
        "x": 0.7128224968910217,
        "y": 0.33154410123825073,
        "z": -0.06883729994297028
    },
    "right_ear": {
        "x": 0.7093421816825867,
        "y": 0.33604341745376587,
        "z": 0.03300422430038452
    },
    "mouth_left": {
        "x": 0.7120855450630188,
        "y": 0.35413047671318054,
        "z": -0.025741392746567726
    },
    "mouth_right": {
        "x": 0.7112071514129639,
        "y": 0.35493239760398865,
        "z": 0.003771414514631033
    },
    "left_shoulder": {
        "x": 0.7321503162384033,
        "y": 0.36533430218696594,
        "z": -0.122794009745121
    },
    "right_shoulder": {
        "x": 0.7349975109100342,
        "y": 0.3628203570842743,
        "z": 0.11296394467353821
    },
    "left_elbow": {
        "x": 0.7527626752853394,
        "y": 0.44177037477493286,
        "z": -0.17902614176273346
    },
    "right_elbow": {
        "x": 0.7426798939704895,
        "y": 0.4325460195541382,
        "z": 0.19079630076885223
    },
    "left_wrist": {
        "x": 0.7182063460350037,
        "y": 0.470402330160141,
        "z": -0.18363088369369507
    },
    "right_wrist": {
        "x": 0.707007884979248,
        "y": 0.4500928819179535,
        "z": 0.19363003969192505
    },
    "left_pinky": {
        "x": 0.7083656787872314,
        "y": 0.48348912596702576,
        "z": -0.2048107087612152
    },
    "right_pinky": {
        "x": 0.6977905035018921,
        "y": 0.46617889404296875,
        "z": 0.20584124326705933
    },
    "left_index": {
        "x": 0.7048105001449585,
        "y": 0.4736027419567108,
        "z": -0.19307011365890503
    },
    "right_index": {
        "x": 0.6933563947677612,
        "y": 0.4618743062019348,
        "z": 0.18082982301712036
    },
    "left_thumb": {
        "x": 0.7080255150794983,
        "y": 0.468502938747406,
        "z": -0.1778857409954071
    },
    "right_thumb": {
        "x": 0.6951076984405518,
        "y": 0.45997440814971924,
        "z": 0.18301132321357727
    },
    "left_hip": {
        "x": 0.7423898577690125,
        "y": 0.5045494437217712,
        "z": -0.08072790503501892
    },
    "right_hip": {
        "x": 0.7473675608634949,
        "y": 0.502607524394989,
        "z": 0.08083321899175644
    },
    "left_knee": {
        "x": 0.6793907880783081,
        "y": 0.5273776650428772,
        "z": -0.06488246470689774
    },
    "right_knee": {
        "x": 0.6992217898368835,
        "y": 0.5640549063682556,
        "z": 0.10199622809886932
    },
    "left_ankle": {
        "x": 0.6484594941139221,
        "y": 0.6277645826339722,
        "z": -0.0016346490010619164
    },
    "right_ankle": {
        "x": 0.679964542388916,
        "y": 0.6734071969985962,
        "z": 0.14499442279338837
    },
    "left_heel": {
        "x": 0.6515988111495972,
        "y": 0.6511261463165283,
        "z": 0.004333710763603449
    },
    "right_heel": {
        "x": 0.6854097247123718,
        "y": 0.6963717937469482,
        "z": 0.1482386291027069
    },
    "left_foot_index": {
        "x": 0.6140366196632385,
        "y": 0.6331470608711243,
        "z": -0.015876278281211853
    },
    "right_foot_index": {
        "x": 0.6441076397895813,
        "y": 0.6868106126785278,
        "z": 0.13211916387081146
    }
}