{
    "nose": {
        "x": 0.790225088596344,
        "y": 0.43904393911361694,
        "z": -0.18657992780208588
    },
    "left_eye_inner": {
        "x": 0.7944669127464294,
        "y": 0.4320222735404968,
        "z": -0.18995225429534912
    },
    "left_eye": {
        "x": 0.7960275411605835,
        "y": 0.43241772055625916,
        "z": -0.18998219072818756
    },
    "left_eye_outer": {
        "x": 0.7976542115211487,
        "y": 0.4328373670578003,
        "z": -0.19004306197166443
    },
    "right_eye_inner": {
        "x": 0.7917474508285522,
        "y": 0.430301308631897,
        "z": -0.17825360596179962
    },
    "right_eye": {
        "x": 0.7914206981658936,
        "y": 0.42964744567871094,
        "z": -0.1782865971326828
    },
    "right_eye_outer": {
        "x": 0.791134774684906,
        "y": 0.42905208468437195,
        "z": -0.17831072211265564
    },
    "left_ear": {
        "x": 0.8045127391815186,
        "y": 0.43467241525650024,
        "z": -0.16094982624053955
    },
    "right_ear": {
        "x": 0.794777512550354,
        "y": 0.42927443981170654,
        "z": -0.10450322180986404
    },
    "mouth_left": {
        "x": 0.793117880821228,
        "y": 0.44755667448043823,
        "z": -0.17182990908622742
    },
    "mouth_right": {
        "x": 0.7897127270698547,
        "y": 0.44635963439941406,
        "z": -0.1556822955608368
    },
    "left_shoulder": {
        "x": 0.8166112303733826,
        "y": 0.470804363489151,
        "z": -0.13844779133796692
    },
    "right_shoulder": {
        "x": 0.7931487560272217,
        "y": 0.4452384114265442,
        "z": -0.023591453209519386
    },
    "left_elbow": {
        "x": 0.8142443299293518,
        "y": 0.5442183613777161,
        "z": -0.19201606512069702
    },
    "right_elbow": {
        "x": 0.7611678838729858,
        "y": 0.4674862027168274,
        "z": 0.012429270893335342
    },
    "left_wrist": {
        "x": 0.790829598903656,
        "y": 0.527295708656311,
        "z": -0.27103376388549805
    },
    "right_wrist": {
        "x": 0.7325273752212524,
        "y": 0.4690200090408325,
        "z": -0.054924216121435165
    },
    "left_pinky": {
        "x": 0.7821229696273804,
        "y": 0.5272336006164551,
        "z": -0.2978537380695343
    },
    "right_pinky": {
        "x": 0.7238431572914124,
        "y": 0.465290904045105,
        "z": -0.06641427427530289
    },
    "left_index": {
        "x": 0.7811894416809082,
        "y": 0.5177181959152222,
        "z": -0.29454827308654785
    },
    "right_index": {
        "x": 0.7226184010505676,
        "y": 0.4635601341724396,
        "z": -0.08792224526405334
    },
    "left_thumb": {
        "x": 0.7832747101783752,
        "y": 0.5174092650413513,
        "z": -0.27075594663619995
    },
    "right_thumb": {
        "x": 0.7251338958740234,
        "y": 0.46627146005630493,
        "z": -0.06577648222446442
    },
    "left_hip": {
        "x": 0.7778776288032532,
        "y": 0.5572346448898315,
        "z": -0.04778929054737091
    },
    "right_hip": {
        "x": 0.7651651501655579,
        "y": 0.5378177762031555,
        "z": 0.04795241355895996
    },
    "left_knee": {
        "x": 0.7366011738777161,
        "y": 0.6148480772972107,
        "z": -0.13176271319389343
    },
    "right_knee": {
        "x": 0.7146356701850891,
        "y": 0.5298904180526733,
        "z": -0.06785137206315994
    },
    "left_ankle": {
        "x": 0.7193887233734131,
        "y": 0.7051201462745667,
        "z": -0.06768450886011124
    },
    "right_ankle": {
        "x": 0.66987144947052,
        "y": 0.604120671749115,
        "z": 0.0036541216541081667
    },
    "left_heel": {
        "x": 0.7217420339584351,
        "y": 0.7098977565765381,
        "z": -0.06344646215438843
    },
    "right_heel": {
        "x": 0.6681643724441528,
        "y": 0.6225112676620483,
        "z": 0.009009521454572678
    },
    "left_foot_index": {
        "x": 0.7044737339019775,
        "y": 0.7145016193389893,
        "z": -0.12662316858768463
    },
    "right_foot_index": {
        "x": 0.6437979340553284,
        "y": 0.6060746312141418,
        "z": -0.04465608298778534
    }
}