{
    "nose": {
        "x": 0.746317982673645,
        "y": 0.32664740085601807,
        "z": -0.1579599827528
    },
    "left_eye_inner": {
        "x": 0.7499831914901733,
        "y": 0.3196929693222046,
        "z": -0.15933193266391754
    },
    "left_eye": {
        "x": 0.7517240643501282,
        "y": 0.31966620683670044,
        "z": -0.15938498079776764
    },
    "left_eye_outer": {
        "x": 0.7535792589187622,
        "y": 0.3197682499885559,
        "z": -0.15940704941749573
    },
    "right_eye_inner": {
        "x": 0.7471263408660889,
        "y": 0.3184164762496948,
        "z": -0.14519786834716797
    },
    "right_eye": {
        "x": 0.7467220425605774,
        "y": 0.3174177408218384,
        "z": -0.14520122110843658
    },
    "right_eye_outer": {
        "x": 0.7463659048080444,
        "y": 0.3165368437767029,
        "z": -0.14519846439361572
    },
    "left_ear": {
        "x": 0.760428786277771,
        "y": 0.32095515727996826,
        "z": -0.1171560063958168
    },
    "right_ear": {
        "x": 0.7503749132156372,
        "y": 0.3165547251701355,
        "z": -0.05189354717731476
    },
    "mouth_left": {
        "x": 0.7498185038566589,
        "y": 0.3354598879814148,
        "z": -0.13802756369113922
    },
    "mouth_right": {
        "x": 0.7460624575614929,
        "y": 0.33283329010009766,
        "z": -0.11937849223613739
    },
    "left_shoulder": {
        "x": 0.7715454697608948,
        "y": 0.36262157559394836,
        "z": -0.11781033873558044
    },
    "right_shoulder": {
        "x": 0.7506002187728882,
        "y": 0.3454771339893341,
        "z": 0.06845799833536148
    },
    "left_elbow": {
        "x": 0.7577720880508423,
        "y": 0.4400698244571686,
        "z": -0.19981811940670013
    },
    "right_elbow": {
        "x": 0.7281453609466553,
        "y": 0.39543551206588745,
        "z": 0.18569906055927277
    },
    "left_wrist": {
        "x": 0.7222186326980591,
        "y": 0.40504854917526245,
        "z": -0.2966824769973755
    },
    "right_wrist": {
        "x": 0.7076415419578552,
        "y": 0.39561474323272705,
        "z": 0.19032299518585205
    },
    "left_pinky": {
        "x": 0.7114449143409729,
        "y": 0.39994508028030396,
        "z": -0.32320985198020935
    },
    "right_pinky": {
        "x": 0.6979671716690063,
        "y": 0.39558324217796326,
        "z": 0.19620345532894135
    },
    "left_index": {
        "x": 0.7119399905204773,
        "y": 0.39183494448661804,
        "z": -0.31787198781967163
    },
    "right_index": {
        "x": 0.6993229389190674,
        "y": 0.3903689682483673,
        "z": 0.17562244832515717
    },
    "left_thumb": {
        "x": 0.7157464623451233,
        "y": 0.393417626619339,
        "z": -0.2945423424243927
    },
    "right_thumb": {
        "x": 0.703545331954956,
        "y": 0.39236530661582947,
        "z": 0.18228301405906677
    },
    "left_hip": {
        "x": 0.7343361377716064,
        "y": 0.5064738392829895,
        "z": -0.06515680998563766
    },
    "right_hip": {
        "x": 0.7220839858055115,
        "y": 0.49521690607070923,
        "z": 0.06519637256860733
    },
    "left_knee": {
        "x": 0.7060295343399048,
        "y": 0.5892425179481506,
        "z": -0.0784139558672905
    },
    "right_knee": {
        "x": 0.6827561855316162,
        "y": 0.5662028193473816,
        "z": -0.010509449988603592
    },
    "left_ankle": {
        "x": 0.690025269985199,
        "y": 0.671185314655304,
        "z": 0.01764580048620701
    },
    "right_ankle": {
        "x": 0.6676639318466187,
        "y": 0.6755658388137817,
        "z": 0.04479338973760605
    },
    "left_heel": {
        "x": 0.694298505783081,
        "y": 0.6922657489776611,
        "z": 0.02520078979432583
    },
    "right_heel": {
        "x": 0.6716458797454834,
        "y": 0.6980727910995483,
        "z": 0.04728557914495468
    },
    "left_foot_index": {
        "x": 0.6567805409431458,
        "y": 0.6973127126693726,
        "z": -0.029718253761529922
    },
    "right_foot_index": {
        "x": 0.6398568153381348,
        "y": 0.6876267790794373,
        "z": -0.0024679701309651136
    }
}