{
    "nose": {
        "x": 0.7484561204910278,
        "y": 0.30959397554397583,
        "z": 0.001316480920650065
    },
    "left_eye_inner": {
        "x": 0.7501541376113892,
        "y": 0.30071383714675903,
        "z": -0.013289596885442734
    },
    "left_eye": {
        "x": 0.7506840229034424,
        "y": 0.3007117509841919,
        "z": -0.013332253322005272
    },
    "left_eye_outer": {
        "x": 0.7511206269264221,
        "y": 0.3008660078048706,
        "z": -0.013371256180107594
    },
    "right_eye_inner": {
        "x": 0.7496384382247925,
        "y": 0.30084216594696045,
        "z": 0.0038230251520872116
    },
    "right_eye": {
        "x": 0.7498552203178406,
        "y": 0.30095815658569336,
        "z": 0.0038085782434791327
    },
    "right_eye_outer": {
        "x": 0.7500624060630798,
        "y": 0.3012043237686157,
        "z": 0.003774991724640131
    },
    "left_ear": {
        "x": 0.7548935413360596,
        "y": 0.30561819672584534,
        "z": -0.0411299467086792
    },
    "right_ear": {
        "x": 0.7541683316230774,
        "y": 0.30606263875961304,
        "z": 0.03469819203019142
    },
    "mouth_left": {
        "x": 0.7504423260688782,
        "y": 0.3178667426109314,
        "z": -0.004843400325626135
    },
    "mouth_right": {
        "x": 0.7497346997261047,
        "y": 0.3176724314689636,
        "z": 0.016890952363610268
    },
    "left_shoulder": {
        "x": 0.7572273015975952,
        "y": 0.3506355583667755,
        "z": -0.09291460365056992
    },
    "right_shoulder": {
        "x": 0.7615119218826294,
        "y": 0.3538479804992676,
        "z": 0.10984611511230469
    },
    "left_elbow": {
        "x": 0.719376802444458,
        "y": 0.4114111065864563,
        "z": -0.1175546869635582
    },
    "right_elbow": {
        "x": 0.7381097674369812,
        "y": 0.4131937623023987,
        "z": 0.16510850191116333
    },
    "left_wrist": {
        "x": 0.7155548930168152,
        "y": 0.381381630897522,
        "z": -0.07132452726364136
    },
    "right_wrist": {
        "x": 0.7232092022895813,
        "y": 0.38721805810928345,
        "z": 0.17480038106441498
    },
    "left_pinky": {
        "x": 0.711864709854126,
        "y": 0.3732474446296692,
        "z": -0.07792481780052185
    },
    "right_pinky": {
        "x": 0.7182204723358154,
        "y": 0.3801169693470001,
        "z": 0.1872047781944275
    },
    "left_index": {
        "x": 0.7161157727241516,
        "y": 0.37111204862594604,
        "z": -0.07443098723888397
    },
    "right_index": {
        "x": 0.721188485622406,
        "y": 0.37605762481689453,
        "z": 0.17468345165252686
    },
    "left_thumb": {
        "x": 0.7169713377952576,
        "y": 0.37487590312957764,
        "z": -0.06771153211593628
    },
    "right_thumb": {
        "x": 0.7202034592628479,
        "y": 0.3823515772819519,
        "z": 0.1692517101764679
    },
    "left_hip": {
        "x": 0.7249058485031128,
        "y": 0.49809229373931885,
        "z": -0.06959991157054901
    },
    "right_hip": {
        "x": 0.7312823534011841,
        "y": 0.5039563775062561,
        "z": 0.06966064125299454
    },
    "left_knee": {
        "x": 0.6863451600074768,
        "y": 0.5722816586494446,
        "z": -0.04531802982091904
    },
    "right_knee": {
        "x": 0.7023500204086304,
        "y": 0.5941245555877686,
        "z": 0.08091582357883453
    },
    "left_ankle": {
        "x": 0.6711117029190063,
        "y": 0.6762758493423462,
        "z": -0.004018676932901144
    },
    "right_ankle": {
        "x": 0.6823627948760986,
        "y": 0.7025740742683411,
        "z": 0.09721457213163376
    },
    "left_heel": {
        "x": 0.6759583353996277,
        "y": 0.7013126611709595,
        "z": 6.456108530983329e-05
    },
    "right_heel": {
        "x": 0.6846528649330139,
        "y": 0.7275329828262329,
        "z": 0.09774017333984375
    },
    "left_foot_index": {
        "x": 0.6400144696235657,
        "y": 0.6736393570899963,
        "z": -0.02585660293698311
    },
    "right_foot_index": {
        "x": 0.6521613597869873,
        "y": 0.6987485289573669,
        "z": 0.07483135908842087
    }
}