{
    "nose": {
        "x": 0.7452772259712219,
        "y": 0.3244777321815491,
        "z": -0.14378510415554047
    },
    "left_eye_inner": {
        "x": 0.7489679455757141,
        "y": 0.3175518810749054,
        "z": -0.14817410707473755
    },
    "left_eye": {
        "x": 0.750550389289856,
        "y": 0.31744110584259033,
        "z": -0.1482219398021698
    },
    "left_eye_outer": {
        "x": 0.7522454261779785,
        "y": 0.3174731135368347,
        "z": -0.14824703335762024
    },
    "right_eye_inner": {
        "x": 0.746547520160675,
        "y": 0.31644922494888306,
        "z": -0.13220050930976868
    },
    "right_eye": {
        "x": 0.7463905811309814,
        "y": 0.3155460059642792,
        "z": -0.13220950961112976
    },
    "right_eye_outer": {
        "x": 0.7463331818580627,
        "y": 0.3147803544998169,
        "z": -0.13221849501132965
    },
    "left_ear": {
        "x": 0.7595593929290771,
        "y": 0.3190075159072876,
        "z": -0.1176210567355156
    },
    "right_ear": {
        "x": 0.7517297863960266,
        "y": 0.315471351146698,
        "z": -0.04433140903711319
    },
    "mouth_left": {
        "x": 0.7488539218902588,
        "y": 0.332900732755661,
        "z": -0.12804539501667023
    },
    "mouth_right": {
        "x": 0.7458236813545227,
        "y": 0.3310242295265198,
        "z": -0.10701985657215118
    },
    "left_shoulder": {
        "x": 0.7709949612617493,
        "y": 0.36272186040878296,
        "z": -0.12114737182855606
    },
    "right_shoulder": {
        "x": 0.7504375576972961,
        "y": 0.3467189073562622,
        "z": 0.07126308232545853
    },
    "left_elbow": {
        "x": 0.757143497467041,
        "y": 0.44039544463157654,
        "z": -0.19804681837558746
    },
    "right_elbow": {
        "x": 0.7278767228126526,
        "y": 0.3955856263637543,
        "z": 0.18212726712226868
    },
    "left_wrist": {
        "x": 0.7220962047576904,
        "y": 0.4036789536476135,
        "z": -0.2794235348701477
    },
    "right_wrist": {
        "x": 0.708447277545929,
        "y": 0.3932732343673706,
        "z": 0.18382984399795532
    },
    "left_pinky": {
        "x": 0.7106462717056274,
        "y": 0.3985547423362732,
        "z": -0.304651141166687
    },
    "right_pinky": {
        "x": 0.7006765007972717,
        "y": 0.3887259364128113,
        "z": 0.1908324658870697
    },
    "left_index": {
        "x": 0.7112724184989929,
        "y": 0.3904000520706177,
        "z": -0.29930564761161804
    },
    "right_index": {
        "x": 0.7002593874931335,
        "y": 0.38705071806907654,
        "z": 0.1699841171503067
    },
    "left_thumb": {
        "x": 0.715162456035614,
        "y": 0.39214929938316345,
        "z": -0.27690398693084717
    },
    "right_thumb": {
        "x": 0.70409095287323,
        "y": 0.38941702246665955,
        "z": 0.175478994846344
    },
    "left_hip": {
        "x": 0.7355764508247375,
        "y": 0.5019867420196533,
        "z": -0.06551647186279297
    },
    "right_hip": {
        "x": 0.7229682207107544,
        "y": 0.49199315905570984,
        "z": 0.06562530249357224
    },
    "left_knee": {
        "x": 0.7071318030357361,
        "y": 0.5901750922203064,
        "z": -0.08545337617397308
    },
    "right_knee": {
        "x": 0.6926255822181702,
        "y": 0.5721208453178406,
        "z": 0.034099701792001724
    },
    "left_ankle": {
        "x": 0.6848298907279968,
        "y": 0.6891219019889832,
        "z": -0.02059340476989746
    },
    "right_ankle": {
        "x": 0.6679401993751526,
        "y": 0.6851285696029663,
        "z": 0.07452387362718582
    },
    "left_heel": {
        "x": 0.6872999668121338,
        "y": 0.6971677541732788,
        "z": -0.01652260310947895
    },
    "right_heel": {
        "x": 0.6694538593292236,
        "y": 0.7088800072669983,
        "z": 0.07518237084150314
    },
    "left_foot_index": {
        "x": 0.6495041847229004,
        "y": 0.7011553049087524,
        "z": -0.07444528490304947
    },
    "right_foot_index": {
        "x": 0.639863908290863,
        "y": 0.6898882389068604,
        "z": 0.021526172757148743
    }
}