{
    "nose": {
        "x": 0.7020536661148071,
        "y": 0.3756610155105591,
        "z": -0.08930747210979462
    },
    "left_eye_inner": {
        "x": 0.7007820010185242,
        "y": 0.3654741048812866,
        "z": -0.10510897636413574
    },
    "left_eye": {
        "x": 0.701680064201355,
        "y": 0.36395543813705444,
        "z": -0.10508942604064941
    },
    "left_eye_outer": {
        "x": 0.702674150466919,
        "y": 0.3625698685646057,
        "z": -0.10508127510547638
    },
    "right_eye_inner": {
        "x": 0.7000167369842529,
        "y": 0.3660833239555359,
        "z": -0.08240112662315369
    },
    "right_eye": {
        "x": 0.7001809477806091,
        "y": 0.3652271032333374,
        "z": -0.0823754146695137
    },
    "right_eye_outer": {
        "x": 0.7003397345542908,
        "y": 0.3647104501724243,
        "z": -0.08236110955476761
    },
    "left_ear": {
        "x": 0.7104135751724243,
        "y": 0.3531021773815155,
        "z": -0.13860072195529938
    },
    "right_ear": {
        "x": 0.706010639667511,
        "y": 0.35879266262054443,
        "z": -0.03656351566314697
    },
    "mouth_left": {
        "x": 0.7087150812149048,
        "y": 0.3767220079898834,
        "z": -0.09762971848249435
    },
    "mouth_right": {
        "x": 0.7077732086181641,
        "y": 0.37720614671707153,
        "z": -0.06816189736127853
    },
    "left_shoulder": {
        "x": 0.7340559959411621,
        "y": 0.38425296545028687,
        "z": -0.18211668729782104
    },
    "right_shoulder": {
        "x": 0.7297617197036743,
        "y": 0.37353837490081787,
        "z": 0.05538307502865791
    },
    "left_elbow": {
        "x": 0.7601420879364014,
        "y": 0.45705705881118774,
        "z": -0.21561917662620544
    },
    "right_elbow": {
        "x": 0.7281308770179749,
        "y": 0.4244312047958374,
        "z": 0.14243008196353912
    },
    "left_wrist": {
        "x": 0.7369622588157654,
        "y": 0.522552490234375,
        "z": -0.20439769327640533
    },
    "right_wrist": {
        "x": 0.7003964185714722,
        "y": 0.4569605886936188,
        "z": 0.1449742317199707
    },
    "left_pinky": {
        "x": 0.7319533824920654,
        "y": 0.537711501121521,
        "z": -0.22500120103359222
    },
    "right_pinky": {
        "x": 0.6940605640411377,
        "y": 0.46655818819999695,
        "z": 0.15704400837421417
    },
    "left_index": {
        "x": 0.7270411849021912,
        "y": 0.5315683484077454,
        "z": -0.2175404131412506
    },
    "right_index": {
        "x": 0.6908519268035889,
        "y": 0.4640638530254364,
        "z": 0.13156060874462128
    },
    "left_thumb": {
        "x": 0.727679967880249,
        "y": 0.5261750221252441,
        "z": -0.19945673644542694
    },
    "right_thumb": {
        "x": 0.6929971575737,
        "y": 0.461870938539505,
        "z": 0.1343752145767212
    },
    "left_hip": {
        "x": 0.7350553870201111,
        "y": 0.5135433077812195,
        "z": -0.07924243062734604
    },
    "right_hip": {
        "x": 0.7315283417701721,
        "y": 0.5035874843597412,
        "z": 0.07933011651039124
    },
    "left_knee": {
        "x": 0.6687886714935303,
        "y": 0.5196941494941711,
        "z": -0.0634826123714447
    },
    "right_knee": {
        "x": 0.6919525861740112,
        "y": 0.5583524107933044,
        "z": 0.07143589854240417
    },
    "left_ankle": {
        "x": 0.6392702460289001,
        "y": 0.6122665405273438,
        "z": 0.016306215897202492
    },
    "right_ankle": {
        "x": 0.6892921328544617,
        "y": 0.6635589003562927,
        "z": 0.13246841728687286
    },
    "left_heel": {
        "x": 0.6423051953315735,
        "y": 0.6344127058982849,
        "z": 0.023507677018642426
    },
    "right_heel": {
        "x": 0.6945509314537048,
        "y": 0.6883376836776733,
        "z": 0.13775640726089478
    },
    "left_foot_index": {
        "x": 0.6060293912887573,
        "y": 0.6201938390731812,
        "z": -0.0016809237422421575
    },
    "right_foot_index": {
        "x": 0.6549800634384155,
        "y": 0.6824826002120972,
        "z": 0.11895808577537537
    }
}