{
    "nose": {
        "x": 0.7249100208282471,
        "y": 0.3272307515144348,
        "z": 0.013480530120432377
    },
    "left_eye_inner": {
        "x": 0.7251202464103699,
        "y": 0.3184598684310913,
        "z": -0.0001811608817661181
    },
    "left_eye": {
        "x": 0.7255046963691711,
        "y": 0.3178621232509613,
        "z": -0.00021018464758526534
    },
    "left_eye_outer": {
        "x": 0.7258613705635071,
        "y": 0.31746432185173035,
        "z": -0.00022806062770541757
    },
    "right_eye_inner": {
        "x": 0.7246147990226746,
        "y": 0.31936919689178467,
        "z": 0.015992937609553337
    },
    "right_eye": {
        "x": 0.7246058583259583,
        "y": 0.3193832039833069,
        "z": 0.01598760485649109
    },
    "right_eye_outer": {
        "x": 0.7245426177978516,
        "y": 0.31959864497184753,
        "z": 0.015944581478834152
    },
    "left_ear": {
        "x": 0.7293846607208252,
        "y": 0.31801313161849976,
        "z": -0.030922122299671173
    },
    "right_ear": {
        "x": 0.7272460460662842,
        "y": 0.32137054204940796,
        "z": 0.03918452933430672
    },
    "mouth_left": {
        "x": 0.7270396947860718,
        "y": 0.334536612033844,
        "z": 0.005535838194191456
    },
    "mouth_right": {
        "x": 0.7263714671134949,
        "y": 0.33578723669052124,
        "z": 0.025746982544660568
    },
    "left_shoulder": {
        "x": 0.7331739068031311,
        "y": 0.35863322019577026,
        "z": -0.09595489501953125
    },
    "right_shoulder": {
        "x": 0.7486728429794312,
        "y": 0.36185163259506226,
        "z": 0.11099904775619507
    },
    "left_elbow": {
        "x": 0.7377954721450806,
        "y": 0.4360407590866089,
        "z": -0.15260738134384155
    },
    "right_elbow": {
        "x": 0.7400602102279663,
        "y": 0.4045245349407196,
        "z": 0.14130300283432007
    },
    "left_wrist": {
        "x": 0.7347482442855835,
        "y": 0.5077304840087891,
        "z": -0.1579703837633133
    },
    "right_wrist": {
        "x": 0.7121928334236145,
        "y": 0.3925638198852539,
        "z": 0.10872313380241394
    },
    "left_pinky": {
        "x": 0.7350232005119324,
        "y": 0.5292144417762756,
        "z": -0.17304469645023346
    },
    "right_pinky": {
        "x": 0.7097015380859375,
        "y": 0.4035729169845581,
        "z": 0.1164931133389473
    },
    "left_index": {
        "x": 0.7329482436180115,
        "y": 0.5296260714530945,
        "z": -0.17068850994110107
    },
    "right_index": {
        "x": 0.706951916217804,
        "y": 0.3993517756462097,
        "z": 0.10256128013134003
    },
    "left_thumb": {
        "x": 0.7325504422187805,
        "y": 0.5226828455924988,
        "z": -0.15590344369411469
    },
    "right_thumb": {
        "x": 0.7084910869598389,
        "y": 0.3993998169898987,
        "z": 0.101017065346241
    },
    "left_hip": {
        "x": 0.7274171710014343,
        "y": 0.5119279026985168,
        "z": -0.067421093583107
    },
    "right_hip": {
        "x": 0.7413255572319031,
        "y": 0.5142437219619751,
        "z": 0.06739925593137741
    },
    "left_knee": {
        "x": 0.6810314655303955,
        "y": 0.5747919082641602,
        "z": -0.04580537974834442
    },
    "right_knee": {
        "x": 0.7081350088119507,
        "y": 0.5845938324928284,
        "z": 0.10264138132333755
    },
    "left_ankle": {
        "x": 0.6639114618301392,
        "y": 0.6817494630813599,
        "z": -0.009682892821729183
    },
    "right_ankle": {
        "x": 0.6935638189315796,
        "y": 0.6704368591308594,
        "z": 0.15385012328624725
    },
    "left_heel": {
        "x": 0.6679471731185913,
        "y": 0.70722496509552,
        "z": -0.007426381576806307
    },
    "right_heel": {
        "x": 0.6969101428985596,
        "y": 0.6942899227142334,
        "z": 0.15832644701004028
    },
    "left_foot_index": {
        "x": 0.6289622783660889,
        "y": 0.683393657207489,
        "z": -0.05024169757962227
    },
    "right_foot_index": {
        "x": 0.6726337671279907,
        "y": 0.6866080164909363,
        "z": 0.13219870626926422
    }
}