{
    "nose": {
        "x": 0.5327616333961487,
        "y": 0.9229528903961182,
        "z": -0.1849554479122162
    },
    "left_eye_inner": {
        "x": 0.5388513803482056,
        "y": 0.9261478781700134,
        "z": -0.20354820787906647
    },
    "left_eye": {
        "x": 0.538764238357544,
        "y": 0.9261349439620972,
        "z": -0.20360274612903595
    },
    "left_eye_outer": {
        "x": 0.5386870503425598,
        "y": 0.926052451133728,
        "z": -0.20372095704078674
    },
    "right_eye_inner": {
        "x": 0.5391181111335754,
        "y": 0.9289814233779907,
        "z": -0.18054169416427612
    },
    "right_eye": {
        "x": 0.5392380952835083,
        "y": 0.9305504560470581,
        "z": -0.18057140707969666
    },
    "right_eye_outer": {
        "x": 0.5393460988998413,
        "y": 0.931709349155426,
        "z": -0.18061991035938263
    },
    "left_ear": {
        "x": 0.5355181097984314,
        "y": 0.9350208044052124,
        "z": -0.2511763870716095
    },
    "right_ear": {
        "x": 0.5349176526069641,
        "y": 0.9422792196273804,
        "z": -0.14162889122962952
    },
    "mouth_left": {
        "x": 0.5261011123657227,
        "y": 0.9311441779136658,
        "z": -0.1977657824754715
    },
    "mouth_right": {
        "x": 0.527000367641449,
        "y": 0.9332877397537231,
        "z": -0.16632814705371857
    },
    "left_shoulder": {
        "x": 0.4928523004055023,
        "y": 0.953118622303009,
        "z": -0.2685739994049072
    },
    "right_shoulder": {
        "x": 0.49432051181793213,
        "y": 0.9919860363006592,
        "z": -0.08449597656726837
    },
    "left_elbow": {
        "x": 0.4740122854709625,
        "y": 0.9822924733161926,
        "z": -0.38359546661376953
    },
    "right_elbow": {
        "x": 0.46999791264533997,
        "y": 0.9903001189231873,
        "z": 0.07597336173057556
    },
    "left_wrist": {
        "x": 0.4953760504722595,
        "y": 0.9660695791244507,
        "z": -0.46565401554107666
    },
    "right_wrist": {
        "x": 0.472992479801178,
        "y": 0.9863809943199158,
        "z": 0.22398433089256287
    },
    "left_pinky": {
        "x": 0.5016744136810303,
        "y": 0.9616775512695312,
        "z": -0.5022846460342407
    },
    "right_pinky": {
        "x": 0.474656343460083,
        "y": 0.9929090142250061,
        "z": 0.2359033226966858
    },
    "left_index": {
        "x": 0.5065247416496277,
        "y": 0.9651304483413696,
        "z": -0.4906805753707886
    },
    "right_index": {
        "x": 0.4790117144584656,
        "y": 0.9868931174278259,
        "z": 0.2262316346168518
    },
    "left_thumb": {
        "x": 0.5034117102622986,
        "y": 0.9686564207077026,
        "z": -0.4652095139026642
    },
    "right_thumb": {
        "x": 0.4789797067642212,
        "y": 0.980590283870697,
        "z": 0.22187012434005737
    },
    "left_hip": {
        "x": 0.37948253750801086,
        "y": 0.8847558498382568,
        "z": -0.08165623992681503
    },
    "right_hip": {
        "x": 0.38814735412597656,
        "y": 0.9199468493461609,
        "z": 0.08128272742033005
    },
    "left_knee": {
        "x": 0.35839998722076416,
        "y": 0.8890098929405212,
        "z": 0.18061167001724243
    },
    "right_knee": {
        "x": 0.36753523349761963,
        "y": 0.9372175931930542,
        "z": 0.378450483083725
    },
    "left_ankle": {
        "x": 0.29121410846710205,
        "y": 0.883291482925415,
        "z": 0.43126028776168823
    },
    "right_ankle": {
        "x": 0.3222757577896118,
        "y": 0.9555953741073608,
        "z": 0.6624273657798767
    },
    "left_heel": {
        "x": 0.27617552876472473,
        "y": 0.8887372612953186,
        "z": 0.45905494689941406
    },
    "right_heel": {
        "x": 0.3103085458278656,
        "y": 0.9528206586837769,
        "z": 0.6928231716156006
    },
    "left_foot_index": {
        "x": 0.2872501015663147,
        "y": 0.8459616899490356,
        "z": 0.4241241216659546
    },
    "right_foot_index": {
        "x": 0.3153594732284546,
        "y": 0.9212880730628967,
        "z": 0.6898812651634216
    }
}