{
    "nose": {
        "x": 0.7786251306533813,
        "y": 0.3130860924720764,
        "z": -0.144525408744812
    },
    "left_eye_inner": {
        "x": 0.7844642400741577,
        "y": 0.3049112558364868,
        "z": -0.1532190591096878
    },
    "left_eye": {
        "x": 0.7859518527984619,
        "y": 0.3056797683238983,
        "z": -0.15326032042503357
    },
    "left_eye_outer": {
        "x": 0.7876347303390503,
        "y": 0.3066340386867523,
        "z": -0.15332424640655518
    },
    "right_eye_inner": {
        "x": 0.7823039293289185,
        "y": 0.3036388158798218,
        "z": -0.1364443600177765
    },
    "right_eye": {
        "x": 0.7821609973907471,
        "y": 0.30348485708236694,
        "z": -0.1364395171403885
    },
    "right_eye_outer": {
        "x": 0.7820467948913574,
        "y": 0.30329620838165283,
        "z": -0.136454239487648
    },
    "left_ear": {
        "x": 0.7953643798828125,
        "y": 0.31683042645454407,
        "z": -0.15329375863075256
    },
    "right_ear": {
        "x": 0.7878091335296631,
        "y": 0.30981799960136414,
        "z": -0.07794881612062454
    },
    "mouth_left": {
        "x": 0.7807248830795288,
        "y": 0.32471758127212524,
        "z": -0.14148344099521637
    },
    "mouth_right": {
        "x": 0.7776601910591125,
        "y": 0.32294005155563354,
        "z": -0.11986095458269119
    },
    "left_shoulder": {
        "x": 0.8035425543785095,
        "y": 0.38773107528686523,
        "z": -0.1627093255519867
    },
    "right_shoulder": {
        "x": 0.7719979882240295,
        "y": 0.35298287868499756,
        "z": 0.007729108911007643
    },
    "left_elbow": {
        "x": 0.7997848391532898,
        "y": 0.4680943787097931,
        "z": -0.15335844457149506
    },
    "right_elbow": {
        "x": 0.7525683045387268,
        "y": 0.40168818831443787,
        "z": 0.09494505822658539
    },
    "left_wrist": {
        "x": 0.7724108695983887,
        "y": 0.4998699426651001,
        "z": -0.13313297927379608
    },
    "right_wrist": {
        "x": 0.7247381806373596,
        "y": 0.4165540635585785,
        "z": 0.09147962927818298
    },
    "left_pinky": {
        "x": 0.7660848498344421,
        "y": 0.5122436881065369,
        "z": -0.14620593190193176
    },
    "right_pinky": {
        "x": 0.7173312306404114,
        "y": 0.4199124276638031,
        "z": 0.09094630926847458
    },
    "left_index": {
        "x": 0.7628408074378967,
        "y": 0.5027723908424377,
        "z": -0.15480338037014008
    },
    "right_index": {
        "x": 0.7174551486968994,
        "y": 0.4160671830177307,
        "z": 0.06975915282964706
    },
    "left_thumb": {
        "x": 0.7644627094268799,
        "y": 0.49793729186058044,
        "z": -0.13465407490730286
    },
    "right_thumb": {
        "x": 0.7210443615913391,
        "y": 0.4163967967033386,
        "z": 0.08102598786354065
    },
    "left_hip": {
        "x": 0.7648880481719971,
        "y": 0.5157745480537415,
        "z": -0.04961281269788742
    },
    "right_hip": {
        "x": 0.7445581555366516,
        "y": 0.49732667207717896,
        "z": 0.04964835196733475
    },
    "left_knee": {
        "x": 0.7464600205421448,
        "y": 0.6051303148269653,
        "z": 0.019101712852716446
    },
    "right_knee": {
        "x": 0.7327062487602234,
        "y": 0.5851326584815979,
        "z": 0.1214902400970459
    },
    "left_ankle": {
        "x": 0.7342582941055298,
        "y": 0.6847556829452515,
        "z": 0.1213434636592865
    },
    "right_ankle": {
        "x": 0.7281426191329956,
        "y": 0.6624356508255005,
        "z": 0.2311166375875473
    },
    "left_heel": {
        "x": 0.7368515729904175,
        "y": 0.6970351338386536,
        "z": 0.12827861309051514
    },
    "right_heel": {
        "x": 0.7318724989891052,
        "y": 0.6800098419189453,
        "z": 0.23907878994941711
    },
    "left_foot_index": {
        "x": 0.7086960673332214,
        "y": 0.7013261914253235,
        "z": 0.06738898158073425
    },
    "right_foot_index": {
        "x": 0.7039120197296143,
        "y": 0.6841773986816406,
        "z": 0.19878442585468292
    }
}