{
    "nose": {
        "x": 0.7925348877906799,
        "y": 0.3855223059654236,
        "z": -0.3567112684249878
    },
    "left_eye_inner": {
        "x": 0.7960144877433777,
        "y": 0.38141345977783203,
        "z": -0.36310455203056335
    },
    "left_eye": {
        "x": 0.7979621291160583,
        "y": 0.38119587302207947,
        "z": -0.3630934953689575
    },
    "left_eye_outer": {
        "x": 0.8000026941299438,
        "y": 0.38080930709838867,
        "z": -0.3631786108016968
    },
    "right_eye_inner": {
        "x": 0.7919518947601318,
        "y": 0.3795086145401001,
        "z": -0.3557083010673523
    },
    "right_eye": {
        "x": 0.7911137342453003,
        "y": 0.37822484970092773,
        "z": -0.35577845573425293
    },
    "right_eye_outer": {
        "x": 0.7903380393981934,
        "y": 0.3768881559371948,
        "z": -0.3558327853679657
    },
    "left_ear": {
        "x": 0.8042198419570923,
        "y": 0.37457674741744995,
        "z": -0.3194708526134491
    },
    "right_ear": {
        "x": 0.790972113609314,
        "y": 0.3702017664909363,
        "z": -0.2837618589401245
    },
    "mouth_left": {
        "x": 0.7961527109146118,
        "y": 0.3879181146621704,
        "z": -0.332793265581131
    },
    "mouth_right": {
        "x": 0.7914556860923767,
        "y": 0.3855835199356079,
        "z": -0.322721928358078
    },
    "left_shoulder": {
        "x": 0.8212606906890869,
        "y": 0.4044739603996277,
        "z": -0.252108097076416
    },
    "right_shoulder": {
        "x": 0.7768740057945251,
        "y": 0.3750012218952179,
        "z": -0.16663984954357147
    },
    "left_elbow": {
        "x": 0.8296080827713013,
        "y": 0.47234517335891724,
        "z": -0.2224123775959015
    },
    "right_elbow": {
        "x": 0.7610924243927002,
        "y": 0.42470782995224,
        "z": -0.09836500883102417
    },
    "left_wrist": {
        "x": 0.8234896063804626,
        "y": 0.5402544140815735,
        "z": -0.2580116391181946
    },
    "right_wrist": {
        "x": 0.7454228401184082,
        "y": 0.4792168438434601,
        "z": -0.1395982801914215
    },
    "left_pinky": {
        "x": 0.8200364112854004,
        "y": 0.5595994591712952,
        "z": -0.2765045464038849
    },
    "right_pinky": {
        "x": 0.7411733269691467,
        "y": 0.4935845732688904,
        "z": -0.14855225384235382
    },
    "left_index": {
        "x": 0.8159437775611877,
        "y": 0.558987021446228,
        "z": -0.2941804826259613
    },
    "right_index": {
        "x": 0.7408231496810913,
        "y": 0.4949105381965637,
        "z": -0.1775941252708435
    },
    "left_thumb": {
        "x": 0.8165888786315918,
        "y": 0.552515983581543,
        "z": -0.26474544405937195
    },
    "right_thumb": {
        "x": 0.7428653240203857,
        "y": 0.49145469069480896,
        "z": -0.1517164260149002
    },
    "left_hip": {
        "x": 0.7847387194633484,
        "y": 0.5051129460334778,
        "z": -0.03700350597500801
    },
    "right_hip": {
        "x": 0.7627083659172058,
        "y": 0.48656246066093445,
        "z": 0.03710843250155449
    },
    "left_knee": {
        "x": 0.7542104125022888,
        "y": 0.5994157791137695,
        "z": -0.06314115971326828
    },
    "right_knee": {
        "x": 0.7377157807350159,
        "y": 0.5814076066017151,
        "z": 0.04268304258584976
    },
    "left_ankle": {
        "x": 0.7323228716850281,
        "y": 0.6811376214027405,
        "z": 0.024003729224205017
    },
    "right_ankle": {
        "x": 0.7266145348548889,
        "y": 0.6651979088783264,
        "z": 0.151844322681427
    },
    "left_heel": {
        "x": 0.7336832284927368,
        "y": 0.6955538988113403,
        "z": 0.027622828260064125
    },
    "right_heel": {
        "x": 0.7308431267738342,
        "y": 0.6804810762405396,
        "z": 0.15893009305000305
    },
    "left_foot_index": {
        "x": 0.7119381427764893,
        "y": 0.7041048407554626,
        "z": -0.05092217028141022
    },
    "right_foot_index": {
        "x": 0.7060810327529907,
        "y": 0.6856256723403931,
        "z": 0.099275141954422
    }
}