{
    "nose": {
        "x": 0.7939966320991516,
        "y": 0.34137776494026184,
        "z": -0.1777806431055069
    },
    "left_eye_inner": {
        "x": 0.7982122302055359,
        "y": 0.3323894739151001,
        "z": -0.1729269176721573
    },
    "left_eye": {
        "x": 0.8002727031707764,
        "y": 0.33262091875076294,
        "z": -0.17293934524059296
    },
    "left_eye_outer": {
        "x": 0.802558183670044,
        "y": 0.332809180021286,
        "z": -0.1729678213596344
    },
    "right_eye_inner": {
        "x": 0.7927237153053284,
        "y": 0.32973602414131165,
        "z": -0.16938939690589905
    },
    "right_eye": {
        "x": 0.7913560271263123,
        "y": 0.32856523990631104,
        "z": -0.16940425336360931
    },
    "right_eye_outer": {
        "x": 0.790073037147522,
        "y": 0.32748955488204956,
        "z": -0.16939564049243927
    },
    "left_ear": {
        "x": 0.806082010269165,
        "y": 0.3327999413013458,
        "z": -0.10516499727964401
    },
    "right_ear": {
        "x": 0.788923442363739,
        "y": 0.3260687291622162,
        "z": -0.08778615295886993
    },
    "mouth_left": {
        "x": 0.7970782518386841,
        "y": 0.3512682616710663,
        "z": -0.1486816257238388
    },
    "mouth_right": {
        "x": 0.7908583879470825,
        "y": 0.34690314531326294,
        "z": -0.14405286312103271
    },
    "left_shoulder": {
        "x": 0.8161613941192627,
        "y": 0.38389891386032104,
        "z": -0.06049926206469536
    },
    "right_shoulder": {
        "x": 0.7707511186599731,
        "y": 0.35261985659599304,
        "z": -0.009407772682607174
    },
    "left_elbow": {
        "x": 0.8160030245780945,
        "y": 0.45832738280296326,
        "z": -0.08825822174549103
    },
    "right_elbow": {
        "x": 0.7458325028419495,
        "y": 0.405556857585907,
        "z": -0.05542956665158272
    },
    "left_wrist": {
        "x": 0.7911771535873413,
        "y": 0.4596543610095978,
        "z": -0.1922791600227356
    },
    "right_wrist": {
        "x": 0.7544265985488892,
        "y": 0.41119733452796936,
        "z": -0.22232051193714142
    },
    "left_pinky": {
        "x": 0.7818753123283386,
        "y": 0.45964276790618896,
        "z": -0.22045768797397614
    },
    "right_pinky": {
        "x": 0.7533152103424072,
        "y": 0.42048996686935425,
        "z": -0.2534582316875458
    },
    "left_index": {
        "x": 0.7831382751464844,
        "y": 0.44616490602493286,
        "z": -0.22276300191879272
    },
    "right_index": {
        "x": 0.7593176364898682,
        "y": 0.4131113886833191,
        "z": -0.2628765404224396
    },
    "left_thumb": {
        "x": 0.7855589389801025,
        "y": 0.4440303444862366,
        "z": -0.1939094215631485
    },
    "right_thumb": {
        "x": 0.761116623878479,
        "y": 0.41089826822280884,
        "z": -0.23008354008197784
    },
    "left_hip": {
        "x": 0.7722533941268921,
        "y": 0.509048342704773,
        "z": -0.031216824427247047
    },
    "right_hip": {
        "x": 0.7479488849639893,
        "y": 0.48783889412879944,
        "z": 0.031259555369615555
    },
    "left_knee": {
        "x": 0.7504870891571045,
        "y": 0.6054261326789856,
        "z": -0.0266297347843647
    },
    "right_knee": {
        "x": 0.7345243096351624,
        "y": 0.5828887820243835,
        "z": 0.0679444745182991
    },
    "left_ankle": {
        "x": 0.7336623668670654,
        "y": 0.6849162578582764,
        "z": 0.057447466999292374
    },
    "right_ankle": {
        "x": 0.7269121408462524,
        "y": 0.6643534302711487,
        "z": 0.18422308564186096
    },
    "left_heel": {
        "x": 0.7356266975402832,
        "y": 0.6965886950492859,
        "z": 0.06160549819469452
    },
    "right_heel": {
        "x": 0.7308300137519836,
        "y": 0.6765504479408264,
        "z": 0.19236230850219727
    },
    "left_foot_index": {
        "x": 0.7115386724472046,
        "y": 0.7055777311325073,
        "z": -0.023525211960077286
    },
    "right_foot_index": {
        "x": 0.7040646076202393,
        "y": 0.6834444403648376,
        "z": 0.13069885969161987
    }
}