{
    "nose": {
        "x": 0.7737271785736084,
        "y": 0.31819838285446167,
        "z": -0.16886354982852936
    },
    "left_eye_inner": {
        "x": 0.7790508270263672,
        "y": 0.30925777554512024,
        "z": -0.18277953565120697
    },
    "left_eye": {
        "x": 0.7804447412490845,
        "y": 0.30977052450180054,
        "z": -0.1827981173992157
    },
    "left_eye_outer": {
        "x": 0.7818876504898071,
        "y": 0.310244083404541,
        "z": -0.1828472763299942
    },
    "right_eye_inner": {
        "x": 0.7771582007408142,
        "y": 0.3079303503036499,
        "z": -0.16168612241744995
    },
    "right_eye": {
        "x": 0.7772672772407532,
        "y": 0.3075122535228729,
        "z": -0.16170567274093628
    },
    "right_eye_outer": {
        "x": 0.7774770855903625,
        "y": 0.30704420804977417,
        "z": -0.16173215210437775
    },
    "left_ear": {
        "x": 0.7911207675933838,
        "y": 0.31812894344329834,
        "z": -0.20173901319503784
    },
    "right_ear": {
        "x": 0.7849115133285522,
        "y": 0.31274673342704773,
        "z": -0.10591664910316467
    },
    "mouth_left": {
        "x": 0.7772168517112732,
        "y": 0.3293198347091675,
        "z": -0.17223937809467316
    },
    "mouth_right": {
        "x": 0.7744333148002625,
        "y": 0.32750314474105835,
        "z": -0.1446642428636551
    },
    "left_shoulder": {
        "x": 0.8021271228790283,
        "y": 0.3904275894165039,
        "z": -0.21294432878494263
    },
    "right_shoulder": {
        "x": 0.7771151661872864,
        "y": 0.3531254529953003,
        "z": -0.025012396275997162
    },
    "left_elbow": {
        "x": 0.7918673157691956,
        "y": 0.4734542667865753,
        "z": -0.22553512454032898
    },
    "right_elbow": {
        "x": 0.753949761390686,
        "y": 0.4058341383934021,
        "z": 0.07104092091321945
    },
    "left_wrist": {
        "x": 0.7483721971511841,
        "y": 0.4947507083415985,
        "z": -0.21447867155075073
    },
    "right_wrist": {
        "x": 0.7201153635978699,
        "y": 0.408998966217041,
        "z": 0.07804505527019501
    },
    "left_pinky": {
        "x": 0.7361058592796326,
        "y": 0.5070841312408447,
        "z": -0.2358262687921524
    },
    "right_pinky": {
        "x": 0.7118644118309021,
        "y": 0.4171232283115387,
        "z": 0.07801241427659988
    },
    "left_index": {
        "x": 0.7337334156036377,
        "y": 0.49947816133499146,
        "z": -0.23723168671131134
    },
    "right_index": {
        "x": 0.7058748602867126,
        "y": 0.4075067639350891,
        "z": 0.05520615726709366
    },
    "left_thumb": {
        "x": 0.7367791533470154,
        "y": 0.4950787425041199,
        "z": -0.21340511739253998
    },
    "right_thumb": {
        "x": 0.7106548547744751,
        "y": 0.40892890095710754,
        "z": 0.06744752079248428
    },
    "left_hip": {
        "x": 0.7638280987739563,
        "y": 0.5166417360305786,
        "z": -0.053169865161180496
    },
    "right_hip": {
        "x": 0.7439417839050293,
        "y": 0.49285948276519775,
        "z": 0.05321214348077774
    },
    "left_knee": {
        "x": 0.7438158392906189,
        "y": 0.6012892127037048,
        "z": 0.023317385464906693
    },
    "right_knee": {
        "x": 0.7179895043373108,
        "y": 0.5693127512931824,
        "z": 0.182752326130867
    },
    "left_ankle": {
        "x": 0.7309327125549316,
        "y": 0.6811277866363525,
        "z": 0.1248362809419632
    },
    "right_ankle": {
        "x": 0.705064058303833,
        "y": 0.6202278137207031,
        "z": 0.33713290095329285
    },
    "left_heel": {
        "x": 0.7340934872627258,
        "y": 0.6933313012123108,
        "z": 0.13227291405200958
    },
    "right_heel": {
        "x": 0.7067140340805054,
        "y": 0.6345089673995972,
        "z": 0.3511369824409485
    },
    "left_foot_index": {
        "x": 0.704647958278656,
        "y": 0.695999264717102,
        "z": 0.06972549855709076
    },
    "right_foot_index": {
        "x": 0.6815455555915833,
        "y": 0.6331152319908142,
        "z": 0.32298988103866577
    }
}