{
    "nose": {
        "x": 0.48561161756515503,
        "y": 0.38606706261634827,
        "z": 0.3124409317970276
    },
    "left_eye_inner": {
        "x": 0.4818214774131775,
        "y": 0.38734930753707886,
        "z": 0.33633384108543396
    },
    "left_eye": {
        "x": 0.47957655787467957,
        "y": 0.38577553629875183,
        "z": 0.3363681137561798
    },
    "left_eye_outer": {
        "x": 0.47736552357673645,
        "y": 0.384109228849411,
        "z": 0.33634892106056213
    },
    "right_eye_inner": {
        "x": 0.4879026412963867,
        "y": 0.3917442560195923,
        "z": 0.3336728811264038
    },
    "right_eye": {
        "x": 0.4897361695766449,
        "y": 0.39285698533058167,
        "z": 0.3336798846721649
    },
    "right_eye_outer": {
        "x": 0.49155867099761963,
        "y": 0.39386990666389465,
        "z": 0.3335326910018921
    },
    "left_ear": {
        "x": 0.47147876024246216,
        "y": 0.3765394985675812,
        "z": 0.4028197228908539
    },
    "right_ear": {
        "x": 0.4931061863899231,
        "y": 0.39011526107788086,
        "z": 0.3931877911090851
    },
    "mouth_left": {
        "x": 0.4814533591270447,
        "y": 0.3764551877975464,
        "z": 0.3315238654613495
    },
    "mouth_right": {
        "x": 0.4877690374851227,
        "y": 0.3802172541618347,
        "z": 0.32833707332611084
    },
    "left_shoulder": {
        "x": 0.45857203006744385,
        "y": 0.34839335083961487,
        "z": 0.38008517026901245
    },
    "right_shoulder": {
        "x": 0.5071280002593994,
        "y": 0.38204947113990784,
        "z": 0.326618492603302
    },
    "left_elbow": {
        "x": 0.4302408993244171,
        "y": 0.3795458972454071,
        "z": 0.3771459460258484
    },
    "right_elbow": {
        "x": 0.510063886642456,
        "y": 0.4053645730018616,
        "z": 0.24300120770931244
    },
    "left_wrist": {
        "x": 0.4183053970336914,
        "y": 0.3912770450115204,
        "z": 0.38871848583221436
    },
    "right_wrist": {
        "x": 0.5096769332885742,
        "y": 0.43901321291923523,
        "z": 0.243324413895607
    },
    "left_pinky": {
        "x": 0.41566020250320435,
        "y": 0.3938147723674774,
        "z": 0.3882390856742859
    },
    "right_pinky": {
        "x": 0.5103134512901306,
        "y": 0.45038092136383057,
        "z": 0.24170905351638794
    },
    "left_index": {
        "x": 0.4185737371444702,
        "y": 0.4001227915287018,
        "z": 0.3894255459308624
    },
    "right_index": {
        "x": 0.5090502500534058,
        "y": 0.4496188163757324,
        "z": 0.23830386996269226
    },
    "left_thumb": {
        "x": 0.42130064964294434,
        "y": 0.3998059332370758,
        "z": 0.38759899139404297
    },
    "right_thumb": {
        "x": 0.5065736770629883,
        "y": 0.44439607858657837,
        "z": 0.24243824183940887
    },
    "left_hip": {
        "x": 0.46641576290130615,
        "y": 0.3029264509677887,
        "z": 0.008699134923517704
    },
    "right_hip": {
        "x": 0.5024835467338562,
        "y": 0.3190726041793823,
        "z": -0.008947545662522316
    },
    "left_knee": {
        "x": 0.46214237809181213,
        "y": 0.4179367423057556,
        "z": -0.09562499821186066
    },
    "right_knee": {
        "x": 0.48732271790504456,
        "y": 0.45365434885025024,
        "z": -0.09220552444458008
    },
    "left_ankle": {
        "x": 0.4902798533439636,
        "y": 0.5023030042648315,
        "z": -0.3292480707168579
    },
    "right_ankle": {
        "x": 0.5038372278213501,
        "y": 0.5078485608100891,
        "z": -0.3263838291168213
    },
    "left_heel": {
        "x": 0.49574634432792664,
        "y": 0.5000815987586975,
        "z": -0.36078184843063354
    },
    "right_heel": {
        "x": 0.5037581920623779,
        "y": 0.4976412057876587,
        "z": -0.3562040627002716
    },
    "left_foot_index": {
        "x": 0.5024293661117554,
        "y": 0.5591723918914795,
        "z": -0.4370858669281006
    },
    "right_foot_index": {
        "x": 0.5081714987754822,
        "y": 0.5552461743354797,
        "z": -0.4244309961795807
    }
}