{
    "nose": {
        "x": 0.2125493288040161,
        "y": 0.6053564548492432,
        "z": -0.20872606337070465
    },
    "left_eye_inner": {
        "x": 0.2115853875875473,
        "y": 0.5891292691230774,
        "z": -0.23076485097408295
    },
    "left_eye": {
        "x": 0.2123117446899414,
        "y": 0.5892317891120911,
        "z": -0.23080474138259888
    },
    "left_eye_outer": {
        "x": 0.2128833830356598,
        "y": 0.5894123911857605,
        "z": -0.23094236850738525
    },
    "right_eye_inner": {
        "x": 0.2118493914604187,
        "y": 0.5878928899765015,
        "z": -0.21401308476924896
    },
    "right_eye": {
        "x": 0.21287041902542114,
        "y": 0.5870701670646667,
        "z": -0.21413399279117584
    },
    "right_eye_outer": {
        "x": 0.20826968550682068,
        "y": 0.5877138376235962,
        "z": -0.21417510509490967
    },
    "left_ear": {
        "x": 0.22481726109981537,
        "y": 0.585408627986908,
        "z": -0.27101776003837585
    },
    "right_ear": {
        "x": 0.21818850934505463,
        "y": 0.583351194858551,
        "z": -0.19463352859020233
    },
    "mouth_left": {
        "x": 0.2220766395330429,
        "y": 0.6138323545455933,
        "z": -0.2166721373796463
    },
    "mouth_right": {
        "x": 0.22212833166122437,
        "y": 0.6153980493545532,
        "z": -0.194169819355011
    },
    "left_shoulder": {
        "x": 0.26397421956062317,
        "y": 0.6446143984794617,
        "z": -0.268560528755188
    },
    "right_shoulder": {
        "x": 0.25593650341033936,
        "y": 0.5872414112091064,
        "z": -0.09885120391845703
    },
    "left_elbow": {
        "x": 0.28250300884246826,
        "y": 0.7297345995903015,
        "z": -0.20670555531978607
    },
    "right_elbow": {
        "x": 0.27654707431793213,
        "y": 0.6143094301223755,
        "z": 0.05194447189569473
    },
    "left_wrist": {
        "x": 0.2780170738697052,
        "y": 0.7961259484291077,
        "z": -0.06733959913253784
    },
    "right_wrist": {
        "x": 0.24975545704364777,
        "y": 0.6206552982330322,
        "z": 0.18835824728012085
    },
    "left_pinky": {
        "x": 0.2784128189086914,
        "y": 0.8121480941772461,
        "z": -0.07226485759019852
    },
    "right_pinky": {
        "x": 0.24454736709594727,
        "y": 0.6108164191246033,
        "z": 0.2150573581457138
    },
    "left_index": {
        "x": 0.27346551418304443,
        "y": 0.8065836429595947,
        "z": -0.07248930633068085
    },
    "right_index": {
        "x": 0.23959988355636597,
        "y": 0.6190877556800842,
        "z": 0.19838596880435944
    },
    "left_thumb": {
        "x": 0.27413949370384216,
        "y": 0.8003014922142029,
        "z": -0.06408195197582245
    },
    "right_thumb": {
        "x": 0.24161870777606964,
        "y": 0.6263890862464905,
        "z": 0.18686681985855103
    },
    "left_hip": {
        "x": 0.3462790548801422,
        "y": 0.7239528298377991,
        "z": -0.05880504101514816
    },
    "right_hip": {
        "x": 0.33606839179992676,
        "y": 0.7001169323921204,
        "z": 0.059119049459695816
    },
    "left_knee": {
        "x": 0.31620174646377563,
        "y": 0.840954601764679,
        "z": -0.08115999400615692
    },
    "right_knee": {
        "x": 0.29943233728408813,
        "y": 0.7785077691078186,
        "z": -0.026278967037796974
    },
    "left_ankle": {
        "x": 0.308199405670166,
        "y": 0.988834023475647,
        "z": -0.020566796883940697
    },
    "right_ankle": {
        "x": 0.3066403567790985,
        "y": 0.9585291147232056,
        "z": 0.008687291294336319
    },
    "left_heel": {
        "x": 0.31346774101257324,
        "y": 1.011552095413208,
        "z": -0.0146621810272336
    },
    "right_heel": {
        "x": 0.313637912273407,
        "y": 0.9827901124954224,
        "z": 0.011317013762891293
    },
    "left_foot_index": {
        "x": 0.2766883671283722,
        "y": 1.023267388343811,
        "z": -0.05068855360150337
    },
    "right_foot_index": {
        "x": 0.28784579038619995,
        "y": 1.0010597705841064,
        "z": -0.023229919373989105
    }
}