{
    "nose": {
        "x": 0.1706075221300125,
        "y": 0.5994559526443481,
        "z": -0.10050374269485474
    },
    "left_eye_inner": {
        "x": 0.16589918732643127,
        "y": 0.5856609344482422,
        "z": -0.11699412018060684
    },
    "left_eye": {
        "x": 0.16679830849170685,
        "y": 0.5823162794113159,
        "z": -0.1170014888048172
    },
    "left_eye_outer": {
        "x": 0.16774271428585052,
        "y": 0.5790718197822571,
        "z": -0.11701171100139618
    },
    "right_eye_inner": {
        "x": 0.16429319977760315,
        "y": 0.5889340043067932,
        "z": -0.08952715992927551
    },
    "right_eye": {
        "x": 0.16394910216331482,
        "y": 0.5882777571678162,
        "z": -0.08958868682384491
    },
    "right_eye_outer": {
        "x": 0.16370901465415955,
        "y": 0.5876012444496155,
        "z": -0.08960292488336563
    },
    "left_ear": {
        "x": 0.1727830469608307,
        "y": 0.5628693699836731,
        "z": -0.13981518149375916
    },
    "right_ear": {
        "x": 0.16796523332595825,
        "y": 0.5735710859298706,
        "z": -0.015870612114667892
    },
    "mouth_left": {
        "x": 0.17800278961658478,
        "y": 0.5953096747398376,
        "z": -0.10525168478488922
    },
    "mouth_right": {
        "x": 0.17601539194583893,
        "y": 0.5996338725090027,
        "z": -0.06952866911888123
    },
    "left_shoulder": {
        "x": 0.20901259779930115,
        "y": 0.5551899671554565,
        "z": -0.18233290314674377
    },
    "right_shoulder": {
        "x": 0.20107175409793854,
        "y": 0.5800129175186157,
        "z": 0.07977315038442612
    },
    "left_elbow": {
        "x": 0.228728249669075,
        "y": 0.6354616284370422,
        "z": -0.26926594972610474
    },
    "right_elbow": {
        "x": 0.2251463383436203,
        "y": 0.6473144292831421,
        "z": 0.05039014294743538
    },
    "left_wrist": {
        "x": 0.19430498778820038,
        "y": 0.6824019551277161,
        "z": -0.27306538820266724
    },
    "right_wrist": {
        "x": 0.1951562911272049,
        "y": 0.6728200912475586,
        "z": -0.09660423547029495
    },
    "left_pinky": {
        "x": 0.19034725427627563,
        "y": 0.7003640532493591,
        "z": -0.3034258484840393
    },
    "right_pinky": {
        "x": 0.19326086342334747,
        "y": 0.6923242211341858,
        "z": -0.10742099583148956
    },
    "left_index": {
        "x": 0.18273399770259857,
        "y": 0.6905395984649658,
        "z": -0.2932494878768921
    },
    "right_index": {
        "x": 0.18463551998138428,
        "y": 0.6762164235115051,
        "z": -0.12017882615327835
    },
    "left_thumb": {
        "x": 0.1833244264125824,
        "y": 0.6841372847557068,
        "z": -0.26948052644729614
    },
    "right_thumb": {
        "x": 0.1853833794593811,
        "y": 0.671217143535614,
        "z": -0.10627161711454391
    },
    "left_hip": {
        "x": 0.3152061700820923,
        "y": 0.6092385053634644,
        "z": -0.08692674338817596
    },
    "right_hip": {
        "x": 0.3046337366104126,
        "y": 0.6230897307395935,
        "z": 0.08698549121618271
    },
    "left_knee": {
        "x": 0.24999696016311646,
        "y": 0.6428993344306946,
        "z": -0.18340037763118744
    },
    "right_knee": {
        "x": 0.23845885694026947,
        "y": 0.672878086566925,
        "z": 0.13691996037960052
    },
    "left_ankle": {
        "x": 0.2559739053249359,
        "y": 0.7413714528083801,
        "z": -0.14803053438663483
    },
    "right_ankle": {
        "x": 0.2559370994567871,
        "y": 0.7636932134628296,
        "z": 0.14027492702007294
    },
    "left_heel": {
        "x": 0.26574304699897766,
        "y": 0.7544231414794922,
        "z": -0.14444434642791748
    },
    "right_heel": {
        "x": 0.26679128408432007,
        "y": 0.7785704731941223,
        "z": 0.13946597278118134
    },
    "left_foot_index": {
        "x": 0.22869643568992615,
        "y": 0.7735423445701599,
        "z": -0.17455409467220306
    },
    "right_foot_index": {
        "x": 0.2320065051317215,
        "y": 0.7922186255455017,
        "z": 0.12452279776334763
    }
}