{
    "nose": {
        "x": 0.17014485597610474,
        "y": 0.5997999310493469,
        "z": -0.09301041811704636
    },
    "left_eye_inner": {
        "x": 0.16567949950695038,
        "y": 0.5865484476089478,
        "z": -0.11054229736328125
    },
    "left_eye": {
        "x": 0.16654132306575775,
        "y": 0.5834075808525085,
        "z": -0.11054632812738419
    },
    "left_eye_outer": {
        "x": 0.16738973557949066,
        "y": 0.580450177192688,
        "z": -0.11054617911577225
    },
    "right_eye_inner": {
        "x": 0.16396231949329376,
        "y": 0.5892694592475891,
        "z": -0.08293049037456512
    },
    "right_eye": {
        "x": 0.16362133622169495,
        "y": 0.5885177254676819,
        "z": -0.08298821747303009
    },
    "right_eye_outer": {
        "x": 0.16324779391288757,
        "y": 0.5877722501754761,
        "z": -0.08300116658210754
    },
    "left_ear": {
        "x": 0.17184773087501526,
        "y": 0.5644044280052185,
        "z": -0.13952143490314484
    },
    "right_ear": {
        "x": 0.1663609892129898,
        "y": 0.5740305781364441,
        "z": -0.014710783027112484
    },
    "mouth_left": {
        "x": 0.17760905623435974,
        "y": 0.5963132977485657,
        "z": -0.09964841604232788
    },
    "mouth_right": {
        "x": 0.17541229724884033,
        "y": 0.599834680557251,
        "z": -0.06364566087722778
    },
    "left_shoulder": {
        "x": 0.20625044405460358,
        "y": 0.5597808957099915,
        "z": -0.17981849610805511
    },
    "right_shoulder": {
        "x": 0.20136398077011108,
        "y": 0.5708592534065247,
        "z": 0.07467356324195862
    },
    "left_elbow": {
        "x": 0.22055283188819885,
        "y": 0.6378414034843445,
        "z": -0.2622978985309601
    },
    "right_elbow": {
        "x": 0.2210492193698883,
        "y": 0.6352275013923645,
        "z": 0.05412957817316055
    },
    "left_wrist": {
        "x": 0.19223007559776306,
        "y": 0.6837989687919617,
        "z": -0.2752017676830292
    },
    "right_wrist": {
        "x": 0.19309110939502716,
        "y": 0.6622028350830078,
        "z": -0.08080622553825378
    },
    "left_pinky": {
        "x": 0.1871318370103836,
        "y": 0.7028173804283142,
        "z": -0.3086349368095398
    },
    "right_pinky": {
        "x": 0.18412882089614868,
        "y": 0.664627194404602,
        "z": -0.09235627204179764
    },
    "left_index": {
        "x": 0.1821211576461792,
        "y": 0.6955898404121399,
        "z": -0.2977638840675354
    },
    "right_index": {
        "x": 0.1792970597743988,
        "y": 0.6610994338989258,
        "z": -0.10687988996505737
    },
    "left_thumb": {
        "x": 0.18334220349788666,
        "y": 0.6903095841407776,
        "z": -0.27194440364837646
    },
    "right_thumb": {
        "x": 0.18337613344192505,
        "y": 0.660356879234314,
        "z": -0.09089943766593933
    },
    "left_hip": {
        "x": 0.31740331649780273,
        "y": 0.6076823472976685,
        "z": -0.08622877299785614
    },
    "right_hip": {
        "x": 0.30660974979400635,
        "y": 0.6147235631942749,
        "z": 0.08625925332307816
    },
    "left_knee": {
        "x": 0.25019025802612305,
        "y": 0.6503191590309143,
        "z": -0.16035738587379456
    },
    "right_knee": {
        "x": 0.24545371532440186,
        "y": 0.6752883195877075,
        "z": 0.15043289959430695
    },
    "left_ankle": {
        "x": 0.25901973247528076,
        "y": 0.7397019267082214,
        "z": -0.09896939992904663
    },
    "right_ankle": {
        "x": 0.25552991032600403,
        "y": 0.7714716196060181,
        "z": 0.17511965334415436
    },
    "left_heel": {
        "x": 0.26987317204475403,
        "y": 0.7525457143783569,
        "z": -0.09272792190313339
    },
    "right_heel": {
        "x": 0.2655150294303894,
        "y": 0.7863878607749939,
        "z": 0.17693910002708435
    },
    "left_foot_index": {
        "x": 0.22976118326187134,
        "y": 0.7640988826751709,
        "z": -0.11736037582159042
    },
    "right_foot_index": {
        "x": 0.23065513372421265,
        "y": 0.8056424260139465,
        "z": 0.16714029014110565
    }
}