{
    "nose": {
        "x": 0.4268401265144348,
        "y": 0.7035133838653564,
        "z": -0.1122167780995369
    },
    "left_eye_inner": {
        "x": 0.4215809106826782,
        "y": 0.7087042927742004,
        "z": -0.14639021456241608
    },
    "left_eye": {
        "x": 0.42289969325065613,
        "y": 0.7128893733024597,
        "z": -0.14631438255310059
    },
    "left_eye_outer": {
        "x": 0.4243612289428711,
        "y": 0.7175477743148804,
        "z": -0.14621655642986298
    },
    "right_eye_inner": {
        "x": 0.41916805505752563,
        "y": 0.6964548230171204,
        "z": -0.13446961343288422
    },
    "right_eye": {
        "x": 0.41883450746536255,
        "y": 0.6919600367546082,
        "z": -0.13455674052238464
    },
    "right_eye_outer": {
        "x": 0.41852980852127075,
        "y": 0.6879367232322693,
        "z": -0.13459450006484985
    },
    "left_ear": {
        "x": 0.4319215714931488,
        "y": 0.7160955667495728,
        "z": -0.24453812837600708
    },
    "right_ear": {
        "x": 0.42497003078460693,
        "y": 0.6713460087776184,
        "z": -0.18857505917549133
    },
    "mouth_left": {
        "x": 0.4372516870498657,
        "y": 0.7061396241188049,
        "z": -0.14024902880191803
    },
    "mouth_right": {
        "x": 0.4355926513671875,
        "y": 0.6914979815483093,
        "z": -0.1242474615573883
    },
    "left_shoulder": {
        "x": 0.47518712282180786,
        "y": 0.7577005624771118,
        "z": -0.2544938325881958
    },
    "right_shoulder": {
        "x": 0.46012794971466064,
        "y": 0.5959790349006653,
        "z": -0.13417482376098633
    },
    "left_elbow": {
        "x": 0.4817526340484619,
        "y": 0.8588840961456299,
        "z": -0.21788910031318665
    },
    "right_elbow": {
        "x": 0.4597851634025574,
        "y": 0.6528738737106323,
        "z": 0.052989181131124496
    },
    "left_wrist": {
        "x": 0.4461091160774231,
        "y": 0.9273136258125305,
        "z": -0.15765982866287231
    },
    "right_wrist": {
        "x": 0.4361628592014313,
        "y": 0.7033666968345642,
        "z": 0.2057403028011322
    },
    "left_pinky": {
        "x": 0.4425111413002014,
        "y": 0.9551626443862915,
        "z": -0.1924869865179062
    },
    "right_pinky": {
        "x": 0.4384411871433258,
        "y": 0.7151432037353516,
        "z": 0.2176881730556488
    },
    "left_index": {
        "x": 0.43386754393577576,
        "y": 0.9481420516967773,
        "z": -0.1926439106464386
    },
    "right_index": {
        "x": 0.4405323266983032,
        "y": 0.7257653474807739,
        "z": 0.17950338125228882
    },
    "left_thumb": {
        "x": 0.4341382682323456,
        "y": 0.9386287927627563,
        "z": -0.15905098617076874
    },
    "right_thumb": {
        "x": 0.44402235746383667,
        "y": 0.7276144027709961,
        "z": 0.19554060697555542
    },
    "left_hip": {
        "x": 0.5919519066810608,
        "y": 0.7032645344734192,
        "z": -0.05441771820187569
    },
    "right_hip": {
        "x": 0.5814509987831116,
        "y": 0.6308645606040955,
        "z": 0.054289646446704865
    },
    "left_knee": {
        "x": 0.5306088924407959,
        "y": 0.8256218433380127,
        "z": 0.10216207802295685
    },
    "right_knee": {
        "x": 0.49644166231155396,
        "y": 0.6626863479614258,
        "z": 0.2423693984746933
    },
    "left_ankle": {
        "x": 0.5076583027839661,
        "y": 0.9426371455192566,
        "z": 0.3196568489074707
    },
    "right_ankle": {
        "x": 0.4853919744491577,
        "y": 0.7289707064628601,
        "z": 0.4894718825817108
    },
    "left_heel": {
        "x": 0.5146098136901855,
        "y": 0.9584375619888306,
        "z": 0.3405558466911316
    },
    "right_heel": {
        "x": 0.49057304859161377,
        "y": 0.7447210550308228,
        "z": 0.51402747631073
    },
    "left_foot_index": {
        "x": 0.4870806634426117,
        "y": 0.977972149848938,
        "z": 0.29153311252593994
    },
    "right_foot_index": {
        "x": 0.4579240679740906,
        "y": 0.7425539493560791,
        "z": 0.48100367188453674
    }
}