{
    "nose": {
        "x": 0.568510890007019,
        "y": 0.5059777498245239,
        "z": -0.3416682183742523
    },
    "left_eye_inner": {
        "x": 0.5739693641662598,
        "y": 0.4922069311141968,
        "z": -0.3611338138580322
    },
    "left_eye": {
        "x": 0.5774173736572266,
        "y": 0.49112623929977417,
        "z": -0.36108624935150146
    },
    "left_eye_outer": {
        "x": 0.5809783339500427,
        "y": 0.4900760352611542,
        "z": -0.36117443442344666
    },
    "right_eye_inner": {
        "x": 0.5683354139328003,
        "y": 0.4907664656639099,
        "z": -0.3397108316421509
    },
    "right_eye": {
        "x": 0.5676831007003784,
        "y": 0.4886969327926636,
        "z": -0.339811235666275
    },
    "right_eye_outer": {
        "x": 0.5670549869537354,
        "y": 0.4864809215068817,
        "z": -0.33989399671554565
    },
    "left_ear": {
        "x": 0.5979893803596497,
        "y": 0.47931304574012756,
        "z": -0.37658292055130005
    },
    "right_ear": {
        "x": 0.5791369676589966,
        "y": 0.473503053188324,
        "z": -0.28233444690704346
    },
    "mouth_left": {
        "x": 0.581872284412384,
        "y": 0.5146977305412292,
        "z": -0.3392876088619232
    },
    "mouth_right": {
        "x": 0.5742248296737671,
        "y": 0.5125588774681091,
        "z": -0.31215378642082214
    },
    "left_shoulder": {
        "x": 0.6478210687637329,
        "y": 0.5486860275268555,
        "z": -0.364402174949646
    },
    "right_shoulder": {
        "x": 0.59019935131073,
        "y": 0.4733372628688812,
        "z": -0.1666216403245926
    },
    "left_elbow": {
        "x": 0.6498477458953857,
        "y": 0.6782938241958618,
        "z": -0.33629998564720154
    },
    "right_elbow": {
        "x": 0.5994910001754761,
        "y": 0.560108482837677,
        "z": -0.027509137988090515
    },
    "left_wrist": {
        "x": 0.6259699463844299,
        "y": 0.7933027148246765,
        "z": -0.3258712887763977
    },
    "right_wrist": {
        "x": 0.5770124793052673,
        "y": 0.651229739189148,
        "z": 0.006129087880253792
    },
    "left_pinky": {
        "x": 0.6271082162857056,
        "y": 0.8267751932144165,
        "z": -0.3571550250053406
    },
    "right_pinky": {
        "x": 0.567611575126648,
        "y": 0.6696872115135193,
        "z": 0.012953538447618484
    },
    "left_index": {
        "x": 0.6142399311065674,
        "y": 0.8155561089515686,
        "z": -0.3646101653575897
    },
    "right_index": {
        "x": 0.5676401257514954,
        "y": 0.6694904565811157,
        "z": -0.01808972656726837
    },
    "left_thumb": {
        "x": 0.6139899492263794,
        "y": 0.8039141893386841,
        "z": -0.32821428775787354
    },
    "right_thumb": {
        "x": 0.5719124674797058,
        "y": 0.6652745604515076,
        "z": -0.003908210899680853
    },
    "left_hip": {
        "x": 0.6693840622901917,
        "y": 0.6872884631156921,
        "z": -0.06329619139432907
    },
    "right_hip": {
        "x": 0.6284266710281372,
        "y": 0.6434622406959534,
        "z": 0.06321275234222412
    },
    "left_knee": {
        "x": 0.6145690083503723,
        "y": 0.825322151184082,
        "z": -0.0009843982988968492
    },
    "right_knee": {
        "x": 0.5829651951789856,
        "y": 0.7506257891654968,
        "z": 0.1662663221359253
    },
    "left_ankle": {
        "x": 0.6259183883666992,
        "y": 0.897612988948822,
        "z": 0.16726623475551605
    },
    "right_ankle": {
        "x": 0.5939121246337891,
        "y": 0.8316876292228699,
        "z": 0.33089742064476013
    },
    "left_heel": {
        "x": 0.6383589506149292,
        "y": 0.9069607257843018,
        "z": 0.18575941026210785
    },
    "right_heel": {
        "x": 0.6019315123558044,
        "y": 0.8446851968765259,
        "z": 0.35022780299186707
    },
    "left_foot_index": {
        "x": 0.5971624255180359,
        "y": 0.9318671822547913,
        "z": 0.1930156648159027
    },
    "right_foot_index": {
        "x": 0.5686179995536804,
        "y": 0.8650972843170166,
        "z": 0.368741899728775
    }
}