{
    "nose": {
        "x": 0.4234126806259155,
        "y": 0.5198274254798889,
        "z": -0.17552877962589264
    },
    "left_eye_inner": {
        "x": 0.4218064248561859,
        "y": 0.4968607723712921,
        "z": -0.19704370200634003
    },
    "left_eye": {
        "x": 0.4232742190361023,
        "y": 0.4958336055278778,
        "z": -0.19702468812465668
    },
    "left_eye_outer": {
        "x": 0.4248102307319641,
        "y": 0.4947372078895569,
        "z": -0.19702289998531342
    },
    "right_eye_inner": {
        "x": 0.42067620158195496,
        "y": 0.4950222373008728,
        "z": -0.17144814133644104
    },
    "right_eye": {
        "x": 0.4213710427284241,
        "y": 0.49270814657211304,
        "z": -0.17162635922431946
    },
    "right_eye_outer": {
        "x": 0.4222215712070465,
        "y": 0.49013981223106384,
        "z": -0.17173177003860474
    },
    "left_ear": {
        "x": 0.44289326667785645,
        "y": 0.48552998900413513,
        "z": -0.24006743729114532
    },
    "right_ear": {
        "x": 0.44005948305130005,
        "y": 0.4790875017642975,
        "z": -0.1256001591682434
    },
    "mouth_left": {
        "x": 0.43666067719459534,
        "y": 0.5278301239013672,
        "z": -0.18576505780220032
    },
    "mouth_right": {
        "x": 0.4339873790740967,
        "y": 0.527070164680481,
        "z": -0.15245985984802246
    },
    "left_shoulder": {
        "x": 0.49741947650909424,
        "y": 0.5591676235198975,
        "z": -0.2552221417427063
    },
    "right_shoulder": {
        "x": 0.4811260998249054,
        "y": 0.5017103552818298,
        "z": -0.029638122767210007
    },
    "left_elbow": {
        "x": 0.5430701971054077,
        "y": 0.6872968673706055,
        "z": -0.25658878684043884
    },
    "right_elbow": {
        "x": 0.4796649217605591,
        "y": 0.5920613408088684,
        "z": 0.09919783473014832
    },
    "left_wrist": {
        "x": 0.49759528040885925,
        "y": 0.7820361852645874,
        "z": -0.24811702966690063
    },
    "right_wrist": {
        "x": 0.44419193267822266,
        "y": 0.6706247329711914,
        "z": 0.11921227723360062
    },
    "left_pinky": {
        "x": 0.4858812987804413,
        "y": 0.811818540096283,
        "z": -0.28621962666511536
    },
    "right_pinky": {
        "x": 0.4315919876098633,
        "y": 0.6824878454208374,
        "z": 0.12528003752231598
    },
    "left_index": {
        "x": 0.47682294249534607,
        "y": 0.8024100661277771,
        "z": -0.280888170003891
    },
    "right_index": {
        "x": 0.4285321831703186,
        "y": 0.6832830309867859,
        "z": 0.08698000013828278
    },
    "left_thumb": {
        "x": 0.4797910451889038,
        "y": 0.7934436798095703,
        "z": -0.24735169112682343
    },
    "right_thumb": {
        "x": 0.43440181016921997,
        "y": 0.6813226342201233,
        "z": 0.10536303371191025
    },
    "left_hip": {
        "x": 0.5800557136535645,
        "y": 0.6888672113418579,
        "z": -0.07682840526103973
    },
    "right_hip": {
        "x": 0.5616456866264343,
        "y": 0.649088978767395,
        "z": 0.07677744328975677
    },
    "left_knee": {
        "x": 0.518663227558136,
        "y": 0.8250692486763,
        "z": -0.09895390272140503
    },
    "right_knee": {
        "x": 0.5019077062606812,
        "y": 0.7172712087631226,
        "z": 0.1420111358165741
    },
    "left_ankle": {
        "x": 0.5089519619941711,
        "y": 0.9409078359603882,
        "z": 0.055053699761629105
    },
    "right_ankle": {
        "x": 0.48642903566360474,
        "y": 0.8568629026412964,
        "z": 0.2958870232105255
    },
    "left_heel": {
        "x": 0.5133411884307861,
        "y": 0.950957179069519,
        "z": 0.06981930881738663
    },
    "right_heel": {
        "x": 0.49608248472213745,
        "y": 0.88290935754776,
        "z": 0.31079739332199097
    },
    "left_foot_index": {
        "x": 0.4595319628715515,
        "y": 0.9562974572181702,
        "z": 0.036665331572294235
    },
    "right_foot_index": {
        "x": 0.44005078077316284,
        "y": 0.8913130164146423,
        "z": 0.3003024160861969
    }
}