{
    "nose": {
        "x": 0.491794615983963,
        "y": 0.49203869700431824,
        "z": -0.4712952673435211
    },
    "left_eye_inner": {
        "x": 0.49408555030822754,
        "y": 0.47825753688812256,
        "z": -0.4901612102985382
    },
    "left_eye": {
        "x": 0.4966765344142914,
        "y": 0.47848087549209595,
        "z": -0.4901075065135956
    },
    "left_eye_outer": {
        "x": 0.4992581307888031,
        "y": 0.4788459241390228,
        "z": -0.4901789724826813
    },
    "right_eye_inner": {
        "x": 0.49043160676956177,
        "y": 0.47464191913604736,
        "z": -0.4645853340625763
    },
    "right_eye": {
        "x": 0.49045100808143616,
        "y": 0.47232183814048767,
        "z": -0.46469810605049133
    },
    "right_eye_outer": {
        "x": 0.49056538939476013,
        "y": 0.46994754672050476,
        "z": -0.4648151099681854
    },
    "left_ear": {
        "x": 0.51628577709198,
        "y": 0.47330522537231445,
        "z": -0.49826908111572266
    },
    "right_ear": {
        "x": 0.5044944286346436,
        "y": 0.4631243944168091,
        "z": -0.38537752628326416
    },
    "mouth_left": {
        "x": 0.5036158561706543,
        "y": 0.49969223141670227,
        "z": -0.4664757549762726
    },
    "mouth_right": {
        "x": 0.49968722462654114,
        "y": 0.4970921277999878,
        "z": -0.43396419286727905
    },
    "left_shoulder": {
        "x": 0.575563371181488,
        "y": 0.5503813028335571,
        "z": -0.4797171652317047
    },
    "right_shoulder": {
        "x": 0.5232343077659607,
        "y": 0.46941444277763367,
        "z": -0.2421736717224121
    },
    "left_elbow": {
        "x": 0.5836057066917419,
        "y": 0.6882321834564209,
        "z": -0.49688035249710083
    },
    "right_elbow": {
        "x": 0.5285447239875793,
        "y": 0.5524263381958008,
        "z": -0.08679736405611038
    },
    "left_wrist": {
        "x": 0.5669694542884827,
        "y": 0.7878366112709045,
        "z": -0.5044262409210205
    },
    "right_wrist": {
        "x": 0.5087980031967163,
        "y": 0.6506287455558777,
        "z": -0.04049341753125191
    },
    "left_pinky": {
        "x": 0.566831648349762,
        "y": 0.8284993767738342,
        "z": -0.5534675121307373
    },
    "right_pinky": {
        "x": 0.5000395774841309,
        "y": 0.6730924248695374,
        "z": -0.04158977046608925
    },
    "left_index": {
        "x": 0.5533985495567322,
        "y": 0.8139820098876953,
        "z": -0.5627440810203552
    },
    "right_index": {
        "x": 0.5006198883056641,
        "y": 0.6706645488739014,
        "z": -0.07851629704236984
    },
    "left_thumb": {
        "x": 0.5523295402526855,
        "y": 0.8025308847427368,
        "z": -0.5098409652709961
    },
    "right_thumb": {
        "x": 0.50449138879776,
        "y": 0.6652606725692749,
        "z": -0.053969815373420715
    },
    "left_hip": {
        "x": 0.6205878257751465,
        "y": 0.6755014061927795,
        "z": -0.07452592253684998
    },
    "right_hip": {
        "x": 0.5803635716438293,
        "y": 0.6428689360618591,
        "z": 0.07436371594667435
    },
    "left_knee": {
        "x": 0.5907861590385437,
        "y": 0.8026186227798462,
        "z": 0.13204148411750793
    },
    "right_knee": {
        "x": 0.5462279915809631,
        "y": 0.7765392065048218,
        "z": 0.2770484685897827
    },
    "left_ankle": {
        "x": 0.592205822467804,
        "y": 0.9103866815567017,
        "z": 0.3843075633049011
    },
    "right_ankle": {
        "x": 0.5671560764312744,
        "y": 0.8606265187263489,
        "z": 0.5561107397079468
    },
    "left_heel": {
        "x": 0.606887936592102,
        "y": 0.943122148513794,
        "z": 0.4065174460411072
    },
    "right_heel": {
        "x": 0.5773868560791016,
        "y": 0.8725758790969849,
        "z": 0.584208071231842
    },
    "left_foot_index": {
        "x": 0.5588511824607849,
        "y": 0.9456771612167358,
        "z": 0.34257781505584717
    },
    "right_foot_index": {
        "x": 0.5405164361000061,
        "y": 0.897140383720398,
        "z": 0.5521467328071594
    }
}