{
    "nose": {
        "x": 0.6694668531417847,
        "y": 0.5652246475219727,
        "z": -0.0487087219953537
    },
    "left_eye_inner": {
        "x": 0.6737209558486938,
        "y": 0.5501779913902283,
        "z": -0.05619804933667183
    },
    "left_eye": {
        "x": 0.6729333996772766,
        "y": 0.5465660095214844,
        "z": -0.05626393482089043
    },
    "left_eye_outer": {
        "x": 0.6719726324081421,
        "y": 0.5421790480613708,
        "z": -0.056331485509872437
    },
    "right_eye_inner": {
        "x": 0.6752728819847107,
        "y": 0.5569940805435181,
        "z": -0.07165911048650742
    },
    "right_eye": {
        "x": 0.6755486130714417,
        "y": 0.5584003925323486,
        "z": -0.07167404890060425
    },
    "right_eye_outer": {
        "x": 0.6758183836936951,
        "y": 0.5596311688423157,
        "z": -0.07174452394247055
    },
    "left_ear": {
        "x": 0.6620237827301025,
        "y": 0.534375786781311,
        "z": -0.05721097066998482
    },
    "right_ear": {
        "x": 0.6676613092422485,
        "y": 0.5572280883789062,
        "z": -0.1273641586303711
    },
    "mouth_left": {
        "x": 0.6592273712158203,
        "y": 0.5685010552406311,
        "z": -0.04180263355374336
    },
    "mouth_right": {
        "x": 0.6602838635444641,
        "y": 0.5739807486534119,
        "z": -0.06233243644237518
    },
    "left_shoulder": {
        "x": 0.6000598073005676,
        "y": 0.5250889658927917,
        "z": -0.0043398658744990826
    },
    "right_shoulder": {
        "x": 0.6352784037590027,
        "y": 0.6461111307144165,
        "z": -0.15786859393119812
    },
    "left_elbow": {
        "x": 0.5898767709732056,
        "y": 0.5359358191490173,
        "z": 0.1346954107284546
    },
    "right_elbow": {
        "x": 0.6477420330047607,
        "y": 0.7542183995246887,
        "z": -0.15580575168132782
    },
    "left_wrist": {
        "x": 0.6210134625434875,
        "y": 0.5466564893722534,
        "z": 0.26113367080688477
    },
    "right_wrist": {
        "x": 0.6927623748779297,
        "y": 0.8094696402549744,
        "z": -0.15140165388584137
    },
    "left_pinky": {
        "x": 0.6261106729507446,
        "y": 0.5343992710113525,
        "z": 0.2730909585952759
    },
    "right_pinky": {
        "x": 0.7042865753173828,
        "y": 0.8178574442863464,
        "z": -0.18205466866493225
    },
    "left_index": {
        "x": 0.6309036016464233,
        "y": 0.5411991477012634,
        "z": 0.25919172167778015
    },
    "right_index": {
        "x": 0.7064986228942871,
        "y": 0.8060730695724487,
        "z": -0.1763836294412613
    },
    "left_thumb": {
        "x": 0.6293315887451172,
        "y": 0.5517643690109253,
        "z": 0.25885307788848877
    },
    "right_thumb": {
        "x": 0.7029181718826294,
        "y": 0.8036539554595947,
        "z": -0.1507014036178589
    },
    "left_hip": {
        "x": 0.531260073184967,
        "y": 0.690976083278656,
        "z": 0.05588780716061592
    },
    "right_hip": {
        "x": 0.5569035410881042,
        "y": 0.74268639087677,
        "z": -0.05587121099233627
    },
    "left_knee": {
        "x": 0.5227464437484741,
        "y": 0.7690044641494751,
        "z": 0.26493412256240845
    },
    "right_knee": {
        "x": 0.5824276208877563,
        "y": 0.7910996079444885,
        "z": 0.18254882097244263
    },
    "left_ankle": {
        "x": 0.49594393372535706,
        "y": 0.8356186747550964,
        "z": 0.4701389670372009
    },
    "right_ankle": {
        "x": 0.5514917969703674,
        "y": 0.8841384649276733,
        "z": 0.3927933871746063
    },
    "left_heel": {
        "x": 0.4849814474582672,
        "y": 0.8517670035362244,
        "z": 0.49416741728782654
    },
    "right_heel": {
        "x": 0.5371106266975403,
        "y": 0.908106803894043,
        "z": 0.4159668982028961
    },
    "left_foot_index": {
        "x": 0.5073227286338806,
        "y": 0.8601891994476318,
        "z": 0.5041695833206177
    },
    "right_foot_index": {
        "x": 0.5716513991355896,
        "y": 0.8928197026252747,
        "z": 0.426066130399704
    }
}