{
    "nose": {
        "x": 0.35705119371414185,
        "y": 0.4878954291343689,
        "z": 0.0524931475520134
    },
    "left_eye_inner": {
        "x": 0.3542649745941162,
        "y": 0.4739401042461395,
        "z": 0.030888209119439125
    },
    "left_eye": {
        "x": 0.3514656722545624,
        "y": 0.4724285900592804,
        "z": 0.030855568125844002
    },
    "left_eye_outer": {
        "x": 0.34828871488571167,
        "y": 0.4709998667240143,
        "z": 0.03084874153137207
    },
    "right_eye_inner": {
        "x": 0.3607632517814636,
        "y": 0.4778333306312561,
        "z": 0.027821576222777367
    },
    "right_eye": {
        "x": 0.3623753786087036,
        "y": 0.4788481891155243,
        "z": 0.02783871442079544
    },
    "right_eye_outer": {
        "x": 0.36397016048431396,
        "y": 0.4798769950866699,
        "z": 0.02770751528441906
    },
    "left_ear": {
        "x": 0.34202349185943604,
        "y": 0.4740425944328308,
        "z": -0.04014565050601959
    },
    "right_ear": {
        "x": 0.36237698793411255,
        "y": 0.485454261302948,
        "z": -0.05328395217657089
    },
    "mouth_left": {
        "x": 0.3518720269203186,
        "y": 0.49555549025535583,
        "z": 0.03300762176513672
    },
    "mouth_right": {
        "x": 0.35779380798339844,
        "y": 0.4993170499801636,
        "z": 0.02913162298500538
    },
    "left_shoulder": {
        "x": 0.2980246841907501,
        "y": 0.5237356424331665,
        "z": -0.05449888855218887
    },
    "right_shoulder": {
        "x": 0.3762272596359253,
        "y": 0.55730140209198,
        "z": -0.07535747438669205
    },
    "left_elbow": {
        "x": 0.28036922216415405,
        "y": 0.601820707321167,
        "z": -0.02114877849817276
    },
    "right_elbow": {
        "x": 0.36752140522003174,
        "y": 0.6529325842857361,
        "z": -0.04371007904410362
    },
    "left_wrist": {
        "x": 0.2967126667499542,
        "y": 0.6866523027420044,
        "z": 0.03263450413942337
    },
    "right_wrist": {
        "x": 0.3452640175819397,
        "y": 0.7083184719085693,
        "z": 0.005928310565650463
    },
    "left_pinky": {
        "x": 0.2986889183521271,
        "y": 0.7046164274215698,
        "z": 0.030513757839798927
    },
    "right_pinky": {
        "x": 0.3417295217514038,
        "y": 0.7246567010879517,
        "z": 0.005347093567252159
    },
    "left_index": {
        "x": 0.30111128091812134,
        "y": 0.7074365019798279,
        "z": 0.030889717862010002
    },
    "right_index": {
        "x": 0.3390285074710846,
        "y": 0.7218795418739319,
        "z": -0.0017656701384112239
    },
    "left_thumb": {
        "x": 0.30120110511779785,
        "y": 0.7018329501152039,
        "z": 0.0328439362347126
    },
    "right_thumb": {
        "x": 0.33838707208633423,
        "y": 0.7153733968734741,
        "z": 0.003558560274541378
    },
    "left_hip": {
        "x": 0.29711103439331055,
        "y": 0.6966502666473389,
        "z": -0.003996715415269136
    },
    "right_hip": {
        "x": 0.33735552430152893,
        "y": 0.7073318958282471,
        "z": 0.003960857633501291
    },
    "left_knee": {
        "x": 0.27705109119415283,
        "y": 0.7011842131614685,
        "z": 0.17362762987613678
    },
    "right_knee": {
        "x": 0.3145340085029602,
        "y": 0.7271355390548706,
        "z": 0.19133976101875305
    },
    "left_ankle": {
        "x": 0.26519137620925903,
        "y": 0.7627860903739929,
        "z": 0.36623772978782654
    },
    "right_ankle": {
        "x": 0.27963873744010925,
        "y": 0.7609956860542297,
        "z": 0.3917461633682251
    },
    "left_heel": {
        "x": 0.2630055546760559,
        "y": 0.7837846279144287,
        "z": 0.3863552212715149
    },
    "right_heel": {
        "x": 0.2726428508758545,
        "y": 0.7728036046028137,
        "z": 0.4136234521865845
    },
    "left_foot_index": {
        "x": 0.2646820843219757,
        "y": 0.7359914183616638,
        "z": 0.3904872238636017
    },
    "right_foot_index": {
        "x": 0.27573978900909424,
        "y": 0.7439092993736267,
        "z": 0.41920584440231323
    }
}