{
    "nose": {
        "x": 0.1909649670124054,
        "y": 0.7345542311668396,
        "z": -0.22738415002822876
    },
    "left_eye_inner": {
        "x": 0.1876623034477234,
        "y": 0.7256287336349487,
        "z": -0.2484496533870697
    },
    "left_eye": {
        "x": 0.1887551248073578,
        "y": 0.7242209911346436,
        "z": -0.24843020737171173
    },
    "left_eye_outer": {
        "x": 0.18555523455142975,
        "y": 0.7207888960838318,
        "z": -0.24855853617191315
    },
    "right_eye_inner": {
        "x": 0.18107160925865173,
        "y": 0.7261737585067749,
        "z": -0.22865132987499237
    },
    "right_eye": {
        "x": 0.18004588782787323,
        "y": 0.7251865863800049,
        "z": -0.22874169051647186
    },
    "right_eye_outer": {
        "x": 0.17902681231498718,
        "y": 0.7241936326026917,
        "z": -0.22882719337940216
    },
    "left_ear": {
        "x": 0.19007663428783417,
        "y": 0.7020706534385681,
        "z": -0.2848961353302002
    },
    "right_ear": {
        "x": 0.1795470118522644,
        "y": 0.6983491778373718,
        "z": -0.19600781798362732
    },
    "mouth_left": {
        "x": 0.20046207308769226,
        "y": 0.7253825068473816,
        "z": -0.2346162050962448
    },
    "mouth_right": {
        "x": 0.19766560196876526,
        "y": 0.7283245325088501,
        "z": -0.20891879498958588
    },
    "left_shoulder": {
        "x": 0.23936153948307037,
        "y": 0.6876378655433655,
        "z": -0.26948612928390503
    },
    "right_shoulder": {
        "x": 0.2122199833393097,
        "y": 0.675606369972229,
        "z": -0.1255491077899933
    },
    "left_elbow": {
        "x": 0.2948453426361084,
        "y": 0.7502286434173584,
        "z": -0.2934243679046631
    },
    "right_elbow": {
        "x": 0.24726516008377075,
        "y": 0.7447052597999573,
        "z": -0.1354055106639862
    },
    "left_wrist": {
        "x": 0.24071721732616425,
        "y": 0.7600556015968323,
        "z": -0.2746029496192932
    },
    "right_wrist": {
        "x": 0.23040235042572021,
        "y": 0.7667650580406189,
        "z": -0.2030806988477707
    },
    "left_pinky": {
        "x": 0.22113549709320068,
        "y": 0.7604936957359314,
        "z": -0.2877295911312103
    },
    "right_pinky": {
        "x": 0.22648067772388458,
        "y": 0.7730041742324829,
        "z": -0.2051730751991272
    },
    "left_index": {
        "x": 0.2220650315284729,
        "y": 0.7486938238143921,
        "z": -0.2763904929161072
    },
    "right_index": {
        "x": 0.222518190741539,
        "y": 0.7741456627845764,
        "z": -0.21484768390655518
    },
    "left_thumb": {
        "x": 0.2263985127210617,
        "y": 0.7479541897773743,
        "z": -0.2681387662887573
    },
    "right_thumb": {
        "x": 0.22529613971710205,
        "y": 0.771453857421875,
        "z": -0.2072971761226654
    },
    "left_hip": {
        "x": 0.31164002418518066,
        "y": 0.770562469959259,
        "z": -0.06273137778043747
    },
    "right_hip": {
        "x": 0.2924734950065613,
        "y": 0.7528144717216492,
        "z": 0.06283699721097946
    },
    "left_knee": {
        "x": 0.29720479249954224,
        "y": 0.9156275987625122,
        "z": -0.09345059096813202
    },
    "right_knee": {
        "x": 0.2753250002861023,
        "y": 0.8403670787811279,
        "z": 0.06501395255327225
    },
    "left_ankle": {
        "x": 0.2783221900463104,
        "y": 0.8834356069564819,
        "z": 0.14336948096752167
    },
    "right_ankle": {
        "x": 0.272493451833725,
        "y": 0.8820040822029114,
        "z": 0.25646257400512695
    },
    "left_heel": {
        "x": 0.2850542664527893,
        "y": 0.87398761510849,
        "z": 0.17067141830921173
    },
    "right_heel": {
        "x": 0.2771235704421997,
        "y": 0.8831658959388733,
        "z": 0.2793722450733185
    },
    "left_foot_index": {
        "x": 0.24751810729503632,
        "y": 0.8946572542190552,
        "z": 0.20750536024570465
    },
    "right_foot_index": {
        "x": 0.25470995903015137,
        "y": 0.9147689342498779,
        "z": 0.3153756558895111
    }
}