{
    "nose": {
        "x": 0.34657755494117737,
        "y": 0.8263673186302185,
        "z": -0.08930525928735733
    },
    "left_eye_inner": {
        "x": 0.34229376912117004,
        "y": 0.8430298566818237,
        "z": -0.07178796082735062
    },
    "left_eye": {
        "x": 0.33844059705734253,
        "y": 0.8440755605697632,
        "z": -0.07187113910913467
    },
    "left_eye_outer": {
        "x": 0.33461615443229675,
        "y": 0.8450205326080322,
        "z": -0.07195895910263062
    },
    "right_eye_inner": {
        "x": 0.35758525133132935,
        "y": 0.8567747473716736,
        "z": -0.06581608951091766
    },
    "right_eye": {
        "x": 0.3608352243900299,
        "y": 0.857102632522583,
        "z": -0.06586729735136032
    },
    "right_eye_outer": {
        "x": 0.36194083094596863,
        "y": 0.8573632836341858,
        "z": -0.06597048789262772
    },
    "left_ear": {
        "x": 0.3268100619316101,
        "y": 0.8392647504806519,
        "z": 0.017216740176081657
    },
    "right_ear": {
        "x": 0.36416730284690857,
        "y": 0.8283857703208923,
        "z": 0.04579013213515282
    },
    "mouth_left": {
        "x": 0.3379579782485962,
        "y": 0.8115222454071045,
        "z": -0.05587169528007507
    },
    "mouth_right": {
        "x": 0.351190984249115,
        "y": 0.8076363801956177,
        "z": -0.04777050018310547
    },
    "left_shoulder": {
        "x": 0.302516907453537,
        "y": 0.7880882024765015,
        "z": 0.013185685500502586
    },
    "right_shoulder": {
        "x": 0.37871551513671875,
        "y": 0.7524152994155884,
        "z": 0.09469695389270782
    },
    "left_elbow": {
        "x": 0.29083260893821716,
        "y": 0.7836486101150513,
        "z": -0.1479930281639099
    },
    "right_elbow": {
        "x": 0.38413459062576294,
        "y": 0.702744722366333,
        "z": 0.054144978523254395
    },
    "left_wrist": {
        "x": 0.32709744572639465,
        "y": 0.8516225218772888,
        "z": -0.25080111622810364
    },
    "right_wrist": {
        "x": 0.3858409821987152,
        "y": 0.7272907495498657,
        "z": -0.057402100414037704
    },
    "left_pinky": {
        "x": 0.3307282328605652,
        "y": 0.8738843202590942,
        "z": -0.26784390211105347
    },
    "right_pinky": {
        "x": 0.390328586101532,
        "y": 0.7301455736160278,
        "z": -0.06082075089216232
    },
    "left_index": {
        "x": 0.33239614963531494,
        "y": 0.8737595677375793,
        "z": -0.2533198595046997
    },
    "right_index": {
        "x": 0.3890528976917267,
        "y": 0.7366031408309937,
        "z": -0.074836865067482
    },
    "left_thumb": {
        "x": 0.3327863812446594,
        "y": 0.8632453680038452,
        "z": -0.2471955120563507
    },
    "right_thumb": {
        "x": 0.3865159749984741,
        "y": 0.7352906465530396,
        "z": -0.06527215987443924
    },
    "left_hip": {
        "x": 0.2993113100528717,
        "y": 0.5502000451087952,
        "z": -0.028315763920545578
    },
    "right_hip": {
        "x": 0.35233211517333984,
        "y": 0.5305256843566895,
        "z": 0.028394341468811035
    },
    "left_knee": {
        "x": 0.3015620708465576,
        "y": 0.7404161095619202,
        "z": -0.20607921481132507
    },
    "right_knee": {
        "x": 0.38850662112236023,
        "y": 0.647100567817688,
        "z": -0.10958787798881531
    },
    "left_ankle": {
        "x": 0.3458106517791748,
        "y": 0.8893757462501526,
        "z": -0.4039454758167267
    },
    "right_ankle": {
        "x": 0.4112042486667633,
        "y": 0.6695459485054016,
        "z": -0.2144649177789688
    },
    "left_heel": {
        "x": 0.35083630681037903,
        "y": 0.8811248540878296,
        "z": -0.4211066961288452
    },
    "right_heel": {
        "x": 0.41212236881256104,
        "y": 0.646861732006073,
        "z": -0.22243551909923553
    },
    "left_foot_index": {
        "x": 0.3578319549560547,
        "y": 1.012544870376587,
        "z": -0.4671259820461273
    },
    "right_foot_index": {
        "x": 0.4173983335494995,
        "y": 0.7401341199874878,
        "z": -0.2739865183830261
    }
}