{
    "nose": {
        "x": 0.31697168946266174,
        "y": 0.7905088067054749,
        "z": 0.11474122852087021
    },
    "left_eye_inner": {
        "x": 0.3157772421836853,
        "y": 0.7909887433052063,
        "z": 0.11344564706087112
    },
    "left_eye": {
        "x": 0.3147803544998169,
        "y": 0.7907572388648987,
        "z": 0.11342567205429077
    },
    "left_eye_outer": {
        "x": 0.3138054311275482,
        "y": 0.7904569506645203,
        "z": 0.11331997066736221
    },
    "right_eye_inner": {
        "x": 0.3182564377784729,
        "y": 0.7909175753593445,
        "z": 0.110307477414608
    },
    "right_eye": {
        "x": 0.31902259588241577,
        "y": 0.7905213236808777,
        "z": 0.11026754975318909
    },
    "right_eye_outer": {
        "x": 0.3197314739227295,
        "y": 0.7900536060333252,
        "z": 0.1101752296090126
    },
    "left_ear": {
        "x": 0.31133827567100525,
        "y": 0.7889860272407532,
        "z": 0.10952506214380264
    },
    "right_ear": {
        "x": 0.32072681188583374,
        "y": 0.7858036160469055,
        "z": 0.09647620469331741
    },
    "mouth_left": {
        "x": 0.31441816687583923,
        "y": 0.7876731753349304,
        "z": 0.11652478575706482
    },
    "mouth_right": {
        "x": 0.3173249065876007,
        "y": 0.7871424555778503,
        "z": 0.1124941036105156
    },
    "left_shoulder": {
        "x": 0.3084203004837036,
        "y": 0.7819198966026306,
        "z": 0.07910140603780746
    },
    "right_shoulder": {
        "x": 0.3204638957977295,
        "y": 0.7797034978866577,
        "z": 0.07085894048213959
    },
    "left_elbow": {
        "x": 0.2589423358440399,
        "y": 0.7598455548286438,
        "z": 0.07479674369096756
    },
    "right_elbow": {
        "x": 0.29589658975601196,
        "y": 0.7395237684249878,
        "z": 0.07327385246753693
    },
    "left_wrist": {
        "x": 0.2189449816942215,
        "y": 0.7460817098617554,
        "z": 0.04928603023290634
    },
    "right_wrist": {
        "x": 0.2714630663394928,
        "y": 0.7442964315414429,
        "z": 0.07361140847206116
    },
    "left_pinky": {
        "x": 0.2094334214925766,
        "y": 0.7475503087043762,
        "z": 0.034281160682439804
    },
    "right_pinky": {
        "x": 0.26726770401000977,
        "y": 0.7471386194229126,
        "z": 0.07148303091526031
    },
    "left_index": {
        "x": 0.20816804468631744,
        "y": 0.7469368577003479,
        "z": 0.030502265319228172
    },
    "right_index": {
        "x": 0.26953598856925964,
        "y": 0.7542417049407959,
        "z": 0.06303434818983078
    },
    "left_thumb": {
        "x": 0.2145901918411255,
        "y": 0.7452467083930969,
        "z": 0.04642070457339287
    },
    "right_thumb": {
        "x": 0.2702559530735016,
        "y": 0.7554610371589661,
        "z": 0.06991127878427505
    },
    "left_hip": {
        "x": 0.29179930686950684,
        "y": 0.7124758958816528,
        "z": 0.012947142124176025
    },
    "right_hip": {
        "x": 0.2999020218849182,
        "y": 0.7180451154708862,
        "z": -0.013293175958096981
    },
    "left_knee": {
        "x": 0.2706604301929474,
        "y": 0.7493076324462891,
        "z": -0.04652691259980202
    },
    "right_knee": {
        "x": 0.2835857570171356,
        "y": 0.7522875666618347,
        "z": -0.07617267966270447
    },
    "left_ankle": {
        "x": 0.29514166712760925,
        "y": 0.7809780836105347,
        "z": 0.050963882356882095
    },
    "right_ankle": {
        "x": 0.2978649437427521,
        "y": 0.7788922190666199,
        "z": 0.023261763155460358
    },
    "left_heel": {
        "x": 0.2997714877128601,
        "y": 0.7810450792312622,
        "z": 0.06437525153160095
    },
    "right_heel": {
        "x": 0.2993290424346924,
        "y": 0.7773851156234741,
        "z": 0.03832123801112175
    },
    "left_foot_index": {
        "x": 0.3031511902809143,
        "y": 0.8029149770736694,
        "z": 0.07739020138978958
    },
    "right_foot_index": {
        "x": 0.3028450608253479,
        "y": 0.7951053380966187,
        "z": 0.06440449506044388
    }
}