{
    "nose": {
        "x": 0.3357340693473816,
        "y": 0.6719774603843689,
        "z": -0.6064518094062805
    },
    "left_eye_inner": {
        "x": 0.321859747171402,
        "y": 0.6451582312583923,
        "z": -0.5688297152519226
    },
    "left_eye": {
        "x": 0.3251601755619049,
        "y": 0.6436501741409302,
        "z": -0.568882942199707
    },
    "left_eye_outer": {
        "x": 0.3284488022327423,
        "y": 0.6428697109222412,
        "z": -0.5690090656280518
    },
    "right_eye_inner": {
        "x": 0.30695807933807373,
        "y": 0.6591485738754272,
        "z": -0.5852533578872681
    },
    "right_eye": {
        "x": 0.29896971583366394,
        "y": 0.6684394478797913,
        "z": -0.5853095054626465
    },
    "right_eye_outer": {
        "x": 0.28945183753967285,
        "y": 0.6792539358139038,
        "z": -0.585550844669342
    },
    "left_ear": {
        "x": 0.3231714963912964,
        "y": 0.6707375645637512,
        "z": -0.30952656269073486
    },
    "right_ear": {
        "x": 0.2713293135166168,
        "y": 0.7230562567710876,
        "z": -0.3692328929901123
    },
    "mouth_left": {
        "x": 0.35008442401885986,
        "y": 0.7113476991653442,
        "z": -0.5052250623703003
    },
    "mouth_right": {
        "x": 0.3303591012954712,
        "y": 0.728351891040802,
        "z": -0.5230093002319336
    },
    "left_shoulder": {
        "x": 0.42325904965400696,
        "y": 0.830445408821106,
        "z": -0.1538219302892685
    },
    "right_shoulder": {
        "x": 0.22269535064697266,
        "y": 0.9675242900848389,
        "z": -0.29885849356651306
    },
    "left_elbow": {
        "x": 0.5151433944702148,
        "y": 0.9686617255210876,
        "z": -0.27993980050086975
    },
    "right_elbow": {
        "x": 0.1933986246585846,
        "y": 1.1899447441101074,
        "z": -0.6551002264022827
    },
    "left_wrist": {
        "x": 0.466637521982193,
        "y": 0.9369819164276123,
        "z": -0.47863438725471497
    },
    "right_wrist": {
        "x": 0.23559218645095825,
        "y": 0.9812855124473572,
        "z": -1.0920135974884033
    },
    "left_pinky": {
        "x": 0.46719300746917725,
        "y": 0.9343764781951904,
        "z": -0.5235240459442139
    },
    "right_pinky": {
        "x": 0.24236613512039185,
        "y": 0.9306379556655884,
        "z": -1.179840087890625
    },
    "left_index": {
        "x": 0.4472840130329132,
        "y": 0.9159389734268188,
        "z": -0.5039791464805603
    },
    "right_index": {
        "x": 0.24173025786876678,
        "y": 0.8994093537330627,
        "z": -1.1501569747924805
    },
    "left_thumb": {
        "x": 0.441895991563797,
        "y": 0.925092339515686,
        "z": -0.4792965054512024
    },
    "right_thumb": {
        "x": 0.24610355496406555,
        "y": 0.9202853441238403,
        "z": -1.0920798778533936
    },
    "left_hip": {
        "x": 0.45630133152008057,
        "y": 1.395226001739502,
        "z": -0.024140650406479836
    },
    "right_hip": {
        "x": 0.3077922463417053,
        "y": 1.4430545568466187,
        "z": 0.025961313396692276
    },
    "left_knee": {
        "x": 0.4864503741264343,
        "y": 1.797914981842041,
        "z": 0.04228537902235985
    },
    "right_knee": {
        "x": 0.35445258021354675,
        "y": 1.8506996631622314,
        "z": 0.20150527358055115
    },
    "left_ankle": {
        "x": 0.510796070098877,
        "y": 2.1605074405670166,
        "z": 0.40840044617652893
    },
    "right_ankle": {
        "x": 0.3866906762123108,
        "y": 2.2045044898986816,
        "z": 0.5930250883102417
    },
    "left_heel": {
        "x": 0.5127719640731812,
        "y": 2.214211940765381,
        "z": 0.4276985824108124
    },
    "right_heel": {
        "x": 0.38939571380615234,
        "y": 2.2547342777252197,
        "z": 0.6256194114685059
    },
    "left_foot_index": {
        "x": 0.5191757678985596,
        "y": 2.2673377990722656,
        "z": 0.12860821187496185
    },
    "right_foot_index": {
        "x": 0.41423118114471436,
        "y": 2.314133882522583,
        "z": 0.2987348139286041
    }
}