{
    "nose": {
        "x": 0.27126526832580566,
        "y": 0.5228128433227539,
        "z": -0.13684909045696259
    },
    "left_eye_inner": {
        "x": 0.2628958225250244,
        "y": 0.5203359127044678,
        "z": -0.13871753215789795
    },
    "left_eye": {
        "x": 0.26174280047416687,
        "y": 0.5164127349853516,
        "z": -0.13874363899230957
    },
    "left_eye_outer": {
        "x": 0.26065680384635925,
        "y": 0.5125245451927185,
        "z": -0.1387767344713211
    },
    "right_eye_inner": {
        "x": 0.26530808210372925,
        "y": 0.5302065014839172,
        "z": -0.12442760169506073
    },
    "right_eye": {
        "x": 0.26589423418045044,
        "y": 0.533608078956604,
        "z": -0.1244327574968338
    },
    "right_eye_outer": {
        "x": 0.26658350229263306,
        "y": 0.5368750691413879,
        "z": -0.12442051619291306
    },
    "left_ear": {
        "x": 0.25863581895828247,
        "y": 0.5027449131011963,
        "z": -0.10492322593927383
    },
    "right_ear": {
        "x": 0.26587048172950745,
        "y": 0.5350796580314636,
        "z": -0.039659421890974045
    },
    "mouth_left": {
        "x": 0.27498358488082886,
        "y": 0.5132735967636108,
        "z": -0.12115234136581421
    },
    "mouth_right": {
        "x": 0.27761054039001465,
        "y": 0.5246156454086304,
        "z": -0.10256974399089813
    },
    "left_shoulder": {
        "x": 0.28149744868278503,
        "y": 0.4584442973136902,
        "z": -0.12071221321821213
    },
    "right_shoulder": {
        "x": 0.2905707359313965,
        "y": 0.5201994776725769,
        "z": 0.049227338284254074
    },
    "left_elbow": {
        "x": 0.31412646174430847,
        "y": 0.48172491788864136,
        "z": -0.19577021896839142
    },
    "right_elbow": {
        "x": 0.3283696472644806,
        "y": 0.5337867736816406,
        "z": 0.009769037365913391
    },
    "left_wrist": {
        "x": 0.3067246675491333,
        "y": 0.5563598871231079,
        "z": -0.23938968777656555
    },
    "right_wrist": {
        "x": 0.3122057318687439,
        "y": 0.5634863972663879,
        "z": -0.1597844958305359
    },
    "left_pinky": {
        "x": 0.30421212315559387,
        "y": 0.5734760761260986,
        "z": -0.2618509829044342
    },
    "right_pinky": {
        "x": 0.3094838857650757,
        "y": 0.5742133259773254,
        "z": -0.17746251821517944
    },
    "left_index": {
        "x": 0.29810380935668945,
        "y": 0.5753772258758545,
        "z": -0.25145792961120605
    },
    "right_index": {
        "x": 0.30506432056427,
        "y": 0.5739089250564575,
        "z": -0.1869216412305832
    },
    "left_thumb": {
        "x": 0.3007352352142334,
        "y": 0.5691617727279663,
        "z": -0.23413792252540588
    },
    "right_thumb": {
        "x": 0.3064567446708679,
        "y": 0.5676776766777039,
        "z": -0.16831724345684052
    },
    "left_hip": {
        "x": 0.3725200295448303,
        "y": 0.4486721158027649,
        "z": -0.05968112871050835
    },
    "right_hip": {
        "x": 0.36865872144699097,
        "y": 0.48985496163368225,
        "z": 0.05980026721954346
    },
    "left_knee": {
        "x": 0.38744017481803894,
        "y": 0.5225606560707092,
        "z": -0.19860242307186127
    },
    "right_knee": {
        "x": 0.3754744827747345,
        "y": 0.5665318965911865,
        "z": -0.054783500730991364
    },
    "left_ankle": {
        "x": 0.4217831492424011,
        "y": 0.5402644872665405,
        "z": -0.05597473680973053
    },
    "right_ankle": {
        "x": 0.4199594259262085,
        "y": 0.5493156313896179,
        "z": -0.023702917620539665
    },
    "left_heel": {
        "x": 0.42538464069366455,
        "y": 0.531032919883728,
        "z": -0.04108552634716034
    },
    "right_heel": {
        "x": 0.42816486954689026,
        "y": 0.5382808446884155,
        "z": -0.021217791363596916
    },
    "left_foot_index": {
        "x": 0.4352039098739624,
        "y": 0.5731855630874634,
        "z": -0.06194232776761055
    },
    "right_foot_index": {
        "x": 0.43386757373809814,
        "y": 0.5792611241340637,
        "z": -0.05440277233719826
    }
}