{
    "nose": {
        "x": 0.267917275428772,
        "y": 0.5310041308403015,
        "z": -0.12658648192882538
    },
    "left_eye_inner": {
        "x": 0.259201318025589,
        "y": 0.5250772833824158,
        "z": -0.12728627026081085
    },
    "left_eye": {
        "x": 0.25824058055877686,
        "y": 0.520939290523529,
        "z": -0.12732818722724915
    },
    "left_eye_outer": {
        "x": 0.2573956847190857,
        "y": 0.516441822052002,
        "z": -0.12737497687339783
    },
    "right_eye_inner": {
        "x": 0.261208176612854,
        "y": 0.5349999070167542,
        "z": -0.11157234013080597
    },
    "right_eye": {
        "x": 0.261588454246521,
        "y": 0.537555456161499,
        "z": -0.11155857890844345
    },
    "right_eye_outer": {
        "x": 0.2620476186275482,
        "y": 0.5401949286460876,
        "z": -0.11153516173362732
    },
    "left_ear": {
        "x": 0.2574933171272278,
        "y": 0.5037758350372314,
        "z": -0.09066201001405716
    },
    "right_ear": {
        "x": 0.2614404559135437,
        "y": 0.5340894460678101,
        "z": -0.018733685836195946
    },
    "mouth_left": {
        "x": 0.27259188890457153,
        "y": 0.5213897228240967,
        "z": -0.11055499315261841
    },
    "mouth_right": {
        "x": 0.2750718593597412,
        "y": 0.5323483347892761,
        "z": -0.08987613022327423
    },
    "left_shoulder": {
        "x": 0.2836330831050873,
        "y": 0.46557122468948364,
        "z": -0.1091398075222969
    },
    "right_shoulder": {
        "x": 0.2985032796859741,
        "y": 0.5223751068115234,
        "z": 0.06471498310565948
    },
    "left_elbow": {
        "x": 0.31199967861175537,
        "y": 0.4958304166793823,
        "z": -0.19895245134830475
    },
    "right_elbow": {
        "x": 0.33914875984191895,
        "y": 0.5389811396598816,
        "z": -0.015263445675373077
    },
    "left_wrist": {
        "x": 0.3029009997844696,
        "y": 0.5673155188560486,
        "z": -0.23995912075042725
    },
    "right_wrist": {
        "x": 0.3174690902233124,
        "y": 0.5607312321662903,
        "z": -0.21221761405467987
    },
    "left_pinky": {
        "x": 0.2987695336341858,
        "y": 0.583358645439148,
        "z": -0.2643868029117584
    },
    "right_pinky": {
        "x": 0.3146618604660034,
        "y": 0.5697160959243774,
        "z": -0.23531027138233185
    },
    "left_index": {
        "x": 0.2947218418121338,
        "y": 0.583717405796051,
        "z": -0.25103554129600525
    },
    "right_index": {
        "x": 0.3115425109863281,
        "y": 0.5670539140701294,
        "z": -0.2401473969221115
    },
    "left_thumb": {
        "x": 0.2978770434856415,
        "y": 0.5782153606414795,
        "z": -0.2339370846748352
    },
    "right_thumb": {
        "x": 0.312661737203598,
        "y": 0.5639697909355164,
        "z": -0.2201039344072342
    },
    "left_hip": {
        "x": 0.38619527220726013,
        "y": 0.44813072681427,
        "z": -0.05748532712459564
    },
    "right_hip": {
        "x": 0.3859501779079437,
        "y": 0.4892066419124603,
        "z": 0.057610124349594116
    },
    "left_knee": {
        "x": 0.40322503447532654,
        "y": 0.501992404460907,
        "z": -0.18148142099380493
    },
    "right_knee": {
        "x": 0.39484813809394836,
        "y": 0.5459555983543396,
        "z": -0.0036452196072787046
    },
    "left_ankle": {
        "x": 0.44282105565071106,
        "y": 0.5180023312568665,
        "z": -0.07963937520980835
    },
    "right_ankle": {
        "x": 0.4458407461643219,
        "y": 0.5438182353973389,
        "z": 0.04276230186223984
    },
    "left_heel": {
        "x": 0.4492529034614563,
        "y": 0.5099225640296936,
        "z": -0.06970153003931046
    },
    "right_heel": {
        "x": 0.45538121461868286,
        "y": 0.5349367260932922,
        "z": 0.04698415845632553
    },
    "left_foot_index": {
        "x": 0.45240774750709534,
        "y": 0.5458082556724548,
        "z": -0.09910102188587189
    },
    "right_foot_index": {
        "x": 0.4577082097530365,
        "y": 0.5759860277175903,
        "z": 0.014186197891831398
    }
}