{
    "nose": {
        "x": 0.25309401750564575,
        "y": 0.7237628102302551,
        "z": 0.017400559037923813
    },
    "left_eye_inner": {
        "x": 0.24759933352470398,
        "y": 0.7261756062507629,
        "z": 0.03315739333629608
    },
    "left_eye": {
        "x": 0.2449622005224228,
        "y": 0.7248300313949585,
        "z": 0.03318364545702934
    },
    "left_eye_outer": {
        "x": 0.24234716594219208,
        "y": 0.7234335541725159,
        "z": 0.033078633248806
    },
    "right_eye_inner": {
        "x": 0.25512993335723877,
        "y": 0.7288548946380615,
        "z": 0.03887558728456497
    },
    "right_eye": {
        "x": 0.2575479745864868,
        "y": 0.7292177677154541,
        "z": 0.038886141031980515
    },
    "right_eye_outer": {
        "x": 0.259952574968338,
        "y": 0.7295639514923096,
        "z": 0.0388321578502655
    },
    "left_ear": {
        "x": 0.23759397864341736,
        "y": 0.7133340239524841,
        "z": 0.1089182123541832
    },
    "right_ear": {
        "x": 0.27271297574043274,
        "y": 0.7331897020339966,
        "z": 0.13503941893577576
    },
    "mouth_left": {
        "x": 0.2496374249458313,
        "y": 0.7111255526542664,
        "z": 0.04508489742875099
    },
    "mouth_right": {
        "x": 0.25787267088890076,
        "y": 0.7140241265296936,
        "z": 0.052394747734069824
    },
    "left_shoulder": {
        "x": 0.21600115299224854,
        "y": 0.6608173251152039,
        "z": 0.1218198761343956
    },
    "right_shoulder": {
        "x": 0.2877490818500519,
        "y": 0.6837426424026489,
        "z": 0.1812886744737625
    },
    "left_elbow": {
        "x": 0.1770579218864441,
        "y": 0.6046626567840576,
        "z": 0.11951638013124466
    },
    "right_elbow": {
        "x": 0.30490589141845703,
        "y": 0.7727817296981812,
        "z": 0.23443637788295746
    },
    "left_wrist": {
        "x": 0.17467957735061646,
        "y": 0.5335744023323059,
        "z": 0.04197385907173157
    },
    "right_wrist": {
        "x": 0.29986828565597534,
        "y": 0.7884680032730103,
        "z": 0.3247363269329071
    },
    "left_pinky": {
        "x": 0.15972577035427094,
        "y": 0.5240510702133179,
        "z": 0.03002816252410412
    },
    "right_pinky": {
        "x": 0.2983934283256531,
        "y": 0.8052995204925537,
        "z": 0.339084267616272
    },
    "left_index": {
        "x": 0.16678836941719055,
        "y": 0.5254339575767517,
        "z": 0.012415084056556225
    },
    "right_index": {
        "x": 0.29629501700401306,
        "y": 0.7978083491325378,
        "z": 0.33338549733161926
    },
    "left_thumb": {
        "x": 0.17143124341964722,
        "y": 0.5321455597877502,
        "z": 0.03454466909170151
    },
    "right_thumb": {
        "x": 0.2951624393463135,
        "y": 0.7952080368995667,
        "z": 0.3237167000770569
    },
    "left_hip": {
        "x": 0.20964723825454712,
        "y": 0.5104414224624634,
        "z": -0.01493519451469183
    },
    "right_hip": {
        "x": 0.2513430118560791,
        "y": 0.4773216247558594,
        "z": 0.01494505163282156
    },
    "left_knee": {
        "x": 0.1847037672996521,
        "y": 0.6364332437515259,
        "z": -0.3294428884983063
    },
    "right_knee": {
        "x": 0.2576921582221985,
        "y": 0.35134637355804443,
        "z": -0.01426052488386631
    },
    "left_ankle": {
        "x": 0.20008331537246704,
        "y": 0.655385434627533,
        "z": -0.519729733467102
    },
    "right_ankle": {
        "x": 0.2556854486465454,
        "y": 0.20777422189712524,
        "z": -0.011441042646765709
    },
    "left_heel": {
        "x": 0.2047850787639618,
        "y": 0.6419953107833862,
        "z": -0.5378656387329102
    },
    "right_heel": {
        "x": 0.24915367364883423,
        "y": 0.18733391165733337,
        "z": -0.016983674839138985
    },
    "left_foot_index": {
        "x": 0.19542846083641052,
        "y": 0.7033796310424805,
        "z": -0.6146540641784668
    },
    "right_foot_index": {
        "x": 0.2729990780353546,
        "y": 0.14421764016151428,
        "z": -0.09140405058860779
    }
}