{
    "nose": {
        "x": 0.19324788451194763,
        "y": 0.8043174147605896,
        "z": -0.4010089635848999
    },
    "left_eye_inner": {
        "x": 0.19025352597236633,
        "y": 0.8073570728302002,
        "z": -0.4095218777656555
    },
    "left_eye": {
        "x": 0.18936152756214142,
        "y": 0.807550311088562,
        "z": -0.40951424837112427
    },
    "left_eye_outer": {
        "x": 0.1884841024875641,
        "y": 0.8078065514564514,
        "z": -0.40963101387023926
    },
    "right_eye_inner": {
        "x": 0.19387812912464142,
        "y": 0.8077588677406311,
        "z": -0.4153304398059845
    },
    "right_eye": {
        "x": 0.19547535479068756,
        "y": 0.808115541934967,
        "z": -0.4154295325279236
    },
    "right_eye_outer": {
        "x": 0.19705820083618164,
        "y": 0.8084001541137695,
        "z": -0.41545477509498596
    },
    "left_ear": {
        "x": 0.1911635398864746,
        "y": 0.8133620023727417,
        "z": -0.37950819730758667
    },
    "right_ear": {
        "x": 0.20330047607421875,
        "y": 0.8147900104522705,
        "z": -0.40621277689933777
    },
    "mouth_left": {
        "x": 0.19688448309898376,
        "y": 0.8043673038482666,
        "z": -0.3811560869216919
    },
    "mouth_right": {
        "x": 0.2003324329853058,
        "y": 0.8041332364082336,
        "z": -0.3895290791988373
    },
    "left_shoulder": {
        "x": 0.19773229956626892,
        "y": 0.8264607191085815,
        "z": -0.28292790055274963
    },
    "right_shoulder": {
        "x": 0.23150500655174255,
        "y": 0.811350405216217,
        "z": -0.33979254961013794
    },
    "left_elbow": {
        "x": 0.22198180854320526,
        "y": 0.7746811509132385,
        "z": -0.2026219367980957
    },
    "right_elbow": {
        "x": 0.24991430342197418,
        "y": 0.7609603404998779,
        "z": -0.3044692575931549
    },
    "left_wrist": {
        "x": 0.24229629337787628,
        "y": 0.6995691657066345,
        "z": -0.16879403591156006
    },
    "right_wrist": {
        "x": 0.26332464814186096,
        "y": 0.6564215421676636,
        "z": -0.2876700758934021
    },
    "left_pinky": {
        "x": 0.24405357241630554,
        "y": 0.6873207688331604,
        "z": -0.172648623585701
    },
    "right_pinky": {
        "x": 0.27075856924057007,
        "y": 0.6322551965713501,
        "z": -0.3142445981502533
    },
    "left_index": {
        "x": 0.24614763259887695,
        "y": 0.6818965673446655,
        "z": -0.20002460479736328
    },
    "right_index": {
        "x": 0.26303204894065857,
        "y": 0.6237965822219849,
        "z": -0.3184342682361603
    },
    "left_thumb": {
        "x": 0.24856364727020264,
        "y": 0.6864042282104492,
        "z": -0.17661744356155396
    },
    "right_thumb": {
        "x": 0.25985047221183777,
        "y": 0.6314855813980103,
        "z": -0.28957217931747437
    },
    "left_hip": {
        "x": 0.2630232274532318,
        "y": 0.8075190186500549,
        "z": 0.01979445107281208
    },
    "right_hip": {
        "x": 0.2870922088623047,
        "y": 0.801267683506012,
        "z": -0.019758151844143867
    },
    "left_knee": {
        "x": 0.18358126282691956,
        "y": 0.7378313541412354,
        "z": 0.04661862552165985
    },
    "right_knee": {
        "x": 0.22915804386138916,
        "y": 0.756401777267456,
        "z": 0.057451266795396805
    },
    "left_ankle": {
        "x": 0.14246006309986115,
        "y": 0.6630946397781372,
        "z": 0.1522538810968399
    },
    "right_ankle": {
        "x": 0.19971761107444763,
        "y": 0.6852335333824158,
        "z": 0.21640191972255707
    },
    "left_heel": {
        "x": 0.14953242242336273,
        "y": 0.6715896725654602,
        "z": 0.16451306641101837
    },
    "right_heel": {
        "x": 0.18463416397571564,
        "y": 0.6732221245765686,
        "z": 0.23252743482589722
    },
    "left_foot_index": {
        "x": 0.12033277750015259,
        "y": 0.6708648800849915,
        "z": 0.12186244130134583
    },
    "right_foot_index": {
        "x": 0.18940198421478271,
        "y": 0.6776740550994873,
        "z": 0.18893574178218842
    }
}