{
    "nose": {
        "x": 0.3777374029159546,
        "y": 0.9277089834213257,
        "z": -0.3375486135482788
    },
    "left_eye_inner": {
        "x": 0.36965206265449524,
        "y": 0.919201135635376,
        "z": -0.3414326608181
    },
    "left_eye": {
        "x": 0.3691856265068054,
        "y": 0.9144675731658936,
        "z": -0.341403990983963
    },
    "left_eye_outer": {
        "x": 0.3686656057834625,
        "y": 0.9099025130271912,
        "z": -0.3414864242076874
    },
    "right_eye_inner": {
        "x": 0.3703043460845947,
        "y": 0.9281975030899048,
        "z": -0.33780497312545776
    },
    "right_eye": {
        "x": 0.37030038237571716,
        "y": 0.9301079511642456,
        "z": -0.3378976583480835
    },
    "right_eye_outer": {
        "x": 0.3704729378223419,
        "y": 0.9335569739341736,
        "z": -0.337983638048172
    },
    "left_ear": {
        "x": 0.3677963316440582,
        "y": 0.8978133797645569,
        "z": -0.2981286644935608
    },
    "right_ear": {
        "x": 0.3716989755630493,
        "y": 0.9457350969314575,
        "z": -0.282601535320282
    },
    "mouth_left": {
        "x": 0.3821214437484741,
        "y": 0.9185681939125061,
        "z": -0.31380945444107056
    },
    "mouth_right": {
        "x": 0.38179320096969604,
        "y": 0.9313973784446716,
        "z": -0.30957210063934326
    },
    "left_shoulder": {
        "x": 0.3938910663127899,
        "y": 0.87371826171875,
        "z": -0.23047451674938202
    },
    "right_shoulder": {
        "x": 0.39609986543655396,
        "y": 0.9427343010902405,
        "z": -0.1949302703142166
    },
    "left_elbow": {
        "x": 0.45199471712112427,
        "y": 0.8732608556747437,
        "z": -0.13428260385990143
    },
    "right_elbow": {
        "x": 0.4680168628692627,
        "y": 0.9582940340042114,
        "z": -0.15013965964317322
    },
    "left_wrist": {
        "x": 0.4527515470981598,
        "y": 0.8771051168441772,
        "z": -0.06004790961742401
    },
    "right_wrist": {
        "x": 0.45583993196487427,
        "y": 0.8864500522613525,
        "z": -0.16018767654895782
    },
    "left_pinky": {
        "x": 0.4524800479412079,
        "y": 0.8778554797172546,
        "z": -0.06415307521820068
    },
    "right_pinky": {
        "x": 0.4603559374809265,
        "y": 0.8597829341888428,
        "z": -0.1694565713405609
    },
    "left_index": {
        "x": 0.44549494981765747,
        "y": 0.874724268913269,
        "z": -0.06842312216758728
    },
    "right_index": {
        "x": 0.4493623971939087,
        "y": 0.8567724227905273,
        "z": -0.17174239456653595
    },
    "left_thumb": {
        "x": 0.44569456577301025,
        "y": 0.8763533234596252,
        "z": -0.05966974422335625
    },
    "right_thumb": {
        "x": 0.44740912318229675,
        "y": 0.8644559979438782,
        "z": -0.1590098887681961
    },
    "left_hip": {
        "x": 0.4868568181991577,
        "y": 0.8436765670776367,
        "z": -0.03579102084040642
    },
    "right_hip": {
        "x": 0.48060595989227295,
        "y": 0.864588737487793,
        "z": 0.0356026254594326
    },
    "left_knee": {
        "x": 0.5185175538063049,
        "y": 0.8883626461029053,
        "z": 0.16020141541957855
    },
    "right_knee": {
        "x": 0.4977762699127197,
        "y": 0.8820072412490845,
        "z": 0.2515124976634979
    },
    "left_ankle": {
        "x": 0.5380783081054688,
        "y": 0.8815230131149292,
        "z": 0.3643842935562134
    },
    "right_ankle": {
        "x": 0.5251944661140442,
        "y": 0.8684758543968201,
        "z": 0.4641036093235016
    },
    "left_heel": {
        "x": 0.5441145896911621,
        "y": 0.8692644238471985,
        "z": 0.3862427771091461
    },
    "right_heel": {
        "x": 0.5299177765846252,
        "y": 0.8599408864974976,
        "z": 0.48805510997772217
    },
    "left_foot_index": {
        "x": 0.5361076593399048,
        "y": 0.9055393934249878,
        "z": 0.37546753883361816
    },
    "right_foot_index": {
        "x": 0.5349856019020081,
        "y": 0.8877332210540771,
        "z": 0.48869049549102783
    }
}