{
    "nose": {
        "x": 0.13084223866462708,
        "y": 0.3520781695842743,
        "z": -0.23572269082069397
    },
    "left_eye_inner": {
        "x": 0.13428378105163574,
        "y": 0.3358408212661743,
        "z": -0.2421795278787613
    },
    "left_eye": {
        "x": 0.13772471249103546,
        "y": 0.33396559953689575,
        "z": -0.24215516448020935
    },
    "left_eye_outer": {
        "x": 0.14147695899009705,
        "y": 0.3319031894207001,
        "z": -0.24228252470493317
    },
    "right_eye_inner": {
        "x": 0.12798063457012177,
        "y": 0.33704331517219543,
        "z": -0.22522468864917755
    },
    "right_eye": {
        "x": 0.1267937421798706,
        "y": 0.33627235889434814,
        "z": -0.22519856691360474
    },
    "right_eye_outer": {
        "x": 0.12577390670776367,
        "y": 0.33545640110969543,
        "z": -0.22517149150371552
    },
    "left_ear": {
        "x": 0.15466098487377167,
        "y": 0.32384002208709717,
        "z": -0.21179887652397156
    },
    "right_ear": {
        "x": 0.13543207943439484,
        "y": 0.32691293954849243,
        "z": -0.13346274197101593
    },
    "mouth_left": {
        "x": 0.14043818414211273,
        "y": 0.3606753945350647,
        "z": -0.21903537213802338
    },
    "mouth_right": {
        "x": 0.13313362002372742,
        "y": 0.36026841402053833,
        "z": -0.1966884583234787
    },
    "left_shoulder": {
        "x": 0.1990649402141571,
        "y": 0.3775942623615265,
        "z": -0.1780758798122406
    },
    "right_shoulder": {
        "x": 0.12357987463474274,
        "y": 0.37501126527786255,
        "z": -0.04064410179853439
    },
    "left_elbow": {
        "x": 0.2358342707157135,
        "y": 0.47794124484062195,
        "z": -0.17253342270851135
    },
    "right_elbow": {
        "x": 0.11776817589998245,
        "y": 0.4700528383255005,
        "z": -0.01243042852729559
    },
    "left_wrist": {
        "x": 0.22644351422786713,
        "y": 0.5906646251678467,
        "z": -0.17978380620479584
    },
    "right_wrist": {
        "x": 0.11959157139062881,
        "y": 0.540107011795044,
        "z": -0.10168509185314178
    },
    "left_pinky": {
        "x": 0.22928676009178162,
        "y": 0.6183933615684509,
        "z": -0.19923482835292816
    },
    "right_pinky": {
        "x": 0.11804540455341339,
        "y": 0.5628575086593628,
        "z": -0.11664362251758575
    },
    "left_index": {
        "x": 0.2163272351026535,
        "y": 0.6174362897872925,
        "z": -0.21259818971157074
    },
    "right_index": {
        "x": 0.11980552971363068,
        "y": 0.5575305223464966,
        "z": -0.13859957456588745
    },
    "left_thumb": {
        "x": 0.2123195230960846,
        "y": 0.6104366779327393,
        "z": -0.1827787607908249
    },
    "right_thumb": {
        "x": 0.12398581206798553,
        "y": 0.5508764982223511,
        "z": -0.11270544677972794
    },
    "left_hip": {
        "x": 0.1840948611497879,
        "y": 0.547284722328186,
        "z": -0.04625488445162773
    },
    "right_hip": {
        "x": 0.14127320051193237,
        "y": 0.542621910572052,
        "z": 0.046306248754262924
    },
    "left_knee": {
        "x": 0.12706635892391205,
        "y": 0.613449215888977,
        "z": -0.2663480341434479
    },
    "right_knee": {
        "x": 0.1174347996711731,
        "y": 0.6364515423774719,
        "z": -0.08295048028230667
    },
    "left_ankle": {
        "x": 0.15145337581634521,
        "y": 0.7750160694122314,
        "z": -0.19783014059066772
    },
    "right_ankle": {
        "x": 0.14183712005615234,
        "y": 0.7780961394309998,
        "z": -0.030777370557188988
    },
    "left_heel": {
        "x": 0.16729216277599335,
        "y": 0.7929190993309021,
        "z": -0.1916344314813614
    },
    "right_heel": {
        "x": 0.15516811609268188,
        "y": 0.7966069579124451,
        "z": -0.027797065675258636
    },
    "left_foot_index": {
        "x": 0.13639096915721893,
        "y": 0.84465491771698,
        "z": -0.2644885182380676
    },
    "right_foot_index": {
        "x": 0.12658900022506714,
        "y": 0.8477350473403931,
        "z": -0.10584406554698944
    }
}