{
    "nose": {
        "x": 0.2256569117307663,
        "y": 0.3244839906692505,
        "z": -0.17162345349788666
    },
    "left_eye_inner": {
        "x": 0.22467884421348572,
        "y": 0.3086923360824585,
        "z": -0.15782248973846436
    },
    "left_eye": {
        "x": 0.22438499331474304,
        "y": 0.30763956904411316,
        "z": -0.1578548401594162
    },
    "left_eye_outer": {
        "x": 0.22392284870147705,
        "y": 0.3066067099571228,
        "z": -0.15790078043937683
    },
    "right_eye_inner": {
        "x": 0.22171714901924133,
        "y": 0.3108038008213043,
        "z": -0.1817764788866043
    },
    "right_eye": {
        "x": 0.2193869948387146,
        "y": 0.3110882043838501,
        "z": -0.1818276196718216
    },
    "right_eye_outer": {
        "x": 0.21676522493362427,
        "y": 0.3112662136554718,
        "z": -0.181858628988266
    },
    "left_ear": {
        "x": 0.21030721068382263,
        "y": 0.30756667256355286,
        "z": -0.08044745773077011
    },
    "right_ear": {
        "x": 0.20137031376361847,
        "y": 0.311352401971817,
        "z": -0.18906265497207642
    },
    "mouth_left": {
        "x": 0.22170227766036987,
        "y": 0.3364967107772827,
        "z": -0.13997192680835724
    },
    "mouth_right": {
        "x": 0.21830342710018158,
        "y": 0.3373294770717621,
        "z": -0.17138636112213135
    },
    "left_shoulder": {
        "x": 0.2044125497341156,
        "y": 0.3576536178588867,
        "z": 0.021319471299648285
    },
    "right_shoulder": {
        "x": 0.17488716542720795,
        "y": 0.37977102398872375,
        "z": -0.2170025110244751
    },
    "left_elbow": {
        "x": 0.2154119312763214,
        "y": 0.44698941707611084,
        "z": 0.09274166077375412
    },
    "right_elbow": {
        "x": 0.15095600485801697,
        "y": 0.5009509325027466,
        "z": -0.24635206162929535
    },
    "left_wrist": {
        "x": 0.23417943716049194,
        "y": 0.4900698661804199,
        "z": 0.07076169550418854
    },
    "right_wrist": {
        "x": 0.1955217868089676,
        "y": 0.5792549848556519,
        "z": -0.23096971213817596
    },
    "left_pinky": {
        "x": 0.23506273329257965,
        "y": 0.5007678270339966,
        "z": 0.07125071436166763
    },
    "right_pinky": {
        "x": 0.20347623527050018,
        "y": 0.6075737476348877,
        "z": -0.2528453469276428
    },
    "left_index": {
        "x": 0.24190273880958557,
        "y": 0.4997503161430359,
        "z": 0.052268221974372864
    },
    "right_index": {
        "x": 0.2139894813299179,
        "y": 0.5994656682014465,
        "z": -0.2509973645210266
    },
    "left_thumb": {
        "x": 0.23805375397205353,
        "y": 0.4978220760822296,
        "z": 0.06212157383561134
    },
    "right_thumb": {
        "x": 0.21321268379688263,
        "y": 0.5907334089279175,
        "z": -0.22852639853954315
    },
    "left_hip": {
        "x": 0.2073175609111786,
        "y": 0.5235540270805359,
        "z": 0.0771019384264946
    },
    "right_hip": {
        "x": 0.18672972917556763,
        "y": 0.5505639314651489,
        "z": -0.07722116261720657
    },
    "left_knee": {
        "x": 0.2981449365615845,
        "y": 0.4907493591308594,
        "z": 0.07261276245117188
    },
    "right_knee": {
        "x": 0.2960643768310547,
        "y": 0.5096564888954163,
        "z": -0.13035430014133453
    },
    "left_ankle": {
        "x": 0.3226313889026642,
        "y": 0.6446018815040588,
        "z": 0.09322351217269897
    },
    "right_ankle": {
        "x": 0.3236939311027527,
        "y": 0.6482407450675964,
        "z": -0.02637263759970665
    },
    "left_heel": {
        "x": 0.31383952498435974,
        "y": 0.6759004592895508,
        "z": 0.09460224956274033
    },
    "right_heel": {
        "x": 0.3095642924308777,
        "y": 0.6774484515190125,
        "z": -0.01186995580792427
    },
    "left_foot_index": {
        "x": 0.36286258697509766,
        "y": 0.6693558096885681,
        "z": 0.08122489601373672
    },
    "right_foot_index": {
        "x": 0.35760176181793213,
        "y": 0.6761089563369751,
        "z": -0.0013029203983023763
    }
}