{
    "nose": {
        "x": 0.3266383111476898,
        "y": 0.32053181529045105,
        "z": -0.024690179154276848
    },
    "left_eye_inner": {
        "x": 0.3268752992153168,
        "y": 0.3073504567146301,
        "z": -0.01580914668738842
    },
    "left_eye": {
        "x": 0.3262749910354614,
        "y": 0.30690300464630127,
        "z": -0.015838997438549995
    },
    "left_eye_outer": {
        "x": 0.32538172602653503,
        "y": 0.30644094944000244,
        "z": -0.015826193615794182
    },
    "right_eye_inner": {
        "x": 0.325689435005188,
        "y": 0.3086109161376953,
        "z": -0.044707898050546646
    },
    "right_eye": {
        "x": 0.3244872987270355,
        "y": 0.3089068830013275,
        "z": -0.0447477325797081
    },
    "right_eye_outer": {
        "x": 0.3231727182865143,
        "y": 0.309145450592041,
        "z": -0.044785026460886
    },
    "left_ear": {
        "x": 0.30952781438827515,
        "y": 0.31002330780029297,
        "z": 0.03276041895151138
    },
    "right_ear": {
        "x": 0.3088926672935486,
        "y": 0.3128412961959839,
        "z": -0.09731742739677429
    },
    "mouth_left": {
        "x": 0.3214198052883148,
        "y": 0.33297234773635864,
        "z": -0.0040796189568936825
    },
    "mouth_right": {
        "x": 0.32030653953552246,
        "y": 0.3329092860221863,
        "z": -0.041661426424980164
    },
    "left_shoulder": {
        "x": 0.29210203886032104,
        "y": 0.34897834062576294,
        "z": 0.09821003675460815
    },
    "right_shoulder": {
        "x": 0.28164464235305786,
        "y": 0.38081538677215576,
        "z": -0.14387613534927368
    },
    "left_elbow": {
        "x": 0.3209852874279022,
        "y": 0.39843523502349854,
        "z": 0.10076042264699936
    },
    "right_elbow": {
        "x": 0.3007896840572357,
        "y": 0.4878731966018677,
        "z": -0.15185686945915222
    },
    "left_wrist": {
        "x": 0.3548400402069092,
        "y": 0.40006759762763977,
        "z": -0.029838956892490387
    },
    "right_wrist": {
        "x": 0.3555396795272827,
        "y": 0.45185667276382446,
        "z": -0.11195585131645203
    },
    "left_pinky": {
        "x": 0.3684510290622711,
        "y": 0.4014603793621063,
        "z": -0.04771287366747856
    },
    "right_pinky": {
        "x": 0.370292067527771,
        "y": 0.4495209753513336,
        "z": -0.12739567458629608
    },
    "left_index": {
        "x": 0.3677045702934265,
        "y": 0.3950348198413849,
        "z": -0.062452033162117004
    },
    "right_index": {
        "x": 0.3706198036670685,
        "y": 0.4386792778968811,
        "z": -0.12232720106840134
    },
    "left_thumb": {
        "x": 0.3619614839553833,
        "y": 0.39734676480293274,
        "z": -0.04051186144351959
    },
    "right_thumb": {
        "x": 0.3638918399810791,
        "y": 0.43653079867362976,
        "z": -0.10637866705656052
    },
    "left_hip": {
        "x": 0.3322916328907013,
        "y": 0.5024340152740479,
        "z": 0.08484659343957901
    },
    "right_hip": {
        "x": 0.3204371929168701,
        "y": 0.5280929207801819,
        "z": -0.08473824709653854
    },
    "left_knee": {
        "x": 0.4117175042629242,
        "y": 0.4799027740955353,
        "z": 0.07674115896224976
    },
    "right_knee": {
        "x": 0.4119477868080139,
        "y": 0.49997901916503906,
        "z": -0.11409135907888412
    },
    "left_ankle": {
        "x": 0.41587451100349426,
        "y": 0.6250205636024475,
        "z": 0.12000291794538498
    },
    "right_ankle": {
        "x": 0.4201368987560272,
        "y": 0.641595721244812,
        "z": -0.027760814875364304
    },
    "left_heel": {
        "x": 0.40303993225097656,
        "y": 0.6502379179000854,
        "z": 0.12155460566282272
    },
    "right_heel": {
        "x": 0.40728089213371277,
        "y": 0.6676441431045532,
        "z": -0.016095494851469994
    },
    "left_foot_index": {
        "x": 0.4476480782032013,
        "y": 0.6663315296173096,
        "z": 0.10783062875270844
    },
    "right_foot_index": {
        "x": 0.4511648118495941,
        "y": 0.6833675503730774,
        "z": -0.00911564752459526
    }
}