{
    "nose": {
        "x": 0.2802448272705078,
        "y": 0.4712544083595276,
        "z": 0.26865726709365845
    },
    "left_eye_inner": {
        "x": 0.2784012258052826,
        "y": 0.46734386682510376,
        "z": 0.271638423204422
    },
    "left_eye": {
        "x": 0.27689021825790405,
        "y": 0.46722644567489624,
        "z": 0.27165788412094116
    },
    "left_eye_outer": {
        "x": 0.2753879129886627,
        "y": 0.4671070873737335,
        "z": 0.27171623706817627
    },
    "right_eye_inner": {
        "x": 0.28175410628318787,
        "y": 0.4668480157852173,
        "z": 0.25957706570625305
    },
    "right_eye": {
        "x": 0.28249460458755493,
        "y": 0.46638786792755127,
        "z": 0.2595958113670349
    },
    "right_eye_outer": {
        "x": 0.2832430601119995,
        "y": 0.4659211039543152,
        "z": 0.25953203439712524
    },
    "left_ear": {
        "x": 0.269513875246048,
        "y": 0.46592819690704346,
        "z": 0.25770682096481323
    },
    "right_ear": {
        "x": 0.28071218729019165,
        "y": 0.46524855494499207,
        "z": 0.20274612307548523
    },
    "mouth_left": {
        "x": 0.27619704604148865,
        "y": 0.4733463525772095,
        "z": 0.26341864466667175
    },
    "mouth_right": {
        "x": 0.2793614864349365,
        "y": 0.47279632091522217,
        "z": 0.2477080523967743
    },
    "left_shoulder": {
        "x": 0.24570047855377197,
        "y": 0.48521944880485535,
        "z": 0.212537944316864
    },
    "right_shoulder": {
        "x": 0.28214114904403687,
        "y": 0.46786463260650635,
        "z": 0.1282518059015274
    },
    "left_elbow": {
        "x": 0.24805572628974915,
        "y": 0.5198203325271606,
        "z": 0.17655250430107117
    },
    "right_elbow": {
        "x": 0.29811379313468933,
        "y": 0.4875714182853699,
        "z": 0.037038687616586685
    },
    "left_wrist": {
        "x": 0.2782115340232849,
        "y": 0.5139602422714233,
        "z": 0.13721692562103271
    },
    "right_wrist": {
        "x": 0.30876845121383667,
        "y": 0.495819628238678,
        "z": -0.03859318047761917
    },
    "left_pinky": {
        "x": 0.28217604756355286,
        "y": 0.5088860392570496,
        "z": 0.12973670661449432
    },
    "right_pinky": {
        "x": 0.3186182677745819,
        "y": 0.5047854781150818,
        "z": -0.0541120246052742
    },
    "left_index": {
        "x": 0.288871705532074,
        "y": 0.5034382343292236,
        "z": 0.13275820016860962
    },
    "right_index": {
        "x": 0.3169747292995453,
        "y": 0.4994739890098572,
        "z": -0.04039684683084488
    },
    "left_thumb": {
        "x": 0.28863945603370667,
        "y": 0.5053660869598389,
        "z": 0.13648414611816406
    },
    "right_thumb": {
        "x": 0.3139253258705139,
        "y": 0.49955394864082336,
        "z": -0.03475232794880867
    },
    "left_hip": {
        "x": 0.2589837908744812,
        "y": 0.568630576133728,
        "z": 0.025979099795222282
    },
    "right_hip": {
        "x": 0.2861853837966919,
        "y": 0.5604969263076782,
        "z": -0.026420388370752335
    },
    "left_knee": {
        "x": 0.24322722852230072,
        "y": 0.6066953539848328,
        "z": 0.13636113703250885
    },
    "right_knee": {
        "x": 0.2606734335422516,
        "y": 0.6153309941291809,
        "z": 0.032631367444992065
    },
    "left_ankle": {
        "x": 0.240653857588768,
        "y": 0.6827110052108765,
        "z": -0.03682757169008255
    },
    "right_ankle": {
        "x": 0.25793343782424927,
        "y": 0.6816273331642151,
        "z": -0.1358872652053833
    },
    "left_heel": {
        "x": 0.24081820249557495,
        "y": 0.695029616355896,
        "z": -0.0574764721095562
    },
    "right_heel": {
        "x": 0.2539801299571991,
        "y": 0.6907941102981567,
        "z": -0.1546984761953354
    },
    "left_foot_index": {
        "x": 0.2416318953037262,
        "y": 0.7084347009658813,
        "z": -0.08299516886472702
    },
    "right_foot_index": {
        "x": 0.26426804065704346,
        "y": 0.7129205465316772,
        "z": -0.18405014276504517
    }
}