{
    "nose": {
        "x": 0.3634510934352875,
        "y": 0.6127901077270508,
        "z": 0.11146531254053116
    },
    "left_eye_inner": {
        "x": 0.35894516110420227,
        "y": 0.6090626120567322,
        "z": 0.08856049180030823
    },
    "left_eye": {
        "x": 0.35886114835739136,
        "y": 0.6095685958862305,
        "z": 0.08852243423461914
    },
    "left_eye_outer": {
        "x": 0.3587631583213806,
        "y": 0.6100801229476929,
        "z": 0.08848690986633301
    },
    "right_eye_inner": {
        "x": 0.3596018850803375,
        "y": 0.6018242239952087,
        "z": 0.096021369099617
    },
    "right_eye": {
        "x": 0.36012259125709534,
        "y": 0.6000357270240784,
        "z": 0.09607032686471939
    },
    "right_eye_outer": {
        "x": 0.36115705966949463,
        "y": 0.5837572813034058,
        "z": 0.09604443609714508
    },
    "left_ear": {
        "x": 0.3622022271156311,
        "y": 0.6074784994125366,
        "z": 0.013870710507035255
    },
    "right_ear": {
        "x": 0.3650081753730774,
        "y": 0.5776793360710144,
        "z": 0.046761319041252136
    },
    "mouth_left": {
        "x": 0.3687201738357544,
        "y": 0.61488938331604,
        "z": 0.0902223140001297
    },
    "mouth_right": {
        "x": 0.3719271719455719,
        "y": 0.595856785774231,
        "z": 0.0994580015540123
    },
    "left_shoulder": {
        "x": 0.3841758370399475,
        "y": 0.6450275778770447,
        "z": -0.0369897298514843
    },
    "right_shoulder": {
        "x": 0.4154016375541687,
        "y": 0.5465538501739502,
        "z": 0.051864560693502426
    },
    "left_elbow": {
        "x": 0.3943164050579071,
        "y": 0.7431613206863403,
        "z": 0.04339407756924629
    },
    "right_elbow": {
        "x": 0.4593571424484253,
        "y": 0.5744107961654663,
        "z": 0.1136736273765564
    },
    "left_wrist": {
        "x": 0.3790196180343628,
        "y": 0.7645937204360962,
        "z": 0.21082951128482819
    },
    "right_wrist": {
        "x": 0.47507917881011963,
        "y": 0.6131923198699951,
        "z": 0.19157005846500397
    },
    "left_pinky": {
        "x": 0.37188994884490967,
        "y": 0.7654758095741272,
        "z": 0.2148781716823578
    },
    "right_pinky": {
        "x": 0.47990939021110535,
        "y": 0.6227577924728394,
        "z": 0.1953708529472351
    },
    "left_index": {
        "x": 0.36929649114608765,
        "y": 0.7591574192047119,
        "z": 0.21608074009418488
    },
    "right_index": {
        "x": 0.47702541947364807,
        "y": 0.625639796257019,
        "z": 0.18701626360416412
    },
    "left_thumb": {
        "x": 0.372626394033432,
        "y": 0.7593252062797546,
        "z": 0.21504442393779755
    },
    "right_thumb": {
        "x": 0.4747432470321655,
        "y": 0.6243911385536194,
        "z": 0.18890072405338287
    },
    "left_hip": {
        "x": 0.48624056577682495,
        "y": 0.6856232285499573,
        "z": -0.02479984238743782
    },
    "right_hip": {
        "x": 0.500379741191864,
        "y": 0.6324997544288635,
        "z": 0.02463192492723465
    },
    "left_knee": {
        "x": 0.4993270933628082,
        "y": 0.7740105390548706,
        "z": 0.1339689940214157
    },
    "right_knee": {
        "x": 0.5634891986846924,
        "y": 0.6431738138198853,
        "z": 0.14743177592754364
    },
    "left_ankle": {
        "x": 0.5115636587142944,
        "y": 0.8384320735931396,
        "z": 0.34755417704582214
    },
    "right_ankle": {
        "x": 0.6245027184486389,
        "y": 0.6168234348297119,
        "z": 0.2588680386543274
    },
    "left_heel": {
        "x": 0.5193085670471191,
        "y": 0.8471608757972717,
        "z": 0.37161073088645935
    },
    "right_heel": {
        "x": 0.6332884430885315,
        "y": 0.6161144971847534,
        "z": 0.2722580134868622
    },
    "left_foot_index": {
        "x": 0.49577227234840393,
        "y": 0.8708234429359436,
        "z": 0.3811244070529938
    },
    "right_foot_index": {
        "x": 0.6412230730056763,
        "y": 0.5970413684844971,
        "z": 0.2629649341106415
    }
}