{
    "nose": {
        "x": 0.6599180102348328,
        "y": 0.5510295629501343,
        "z": -0.10105618834495544
    },
    "left_eye_inner": {
        "x": 0.6570531725883484,
        "y": 0.5370277166366577,
        "z": -0.09807299822568893
    },
    "left_eye": {
        "x": 0.6563032269477844,
        "y": 0.5363874435424805,
        "z": -0.09813815355300903
    },
    "left_eye_outer": {
        "x": 0.6555540561676025,
        "y": 0.5358080267906189,
        "z": -0.09821471571922302
    },
    "right_eye_inner": {
        "x": 0.6569042801856995,
        "y": 0.5389004349708557,
        "z": -0.12390416860580444
    },
    "right_eye": {
        "x": 0.6557743549346924,
        "y": 0.5393323302268982,
        "z": -0.12392590194940567
    },
    "right_eye_outer": {
        "x": 0.6546888947486877,
        "y": 0.5397616624832153,
        "z": -0.12397768348455429
    },
    "left_ear": {
        "x": 0.6441686749458313,
        "y": 0.5390311479568481,
        "z": -0.058680519461631775
    },
    "right_ear": {
        "x": 0.6444953680038452,
        "y": 0.5457016229629517,
        "z": -0.17293398082256317
    },
    "mouth_left": {
        "x": 0.6551650762557983,
        "y": 0.5628945231437683,
        "z": -0.08071152865886688
    },
    "mouth_right": {
        "x": 0.6545886397361755,
        "y": 0.5639775991439819,
        "z": -0.11406777054071426
    },
    "left_shoulder": {
        "x": 0.6158751249313354,
        "y": 0.5708626508712769,
        "z": 0.02666071616113186
    },
    "right_shoulder": {
        "x": 0.6369421482086182,
        "y": 0.6141263842582703,
        "z": -0.211078941822052
    },
    "left_elbow": {
        "x": 0.6418795585632324,
        "y": 0.5795285701751709,
        "z": 0.11793776601552963
    },
    "right_elbow": {
        "x": 0.6897190809249878,
        "y": 0.6434503793716431,
        "z": -0.21259531378746033
    },
    "left_wrist": {
        "x": 0.6663364171981812,
        "y": 0.5200823545455933,
        "z": 0.12524287402629852
    },
    "right_wrist": {
        "x": 0.7164938449859619,
        "y": 0.556354820728302,
        "z": -0.16070762276649475
    },
    "left_pinky": {
        "x": 0.6677154302597046,
        "y": 0.49795442819595337,
        "z": 0.12442827224731445
    },
    "right_pinky": {
        "x": 0.7241883277893066,
        "y": 0.5364857912063599,
        "z": -0.18981648981571198
    },
    "left_index": {
        "x": 0.6692610383033752,
        "y": 0.4936619997024536,
        "z": 0.10938648134469986
    },
    "right_index": {
        "x": 0.7168270349502563,
        "y": 0.5252206325531006,
        "z": -0.18750979006290436
    },
    "left_thumb": {
        "x": 0.670168936252594,
        "y": 0.5047370791435242,
        "z": 0.11837895214557648
    },
    "right_thumb": {
        "x": 0.7134770154953003,
        "y": 0.5344274044036865,
        "z": -0.16002963483333588
    },
    "left_hip": {
        "x": 0.6009515523910522,
        "y": 0.7445248961448669,
        "z": 0.09311149269342422
    },
    "right_hip": {
        "x": 0.6060738563537598,
        "y": 0.7739375829696655,
        "z": -0.0931769534945488
    },
    "left_knee": {
        "x": 0.6686656475067139,
        "y": 0.7085169553756714,
        "z": 0.18807247281074524
    },
    "right_knee": {
        "x": 0.7120740413665771,
        "y": 0.8246034383773804,
        "z": -0.08274142444133759
    },
    "left_ankle": {
        "x": 0.6561119556427002,
        "y": 0.8308554887771606,
        "z": 0.3133140802383423
    },
    "right_ankle": {
        "x": 0.6424477100372314,
        "y": 0.9027785062789917,
        "z": 0.05195702239871025
    },
    "left_heel": {
        "x": 0.6418080925941467,
        "y": 0.8431320786476135,
        "z": 0.32741013169288635
    },
    "right_heel": {
        "x": 0.6252173185348511,
        "y": 0.91461181640625,
        "z": 0.06948798894882202
    },
    "left_foot_index": {
        "x": 0.6726688146591187,
        "y": 0.8634262084960938,
        "z": 0.336857408285141
    },
    "right_foot_index": {
        "x": 0.6633241176605225,
        "y": 0.9600131511688232,
        "z": 0.08284065872430801
    }
}