{
    "nose": {
        "x": 0.2492527812719345,
        "y": 0.5798630118370056,
        "z": -0.3600517511367798
    },
    "left_eye_inner": {
        "x": 0.2510472238063812,
        "y": 0.5700589418411255,
        "z": -0.3665345013141632
    },
    "left_eye": {
        "x": 0.2538924813270569,
        "y": 0.5672926306724548,
        "z": -0.36652496457099915
    },
    "left_eye_outer": {
        "x": 0.25671789050102234,
        "y": 0.5639755725860596,
        "z": -0.3666454553604126
    },
    "right_eye_inner": {
        "x": 0.24262619018554688,
        "y": 0.572709858417511,
        "z": -0.36922332644462585
    },
    "right_eye": {
        "x": 0.2395106852054596,
        "y": 0.5718724727630615,
        "z": -0.3692108392715454
    },
    "right_eye_outer": {
        "x": 0.2364007532596588,
        "y": 0.5706724524497986,
        "z": -0.369160920381546
    },
    "left_ear": {
        "x": 0.2598254084587097,
        "y": 0.5463879704475403,
        "z": -0.30402034521102905
    },
    "right_ear": {
        "x": 0.22898709774017334,
        "y": 0.5569384098052979,
        "z": -0.31564420461654663
    },
    "mouth_left": {
        "x": 0.25502389669418335,
        "y": 0.5805867910385132,
        "z": -0.32636189460754395
    },
    "mouth_right": {
        "x": 0.24489721655845642,
        "y": 0.5836660861968994,
        "z": -0.32990455627441406
    },
    "left_shoulder": {
        "x": 0.28442344069480896,
        "y": 0.5342577695846558,
        "z": -0.20588690042495728
    },
    "right_shoulder": {
        "x": 0.20974650979042053,
        "y": 0.5691798329353333,
        "z": -0.21178340911865234
    },
    "left_elbow": {
        "x": 0.3326376676559448,
        "y": 0.5217674374580383,
        "z": -0.17225243151187897
    },
    "right_elbow": {
        "x": 0.19052621722221375,
        "y": 0.6454881429672241,
        "z": -0.10849909484386444
    },
    "left_wrist": {
        "x": 0.34113234281539917,
        "y": 0.6076735854148865,
        "z": -0.2472570240497589
    },
    "right_wrist": {
        "x": 0.20935222506523132,
        "y": 0.7270788550376892,
        "z": -0.07982711493968964
    },
    "left_pinky": {
        "x": 0.34740132093429565,
        "y": 0.6247800588607788,
        "z": -0.27429357171058655
    },
    "right_pinky": {
        "x": 0.20869138836860657,
        "y": 0.7526041865348816,
        "z": -0.08752033859491348
    },
    "left_index": {
        "x": 0.33992213010787964,
        "y": 0.6291190385818481,
        "z": -0.2886214554309845
    },
    "right_index": {
        "x": 0.21785148978233337,
        "y": 0.7477360963821411,
        "z": -0.10908792167901993
    },
    "left_thumb": {
        "x": 0.33637934923171997,
        "y": 0.625231146812439,
        "z": -0.25497496128082275
    },
    "right_thumb": {
        "x": 0.2200026661157608,
        "y": 0.7394312024116516,
        "z": -0.08561672270298004
    },
    "left_hip": {
        "x": 0.27767395973205566,
        "y": 0.6880316138267517,
        "z": -0.003593431320041418
    },
    "right_hip": {
        "x": 0.24006618559360504,
        "y": 0.700273334980011,
        "z": 0.0037236956413835287
    },
    "left_knee": {
        "x": 0.2840006947517395,
        "y": 0.791771650314331,
        "z": 0.09436158835887909
    },
    "right_knee": {
        "x": 0.24481149017810822,
        "y": 0.7916036248207092,
        "z": 0.12023033201694489
    },
    "left_ankle": {
        "x": 0.282840371131897,
        "y": 0.8674739003181458,
        "z": 0.3076319396495819
    },
    "right_ankle": {
        "x": 0.26007938385009766,
        "y": 0.8764705061912537,
        "z": 0.3151301145553589
    },
    "left_heel": {
        "x": 0.2805478274822235,
        "y": 0.8748899102210999,
        "z": 0.32864829897880554
    },
    "right_heel": {
        "x": 0.26316171884536743,
        "y": 0.8836816549301147,
        "z": 0.3349153399467468
    },
    "left_foot_index": {
        "x": 0.2898939549922943,
        "y": 0.9050566554069519,
        "z": 0.28382647037506104
    },
    "right_foot_index": {
        "x": 0.26834234595298767,
        "y": 0.9218458533287048,
        "z": 0.2849944531917572
    }
}