{
    "nose": {
        "x": 0.2876920998096466,
        "y": 0.6205567717552185,
        "z": -0.05863644555211067
    },
    "left_eye_inner": {
        "x": 0.28946757316589355,
        "y": 0.6090385913848877,
        "z": -0.0559237115085125
    },
    "left_eye": {
        "x": 0.2918187081813812,
        "y": 0.6075529456138611,
        "z": -0.05597086250782013
    },
    "left_eye_outer": {
        "x": 0.2945108711719513,
        "y": 0.6060315370559692,
        "z": -0.0560232438147068
    },
    "right_eye_inner": {
        "x": 0.2847859859466553,
        "y": 0.6118039488792419,
        "z": -0.046626266092061996
    },
    "right_eye": {
        "x": 0.2838413119316101,
        "y": 0.6124224066734314,
        "z": -0.04658479988574982
    },
    "right_eye_outer": {
        "x": 0.28296831250190735,
        "y": 0.6129826307296753,
        "z": -0.04657181352376938
    },
    "left_ear": {
        "x": 0.30200526118278503,
        "y": 0.6058242321014404,
        "z": -0.02340690791606903
    },
    "right_ear": {
        "x": 0.2850758135318756,
        "y": 0.6131473779678345,
        "z": 0.020869888365268707
    },
    "mouth_left": {
        "x": 0.2944878935813904,
        "y": 0.626801073551178,
        "z": -0.04583186283707619
    },
    "mouth_right": {
        "x": 0.287514865398407,
        "y": 0.6289920210838318,
        "z": -0.03283051401376724
    },
    "left_shoulder": {
        "x": 0.3266354501247406,
        "y": 0.6380549669265747,
        "z": -0.008697178214788437
    },
    "right_shoulder": {
        "x": 0.2749995291233063,
        "y": 0.665325939655304,
        "z": 0.049713384360075
    },
    "left_elbow": {
        "x": 0.34554553031921387,
        "y": 0.6159250736236572,
        "z": -0.11223632097244263
    },
    "right_elbow": {
        "x": 0.2552388608455658,
        "y": 0.7226958870887756,
        "z": 0.08774492144584656
    },
    "left_wrist": {
        "x": 0.3556381165981293,
        "y": 0.5883453488349915,
        "z": -0.23727256059646606
    },
    "right_wrist": {
        "x": 0.2251153439283371,
        "y": 0.7536085247993469,
        "z": 0.055688608437776566
    },
    "left_pinky": {
        "x": 0.3643031418323517,
        "y": 0.5725648403167725,
        "z": -0.26205119490623474
    },
    "right_pinky": {
        "x": 0.2176794409751892,
        "y": 0.7598741054534912,
        "z": 0.055472083389759064
    },
    "left_index": {
        "x": 0.36083126068115234,
        "y": 0.5713092088699341,
        "z": -0.2633931338787079
    },
    "right_index": {
        "x": 0.21514946222305298,
        "y": 0.7605119347572327,
        "z": 0.03636062517762184
    },
    "left_thumb": {
        "x": 0.35782864689826965,
        "y": 0.5769900679588318,
        "z": -0.24259068071842194
    },
    "right_thumb": {
        "x": 0.2185705602169037,
        "y": 0.7588930726051331,
        "z": 0.04695015028119087
    },
    "left_hip": {
        "x": 0.31440263986587524,
        "y": 0.7888299226760864,
        "z": -0.00293744751252234
    },
    "right_hip": {
        "x": 0.27919498085975647,
        "y": 0.7767459750175476,
        "z": 0.0031978210899978876
    },
    "left_knee": {
        "x": 0.3243974447250366,
        "y": 0.8790113925933838,
        "z": -0.18973228335380554
    },
    "right_knee": {
        "x": 0.29151105880737305,
        "y": 0.8259431719779968,
        "z": -0.18761731684207916
    },
    "left_ankle": {
        "x": 0.27844151854515076,
        "y": 0.9453308582305908,
        "z": -0.09868767112493515
    },
    "right_ankle": {
        "x": 0.26949483156204224,
        "y": 0.8877837657928467,
        "z": -0.09481421113014221
    },
    "left_heel": {
        "x": 0.2705380916595459,
        "y": 0.9449841380119324,
        "z": -0.09046068042516708
    },
    "right_heel": {
        "x": 0.2648807168006897,
        "y": 0.8877824544906616,
        "z": -0.084965780377388
    },
    "left_foot_index": {
        "x": 0.26679661870002747,
        "y": 0.9740539789199829,
        "z": -0.14817863702774048
    },
    "right_foot_index": {
        "x": 0.26771318912506104,
        "y": 0.9295974969863892,
        "z": -0.13325104117393494
    }
}