{
    "nose": {
        "x": 0.2650744915008545,
        "y": 0.6490491628646851,
        "z": -0.15038467943668365
    },
    "left_eye_inner": {
        "x": 0.26646697521209717,
        "y": 0.637458860874176,
        "z": -0.139476016163826
    },
    "left_eye": {
        "x": 0.26834675669670105,
        "y": 0.6357367038726807,
        "z": -0.1395363062620163
    },
    "left_eye_outer": {
        "x": 0.2700241506099701,
        "y": 0.6340081691741943,
        "z": -0.13964834809303284
    },
    "right_eye_inner": {
        "x": 0.2590649724006653,
        "y": 0.6408449411392212,
        "z": -0.14455340802669525
    },
    "right_eye": {
        "x": 0.2559969127178192,
        "y": 0.6415987610816956,
        "z": -0.14455565810203552
    },
    "right_eye_outer": {
        "x": 0.25288113951683044,
        "y": 0.641979992389679,
        "z": -0.14451733231544495
    },
    "left_ear": {
        "x": 0.27056822180747986,
        "y": 0.6310151815414429,
        "z": -0.05794456601142883
    },
    "right_ear": {
        "x": 0.2467411458492279,
        "y": 0.6420167684555054,
        "z": -0.08355215936899185
    },
    "mouth_left": {
        "x": 0.2695310115814209,
        "y": 0.6558868885040283,
        "z": -0.11740421503782272
    },
    "mouth_right": {
        "x": 0.26141899824142456,
        "y": 0.6596742868423462,
        "z": -0.12472683191299438
    },
    "left_shoulder": {
        "x": 0.2859457731246948,
        "y": 0.63979172706604,
        "z": -0.012071311473846436
    },
    "right_shoulder": {
        "x": 0.23624050617218018,
        "y": 0.6824265718460083,
        "z": -0.0423903688788414
    },
    "left_elbow": {
        "x": 0.31565800309181213,
        "y": 0.6193506717681885,
        "z": -0.05619771033525467
    },
    "right_elbow": {
        "x": 0.22715161740779877,
        "y": 0.7306267023086548,
        "z": -0.12985844910144806
    },
    "left_wrist": {
        "x": 0.34012123942375183,
        "y": 0.6038603186607361,
        "z": -0.1659734696149826
    },
    "right_wrist": {
        "x": 0.23080192506313324,
        "y": 0.7587299942970276,
        "z": -0.28559941053390503
    },
    "left_pinky": {
        "x": 0.35189855098724365,
        "y": 0.5921754240989685,
        "z": -0.18670505285263062
    },
    "right_pinky": {
        "x": 0.2294882833957672,
        "y": 0.7698977589607239,
        "z": -0.3121631443500519
    },
    "left_index": {
        "x": 0.3492995798587799,
        "y": 0.5976744294166565,
        "z": -0.19607895612716675
    },
    "right_index": {
        "x": 0.23485791683197021,
        "y": 0.7678050398826599,
        "z": -0.3178545832633972
    },
    "left_thumb": {
        "x": 0.34571895003318787,
        "y": 0.6036626100540161,
        "z": -0.17295460402965546
    },
    "right_thumb": {
        "x": 0.2366773933172226,
        "y": 0.7642875909805298,
        "z": -0.2915024757385254
    },
    "left_hip": {
        "x": 0.31142276525497437,
        "y": 0.7855297923088074,
        "z": 0.01389281079173088
    },
    "right_hip": {
        "x": 0.2805004119873047,
        "y": 0.8054133057594299,
        "z": -0.013888494111597538
    },
    "left_knee": {
        "x": 0.32457906007766724,
        "y": 0.8540391325950623,
        "z": -0.0645003393292427
    },
    "right_knee": {
        "x": 0.276324987411499,
        "y": 0.8105654120445251,
        "z": -0.17757628858089447
    },
    "left_ankle": {
        "x": 0.27274173498153687,
        "y": 0.8515825867652893,
        "z": 0.09799078106880188
    },
    "right_ankle": {
        "x": 0.29842567443847656,
        "y": 0.8117759227752686,
        "z": -0.05394097417593002
    },
    "left_heel": {
        "x": 0.2636835277080536,
        "y": 0.8436609506607056,
        "z": 0.1173347532749176
    },
    "right_heel": {
        "x": 0.3012482523918152,
        "y": 0.8069351315498352,
        "z": -0.039384085685014725
    },
    "left_foot_index": {
        "x": 0.2624947130680084,
        "y": 0.8720776438713074,
        "z": 0.11361852288246155
    },
    "right_foot_index": {
        "x": 0.3093143701553345,
        "y": 0.8214190602302551,
        "z": -0.06533723324537277
    }
}