{
    "nose": {
        "x": 0.6302657127380371,
        "y": 0.6623551845550537,
        "z": -0.12087808549404144
    },
    "left_eye_inner": {
        "x": 0.6389106512069702,
        "y": 0.6541748046875,
        "z": -0.11633773148059845
    },
    "left_eye": {
        "x": 0.6394611597061157,
        "y": 0.6541187763214111,
        "z": -0.11633671075105667
    },
    "left_eye_outer": {
        "x": 0.6398400068283081,
        "y": 0.654167115688324,
        "z": -0.11637463420629501
    },
    "right_eye_inner": {
        "x": 0.6397360563278198,
        "y": 0.6529253125190735,
        "z": -0.13985306024551392
    },
    "right_eye": {
        "x": 0.6405518054962158,
        "y": 0.6522176265716553,
        "z": -0.13985753059387207
    },
    "right_eye_outer": {
        "x": 0.6412680149078369,
        "y": 0.6516772508621216,
        "z": -0.1399059295654297
    },
    "left_ear": {
        "x": 0.643186092376709,
        "y": 0.6467064023017883,
        "z": -0.06352999806404114
    },
    "right_ear": {
        "x": 0.6444653272628784,
        "y": 0.6431413888931274,
        "z": -0.17277532815933228
    },
    "mouth_left": {
        "x": 0.6325385570526123,
        "y": 0.6362500786781311,
        "z": -0.09574346244335175
    },
    "mouth_right": {
        "x": 0.6334751844406128,
        "y": 0.6338391900062561,
        "z": -0.12777487933635712
    },
    "left_shoulder": {
        "x": 0.6402599811553955,
        "y": 0.6184542775154114,
        "z": 0.019125930964946747
    },
    "right_shoulder": {
        "x": 0.6304483413696289,
        "y": 0.574900209903717,
        "z": -0.1742658168077469
    },
    "left_elbow": {
        "x": 0.6076056957244873,
        "y": 0.6432871222496033,
        "z": 0.12449643760919571
    },
    "right_elbow": {
        "x": 0.5913021564483643,
        "y": 0.5803388953208923,
        "z": -0.2153477519750595
    },
    "left_wrist": {
        "x": 0.6110805869102478,
        "y": 0.6729843020439148,
        "z": 0.14231544733047485
    },
    "right_wrist": {
        "x": 0.6086925268173218,
        "y": 0.6079240441322327,
        "z": -0.22065410017967224
    },
    "left_pinky": {
        "x": 0.6100714802742004,
        "y": 0.6817689538002014,
        "z": 0.1522054523229599
    },
    "right_pinky": {
        "x": 0.6116076707839966,
        "y": 0.6171121001243591,
        "z": -0.23303064703941345
    },
    "left_index": {
        "x": 0.6129504442214966,
        "y": 0.6846647262573242,
        "z": 0.1374010145664215
    },
    "right_index": {
        "x": 0.6173233985900879,
        "y": 0.6137133240699768,
        "z": -0.23159442842006683
    },
    "left_thumb": {
        "x": 0.6134122610092163,
        "y": 0.6793197393417358,
        "z": 0.13728497922420502
    },
    "right_thumb": {
        "x": 0.6166930794715881,
        "y": 0.6118191480636597,
        "z": -0.21888943016529083
    },
    "left_hip": {
        "x": 0.5453210473060608,
        "y": 0.6154974102973938,
        "z": 0.06273037195205688
    },
    "right_hip": {
        "x": 0.5354408025741577,
        "y": 0.5865395069122314,
        "z": -0.06262055784463882
    },
    "left_knee": {
        "x": 0.5066362023353577,
        "y": 0.6913228631019592,
        "z": -0.01400167029350996
    },
    "right_knee": {
        "x": 0.4819123148918152,
        "y": 0.6461725831031799,
        "z": -0.13269132375717163
    },
    "left_ankle": {
        "x": 0.4358904957771301,
        "y": 0.6726728677749634,
        "z": 0.06096619740128517
    },
    "right_ankle": {
        "x": 0.4211062490940094,
        "y": 0.6437789797782898,
        "z": -0.01822975091636181
    },
    "left_heel": {
        "x": 0.42650192975997925,
        "y": 0.658527135848999,
        "z": 0.06595642864704132
    },
    "right_heel": {
        "x": 0.41481804847717285,
        "y": 0.6326865553855896,
        "z": -0.006894524209201336
    },
    "left_foot_index": {
        "x": 0.4163871705532074,
        "y": 0.7015954256057739,
        "z": 0.026852471753954887
    },
    "right_foot_index": {
        "x": 0.398830771446228,
        "y": 0.6774712204933167,
        "z": -0.04075784608721733
    }
}