{
    "nose": {
        "x": 0.3374137580394745,
        "y": 0.5521524548530579,
        "z": 0.23103830218315125
    },
    "left_eye_inner": {
        "x": 0.3352353572845459,
        "y": 0.5473482608795166,
        "z": 0.24976588785648346
    },
    "left_eye": {
        "x": 0.33650192618370056,
        "y": 0.5461022257804871,
        "z": 0.2497984915971756
    },
    "left_eye_outer": {
        "x": 0.3374372720718384,
        "y": 0.5449939370155334,
        "z": 0.24982304871082306
    },
    "right_eye_inner": {
        "x": 0.331590473651886,
        "y": 0.5523138642311096,
        "z": 0.23745054006576538
    },
    "right_eye": {
        "x": 0.3303312063217163,
        "y": 0.5545738935470581,
        "z": 0.2374255508184433
    },
    "right_eye_outer": {
        "x": 0.3289584219455719,
        "y": 0.5566022992134094,
        "z": 0.23730355501174927
    },
    "left_ear": {
        "x": 0.3364703059196472,
        "y": 0.54942387342453,
        "z": 0.3047296404838562
    },
    "right_ear": {
        "x": 0.3265429735183716,
        "y": 0.5647942423820496,
        "z": 0.2479611337184906
    },
    "mouth_left": {
        "x": 0.3422786593437195,
        "y": 0.5537917613983154,
        "z": 0.24927420914173126
    },
    "mouth_right": {
        "x": 0.3364222049713135,
        "y": 0.5594650506973267,
        "z": 0.23260077834129333
    },
    "left_shoulder": {
        "x": 0.3636835813522339,
        "y": 0.5864977240562439,
        "z": 0.2919013202190399
    },
    "right_shoulder": {
        "x": 0.32510894536972046,
        "y": 0.617470383644104,
        "z": 0.18512596189975739
    },
    "left_elbow": {
        "x": 0.39202672243118286,
        "y": 0.5882085561752319,
        "z": 0.2271731048822403
    },
    "right_elbow": {
        "x": 0.3475434184074402,
        "y": 0.6608343720436096,
        "z": 0.0646112710237503
    },
    "left_wrist": {
        "x": 0.3822728991508484,
        "y": 0.5633072257041931,
        "z": 0.1172206848859787
    },
    "right_wrist": {
        "x": 0.35483837127685547,
        "y": 0.5915283560752869,
        "z": -0.028460929170250893
    },
    "left_pinky": {
        "x": 0.3832216262817383,
        "y": 0.5576321482658386,
        "z": 0.09993699938058853
    },
    "right_pinky": {
        "x": 0.36243653297424316,
        "y": 0.574421226978302,
        "z": -0.04414183273911476
    },
    "left_index": {
        "x": 0.37894976139068604,
        "y": 0.5549014806747437,
        "z": 0.10196397453546524
    },
    "right_index": {
        "x": 0.3604569137096405,
        "y": 0.5692341923713684,
        "z": -0.0285496786236763
    },
    "left_thumb": {
        "x": 0.3775275945663452,
        "y": 0.5574054718017578,
        "z": 0.11311278492212296
    },
    "right_thumb": {
        "x": 0.3557623028755188,
        "y": 0.5742467641830444,
        "z": -0.02131674997508526
    },
    "left_hip": {
        "x": 0.41456109285354614,
        "y": 0.6231726408004761,
        "z": 0.031915295869112015
    },
    "right_hip": {
        "x": 0.3863944113254547,
        "y": 0.6465221047401428,
        "z": -0.03197323903441429
    },
    "left_knee": {
        "x": 0.4755791425704956,
        "y": 0.6530994772911072,
        "z": -0.04546074569225311
    },
    "right_knee": {
        "x": 0.4228218197822571,
        "y": 0.687050461769104,
        "z": -0.1712467074394226
    },
    "left_ankle": {
        "x": 0.5006600022315979,
        "y": 0.7733396887779236,
        "z": -0.11373847723007202
    },
    "right_ankle": {
        "x": 0.4808068871498108,
        "y": 0.8041278123855591,
        "z": -0.27610552310943604
    },
    "left_heel": {
        "x": 0.49519312381744385,
        "y": 0.7925893068313599,
        "z": -0.1238909363746643
    },
    "right_heel": {
        "x": 0.4869110882282257,
        "y": 0.8311341404914856,
        "z": -0.287043035030365
    },
    "left_foot_index": {
        "x": 0.530865490436554,
        "y": 0.8101746439933777,
        "z": -0.17957526445388794
    },
    "right_foot_index": {
        "x": 0.5020078420639038,
        "y": 0.8198633193969727,
        "z": -0.35470864176750183
    }
}