{
    "nose": {
        "x": 0.4999300241470337,
        "y": 0.37033531069755554,
        "z": -0.25251874327659607
    },
    "left_eye_inner": {
        "x": 0.49682140350341797,
        "y": 0.3386431932449341,
        "z": -0.2477720081806183
    },
    "left_eye": {
        "x": 0.4955988824367523,
        "y": 0.3367321193218231,
        "z": -0.24785475432872772
    },
    "left_eye_outer": {
        "x": 0.49408841133117676,
        "y": 0.3341747224330902,
        "z": -0.2480194866657257
    },
    "right_eye_inner": {
        "x": 0.49655038118362427,
        "y": 0.3400299847126007,
        "z": -0.26826754212379456
    },
    "right_eye": {
        "x": 0.49532273411750793,
        "y": 0.3392018675804138,
        "z": -0.268255352973938
    },
    "right_eye_outer": {
        "x": 0.4938769042491913,
        "y": 0.33821040391921997,
        "z": -0.2682248651981354
    },
    "left_ear": {
        "x": 0.46722838282585144,
        "y": 0.33718442916870117,
        "z": -0.19740118086338043
    },
    "right_ear": {
        "x": 0.4699450433254242,
        "y": 0.34556692838668823,
        "z": -0.28533241152763367
    },
    "mouth_left": {
        "x": 0.4917904734611511,
        "y": 0.3979877233505249,
        "z": -0.22504746913909912
    },
    "mouth_right": {
        "x": 0.490676611661911,
        "y": 0.4013494849205017,
        "z": -0.2500261962413788
    },
    "left_shoulder": {
        "x": 0.35512420535087585,
        "y": 0.44307342171669006,
        "z": -0.09542427211999893
    },
    "right_shoulder": {
        "x": 0.47715359926223755,
        "y": 0.5351278781890869,
        "z": -0.2932380139827728
    },
    "left_elbow": {
        "x": 0.3244035840034485,
        "y": 0.6029573082923889,
        "z": 0.046999119222164154
    },
    "right_elbow": {
        "x": 0.4692847430706024,
        "y": 0.7845368981361389,
        "z": -0.21286459267139435
    },
    "left_wrist": {
        "x": 0.3668801188468933,
        "y": 0.7047874331474304,
        "z": 0.20182150602340698
    },
    "right_wrist": {
        "x": 0.48946085572242737,
        "y": 0.9282170534133911,
        "z": -0.06214424967765808
    },
    "left_pinky": {
        "x": 0.37041741609573364,
        "y": 0.7289174795150757,
        "z": 0.2233661711215973
    },
    "right_pinky": {
        "x": 0.48981326818466187,
        "y": 0.9675862789154053,
        "z": -0.06864534318447113
    },
    "left_index": {
        "x": 0.37547552585601807,
        "y": 0.7296689748764038,
        "z": 0.20663681626319885
    },
    "right_index": {
        "x": 0.4918278157711029,
        "y": 0.9627666473388672,
        "z": -0.06688225269317627
    },
    "left_thumb": {
        "x": 0.3743669390678406,
        "y": 0.7282077670097351,
        "z": 0.19939565658569336
    },
    "right_thumb": {
        "x": 0.48980388045310974,
        "y": 0.9486649036407471,
        "z": -0.058067310601472855
    },
    "left_hip": {
        "x": 0.35216572880744934,
        "y": 0.7989333271980286,
        "z": 0.051000531762838364
    },
    "right_hip": {
        "x": 0.4107566177845001,
        "y": 0.8365572690963745,
        "z": -0.050815559923648834
    },
    "left_knee": {
        "x": 0.3551735579967499,
        "y": 0.9298783540725708,
        "z": 0.22234907746315002
    },
    "right_knee": {
        "x": 0.43576952815055847,
        "y": 0.9695767164230347,
        "z": 0.13530494272708893
    },
    "left_ankle": {
        "x": 0.32961398363113403,
        "y": 1.077138066291809,
        "z": 0.44327178597450256
    },
    "right_ankle": {
        "x": 0.39066341519355774,
        "y": 1.1374237537384033,
        "z": 0.3433185815811157
    },
    "left_heel": {
        "x": 0.32001644372940063,
        "y": 1.116294264793396,
        "z": 0.4667642116546631
    },
    "right_heel": {
        "x": 0.37396761775016785,
        "y": 1.1743297576904297,
        "z": 0.36614930629730225
    },
    "left_foot_index": {
        "x": 0.3523977994918823,
        "y": 1.0750232934951782,
        "z": 0.5079182982444763
    },
    "right_foot_index": {
        "x": 0.42327994108200073,
        "y": 1.1403851509094238,
        "z": 0.3895120620727539
    }
}