{
    "nose": {
        "x": 0.2580248713493347,
        "y": 0.5613588690757751,
        "z": -0.3299194574356079
    },
    "left_eye_inner": {
        "x": 0.2640579044818878,
        "y": 0.548275351524353,
        "z": -0.32246047258377075
    },
    "left_eye": {
        "x": 0.2662400007247925,
        "y": 0.5482672452926636,
        "z": -0.32235392928123474
    },
    "left_eye_outer": {
        "x": 0.26731449365615845,
        "y": 0.5481386780738831,
        "z": -0.3224106729030609
    },
    "right_eye_inner": {
        "x": 0.257788747549057,
        "y": 0.5469914078712463,
        "z": -0.3297555446624756
    },
    "right_eye": {
        "x": 0.2535504400730133,
        "y": 0.5469041466712952,
        "z": -0.32977762818336487
    },
    "right_eye_outer": {
        "x": 0.25075364112854004,
        "y": 0.545656144618988,
        "z": -0.3298386037349701
    },
    "left_ear": {
        "x": 0.26640811562538147,
        "y": 0.5426828861236572,
        "z": -0.23526275157928467
    },
    "right_ear": {
        "x": 0.24269914627075195,
        "y": 0.5316320657730103,
        "z": -0.272182434797287
    },
    "mouth_left": {
        "x": 0.2573719322681427,
        "y": 0.5689614415168762,
        "z": -0.2928960919380188
    },
    "mouth_right": {
        "x": 0.2514793872833252,
        "y": 0.5655218362808228,
        "z": -0.3035847842693329
    },
    "left_shoulder": {
        "x": 0.2804005742073059,
        "y": 0.5662411451339722,
        "z": -0.14054827392101288
    },
    "right_shoulder": {
        "x": 0.2134711593389511,
        "y": 0.5782773494720459,
        "z": -0.1928170621395111
    },
    "left_elbow": {
        "x": 0.2977432310581207,
        "y": 0.61989426612854,
        "z": -0.13640595972537994
    },
    "right_elbow": {
        "x": 0.18316614627838135,
        "y": 0.658042311668396,
        "z": -0.22160261869430542
    },
    "left_wrist": {
        "x": 0.31849434971809387,
        "y": 0.6837796568870544,
        "z": -0.19260236620903015
    },
    "right_wrist": {
        "x": 0.17345869541168213,
        "y": 0.7304032444953918,
        "z": -0.26889169216156006
    },
    "left_pinky": {
        "x": 0.3298339545726776,
        "y": 0.6861645579338074,
        "z": -0.20774909853935242
    },
    "right_pinky": {
        "x": 0.16259798407554626,
        "y": 0.7437841892242432,
        "z": -0.2893626391887665
    },
    "left_index": {
        "x": 0.3285546898841858,
        "y": 0.6874306797981262,
        "z": -0.2279720902442932
    },
    "right_index": {
        "x": 0.16441142559051514,
        "y": 0.7487596869468689,
        "z": -0.30521950125694275
    },
    "left_thumb": {
        "x": 0.3221805989742279,
        "y": 0.6883018016815186,
        "z": -0.20167168974876404
    },
    "right_thumb": {
        "x": 0.17137691378593445,
        "y": 0.7436407804489136,
        "z": -0.27558425068855286
    },
    "left_hip": {
        "x": 0.2774025797843933,
        "y": 0.6683675050735474,
        "z": 0.022435929626226425
    },
    "right_hip": {
        "x": 0.2420615702867508,
        "y": 0.6852396726608276,
        "z": -0.02248922735452652
    },
    "left_knee": {
        "x": 0.3009055554866791,
        "y": 0.6987850666046143,
        "z": -0.16798678040504456
    },
    "right_knee": {
        "x": 0.23770678043365479,
        "y": 0.6873012185096741,
        "z": -0.25840088725090027
    },
    "left_ankle": {
        "x": 0.30846840143203735,
        "y": 0.7920791506767273,
        "z": -0.09769297391176224
    },
    "right_ankle": {
        "x": 0.25729477405548096,
        "y": 0.8063119649887085,
        "z": -0.17215926945209503
    },
    "left_heel": {
        "x": 0.30483394861221313,
        "y": 0.8070305585861206,
        "z": -0.0937584936618805
    },
    "right_heel": {
        "x": 0.26036643981933594,
        "y": 0.82598876953125,
        "z": -0.16787496209144592
    },
    "left_foot_index": {
        "x": 0.32098138332366943,
        "y": 0.8285362720489502,
        "z": -0.17008191347122192
    },
    "right_foot_index": {
        "x": 0.26072049140930176,
        "y": 0.8551065921783447,
        "z": -0.26182472705841064
    }
}