{
    "nose": {
        "x": 0.48556655645370483,
        "y": 0.4226730465888977,
        "z": 0.0368274487555027
    },
    "left_eye_inner": {
        "x": 0.48575764894485474,
        "y": 0.41112881898880005,
        "z": 0.017873045057058334
    },
    "left_eye": {
        "x": 0.48537981510162354,
        "y": 0.4109967052936554,
        "z": 0.017818953841924667
    },
    "left_eye_outer": {
        "x": 0.4849059283733368,
        "y": 0.41103675961494446,
        "z": 0.01773696579039097
    },
    "right_eye_inner": {
        "x": 0.48777657747268677,
        "y": 0.41107842326164246,
        "z": 0.031669557094573975
    },
    "right_eye": {
        "x": 0.48973017930984497,
        "y": 0.4112717807292938,
        "z": 0.031669557094573975
    },
    "right_eye_outer": {
        "x": 0.49087828397750854,
        "y": 0.4110988974571228,
        "z": 0.03158505633473396
    },
    "left_ear": {
        "x": 0.4887927174568176,
        "y": 0.41698363423347473,
        "z": -0.03762534260749817
    },
    "right_ear": {
        "x": 0.49555107951164246,
        "y": 0.41633397340774536,
        "z": 0.024453522637486458
    },
    "mouth_left": {
        "x": 0.4871072471141815,
        "y": 0.43373844027519226,
        "z": 0.020394742488861084
    },
    "mouth_right": {
        "x": 0.4896602928638458,
        "y": 0.43401390314102173,
        "z": 0.03825974464416504
    },
    "left_shoulder": {
        "x": 0.49244824051856995,
        "y": 0.472644180059433,
        "z": -0.08218511939048767
    },
    "right_shoulder": {
        "x": 0.52899569272995,
        "y": 0.46576565504074097,
        "z": 0.04492497816681862
    },
    "left_elbow": {
        "x": 0.4856277406215668,
        "y": 0.5582491755485535,
        "z": -0.039249446243047714
    },
    "right_elbow": {
        "x": 0.5369405746459961,
        "y": 0.5377762317657471,
        "z": 0.07882662117481232
    },
    "left_wrist": {
        "x": 0.4886488616466522,
        "y": 0.564513623714447,
        "z": 0.07849326729774475
    },
    "right_wrist": {
        "x": 0.5128849744796753,
        "y": 0.5232760310173035,
        "z": 0.10191397368907928
    },
    "left_pinky": {
        "x": 0.48733651638031006,
        "y": 0.5704002976417542,
        "z": 0.08456332981586456
    },
    "right_pinky": {
        "x": 0.5100106596946716,
        "y": 0.5199753642082214,
        "z": 0.10735767334699631
    },
    "left_index": {
        "x": 0.4879215657711029,
        "y": 0.5622453689575195,
        "z": 0.08466989547014236
    },
    "right_index": {
        "x": 0.5062366127967834,
        "y": 0.5152369737625122,
        "z": 0.10638951510190964
    },
    "left_thumb": {
        "x": 0.4903085231781006,
        "y": 0.5604566335678101,
        "z": 0.0820704996585846
    },
    "right_thumb": {
        "x": 0.5068305730819702,
        "y": 0.5156850218772888,
        "z": 0.10083548724651337
    },
    "left_hip": {
        "x": 0.4946509599685669,
        "y": 0.6360959410667419,
        "z": -0.058584507554769516
    },
    "right_hip": {
        "x": 0.5076859593391418,
        "y": 0.625870943069458,
        "z": 0.058325257152318954
    },
    "left_knee": {
        "x": 0.4928479492664337,
        "y": 0.7359041571617126,
        "z": 0.021875333040952682
    },
    "right_knee": {
        "x": 0.4876521825790405,
        "y": 0.6761977672576904,
        "z": 0.20069140195846558
    },
    "left_ankle": {
        "x": 0.4992222189903259,
        "y": 0.8490997552871704,
        "z": 0.07864383608102798
    },
    "right_ankle": {
        "x": 0.48649847507476807,
        "y": 0.7623347640037537,
        "z": 0.32315176725387573
    },
    "left_heel": {
        "x": 0.5064849257469177,
        "y": 0.8745999932289124,
        "z": 0.0846138745546341
    },
    "right_heel": {
        "x": 0.4923640787601471,
        "y": 0.7829549908638,
        "z": 0.33622005581855774
    },
    "left_foot_index": {
        "x": 0.47856640815734863,
        "y": 0.8610513806343079,
        "z": 0.06237487867474556
    },
    "right_foot_index": {
        "x": 0.46196484565734863,
        "y": 0.7707433700561523,
        "z": 0.34228289127349854
    }
}