{
    "nose": {
        "x": 0.47461193799972534,
        "y": 0.4460694193840027,
        "z": 0.040863167494535446
    },
    "left_eye_inner": {
        "x": 0.47361260652542114,
        "y": 0.4315580129623413,
        "z": 0.01756279170513153
    },
    "left_eye": {
        "x": 0.47385817766189575,
        "y": 0.4313510060310364,
        "z": 0.017480693757534027
    },
    "left_eye_outer": {
        "x": 0.47411441802978516,
        "y": 0.43131181597709656,
        "z": 0.017353247851133347
    },
    "right_eye_inner": {
        "x": 0.4750930666923523,
        "y": 0.43027541041374207,
        "z": 0.03960096463561058
    },
    "right_eye": {
        "x": 0.4762301743030548,
        "y": 0.4290822744369507,
        "z": 0.03962859511375427
    },
    "right_eye_outer": {
        "x": 0.47739654779434204,
        "y": 0.42802706360816956,
        "z": 0.03951140493154526
    },
    "left_ear": {
        "x": 0.48197129368782043,
        "y": 0.4280780553817749,
        "z": -0.055901896208524704
    },
    "right_ear": {
        "x": 0.4865421950817108,
        "y": 0.4244471788406372,
        "z": 0.04381269961595535
    },
    "mouth_left": {
        "x": 0.47989073395729065,
        "y": 0.455296128988266,
        "z": 0.017642902210354805
    },
    "mouth_right": {
        "x": 0.4816220998764038,
        "y": 0.4544945955276489,
        "z": 0.04642295837402344
    },
    "left_shoulder": {
        "x": 0.49222704768180847,
        "y": 0.486655056476593,
        "z": -0.11936306953430176
    },
    "right_shoulder": {
        "x": 0.5205421447753906,
        "y": 0.46697503328323364,
        "z": 0.07500723749399185
    },
    "left_elbow": {
        "x": 0.5034793019294739,
        "y": 0.5888702869415283,
        "z": -0.11737023293972015
    },
    "right_elbow": {
        "x": 0.5238527655601501,
        "y": 0.5464978814125061,
        "z": 0.1675327867269516
    },
    "left_wrist": {
        "x": 0.5065409541130066,
        "y": 0.655730664730072,
        "z": -0.05750470981001854
    },
    "right_wrist": {
        "x": 0.5147243142127991,
        "y": 0.5523256659507751,
        "z": 0.2497146725654602
    },
    "left_pinky": {
        "x": 0.5107203125953674,
        "y": 0.6737442016601562,
        "z": -0.057967428117990494
    },
    "right_pinky": {
        "x": 0.5163845419883728,
        "y": 0.5536395311355591,
        "z": 0.27011802792549133
    },
    "left_index": {
        "x": 0.5081450939178467,
        "y": 0.6688868999481201,
        "z": -0.06367797404527664
    },
    "right_index": {
        "x": 0.511019766330719,
        "y": 0.5501158237457275,
        "z": 0.2642081677913666
    },
    "left_thumb": {
        "x": 0.5076421499252319,
        "y": 0.6625685095787048,
        "z": -0.056907981634140015
    },
    "right_thumb": {
        "x": 0.5100669264793396,
        "y": 0.550557017326355,
        "z": 0.24800851941108704
    },
    "left_hip": {
        "x": 0.5126214623451233,
        "y": 0.6909882426261902,
        "z": -0.051192451268434525
    },
    "right_hip": {
        "x": 0.5036261677742004,
        "y": 0.6800845861434937,
        "z": 0.05087709426879883
    },
    "left_knee": {
        "x": 0.512806236743927,
        "y": 0.8365464806556702,
        "z": -0.0645696297287941
    },
    "right_knee": {
        "x": 0.4652407467365265,
        "y": 0.7919725775718689,
        "z": 0.07013434916734695
    },
    "left_ankle": {
        "x": 0.49587762355804443,
        "y": 0.7997777462005615,
        "z": 0.2112235575914383
    },
    "right_ankle": {
        "x": 0.476572722196579,
        "y": 0.799401581287384,
        "z": 0.28678807616233826
    },
    "left_heel": {
        "x": 0.4983895421028137,
        "y": 0.7903346419334412,
        "z": 0.2450156956911087
    },
    "right_heel": {
        "x": 0.48088958859443665,
        "y": 0.7972434163093567,
        "z": 0.31519803404808044
    },
    "left_foot_index": {
        "x": 0.4733361005783081,
        "y": 0.8045388460159302,
        "z": 0.3003849387168884
    },
    "right_foot_index": {
        "x": 0.46749183535575867,
        "y": 0.8170042037963867,
        "z": 0.3701538145542145
    }
}