{
    "nose": {
        "x": 0.4781574606895447,
        "y": 0.41648992896080017,
        "z": 0.07589349150657654
    },
    "left_eye_inner": {
        "x": 0.4763234257698059,
        "y": 0.40491583943367004,
        "z": 0.04813729599118233
    },
    "left_eye": {
        "x": 0.47531431913375854,
        "y": 0.4051591455936432,
        "z": 0.04808612912893295
    },
    "left_eye_outer": {
        "x": 0.474275141954422,
        "y": 0.40565040707588196,
        "z": 0.04795733094215393
    },
    "right_eye_inner": {
        "x": 0.48034045100212097,
        "y": 0.4037615656852722,
        "z": 0.05913437530398369
    },
    "right_eye": {
        "x": 0.4818567633628845,
        "y": 0.4029560685157776,
        "z": 0.05914263427257538
    },
    "right_eye_outer": {
        "x": 0.4833734631538391,
        "y": 0.40235692262649536,
        "z": 0.059042397886514664
    },
    "left_ear": {
        "x": 0.4765540659427643,
        "y": 0.4105175733566284,
        "z": -0.03912639990448952
    },
    "right_ear": {
        "x": 0.4880611002445221,
        "y": 0.4066503345966339,
        "z": 0.010294142179191113
    },
    "mouth_left": {
        "x": 0.47822457551956177,
        "y": 0.42681461572647095,
        "z": 0.04954969882965088
    },
    "mouth_right": {
        "x": 0.481844037771225,
        "y": 0.4253944754600525,
        "z": 0.06365453451871872
    },
    "left_shoulder": {
        "x": 0.4740576148033142,
        "y": 0.4737122654914856,
        "z": -0.0899982899427414
    },
    "right_shoulder": {
        "x": 0.5171738266944885,
        "y": 0.4523729979991913,
        "z": 0.024214034900069237
    },
    "left_elbow": {
        "x": 0.4860006272792816,
        "y": 0.5498490929603577,
        "z": -0.020909776911139488
    },
    "right_elbow": {
        "x": 0.5397183895111084,
        "y": 0.4985000491142273,
        "z": 0.1262422800064087
    },
    "left_wrist": {
        "x": 0.5030076503753662,
        "y": 0.5822910666465759,
        "z": 0.1130104660987854
    },
    "right_wrist": {
        "x": 0.5309597253799438,
        "y": 0.49202215671539307,
        "z": 0.2558470070362091
    },
    "left_pinky": {
        "x": 0.5070446729660034,
        "y": 0.5962622761726379,
        "z": 0.12084043771028519
    },
    "right_pinky": {
        "x": 0.5312443971633911,
        "y": 0.49325019121170044,
        "z": 0.2744303345680237
    },
    "left_index": {
        "x": 0.5058188438415527,
        "y": 0.5889867544174194,
        "z": 0.1145467534661293
    },
    "right_index": {
        "x": 0.5290830135345459,
        "y": 0.4909738302230835,
        "z": 0.27039629220962524
    },
    "left_thumb": {
        "x": 0.5059946179389954,
        "y": 0.5849857926368713,
        "z": 0.11422606557607651
    },
    "right_thumb": {
        "x": 0.5278826951980591,
        "y": 0.4908903241157532,
        "z": 0.25641581416130066
    },
    "left_hip": {
        "x": 0.49002379179000854,
        "y": 0.6547766327857971,
        "z": -0.04964152351021767
    },
    "right_hip": {
        "x": 0.5002613067626953,
        "y": 0.6454141139984131,
        "z": 0.04941488429903984
    },
    "left_knee": {
        "x": 0.4899064004421234,
        "y": 0.777359664440155,
        "z": 0.000855341786518693
    },
    "right_knee": {
        "x": 0.4825752377510071,
        "y": 0.7023441791534424,
        "z": 0.15661796927452087
    },
    "left_ankle": {
        "x": 0.4883621633052826,
        "y": 0.8270466327667236,
        "z": 0.19656836986541748
    },
    "right_ankle": {
        "x": 0.48234567046165466,
        "y": 0.783657431602478,
        "z": 0.2960412800312042
    },
    "left_heel": {
        "x": 0.49586811661720276,
        "y": 0.8296836018562317,
        "z": 0.2190425843000412
    },
    "right_heel": {
        "x": 0.4847549498081207,
        "y": 0.8006700873374939,
        "z": 0.31220316886901855
    },
    "left_foot_index": {
        "x": 0.4625089168548584,
        "y": 0.8372328281402588,
        "z": 0.22811435163021088
    },
    "right_foot_index": {
        "x": 0.4676515460014343,
        "y": 0.7959752678871155,
        "z": 0.31818443536758423
    }
}