{
    "nose": {
        "x": 0.5028780102729797,
        "y": 0.4196465313434601,
        "z": 0.021952195093035698
    },
    "left_eye_inner": {
        "x": 0.5042723417282104,
        "y": 0.40259087085723877,
        "z": -0.0017993345391005278
    },
    "left_eye": {
        "x": 0.5043860673904419,
        "y": 0.4024235010147095,
        "z": -0.0018428644398227334
    },
    "left_eye_outer": {
        "x": 0.5045464038848877,
        "y": 0.40239039063453674,
        "z": -0.0018787236185744405
    },
    "right_eye_inner": {
        "x": 0.5061995387077332,
        "y": 0.40148550271987915,
        "z": 0.017279034480452538
    },
    "right_eye": {
        "x": 0.5076488256454468,
        "y": 0.40035009384155273,
        "z": 0.017302380874753
    },
    "right_eye_outer": {
        "x": 0.5092403888702393,
        "y": 0.3992561101913452,
        "z": 0.017208192497491837
    },
    "left_ear": {
        "x": 0.5125561952590942,
        "y": 0.40418726205825806,
        "z": -0.07789361476898193
    },
    "right_ear": {
        "x": 0.5188586711883545,
        "y": 0.39921584725379944,
        "z": 0.007130148820579052
    },
    "mouth_left": {
        "x": 0.5057321786880493,
        "y": 0.4308713376522064,
        "z": -0.0017661959864199162
    },
    "mouth_right": {
        "x": 0.507388710975647,
        "y": 0.43090876936912537,
        "z": 0.02295251376926899
    },
    "left_shoulder": {
        "x": 0.5200543999671936,
        "y": 0.46397659182548523,
        "z": -0.13438527286052704
    },
    "right_shoulder": {
        "x": 0.5585968494415283,
        "y": 0.45486384630203247,
        "z": 0.037730008363723755
    },
    "left_elbow": {
        "x": 0.5193654298782349,
        "y": 0.5618302822113037,
        "z": -0.1339455246925354
    },
    "right_elbow": {
        "x": 0.5587501525878906,
        "y": 0.5492225289344788,
        "z": 0.08809038251638412
    },
    "left_wrist": {
        "x": 0.5176888704299927,
        "y": 0.6389821171760559,
        "z": -0.06680114567279816
    },
    "right_wrist": {
        "x": 0.5267946124076843,
        "y": 0.6076812744140625,
        "z": 0.12100610136985779
    },
    "left_pinky": {
        "x": 0.5162119269371033,
        "y": 0.6603769659996033,
        "z": -0.07496277242898941
    },
    "right_pinky": {
        "x": 0.522323489189148,
        "y": 0.6219701766967773,
        "z": 0.13323761522769928
    },
    "left_index": {
        "x": 0.5140605568885803,
        "y": 0.6561580300331116,
        "z": -0.07133127003908157
    },
    "right_index": {
        "x": 0.515278697013855,
        "y": 0.6205906271934509,
        "z": 0.11846509575843811
    },
    "left_thumb": {
        "x": 0.5148026943206787,
        "y": 0.6494486331939697,
        "z": -0.06375884264707565
    },
    "right_thumb": {
        "x": 0.5166019797325134,
        "y": 0.6158693432807922,
        "z": 0.11446588486433029
    },
    "left_hip": {
        "x": 0.5297817587852478,
        "y": 0.6481267213821411,
        "z": -0.04730569198727608
    },
    "right_hip": {
        "x": 0.5512293577194214,
        "y": 0.6476829648017883,
        "z": 0.04704795032739639
    },
    "left_knee": {
        "x": 0.5197537541389465,
        "y": 0.7161558866500854,
        "z": 0.07673467695713043
    },
    "right_knee": {
        "x": 0.5213460326194763,
        "y": 0.7255398035049438,
        "z": 0.19189080595970154
    },
    "left_ankle": {
        "x": 0.5157189965248108,
        "y": 0.8355762958526611,
        "z": 0.17351076006889343
    },
    "right_ankle": {
        "x": 0.5160581469535828,
        "y": 0.8171651363372803,
        "z": 0.3098068833351135
    },
    "left_heel": {
        "x": 0.5192367434501648,
        "y": 0.8656882643699646,
        "z": 0.1833477020263672
    },
    "right_heel": {
        "x": 0.5174480080604553,
        "y": 0.8384844660758972,
        "z": 0.32359665632247925
    },
    "left_foot_index": {
        "x": 0.5018094778060913,
        "y": 0.8372482657432556,
        "z": 0.16992616653442383
    },
    "right_foot_index": {
        "x": 0.501947283744812,
        "y": 0.8219661116600037,
        "z": 0.3229239583015442
    }
}