{
    "nose": {
        "x": 0.4815977215766907,
        "y": 0.43562746047973633,
        "z": 0.05036616325378418
    },
    "left_eye_inner": {
        "x": 0.48052191734313965,
        "y": 0.4240981340408325,
        "z": 0.022645385935902596
    },
    "left_eye": {
        "x": 0.48019835352897644,
        "y": 0.42409107089042664,
        "z": 0.022590285167098045
    },
    "left_eye_outer": {
        "x": 0.4798533618450165,
        "y": 0.42424875497817993,
        "z": 0.022484583780169487
    },
    "right_eye_inner": {
        "x": 0.48291343450546265,
        "y": 0.42313912510871887,
        "z": 0.0420665517449379
    },
    "right_eye": {
        "x": 0.48414844274520874,
        "y": 0.42239364981651306,
        "z": 0.042139992117881775
    },
    "right_eye_outer": {
        "x": 0.485373854637146,
        "y": 0.4217372536659241,
        "z": 0.0420539565384388
    },
    "left_ear": {
        "x": 0.4849148988723755,
        "y": 0.4253968596458435,
        "z": -0.06338297575712204
    },
    "right_ear": {
        "x": 0.49236664175987244,
        "y": 0.4226187765598297,
        "z": 0.02450144849717617
    },
    "mouth_left": {
        "x": 0.4840421676635742,
        "y": 0.44451701641082764,
        "z": 0.02442462183535099
    },
    "mouth_right": {
        "x": 0.48661768436431885,
        "y": 0.44387081265449524,
        "z": 0.04995596781373024
    },
    "left_shoulder": {
        "x": 0.48954564332962036,
        "y": 0.47399935126304626,
        "z": -0.12046613544225693
    },
    "right_shoulder": {
        "x": 0.5270783305168152,
        "y": 0.4619091749191284,
        "z": 0.050229623913764954
    },
    "left_elbow": {
        "x": 0.5019159317016602,
        "y": 0.5517796277999878,
        "z": -0.10500846803188324
    },
    "right_elbow": {
        "x": 0.5456154346466064,
        "y": 0.5520249009132385,
        "z": 0.14210627973079681
    },
    "left_wrist": {
        "x": 0.5007686018943787,
        "y": 0.591357409954071,
        "z": -0.02423197589814663
    },
    "right_wrist": {
        "x": 0.5158123970031738,
        "y": 0.5833947062492371,
        "z": 0.229604110121727
    },
    "left_pinky": {
        "x": 0.5029453635215759,
        "y": 0.6031752824783325,
        "z": -0.027407808229327202
    },
    "right_pinky": {
        "x": 0.5109208226203918,
        "y": 0.5913032293319702,
        "z": 0.24644751846790314
    },
    "left_index": {
        "x": 0.5006856322288513,
        "y": 0.5951059460639954,
        "z": -0.024038083851337433
    },
    "right_index": {
        "x": 0.5058912038803101,
        "y": 0.5882391333580017,
        "z": 0.23327848315238953
    },
    "left_thumb": {
        "x": 0.5016130805015564,
        "y": 0.5916862487792969,
        "z": -0.0208700280636549
    },
    "right_thumb": {
        "x": 0.5065751671791077,
        "y": 0.5855234265327454,
        "z": 0.22526466846466064
    },
    "left_hip": {
        "x": 0.5004792809486389,
        "y": 0.6577097773551941,
        "z": -0.0590425543487072
    },
    "right_hip": {
        "x": 0.5236082077026367,
        "y": 0.6541163325309753,
        "z": 0.05893983691930771
    },
    "left_knee": {
        "x": 0.49867552518844604,
        "y": 0.7568566203117371,
        "z": 0.053643789142370224
    },
    "right_knee": {
        "x": 0.49723997712135315,
        "y": 0.748088538646698,
        "z": 0.17825281620025635
    },
    "left_ankle": {
        "x": 0.5072482824325562,
        "y": 0.868857741355896,
        "z": 0.15079444646835327
    },
    "right_ankle": {
        "x": 0.4980378746986389,
        "y": 0.8519068360328674,
        "z": 0.2900928258895874
    },
    "left_heel": {
        "x": 0.5154950618743896,
        "y": 0.8939529061317444,
        "z": 0.16190043091773987
    },
    "right_heel": {
        "x": 0.5043230652809143,
        "y": 0.8704254627227783,
        "z": 0.30357950925827026
    },
    "left_foot_index": {
        "x": 0.4910801649093628,
        "y": 0.8781243562698364,
        "z": 0.14847980439662933
    },
    "right_foot_index": {
        "x": 0.4780251383781433,
        "y": 0.8738554120063782,
        "z": 0.304080605506897
    }
}