{
    "nose": {
        "x": 0.20218172669410706,
        "y": 0.44951575994491577,
        "z": -0.028875047340989113
    },
    "left_eye_inner": {
        "x": 0.19612456858158112,
        "y": 0.445865273475647,
        "z": -0.05545966327190399
    },
    "left_eye": {
        "x": 0.19398367404937744,
        "y": 0.45017731189727783,
        "z": -0.05549217388033867
    },
    "left_eye_outer": {
        "x": 0.19199880957603455,
        "y": 0.45440566539764404,
        "z": -0.05548311397433281
    },
    "right_eye_inner": {
        "x": 0.2028852105140686,
        "y": 0.4355670213699341,
        "z": -0.057720769196748734
    },
    "right_eye": {
        "x": 0.20515011250972748,
        "y": 0.43307024240493774,
        "z": -0.05778753384947777
    },
    "right_eye_outer": {
        "x": 0.20728783309459686,
        "y": 0.4311780333518982,
        "z": -0.05784257501363754
    },
    "left_ear": {
        "x": 0.19365432858467102,
        "y": 0.4679800868034363,
        "z": -0.12818890810012817
    },
    "right_ear": {
        "x": 0.21510790288448334,
        "y": 0.438015878200531,
        "z": -0.13941748440265656
    },
    "mouth_left": {
        "x": 0.20235656201839447,
        "y": 0.46887943148612976,
        "z": -0.04744773730635643
    },
    "mouth_right": {
        "x": 0.21017715334892273,
        "y": 0.4568341374397278,
        "z": -0.05054427310824394
    },
    "left_shoulder": {
        "x": 0.19778650999069214,
        "y": 0.5619583129882812,
        "z": -0.15067549049854279
    },
    "right_shoulder": {
        "x": 0.2595769464969635,
        "y": 0.47102710604667664,
        "z": -0.12724263966083527
    },
    "left_elbow": {
        "x": 0.18959049880504608,
        "y": 0.6759536266326904,
        "z": -0.11113525182008743
    },
    "right_elbow": {
        "x": 0.3061007857322693,
        "y": 0.4448973536491394,
        "z": -0.03565900772809982
    },
    "left_wrist": {
        "x": 0.1668841391801834,
        "y": 0.764727771282196,
        "z": -0.09415704011917114
    },
    "right_wrist": {
        "x": 0.27359387278556824,
        "y": 0.3768092691898346,
        "z": 0.0778568908572197
    },
    "left_pinky": {
        "x": 0.15696066617965698,
        "y": 0.7878246307373047,
        "z": -0.11134149879217148
    },
    "right_pinky": {
        "x": 0.2698429524898529,
        "y": 0.35708776116371155,
        "z": 0.07877974212169647
    },
    "left_index": {
        "x": 0.1542297750711441,
        "y": 0.783229410648346,
        "z": -0.11490818113088608
    },
    "right_index": {
        "x": 0.263630747795105,
        "y": 0.36014029383659363,
        "z": 0.07322023808956146
    },
    "left_thumb": {
        "x": 0.15856952965259552,
        "y": 0.7751142382621765,
        "z": -0.09522761404514313
    },
    "right_thumb": {
        "x": 0.2639588713645935,
        "y": 0.36738336086273193,
        "z": 0.07789146900177002
    },
    "left_hip": {
        "x": 0.2712426483631134,
        "y": 0.7046162486076355,
        "z": -0.016925234347581863
    },
    "right_hip": {
        "x": 0.31110435724258423,
        "y": 0.6702381372451782,
        "z": 0.016665617004036903
    },
    "left_knee": {
        "x": 0.25140851736068726,
        "y": 0.7129849195480347,
        "z": 0.23507021367549896
    },
    "right_knee": {
        "x": 0.29896223545074463,
        "y": 0.6638674139976501,
        "z": 0.27778297662734985
    },
    "left_ankle": {
        "x": 0.29213953018188477,
        "y": 0.7563941478729248,
        "z": 0.3713371157646179
    },
    "right_ankle": {
        "x": 0.3191155791282654,
        "y": 0.7417234778404236,
        "z": 0.41681089997291565
    },
    "left_heel": {
        "x": 0.31622952222824097,
        "y": 0.7798062562942505,
        "z": 0.3886682093143463
    },
    "right_heel": {
        "x": 0.32326656579971313,
        "y": 0.7609792947769165,
        "z": 0.43291226029396057
    },
    "left_foot_index": {
        "x": 0.3057103455066681,
        "y": 0.773080050945282,
        "z": 0.4212545156478882
    },
    "right_foot_index": {
        "x": 0.3197805881500244,
        "y": 0.7454155087471008,
        "z": 0.4610332250595093
    }
}