{
    "nose": {
        "x": 0.23213788866996765,
        "y": 0.24930551648139954,
        "z": 0.07013939321041107
    },
    "left_eye_inner": {
        "x": 0.22548674046993256,
        "y": 0.24091380834579468,
        "z": 0.037135086953639984
    },
    "left_eye": {
        "x": 0.22333885729312897,
        "y": 0.2420998215675354,
        "z": 0.03710086643695831
    },
    "left_eye_outer": {
        "x": 0.2212393879890442,
        "y": 0.24360154569149017,
        "z": 0.03706958144903183
    },
    "right_eye_inner": {
        "x": 0.23182600736618042,
        "y": 0.2368358075618744,
        "z": 0.04109010100364685
    },
    "right_eye": {
        "x": 0.2339077889919281,
        "y": 0.23525163531303406,
        "z": 0.0411180704832077
    },
    "right_eye_outer": {
        "x": 0.23595719039440155,
        "y": 0.23384156823158264,
        "z": 0.040981125086545944
    },
    "left_ear": {
        "x": 0.2217840701341629,
        "y": 0.24915334582328796,
        "z": -0.05052138864994049
    },
    "right_ear": {
        "x": 0.24059119820594788,
        "y": 0.23505142331123352,
        "z": -0.03199702873826027
    },
    "mouth_left": {
        "x": 0.23116853833198547,
        "y": 0.2587985396385193,
        "z": 0.0481453500688076
    },
    "mouth_right": {
        "x": 0.23759841918945312,
        "y": 0.25413018465042114,
        "z": 0.05327709764242172
    },
    "left_shoulder": {
        "x": 0.21411684155464172,
        "y": 0.3211686313152313,
        "z": -0.07206360250711441
    },
    "right_shoulder": {
        "x": 0.29297101497650146,
        "y": 0.28489914536476135,
        "z": -0.04410640895366669
    },
    "left_elbow": {
        "x": 0.21746279299259186,
        "y": 0.4234158396720886,
        "z": 0.055794574320316315
    },
    "right_elbow": {
        "x": 0.3332715332508087,
        "y": 0.36415210366249084,
        "z": 0.07690418511629105
    },
    "left_wrist": {
        "x": 0.22827716171741486,
        "y": 0.3728732466697693,
        "z": 0.24347123503684998
    },
    "right_wrist": {
        "x": 0.3136496841907501,
        "y": 0.3857746124267578,
        "z": 0.25015008449554443
    },
    "left_pinky": {
        "x": 0.23197349905967712,
        "y": 0.37445253133773804,
        "z": 0.2636346220970154
    },
    "right_pinky": {
        "x": 0.3121069073677063,
        "y": 0.399910569190979,
        "z": 0.27260157465934753
    },
    "left_index": {
        "x": 0.23764795064926147,
        "y": 0.364395409822464,
        "z": 0.2585124671459198
    },
    "right_index": {
        "x": 0.30298614501953125,
        "y": 0.39141613245010376,
        "z": 0.27043989300727844
    },
    "left_thumb": {
        "x": 0.23929423093795776,
        "y": 0.36568892002105713,
        "z": 0.24675695598125458
    },
    "right_thumb": {
        "x": 0.3029216229915619,
        "y": 0.3890222907066345,
        "z": 0.2539993226528168
    },
    "left_hip": {
        "x": 0.26945510506629944,
        "y": 0.5092223286628723,
        "z": -0.022753078490495682
    },
    "right_hip": {
        "x": 0.3156100809574127,
        "y": 0.4833325445652008,
        "z": 0.022600900381803513
    },
    "left_knee": {
        "x": 0.2851843535900116,
        "y": 0.5986119508743286,
        "z": 0.13008321821689606
    },
    "right_knee": {
        "x": 0.31065958738327026,
        "y": 0.5719419121742249,
        "z": 0.2227679193019867
    },
    "left_ankle": {
        "x": 0.3053065836429596,
        "y": 0.7471908330917358,
        "z": 0.2514835298061371
    },
    "right_ankle": {
        "x": 0.3218591809272766,
        "y": 0.6892942190170288,
        "z": 0.3894078731536865
    },
    "left_heel": {
        "x": 0.3140280842781067,
        "y": 0.7735113501548767,
        "z": 0.26735591888427734
    },
    "right_heel": {
        "x": 0.32288846373558044,
        "y": 0.711300253868103,
        "z": 0.40954700112342834
    },
    "left_foot_index": {
        "x": 0.2878440320491791,
        "y": 0.7564258575439453,
        "z": 0.2880658507347107
    },
    "right_foot_index": {
        "x": 0.3107500672340393,
        "y": 0.6887282729148865,
        "z": 0.4373389184474945
    }
}