{
    "nose": {
        "x": 0.17269191145896912,
        "y": 0.6827855706214905,
        "z": -0.14873258769512177
    },
    "left_eye_inner": {
        "x": 0.16842623054981232,
        "y": 0.6853093504905701,
        "z": -0.16730792820453644
    },
    "left_eye": {
        "x": 0.1668533831834793,
        "y": 0.6894229650497437,
        "z": -0.16732220351696014
    },
    "left_eye_outer": {
        "x": 0.16527897119522095,
        "y": 0.6936241388320923,
        "z": -0.16735847294330597
    },
    "right_eye_inner": {
        "x": 0.17321377992630005,
        "y": 0.6750786304473877,
        "z": -0.17398621141910553
    },
    "right_eye": {
        "x": 0.17477115988731384,
        "y": 0.6724473834037781,
        "z": -0.17406229674816132
    },
    "right_eye_outer": {
        "x": 0.17633910477161407,
        "y": 0.6697608232498169,
        "z": -0.1741631180047989
    },
    "left_ear": {
        "x": 0.16477753221988678,
        "y": 0.707906186580658,
        "z": -0.1873379498720169
    },
    "right_ear": {
        "x": 0.18308265507221222,
        "y": 0.675172746181488,
        "z": -0.21866507828235626
    },
    "mouth_left": {
        "x": 0.17393676936626434,
        "y": 0.6966592073440552,
        "z": -0.14765682816505432
    },
    "mouth_right": {
        "x": 0.17843909561634064,
        "y": 0.6867415308952332,
        "z": -0.1569594293832779
    },
    "left_shoulder": {
        "x": 0.1609259992837906,
        "y": 0.7808767557144165,
        "z": -0.1307368129491806
    },
    "right_shoulder": {
        "x": 0.21280324459075928,
        "y": 0.6917608976364136,
        "z": -0.20664925873279572
    },
    "left_elbow": {
        "x": 0.1681557148694992,
        "y": 0.8571652770042419,
        "z": 0.008096253499388695
    },
    "right_elbow": {
        "x": 0.23518110811710358,
        "y": 0.5939478278160095,
        "z": -0.18427711725234985
    },
    "left_wrist": {
        "x": 0.15549616515636444,
        "y": 0.8612643480300903,
        "z": 0.07453814893960953
    },
    "right_wrist": {
        "x": 0.20493754744529724,
        "y": 0.5125354528427124,
        "z": -0.16669493913650513
    },
    "left_pinky": {
        "x": 0.14665301144123077,
        "y": 0.8815659284591675,
        "z": 0.07493482530117035
    },
    "right_pinky": {
        "x": 0.20103493332862854,
        "y": 0.49052709341049194,
        "z": -0.1925376057624817
    },
    "left_index": {
        "x": 0.1506367176771164,
        "y": 0.8657792806625366,
        "z": 0.05805026367306709
    },
    "right_index": {
        "x": 0.19499340653419495,
        "y": 0.49483421444892883,
        "z": -0.2015882134437561
    },
    "left_thumb": {
        "x": 0.1550646722316742,
        "y": 0.8574621081352234,
        "z": 0.07118210196495056
    },
    "right_thumb": {
        "x": 0.19506452977657318,
        "y": 0.5031294822692871,
        "z": -0.17064079642295837
    },
    "left_hip": {
        "x": 0.25300925970077515,
        "y": 0.8381742835044861,
        "z": 0.0364561565220356
    },
    "right_hip": {
        "x": 0.2732228934764862,
        "y": 0.7846018671989441,
        "z": -0.0367676243185997
    },
    "left_knee": {
        "x": 0.23320002853870392,
        "y": 0.7422426342964172,
        "z": 0.2240106463432312
    },
    "right_knee": {
        "x": 0.2497081756591797,
        "y": 0.6676925420761108,
        "z": 0.12432465702295303
    },
    "left_ankle": {
        "x": 0.2801172435283661,
        "y": 0.7512729167938232,
        "z": 0.4319746792316437
    },
    "right_ankle": {
        "x": 0.29480183124542236,
        "y": 0.7161266803741455,
        "z": 0.3553400933742523
    },
    "left_heel": {
        "x": 0.2899574339389801,
        "y": 0.7616204619407654,
        "z": 0.4556995630264282
    },
    "right_heel": {
        "x": 0.3114011287689209,
        "y": 0.7402188777923584,
        "z": 0.3804410696029663
    },
    "left_foot_index": {
        "x": 0.2836204767227173,
        "y": 0.7154741287231445,
        "z": 0.47220465540885925
    },
    "right_foot_index": {
        "x": 0.3103621006011963,
        "y": 0.677520215511322,
        "z": 0.4009455740451813
    }
}