{
    "nose": {
        "x": 0.22819258272647858,
        "y": 0.44955503940582275,
        "z": -0.24583473801612854
    },
    "left_eye_inner": {
        "x": 0.22390466928482056,
        "y": 0.443106472492218,
        "z": -0.24206238985061646
    },
    "left_eye": {
        "x": 0.2238808125257492,
        "y": 0.44185855984687805,
        "z": -0.24201714992523193
    },
    "left_eye_outer": {
        "x": 0.2237849086523056,
        "y": 0.4403143525123596,
        "z": -0.24201902747154236
    },
    "right_eye_inner": {
        "x": 0.221242293715477,
        "y": 0.4469345808029175,
        "z": -0.25298991799354553
    },
    "right_eye": {
        "x": 0.21937689185142517,
        "y": 0.44874146580696106,
        "z": -0.2530503273010254
    },
    "right_eye_outer": {
        "x": 0.21739229559898376,
        "y": 0.45050904154777527,
        "z": -0.2531050741672516
    },
    "left_ear": {
        "x": 0.2183535248041153,
        "y": 0.4421892762184143,
        "z": -0.17149028182029724
    },
    "right_ear": {
        "x": 0.21059980988502502,
        "y": 0.45891284942626953,
        "z": -0.22464531660079956
    },
    "mouth_left": {
        "x": 0.2295282483100891,
        "y": 0.45403793454170227,
        "z": -0.21376128494739532
    },
    "mouth_right": {
        "x": 0.22630900144577026,
        "y": 0.4596787095069885,
        "z": -0.2295933961868286
    },
    "left_shoulder": {
        "x": 0.236012801527977,
        "y": 0.43687084317207336,
        "z": -0.10430080443620682
    },
    "right_shoulder": {
        "x": 0.20204591751098633,
        "y": 0.5284496545791626,
        "z": -0.17003969848155975
    },
    "left_elbow": {
        "x": 0.2843707203865051,
        "y": 0.42710182070732117,
        "z": -0.060319289565086365
    },
    "right_elbow": {
        "x": 0.22655028104782104,
        "y": 0.5782530307769775,
        "z": -0.22998647391796112
    },
    "left_wrist": {
        "x": 0.3359665274620056,
        "y": 0.4054418206214905,
        "z": -0.11403272300958633
    },
    "right_wrist": {
        "x": 0.27500155568122864,
        "y": 0.5807883739471436,
        "z": -0.34914979338645935
    },
    "left_pinky": {
        "x": 0.346464067697525,
        "y": 0.3995993733406067,
        "z": -0.12878409028053284
    },
    "right_pinky": {
        "x": 0.28628644347190857,
        "y": 0.5862912535667419,
        "z": -0.37975233793258667
    },
    "left_index": {
        "x": 0.34852659702301025,
        "y": 0.40176641941070557,
        "z": -0.15451817214488983
    },
    "right_index": {
        "x": 0.2851388454437256,
        "y": 0.5787180066108704,
        "z": -0.3890235424041748
    },
    "left_thumb": {
        "x": 0.34457749128341675,
        "y": 0.4044477045536041,
        "z": -0.12559852004051208
    },
    "right_thumb": {
        "x": 0.2826162278652191,
        "y": 0.5748292803764343,
        "z": -0.35543930530548096
    },
    "left_hip": {
        "x": 0.3078520894050598,
        "y": 0.4906757175922394,
        "z": 0.011028124019503593
    },
    "right_hip": {
        "x": 0.3030363619327545,
        "y": 0.5468109846115112,
        "z": -0.01097705028951168
    },
    "left_knee": {
        "x": 0.3590998947620392,
        "y": 0.49828970432281494,
        "z": -0.03096119314432144
    },
    "right_knee": {
        "x": 0.3621155023574829,
        "y": 0.5693209767341614,
        "z": -0.009033766575157642
    },
    "left_ankle": {
        "x": 0.42263099551200867,
        "y": 0.5342941284179688,
        "z": 0.1009729877114296
    },
    "right_ankle": {
        "x": 0.4249129593372345,
        "y": 0.5721563100814819,
        "z": 0.14231638610363007
    },
    "left_heel": {
        "x": 0.42816361784935,
        "y": 0.5441537499427795,
        "z": 0.11137315630912781
    },
    "right_heel": {
        "x": 0.4311012923717499,
        "y": 0.5683976411819458,
        "z": 0.15439417958259583
    },
    "left_foot_index": {
        "x": 0.44794610142707825,
        "y": 0.5415514707565308,
        "z": 0.0339716412127018
    },
    "right_foot_index": {
        "x": 0.4470175802707672,
        "y": 0.5788895487785339,
        "z": 0.0773092657327652
    }
}