{
    "nose": {
        "x": 0.425324022769928,
        "y": 0.2774879038333893,
        "z": -0.41436833143234253
    },
    "left_eye_inner": {
        "x": 0.42660945653915405,
        "y": 0.26579469442367554,
        "z": -0.4173971116542816
    },
    "left_eye": {
        "x": 0.4280543625354767,
        "y": 0.26396650075912476,
        "z": -0.4174017012119293
    },
    "left_eye_outer": {
        "x": 0.4295571446418762,
        "y": 0.26188188791275024,
        "z": -0.41752156615257263
    },
    "right_eye_inner": {
        "x": 0.42291200160980225,
        "y": 0.2681182324886322,
        "z": -0.411702036857605
    },
    "right_eye": {
        "x": 0.42173874378204346,
        "y": 0.2680950462818146,
        "z": -0.4117589294910431
    },
    "right_eye_outer": {
        "x": 0.4205242991447449,
        "y": 0.26789864897727966,
        "z": -0.41179126501083374
    },
    "left_ear": {
        "x": 0.43279707431793213,
        "y": 0.25485479831695557,
        "z": -0.3483603596687317
    },
    "right_ear": {
        "x": 0.4210750460624695,
        "y": 0.2620556652545929,
        "z": -0.3223229944705963
    },
    "mouth_left": {
        "x": 0.42910805344581604,
        "y": 0.2826581597328186,
        "z": -0.38045963644981384
    },
    "mouth_right": {
        "x": 0.42490825057029724,
        "y": 0.2849706709384918,
        "z": -0.3730852007865906
    },
    "left_shoulder": {
        "x": 0.46345728635787964,
        "y": 0.2739867568016052,
        "z": -0.2558560371398926
    },
    "right_shoulder": {
        "x": 0.40674078464508057,
        "y": 0.2925422787666321,
        "z": -0.2014729529619217
    },
    "left_elbow": {
        "x": 0.5037602782249451,
        "y": 0.32825663685798645,
        "z": -0.22726473212242126
    },
    "right_elbow": {
        "x": 0.3932981789112091,
        "y": 0.3788449466228485,
        "z": -0.15230077505111694
    },
    "left_wrist": {
        "x": 0.5317518711090088,
        "y": 0.4010770916938782,
        "z": -0.30005013942718506
    },
    "right_wrist": {
        "x": 0.39564990997314453,
        "y": 0.46789929270744324,
        "z": -0.21769291162490845
    },
    "left_pinky": {
        "x": 0.5406157970428467,
        "y": 0.41298797726631165,
        "z": -0.32834339141845703
    },
    "right_pinky": {
        "x": 0.3930646777153015,
        "y": 0.4894430935382843,
        "z": -0.23435117304325104
    },
    "left_index": {
        "x": 0.539208710193634,
        "y": 0.415339857339859,
        "z": -0.3487665057182312
    },
    "right_index": {
        "x": 0.398323655128479,
        "y": 0.4893765449523926,
        "z": -0.2662058472633362
    },
    "left_thumb": {
        "x": 0.5347109436988831,
        "y": 0.41373252868652344,
        "z": -0.31091776490211487
    },
    "right_thumb": {
        "x": 0.4015227258205414,
        "y": 0.48292139172554016,
        "z": -0.23202458024024963
    },
    "left_hip": {
        "x": 0.47911375761032104,
        "y": 0.40892738103866577,
        "z": -0.020131457597017288
    },
    "right_hip": {
        "x": 0.45129314064979553,
        "y": 0.4192078411579132,
        "z": 0.020219342783093452
    },
    "left_knee": {
        "x": 0.5032709240913391,
        "y": 0.5069400668144226,
        "z": -0.06840713322162628
    },
    "right_knee": {
        "x": 0.4555622935295105,
        "y": 0.539726972579956,
        "z": 0.003971383441239595
    },
    "left_ankle": {
        "x": 0.5147585868835449,
        "y": 0.6273455023765564,
        "z": 0.0759882777929306
    },
    "right_ankle": {
        "x": 0.458889365196228,
        "y": 0.6701768040657043,
        "z": 0.13793176412582397
    },
    "left_heel": {
        "x": 0.515546441078186,
        "y": 0.6452184915542603,
        "z": 0.08638837188482285
    },
    "right_heel": {
        "x": 0.46244925260543823,
        "y": 0.6913306713104248,
        "z": 0.14767752587795258
    },
    "left_foot_index": {
        "x": 0.5191163420677185,
        "y": 0.6601297855377197,
        "z": 0.004402241203933954
    },
    "right_foot_index": {
        "x": 0.4530012011528015,
        "y": 0.7017301917076111,
        "z": 0.05639181658625603
    }
}