{
    "nose": {
        "x": 0.4239303469657898,
        "y": 0.2729729413986206,
        "z": -0.4010128676891327
    },
    "left_eye_inner": {
        "x": 0.4257606267929077,
        "y": 0.2605443596839905,
        "z": -0.4014337658882141
    },
    "left_eye": {
        "x": 0.4276072382926941,
        "y": 0.25884002447128296,
        "z": -0.4014260470867157
    },
    "left_eye_outer": {
        "x": 0.42957478761672974,
        "y": 0.25699347257614136,
        "z": -0.40152108669281006
    },
    "right_eye_inner": {
        "x": 0.42135751247406006,
        "y": 0.26294851303100586,
        "z": -0.3947702646255493
    },
    "right_eye": {
        "x": 0.4201616644859314,
        "y": 0.26298093795776367,
        "z": -0.39480480551719666
    },
    "right_eye_outer": {
        "x": 0.41892969608306885,
        "y": 0.26289767026901245,
        "z": -0.3948427438735962
    },
    "left_ear": {
        "x": 0.43521082401275635,
        "y": 0.25121986865997314,
        "z": -0.326646089553833
    },
    "right_ear": {
        "x": 0.42124301195144653,
        "y": 0.25814521312713623,
        "z": -0.29648852348327637
    },
    "mouth_left": {
        "x": 0.42941856384277344,
        "y": 0.2793031334877014,
        "z": -0.36637595295906067
    },
    "mouth_right": {
        "x": 0.42440855503082275,
        "y": 0.2812145948410034,
        "z": -0.3576991558074951
    },
    "left_shoulder": {
        "x": 0.4681173264980316,
        "y": 0.28134796023368835,
        "z": -0.22698448598384857
    },
    "right_shoulder": {
        "x": 0.4089503586292267,
        "y": 0.29433682560920715,
        "z": -0.1822054237127304
    },
    "left_elbow": {
        "x": 0.49999669194221497,
        "y": 0.3500165641307831,
        "z": -0.19677728414535522
    },
    "right_elbow": {
        "x": 0.39574727416038513,
        "y": 0.3804362416267395,
        "z": -0.1360728144645691
    },
    "left_wrist": {
        "x": 0.5313402414321899,
        "y": 0.4022643268108368,
        "z": -0.28200021386146545
    },
    "right_wrist": {
        "x": 0.39877501130104065,
        "y": 0.46565690636634827,
        "z": -0.21114470064640045
    },
    "left_pinky": {
        "x": 0.5397309064865112,
        "y": 0.41257244348526,
        "z": -0.31226345896720886
    },
    "right_pinky": {
        "x": 0.39608779549598694,
        "y": 0.4867679178714752,
        "z": -0.23003655672073364
    },
    "left_index": {
        "x": 0.5375998020172119,
        "y": 0.41321149468421936,
        "z": -0.33383193612098694
    },
    "right_index": {
        "x": 0.401258647441864,
        "y": 0.4870591461658478,
        "z": -0.261674165725708
    },
    "left_thumb": {
        "x": 0.5332163572311401,
        "y": 0.41236674785614014,
        "z": -0.29407116770744324
    },
    "right_thumb": {
        "x": 0.4049230217933655,
        "y": 0.47983068227767944,
        "z": -0.2254834920167923
    },
    "left_hip": {
        "x": 0.482740581035614,
        "y": 0.41409409046173096,
        "z": -0.015327762812376022
    },
    "right_hip": {
        "x": 0.4532366096973419,
        "y": 0.4254041016101837,
        "z": 0.015450632199645042
    },
    "left_knee": {
        "x": 0.5046752095222473,
        "y": 0.5195451378822327,
        "z": -0.0817503035068512
    },
    "right_knee": {
        "x": 0.45982351899147034,
        "y": 0.5545064806938171,
        "z": -0.020865727216005325
    },
    "left_ankle": {
        "x": 0.5143669247627258,
        "y": 0.6478179693222046,
        "z": 0.0447721928358078
    },
    "right_ankle": {
        "x": 0.45083558559417725,
        "y": 0.6834757328033447,
        "z": 0.10044857114553452
    },
    "left_heel": {
        "x": 0.5130576491355896,
        "y": 0.6652688384056091,
        "z": 0.05232573673129082
    },
    "right_heel": {
        "x": 0.45318183302879333,
        "y": 0.7029826641082764,
        "z": 0.10831388831138611
    },
    "left_foot_index": {
        "x": 0.521826982498169,
        "y": 0.6843407154083252,
        "z": -0.04507111385464668
    },
    "right_foot_index": {
        "x": 0.4563215374946594,
        "y": 0.7260758876800537,
        "z": 0.00514141283929348
    }
}