{
    "nose": {
        "x": 0.2581719756126404,
        "y": 0.205847829580307,
        "z": 0.02184242010116577
    },
    "left_eye_inner": {
        "x": 0.25885891914367676,
        "y": 0.19297081232070923,
        "z": 0.009771471843123436
    },
    "left_eye": {
        "x": 0.2575530707836151,
        "y": 0.1905747950077057,
        "z": 0.009752624668180943
    },
    "left_eye_outer": {
        "x": 0.25573602318763733,
        "y": 0.187087282538414,
        "z": 0.00974219013005495
    },
    "right_eye_inner": {
        "x": 0.26156312227249146,
        "y": 0.19747285544872284,
        "z": -0.004365669097751379
    },
    "right_eye": {
        "x": 0.26215291023254395,
        "y": 0.19855375587940216,
        "z": -0.004337660502642393
    },
    "right_eye_outer": {
        "x": 0.2630405128002167,
        "y": 0.19965124130249023,
        "z": -0.004429384600371122
    },
    "left_ear": {
        "x": 0.2459893673658371,
        "y": 0.18208056688308716,
        "z": -0.014673975296318531
    },
    "right_ear": {
        "x": 0.25926515460014343,
        "y": 0.20043615996837616,
        "z": -0.07950180023908615
    },
    "mouth_left": {
        "x": 0.2519215941429138,
        "y": 0.20954257249832153,
        "z": 0.019928621128201485
    },
    "mouth_right": {
        "x": 0.2541850805282593,
        "y": 0.2151920348405838,
        "z": 0.0007876304443925619
    },
    "left_shoulder": {
        "x": 0.19641746580600739,
        "y": 0.2295834869146347,
        "z": 0.027637135237455368
    },
    "right_shoulder": {
        "x": 0.2541755139827728,
        "y": 0.2642548680305481,
        "z": -0.126922607421875
    },
    "left_elbow": {
        "x": 0.18689459562301636,
        "y": 0.2234819531440735,
        "z": 0.1567436009645462
    },
    "right_elbow": {
        "x": 0.28334423899650574,
        "y": 0.3512658476829529,
        "z": -0.12384231388568878
    },
    "left_wrist": {
        "x": 0.19135932624340057,
        "y": 0.20088434219360352,
        "z": 0.27090850472450256
    },
    "right_wrist": {
        "x": 0.3282884359359741,
        "y": 0.36975473165512085,
        "z": -0.08235673606395721
    },
    "left_pinky": {
        "x": 0.18615032732486725,
        "y": 0.1942276507616043,
        "z": 0.28199613094329834
    },
    "right_pinky": {
        "x": 0.34537285566329956,
        "y": 0.37609151005744934,
        "z": -0.09653664380311966
    },
    "left_index": {
        "x": 0.19064699113368988,
        "y": 0.19271865487098694,
        "z": 0.27608540654182434
    },
    "right_index": {
        "x": 0.34505903720855713,
        "y": 0.36288097500801086,
        "z": -0.09569550305604935
    },
    "left_thumb": {
        "x": 0.1949559599161148,
        "y": 0.1982441395521164,
        "z": 0.27171868085861206
    },
    "right_thumb": {
        "x": 0.3391491174697876,
        "y": 0.3597507178783417,
        "z": -0.07935412973165512
    },
    "left_hip": {
        "x": 0.19775047898292542,
        "y": 0.4239864647388458,
        "z": 0.059371426701545715
    },
    "right_hip": {
        "x": 0.23267383873462677,
        "y": 0.4396030008792877,
        "z": -0.05951450392603874
    },
    "left_knee": {
        "x": 0.19224686920642853,
        "y": 0.49631214141845703,
        "z": 0.2349053919315338
    },
    "right_knee": {
        "x": 0.26256313920021057,
        "y": 0.4630289077758789,
        "z": 0.12489159405231476
    },
    "left_ankle": {
        "x": 0.17432881891727448,
        "y": 0.5885422229766846,
        "z": 0.4214622974395752
    },
    "right_ankle": {
        "x": 0.2486198991537094,
        "y": 0.5760297179222107,
        "z": 0.318194180727005
    },
    "left_heel": {
        "x": 0.1684814691543579,
        "y": 0.6083745360374451,
        "z": 0.44335487484931946
    },
    "right_heel": {
        "x": 0.24208563566207886,
        "y": 0.6037270426750183,
        "z": 0.3416338264942169
    },
    "left_foot_index": {
        "x": 0.18143750727176666,
        "y": 0.5736073851585388,
        "z": 0.458107590675354
    },
    "right_foot_index": {
        "x": 0.2722871005535126,
        "y": 0.5731172561645508,
        "z": 0.36175814270973206
    }
}