{
    "nose": {
        "x": 0.7709969282150269,
        "y": 0.7128128409385681,
        "z": -0.2502059042453766
    },
    "left_eye_inner": {
        "x": 0.775280773639679,
        "y": 0.7012113928794861,
        "z": -0.24084849655628204
    },
    "left_eye": {
        "x": 0.7754802703857422,
        "y": 0.6995462775230408,
        "z": -0.2408522069454193
    },
    "left_eye_outer": {
        "x": 0.7755412459373474,
        "y": 0.6973814368247986,
        "z": -0.24091365933418274
    },
    "right_eye_inner": {
        "x": 0.7725844383239746,
        "y": 0.7013818621635437,
        "z": -0.2598353326320648
    },
    "right_eye": {
        "x": 0.7708093523979187,
        "y": 0.7000453472137451,
        "z": -0.25990819931030273
    },
    "right_eye_outer": {
        "x": 0.7687341570854187,
        "y": 0.6983838677406311,
        "z": -0.2599848806858063
    },
    "left_ear": {
        "x": 0.7648242712020874,
        "y": 0.6807076334953308,
        "z": -0.18275600671768188
    },
    "right_ear": {
        "x": 0.7567164897918701,
        "y": 0.6850621104240417,
        "z": -0.2685728967189789
    },
    "mouth_left": {
        "x": 0.7639650702476501,
        "y": 0.715801477432251,
        "z": -0.2257707566022873
    },
    "mouth_right": {
        "x": 0.7599506378173828,
        "y": 0.7153562903404236,
        "z": -0.25065305829048157
    },
    "left_shoulder": {
        "x": 0.746213972568512,
        "y": 0.673461377620697,
        "z": -0.10793086886405945
    },
    "right_shoulder": {
        "x": 0.6981562972068787,
        "y": 0.7076230645179749,
        "z": -0.25511202216148376
    },
    "left_elbow": {
        "x": 0.7331156730651855,
        "y": 0.7425763010978699,
        "z": -0.018896564841270447
    },
    "right_elbow": {
        "x": 0.620646595954895,
        "y": 0.7205561399459839,
        "z": -0.26471665501594543
    },
    "left_wrist": {
        "x": 0.7365955114364624,
        "y": 0.8006024956703186,
        "z": 0.0035191026981920004
    },
    "right_wrist": {
        "x": 0.6215727925300598,
        "y": 0.8243699669837952,
        "z": -0.24786601960659027
    },
    "left_pinky": {
        "x": 0.7412891983985901,
        "y": 0.815775454044342,
        "z": 0.009418594650924206
    },
    "right_pinky": {
        "x": 0.6178164482116699,
        "y": 0.8534349799156189,
        "z": -0.2648492753505707
    },
    "left_index": {
        "x": 0.7396876811981201,
        "y": 0.8166292905807495,
        "z": -0.0071183606050908566
    },
    "right_index": {
        "x": 0.6306426525115967,
        "y": 0.8569021224975586,
        "z": -0.26584240794181824
    },
    "left_thumb": {
        "x": 0.7349667549133301,
        "y": 0.8138080835342407,
        "z": -0.0019856684375554323
    },
    "right_thumb": {
        "x": 0.6323865056037903,
        "y": 0.8494091629981995,
        "z": -0.24761691689491272
    },
    "left_hip": {
        "x": 0.6967804431915283,
        "y": 0.796359658241272,
        "z": 0.0514465793967247
    },
    "right_hip": {
        "x": 0.6658567190170288,
        "y": 0.821161150932312,
        "z": -0.0515047088265419
    },
    "left_knee": {
        "x": 0.767219603061676,
        "y": 0.8302441239356995,
        "z": 0.08655498176813126
    },
    "right_knee": {
        "x": 0.7186752557754517,
        "y": 0.9037182331085205,
        "z": -0.08347667008638382
    },
    "left_ankle": {
        "x": 0.7132824659347534,
        "y": 0.8853670358657837,
        "z": 0.14119569957256317
    },
    "right_ankle": {
        "x": 0.6935986280441284,
        "y": 0.8954542279243469,
        "z": 0.12580962479114532
    },
    "left_heel": {
        "x": 0.6980611681938171,
        "y": 0.8867065906524658,
        "z": 0.1480284333229065
    },
    "right_heel": {
        "x": 0.6857479810714722,
        "y": 0.8832213878631592,
        "z": 0.15154437720775604
    },
    "left_foot_index": {
        "x": 0.7274633646011353,
        "y": 0.9221236705780029,
        "z": 0.16979695856571198
    },
    "right_foot_index": {
        "x": 0.7006269097328186,
        "y": 0.9297725558280945,
        "z": 0.20994293689727783
    }
}