{
    "nose": {
        "x": 0.7551893591880798,
        "y": 0.7302359938621521,
        "z": -0.3430679440498352
    },
    "left_eye_inner": {
        "x": 0.7600582838058472,
        "y": 0.7179251909255981,
        "z": -0.3344915807247162
    },
    "left_eye": {
        "x": 0.7619077563285828,
        "y": 0.7174370884895325,
        "z": -0.33452337980270386
    },
    "left_eye_outer": {
        "x": 0.763735294342041,
        "y": 0.7166925668716431,
        "z": -0.33460724353790283
    },
    "right_eye_inner": {
        "x": 0.7539034485816956,
        "y": 0.7145421504974365,
        "z": -0.34851664304733276
    },
    "right_eye": {
        "x": 0.7510308623313904,
        "y": 0.7113040089607239,
        "z": -0.34862828254699707
    },
    "right_eye_outer": {
        "x": 0.7479636669158936,
        "y": 0.7075544595718384,
        "z": -0.348687082529068
    },
    "left_ear": {
        "x": 0.7609496116638184,
        "y": 0.7057293057441711,
        "z": -0.2623732089996338
    },
    "right_ear": {
        "x": 0.7383468747138977,
        "y": 0.6934407353401184,
        "z": -0.3263216018676758
    },
    "mouth_left": {
        "x": 0.7533749938011169,
        "y": 0.736314594745636,
        "z": -0.31223592162132263
    },
    "mouth_right": {
        "x": 0.7467941045761108,
        "y": 0.7328332662582397,
        "z": -0.33075445890426636
    },
    "left_shoulder": {
        "x": 0.7555360198020935,
        "y": 0.7244460582733154,
        "z": -0.16943100094795227
    },
    "right_shoulder": {
        "x": 0.6902797222137451,
        "y": 0.7211583852767944,
        "z": -0.31199750304222107
    },
    "left_elbow": {
        "x": 0.7559569478034973,
        "y": 0.8190173506736755,
        "z": -0.13742277026176453
    },
    "right_elbow": {
        "x": 0.6610590219497681,
        "y": 0.8378487825393677,
        "z": -0.32868558168411255
    },
    "left_wrist": {
        "x": 0.7612031698226929,
        "y": 0.9177100658416748,
        "z": -0.181223064661026
    },
    "right_wrist": {
        "x": 0.6692019104957581,
        "y": 0.9526339769363403,
        "z": -0.3506655991077423
    },
    "left_pinky": {
        "x": 0.7704198956489563,
        "y": 0.9398302435874939,
        "z": -0.18897967040538788
    },
    "right_pinky": {
        "x": 0.6664181351661682,
        "y": 0.9896301627159119,
        "z": -0.3818071484565735
    },
    "left_index": {
        "x": 0.7662461996078491,
        "y": 0.9438679814338684,
        "z": -0.21073544025421143
    },
    "right_index": {
        "x": 0.679735541343689,
        "y": 0.9914791584014893,
        "z": -0.38440024852752686
    },
    "left_thumb": {
        "x": 0.7587463855743408,
        "y": 0.9353020191192627,
        "z": -0.19100776314735413
    },
    "right_thumb": {
        "x": 0.6812260150909424,
        "y": 0.9783301949501038,
        "z": -0.3522699475288391
    },
    "left_hip": {
        "x": 0.7060446739196777,
        "y": 0.830552339553833,
        "z": 0.042819131165742874
    },
    "right_hip": {
        "x": 0.6668002605438232,
        "y": 0.834570050239563,
        "z": -0.04278086498379707
    },
    "left_knee": {
        "x": 0.7628571391105652,
        "y": 0.9067398905754089,
        "z": -0.044683706015348434
    },
    "right_knee": {
        "x": 0.6814318299293518,
        "y": 0.9354971051216125,
        "z": -0.1776612401008606
    },
    "left_ankle": {
        "x": 0.6919412016868591,
        "y": 0.914267897605896,
        "z": 0.044073645025491714
    },
    "right_ankle": {
        "x": 0.7153454422950745,
        "y": 0.9548181891441345,
        "z": 0.006673960480839014
    },
    "left_heel": {
        "x": 0.6808621883392334,
        "y": 0.9057773351669312,
        "z": 0.05523305758833885
    },
    "right_heel": {
        "x": 0.7157873511314392,
        "y": 0.943622887134552,
        "z": 0.028776826336979866
    },
    "left_foot_index": {
        "x": 0.6820634603500366,
        "y": 0.9461482167243958,
        "z": 0.04181123152375221
    },
    "right_foot_index": {
        "x": 0.7417848110198975,
        "y": 0.9964247345924377,
        "z": 0.023182909935712814
    }
}