{
    "nose": {
        "x": 0.84039705991745,
        "y": 0.8508403301239014,
        "z": -0.19775526225566864
    },
    "left_eye_inner": {
        "x": 0.8447305560112,
        "y": 0.8410398364067078,
        "z": -0.19827088713645935
    },
    "left_eye": {
        "x": 0.8453727960586548,
        "y": 0.8397777080535889,
        "z": -0.19829720258712769
    },
    "left_eye_outer": {
        "x": 0.8460139632225037,
        "y": 0.83872389793396,
        "z": -0.19841352105140686
    },
    "right_eye_inner": {
        "x": 0.8394573330879211,
        "y": 0.8437776565551758,
        "z": -0.21091386675834656
    },
    "right_eye": {
        "x": 0.837232232093811,
        "y": 0.8438892364501953,
        "z": -0.21094027161598206
    },
    "right_eye_outer": {
        "x": 0.8353265523910522,
        "y": 0.843401312828064,
        "z": -0.21096377074718475
    },
    "left_ear": {
        "x": 0.8382096290588379,
        "y": 0.8277402520179749,
        "z": -0.1651781052350998
    },
    "right_ear": {
        "x": 0.8242180347442627,
        "y": 0.8366116285324097,
        "z": -0.22209063172340393
    },
    "mouth_left": {
        "x": 0.8341413140296936,
        "y": 0.8605287075042725,
        "z": -0.1809203028678894
    },
    "mouth_right": {
        "x": 0.8286885619163513,
        "y": 0.85395747423172,
        "z": -0.1975286602973938
    },
    "left_shoulder": {
        "x": 0.8188065886497498,
        "y": 0.7972424030303955,
        "z": -0.09671495109796524
    },
    "right_shoulder": {
        "x": 0.7693702578544617,
        "y": 0.8452242016792297,
        "z": -0.2032463699579239
    },
    "left_elbow": {
        "x": 0.8069946765899658,
        "y": 0.8137096762657166,
        "z": 0.020343726500868797
    },
    "right_elbow": {
        "x": 0.7399375438690186,
        "y": 0.8897491693496704,
        "z": -0.15709573030471802
    },
    "left_wrist": {
        "x": 0.8106947541236877,
        "y": 0.8733501434326172,
        "z": 0.09200485050678253
    },
    "right_wrist": {
        "x": 0.7688114643096924,
        "y": 0.9157609343528748,
        "z": -0.04771937429904938
    },
    "left_pinky": {
        "x": 0.8158407807350159,
        "y": 0.8867722153663635,
        "z": 0.0987364649772644
    },
    "right_pinky": {
        "x": 0.7775076031684875,
        "y": 0.9116286039352417,
        "z": -0.04861200228333473
    },
    "left_index": {
        "x": 0.8116937875747681,
        "y": 0.8854396343231201,
        "z": 0.08141906559467316
    },
    "right_index": {
        "x": 0.7848578095436096,
        "y": 0.9033693075180054,
        "z": -0.05858214944601059
    },
    "left_thumb": {
        "x": 0.8064380884170532,
        "y": 0.8819864392280579,
        "z": 0.08698771148920059
    },
    "right_thumb": {
        "x": 0.7845420241355896,
        "y": 0.9011870622634888,
        "z": -0.049816057085990906
    },
    "left_hip": {
        "x": 0.7040463089942932,
        "y": 0.804445207118988,
        "z": 0.046639733016490936
    },
    "right_hip": {
        "x": 0.6768758893013,
        "y": 0.8281225562095642,
        "z": -0.046614035964012146
    },
    "left_knee": {
        "x": 0.7472931146621704,
        "y": 0.8647008538246155,
        "z": 0.08590111136436462
    },
    "right_knee": {
        "x": 0.700172483921051,
        "y": 0.9032547473907471,
        "z": -0.04176105931401253
    },
    "left_ankle": {
        "x": 0.692118227481842,
        "y": 0.8893758654594421,
        "z": 0.16519102454185486
    },
    "right_ankle": {
        "x": 0.6574975848197937,
        "y": 0.8888540267944336,
        "z": 0.049348171800374985
    },
    "left_heel": {
        "x": 0.6805418133735657,
        "y": 0.8866194486618042,
        "z": 0.1733725666999817
    },
    "right_heel": {
        "x": 0.647946298122406,
        "y": 0.8725542426109314,
        "z": 0.06249241903424263
    },
    "left_foot_index": {
        "x": 0.6915531754493713,
        "y": 0.9236683249473572,
        "z": 0.19400963187217712
    },
    "right_foot_index": {
        "x": 0.6614329814910889,
        "y": 0.9285801649093628,
        "z": 0.08222533017396927
    }
}