{
    "nose": {
        "x": 0.6845712065696716,
        "y": 0.6986092329025269,
        "z": -0.21788732707500458
    },
    "left_eye_inner": {
        "x": 0.6880167126655579,
        "y": 0.6864046454429626,
        "z": -0.21293817460536957
    },
    "left_eye": {
        "x": 0.6892063617706299,
        "y": 0.6858136653900146,
        "z": -0.21299710869789124
    },
    "left_eye_outer": {
        "x": 0.690666139125824,
        "y": 0.6846524477005005,
        "z": -0.21307259798049927
    },
    "right_eye_inner": {
        "x": 0.6849051713943481,
        "y": 0.6854122877120972,
        "z": -0.22776944935321808
    },
    "right_eye": {
        "x": 0.6831567287445068,
        "y": 0.6824953556060791,
        "z": -0.22781533002853394
    },
    "right_eye_outer": {
        "x": 0.6822615265846252,
        "y": 0.6814801692962646,
        "z": -0.2278464436531067
    },
    "left_ear": {
        "x": 0.6914068460464478,
        "y": 0.6803461313247681,
        "z": -0.14762084186077118
    },
    "right_ear": {
        "x": 0.6814171075820923,
        "y": 0.6775957345962524,
        "z": -0.21499642729759216
    },
    "mouth_left": {
        "x": 0.6847618222236633,
        "y": 0.7016318440437317,
        "z": -0.18804068863391876
    },
    "mouth_right": {
        "x": 0.679975152015686,
        "y": 0.6985243558883667,
        "z": -0.20782656967639923
    },
    "left_shoulder": {
        "x": 0.6896770000457764,
        "y": 0.6958364248275757,
        "z": -0.05692754685878754
    },
    "right_shoulder": {
        "x": 0.6500790119171143,
        "y": 0.7034846544265747,
        "z": -0.19926661252975464
    },
    "left_elbow": {
        "x": 0.6960625648498535,
        "y": 0.7622908353805542,
        "z": -0.01346905343234539
    },
    "right_elbow": {
        "x": 0.6418699026107788,
        "y": 0.7702142000198364,
        "z": -0.21632862091064453
    },
    "left_wrist": {
        "x": 0.6872650980949402,
        "y": 0.8019858598709106,
        "z": -0.06392627954483032
    },
    "right_wrist": {
        "x": 0.6421155333518982,
        "y": 0.8298966884613037,
        "z": -0.21796537935733795
    },
    "left_pinky": {
        "x": 0.6866387724876404,
        "y": 0.8116637468338013,
        "z": -0.07238375395536423
    },
    "right_pinky": {
        "x": 0.6383283138275146,
        "y": 0.844335675239563,
        "z": -0.24507242441177368
    },
    "left_index": {
        "x": 0.6829876899719238,
        "y": 0.8057757616043091,
        "z": -0.09603490680456161
    },
    "right_index": {
        "x": 0.6426864862442017,
        "y": 0.8412728905677795,
        "z": -0.2484772801399231
    },
    "left_thumb": {
        "x": 0.6814070343971252,
        "y": 0.8049408793449402,
        "z": -0.0738576278090477
    },
    "right_thumb": {
        "x": 0.6438052654266357,
        "y": 0.8368203639984131,
        "z": -0.21998180449008942
    },
    "left_hip": {
        "x": 0.6007684469223022,
        "y": 0.7636250257492065,
        "z": 0.0534561350941658
    },
    "right_hip": {
        "x": 0.5836176872253418,
        "y": 0.772163987159729,
        "z": -0.05331309139728546
    },
    "left_knee": {
        "x": 0.6407445669174194,
        "y": 0.7993661761283875,
        "z": 0.09758353233337402
    },
    "right_knee": {
        "x": 0.6267848610877991,
        "y": 0.8180448412895203,
        "z": -0.0670437291264534
    },
    "left_ankle": {
        "x": 0.635239839553833,
        "y": 0.8868005275726318,
        "z": 0.1885119378566742
    },
    "right_ankle": {
        "x": 0.6405900716781616,
        "y": 0.9049618244171143,
        "z": -0.00965540949255228
    },
    "left_heel": {
        "x": 0.6301029920578003,
        "y": 0.9025210738182068,
        "z": 0.19655509293079376
    },
    "right_heel": {
        "x": 0.6385284066200256,
        "y": 0.9210464954376221,
        "z": -0.004594563972204924
    },
    "left_foot_index": {
        "x": 0.6544922590255737,
        "y": 0.903639554977417,
        "z": 0.17476192116737366
    },
    "right_foot_index": {
        "x": 0.6674181222915649,
        "y": 0.9206768870353699,
        "z": -0.04186873510479927
    }
}