{
    "nose": {
        "x": 0.3314024806022644,
        "y": 0.37867268919944763,
        "z": -0.17265242338180542
    },
    "left_eye_inner": {
        "x": 0.33188530802726746,
        "y": 0.36897552013397217,
        "z": -0.16515852510929108
    },
    "left_eye": {
        "x": 0.33221855759620667,
        "y": 0.36795133352279663,
        "z": -0.16520431637763977
    },
    "left_eye_outer": {
        "x": 0.332594096660614,
        "y": 0.3668622672557831,
        "z": -0.16527889668941498
    },
    "right_eye_inner": {
        "x": 0.32933512330055237,
        "y": 0.3695920705795288,
        "z": -0.1801457554101944
    },
    "right_eye": {
        "x": 0.3277198374271393,
        "y": 0.369118332862854,
        "z": -0.18015427887439728
    },
    "right_eye_outer": {
        "x": 0.3259638547897339,
        "y": 0.36856794357299805,
        "z": -0.180205836892128
    },
    "left_ear": {
        "x": 0.3283248543739319,
        "y": 0.3634929060935974,
        "z": -0.10441563278436661
    },
    "right_ear": {
        "x": 0.31777769327163696,
        "y": 0.3658571243286133,
        "z": -0.17295920848846436
    },
    "mouth_left": {
        "x": 0.3298233151435852,
        "y": 0.3829149305820465,
        "z": -0.1461363583803177
    },
    "mouth_right": {
        "x": 0.32611164450645447,
        "y": 0.3841785788536072,
        "z": -0.16616833209991455
    },
    "left_shoulder": {
        "x": 0.3273969888687134,
        "y": 0.3786364197731018,
        "z": -0.02953316643834114
    },
    "right_shoulder": {
        "x": 0.29204756021499634,
        "y": 0.4103183150291443,
        "z": -0.15393559634685516
    },
    "left_elbow": {
        "x": 0.3535710871219635,
        "y": 0.42135265469551086,
        "z": 0.0011304905638098717
    },
    "right_elbow": {
        "x": 0.30272841453552246,
        "y": 0.48218920826911926,
        "z": -0.1478883922100067
    },
    "left_wrist": {
        "x": 0.3626842200756073,
        "y": 0.4539719223976135,
        "z": -0.08187693357467651
    },
    "right_wrist": {
        "x": 0.3450886011123657,
        "y": 0.49860233068466187,
        "z": -0.16012564301490784
    },
    "left_pinky": {
        "x": 0.3685150146484375,
        "y": 0.46559208631515503,
        "z": -0.1003798097372055
    },
    "right_pinky": {
        "x": 0.35711801052093506,
        "y": 0.5080727934837341,
        "z": -0.1775885969400406
    },
    "left_index": {
        "x": 0.36617785692214966,
        "y": 0.4615984261035919,
        "z": -0.1129920706152916
    },
    "right_index": {
        "x": 0.359708696603775,
        "y": 0.49457985162734985,
        "z": -0.18292981386184692
    },
    "left_thumb": {
        "x": 0.36262592673301697,
        "y": 0.45942333340644836,
        "z": -0.08891928941011429
    },
    "right_thumb": {
        "x": 0.35760003328323364,
        "y": 0.49001842737197876,
        "z": -0.16008450090885162
    },
    "left_hip": {
        "x": 0.3347872793674469,
        "y": 0.4833957552909851,
        "z": 0.04619244113564491
    },
    "right_hip": {
        "x": 0.3120666742324829,
        "y": 0.511767566204071,
        "z": -0.046215981245040894
    },
    "left_knee": {
        "x": 0.3992263376712799,
        "y": 0.48530665040016174,
        "z": -0.008715728297829628
    },
    "right_knee": {
        "x": 0.378030002117157,
        "y": 0.5516714453697205,
        "z": -0.09815103560686111
    },
    "left_ankle": {
        "x": 0.4148121774196625,
        "y": 0.5693454146385193,
        "z": 0.0400841198861599
    },
    "right_ankle": {
        "x": 0.4050186574459076,
        "y": 0.5889111161231995,
        "z": 0.026656141504645348
    },
    "left_heel": {
        "x": 0.41008326411247253,
        "y": 0.5868013501167297,
        "z": 0.043870631605386734
    },
    "right_heel": {
        "x": 0.4007909297943115,
        "y": 0.5999759435653687,
        "z": 0.040098145604133606
    },
    "left_foot_index": {
        "x": 0.44026675820350647,
        "y": 0.5775697231292725,
        "z": 0.020083822309970856
    },
    "right_foot_index": {
        "x": 0.4337981045246124,
        "y": 0.5853099226951599,
        "z": 0.025153106078505516
    }
}