{
    "nose": {
        "x": 0.3201267719268799,
        "y": 0.36821043491363525,
        "z": 0.10414104163646698
    },
    "left_eye_inner": {
        "x": 0.3204883933067322,
        "y": 0.3565528094768524,
        "z": 0.11906013637781143
    },
    "left_eye": {
        "x": 0.32148411870002747,
        "y": 0.3560177683830261,
        "z": 0.11902078986167908
    },
    "left_eye_outer": {
        "x": 0.32235953211784363,
        "y": 0.3554949462413788,
        "z": 0.11896546185016632
    },
    "right_eye_inner": {
        "x": 0.3162540793418884,
        "y": 0.35641759634017944,
        "z": 0.10375236719846725
    },
    "right_eye": {
        "x": 0.3140367567539215,
        "y": 0.35582882165908813,
        "z": 0.1038016527891159
    },
    "right_eye_outer": {
        "x": 0.31160563230514526,
        "y": 0.3551778793334961,
        "z": 0.10374028980731964
    },
    "left_ear": {
        "x": 0.31976330280303955,
        "y": 0.3543105721473694,
        "z": 0.18630379438400269
    },
    "right_ear": {
        "x": 0.30479592084884644,
        "y": 0.3562876582145691,
        "z": 0.11753639578819275
    },
    "mouth_left": {
        "x": 0.32038331031799316,
        "y": 0.37508097290992737,
        "z": 0.13006749749183655
    },
    "mouth_right": {
        "x": 0.3157397210597992,
        "y": 0.3746268153190613,
        "z": 0.10993511229753494
    },
    "left_shoulder": {
        "x": 0.3245888948440552,
        "y": 0.38573864102363586,
        "z": 0.22693179547786713
    },
    "right_shoulder": {
        "x": 0.2866574227809906,
        "y": 0.3982938826084137,
        "z": 0.05859613046050072
    },
    "left_elbow": {
        "x": 0.35185280442237854,
        "y": 0.432473361492157,
        "z": 0.1844952255487442
    },
    "right_elbow": {
        "x": 0.2902672290802002,
        "y": 0.4741300940513611,
        "z": -0.022030269727110863
    },
    "left_wrist": {
        "x": 0.35474154353141785,
        "y": 0.44670456647872925,
        "z": 0.04044410586357117
    },
    "right_wrist": {
        "x": 0.33338069915771484,
        "y": 0.4716004729270935,
        "z": -0.06036977469921112
    },
    "left_pinky": {
        "x": 0.35968491435050964,
        "y": 0.4577091336250305,
        "z": 0.01496989093720913
    },
    "right_pinky": {
        "x": 0.3463064134120941,
        "y": 0.47078433632850647,
        "z": -0.07200144976377487
    },
    "left_index": {
        "x": 0.3563252389431,
        "y": 0.4510495364665985,
        "z": 0.01794818602502346
    },
    "right_index": {
        "x": 0.3466193675994873,
        "y": 0.45865398645401,
        "z": -0.06592316180467606
    },
    "left_thumb": {
        "x": 0.3527339696884155,
        "y": 0.4471657872200012,
        "z": 0.03701278567314148
    },
    "right_thumb": {
        "x": 0.34275302290916443,
        "y": 0.45683538913726807,
        "z": -0.05534694716334343
    },
    "left_hip": {
        "x": 0.360099196434021,
        "y": 0.5021636486053467,
        "z": 0.07204627245664597
    },
    "right_hip": {
        "x": 0.33293038606643677,
        "y": 0.5154978632926941,
        "z": -0.07204610109329224
    },
    "left_knee": {
        "x": 0.453209787607193,
        "y": 0.4669450521469116,
        "z": 0.021136397495865822
    },
    "right_knee": {
        "x": 0.43762046098709106,
        "y": 0.4668075740337372,
        "z": -0.1209011971950531
    },
    "left_ankle": {
        "x": 0.4574463963508606,
        "y": 0.5946062803268433,
        "z": 0.0014687125803902745
    },
    "right_ankle": {
        "x": 0.45494765043258667,
        "y": 0.5929254293441772,
        "z": -0.1095426082611084
    },
    "left_heel": {
        "x": 0.4457504153251648,
        "y": 0.6188800930976868,
        "z": -0.0030779794324189425
    },
    "right_heel": {
        "x": 0.4440822899341583,
        "y": 0.6193591356277466,
        "z": -0.1039036214351654
    },
    "left_foot_index": {
        "x": 0.4886801540851593,
        "y": 0.6255865693092346,
        "z": -0.025631405413150787
    },
    "right_foot_index": {
        "x": 0.4907073676586151,
        "y": 0.6207941174507141,
        "z": -0.10627273470163345
    }
}