{
    "nose": {
        "x": 0.31802254915237427,
        "y": 0.3692079186439514,
        "z": 0.12806014716625214
    },
    "left_eye_inner": {
        "x": 0.31898513436317444,
        "y": 0.35786616802215576,
        "z": 0.14526116847991943
    },
    "left_eye": {
        "x": 0.32015717029571533,
        "y": 0.35720163583755493,
        "z": 0.14521722495555878
    },
    "left_eye_outer": {
        "x": 0.321274071931839,
        "y": 0.3564574122428894,
        "z": 0.14514753222465515
    },
    "right_eye_inner": {
        "x": 0.31448933482170105,
        "y": 0.35767555236816406,
        "z": 0.1314067542552948
    },
    "right_eye": {
        "x": 0.3123476505279541,
        "y": 0.35717153549194336,
        "z": 0.13145819306373596
    },
    "right_eye_outer": {
        "x": 0.31015974283218384,
        "y": 0.35657721757888794,
        "z": 0.13137425482273102
    },
    "left_ear": {
        "x": 0.31973084807395935,
        "y": 0.3547004163265228,
        "z": 0.21742570400238037
    },
    "right_ear": {
        "x": 0.30404287576675415,
        "y": 0.35759788751602173,
        "z": 0.15547028183937073
    },
    "mouth_left": {
        "x": 0.3188728094100952,
        "y": 0.37648099660873413,
        "z": 0.15521779656410217
    },
    "mouth_right": {
        "x": 0.3135747015476227,
        "y": 0.3761521279811859,
        "z": 0.1370551586151123
    },
    "left_shoulder": {
        "x": 0.3257455825805664,
        "y": 0.38775894045829773,
        "z": 0.25768160820007324
    },
    "right_shoulder": {
        "x": 0.28789222240448,
        "y": 0.39958685636520386,
        "z": 0.09963203221559525
    },
    "left_elbow": {
        "x": 0.3531095087528229,
        "y": 0.4320780634880066,
        "z": 0.22675207257270813
    },
    "right_elbow": {
        "x": 0.2899406850337982,
        "y": 0.47605353593826294,
        "z": 0.03174779191613197
    },
    "left_wrist": {
        "x": 0.352390319108963,
        "y": 0.44972750544548035,
        "z": 0.11082352697849274
    },
    "right_wrist": {
        "x": 0.3340388238430023,
        "y": 0.47399407625198364,
        "z": 0.010033812373876572
    },
    "left_pinky": {
        "x": 0.35665977001190186,
        "y": 0.4576978385448456,
        "z": 0.09023763984441757
    },
    "right_pinky": {
        "x": 0.34687042236328125,
        "y": 0.4741728603839874,
        "z": 0.0035899493377655745
    },
    "left_index": {
        "x": 0.35478606820106506,
        "y": 0.4509933888912201,
        "z": 0.09725809842348099
    },
    "right_index": {
        "x": 0.3476504385471344,
        "y": 0.4627416431903839,
        "z": 0.009350697509944439
    },
    "left_thumb": {
        "x": 0.35037657618522644,
        "y": 0.4504795968532562,
        "z": 0.10940549522638321
    },
    "right_thumb": {
        "x": 0.3437997102737427,
        "y": 0.46161600947380066,
        "z": 0.015527977608144283
    },
    "left_hip": {
        "x": 0.35943880677223206,
        "y": 0.49135881662368774,
        "z": 0.06958682835102081
    },
    "right_hip": {
        "x": 0.33287638425827026,
        "y": 0.5094128847122192,
        "z": -0.06969892978668213
    },
    "left_knee": {
        "x": 0.4571152627468109,
        "y": 0.4592873752117157,
        "z": 0.017604965716600418
    },
    "right_knee": {
        "x": 0.42882293462753296,
        "y": 0.4677594006061554,
        "z": -0.11240996420383453
    },
    "left_ankle": {
        "x": 0.4560443162918091,
        "y": 0.583186686038971,
        "z": -0.01022512000054121
    },
    "right_ankle": {
        "x": 0.44879305362701416,
        "y": 0.5815852880477905,
        "z": -0.11032260954380035
    },
    "left_heel": {
        "x": 0.44358789920806885,
        "y": 0.6064000725746155,
        "z": -0.015319056808948517
    },
    "right_heel": {
        "x": 0.4383302628993988,
        "y": 0.6061975955963135,
        "z": -0.1061587706208229
    },
    "left_foot_index": {
        "x": 0.48667651414871216,
        "y": 0.6150436401367188,
        "z": -0.03905043005943298
    },
    "right_foot_index": {
        "x": 0.488372266292572,
        "y": 0.6065412759780884,
        "z": -0.11489609628915787
    }
}