{
    "nose": {
        "x": 0.331573486328125,
        "y": 0.3730061650276184,
        "z": -0.16740617156028748
    },
    "left_eye_inner": {
        "x": 0.3316269814968109,
        "y": 0.36215659976005554,
        "z": -0.15992896258831024
    },
    "left_eye": {
        "x": 0.33192577958106995,
        "y": 0.36122193932533264,
        "z": -0.15997739136219025
    },
    "left_eye_outer": {
        "x": 0.3322216272354126,
        "y": 0.36023277044296265,
        "z": -0.16005724668502808
    },
    "right_eye_inner": {
        "x": 0.3291170597076416,
        "y": 0.36302119493484497,
        "z": -0.17477798461914062
    },
    "right_eye": {
        "x": 0.32747340202331543,
        "y": 0.36278587579727173,
        "z": -0.17478574812412262
    },
    "right_eye_outer": {
        "x": 0.32564494013786316,
        "y": 0.3624756634235382,
        "z": -0.17482870817184448
    },
    "left_ear": {
        "x": 0.3273114860057831,
        "y": 0.35820093750953674,
        "z": -0.10105915367603302
    },
    "right_ear": {
        "x": 0.316662460565567,
        "y": 0.3613097071647644,
        "z": -0.16863217949867249
    },
    "mouth_left": {
        "x": 0.33007392287254333,
        "y": 0.37808042764663696,
        "z": -0.14174313843250275
    },
    "mouth_right": {
        "x": 0.3267395496368408,
        "y": 0.3795110285282135,
        "z": -0.16144819557666779
    },
    "left_shoulder": {
        "x": 0.32806330919265747,
        "y": 0.3760141432285309,
        "z": -0.026722807437181473
    },
    "right_shoulder": {
        "x": 0.2913244664669037,
        "y": 0.40668532252311707,
        "z": -0.15286558866500854
    },
    "left_elbow": {
        "x": 0.3517078459262848,
        "y": 0.42265599966049194,
        "z": 0.0014944067224860191
    },
    "right_elbow": {
        "x": 0.30033808946609497,
        "y": 0.47793814539909363,
        "z": -0.1474679559469223
    },
    "left_wrist": {
        "x": 0.35914936661720276,
        "y": 0.45659589767456055,
        "z": -0.08386512100696564
    },
    "right_wrist": {
        "x": 0.3414309322834015,
        "y": 0.49396225810050964,
        "z": -0.1575326919555664
    },
    "left_pinky": {
        "x": 0.363989919424057,
        "y": 0.47151538729667664,
        "z": -0.10302014648914337
    },
    "right_pinky": {
        "x": 0.35330477356910706,
        "y": 0.5060222744941711,
        "z": -0.17567019164562225
    },
    "left_index": {
        "x": 0.35984307527542114,
        "y": 0.4662666916847229,
        "z": -0.11446325480937958
    },
    "right_index": {
        "x": 0.35545918345451355,
        "y": 0.49117109179496765,
        "z": -0.1804458498954773
    },
    "left_thumb": {
        "x": 0.3568931818008423,
        "y": 0.46095821261405945,
        "z": -0.09074819833040237
    },
    "right_thumb": {
        "x": 0.3531496524810791,
        "y": 0.4853706955909729,
        "z": -0.15747076272964478
    },
    "left_hip": {
        "x": 0.3333889842033386,
        "y": 0.4851640462875366,
        "z": 0.04725467786192894
    },
    "right_hip": {
        "x": 0.3084277808666229,
        "y": 0.5035146474838257,
        "z": -0.04727454483509064
    },
    "left_knee": {
        "x": 0.3958636522293091,
        "y": 0.49601784348487854,
        "z": -0.00010839519381988794
    },
    "right_knee": {
        "x": 0.3674173057079315,
        "y": 0.5360185503959656,
        "z": -0.08704783767461777
    },
    "left_ankle": {
        "x": 0.40094226598739624,
        "y": 0.5923976302146912,
        "z": 0.0436980277299881
    },
    "right_ankle": {
        "x": 0.3949696719646454,
        "y": 0.5968658328056335,
        "z": 0.021663574501872063
    },
    "left_heel": {
        "x": 0.39373722672462463,
        "y": 0.6100618839263916,
        "z": 0.04679722338914871
    },
    "right_heel": {
        "x": 0.38979557156562805,
        "y": 0.6120307445526123,
        "z": 0.03314278647303581
    },
    "left_foot_index": {
        "x": 0.4266407787799835,
        "y": 0.6072230935096741,
        "z": 0.022380443289875984
    },
    "right_foot_index": {
        "x": 0.4283992648124695,
        "y": 0.5978931188583374,
        "z": 0.014962269924581051
    }
}