{
    "nose": {
        "x": 0.25982964038848877,
        "y": 0.2570100724697113,
        "z": -0.06033434718847275
    },
    "left_eye_inner": {
        "x": 0.26065340638160706,
        "y": 0.24755999445915222,
        "z": -0.05405170097947121
    },
    "left_eye": {
        "x": 0.2607887089252472,
        "y": 0.24749885499477386,
        "z": -0.054033275693655014
    },
    "left_eye_outer": {
        "x": 0.2608981132507324,
        "y": 0.2474781572818756,
        "z": -0.05403687804937363
    },
    "right_eye_inner": {
        "x": 0.25866901874542236,
        "y": 0.24639266729354858,
        "z": -0.0763610452413559
    },
    "right_eye": {
        "x": 0.2573074698448181,
        "y": 0.24552597105503082,
        "z": -0.076323501765728
    },
    "right_eye_outer": {
        "x": 0.2559025287628174,
        "y": 0.2446192353963852,
        "z": -0.07633958011865616
    },
    "left_ear": {
        "x": 0.25553879141807556,
        "y": 0.24815450608730316,
        "z": -0.010624833405017853
    },
    "right_ear": {
        "x": 0.24768556654453278,
        "y": 0.2447255253791809,
        "z": -0.11238154768943787
    },
    "mouth_left": {
        "x": 0.2571466267108917,
        "y": 0.26417502760887146,
        "z": -0.040818952023983
    },
    "mouth_right": {
        "x": 0.2549413740634918,
        "y": 0.2632197141647339,
        "z": -0.07022208720445633
    },
    "left_shoulder": {
        "x": 0.23625317215919495,
        "y": 0.2869231104850769,
        "z": 0.055509187281131744
    },
    "right_shoulder": {
        "x": 0.23039932548999786,
        "y": 0.2986547648906708,
        "z": -0.14515092968940735
    },
    "left_elbow": {
        "x": 0.23666121065616608,
        "y": 0.3430047035217285,
        "z": 0.1714019626379013
    },
    "right_elbow": {
        "x": 0.2364504635334015,
        "y": 0.37539899349212646,
        "z": -0.15268132090568542
    },
    "left_wrist": {
        "x": 0.255467027425766,
        "y": 0.3271286189556122,
        "z": 0.2196030616760254
    },
    "right_wrist": {
        "x": 0.272774875164032,
        "y": 0.34910908341407776,
        "z": -0.10794782638549805
    },
    "left_pinky": {
        "x": 0.25499704480171204,
        "y": 0.32545408606529236,
        "z": 0.22658981382846832
    },
    "right_pinky": {
        "x": 0.28075867891311646,
        "y": 0.3462683856487274,
        "z": -0.11935847997665405
    },
    "left_index": {
        "x": 0.2622336149215698,
        "y": 0.31492388248443604,
        "z": 0.2133551388978958
    },
    "right_index": {
        "x": 0.27887293696403503,
        "y": 0.3363812565803528,
        "z": -0.11706843227148056
    },
    "left_thumb": {
        "x": 0.2530851662158966,
        "y": 0.31222617626190186,
        "z": 0.21411964297294617
    },
    "right_thumb": {
        "x": 0.27584847807884216,
        "y": 0.3380511999130249,
        "z": -0.10454873740673065
    },
    "left_hip": {
        "x": 0.25709137320518494,
        "y": 0.4362623989582062,
        "z": 0.06890056282281876
    },
    "right_hip": {
        "x": 0.2524605393409729,
        "y": 0.44987013936042786,
        "z": -0.0688234195113182
    },
    "left_knee": {
        "x": 0.26237785816192627,
        "y": 0.5244787931442261,
        "z": 0.18370267748832703
    },
    "right_knee": {
        "x": 0.2543504238128662,
        "y": 0.538047730922699,
        "z": 0.022456049919128418
    },
    "left_ankle": {
        "x": 0.2556011378765106,
        "y": 0.6040370464324951,
        "z": 0.2989870011806488
    },
    "right_ankle": {
        "x": 0.24991507828235626,
        "y": 0.631560206413269,
        "z": 0.13546107709407806
    },
    "left_heel": {
        "x": 0.24824419617652893,
        "y": 0.6224912405014038,
        "z": 0.3093889057636261
    },
    "right_heel": {
        "x": 0.24431657791137695,
        "y": 0.6485646963119507,
        "z": 0.14703910052776337
    },
    "left_foot_index": {
        "x": 0.2755137085914612,
        "y": 0.6270566582679749,
        "z": 0.2933765947818756
    },
    "right_foot_index": {
        "x": 0.2719076871871948,
        "y": 0.6573849320411682,
        "z": 0.1139904335141182
    }
}