{
    "nose": {
        "x": 0.6679337024688721,
        "y": 0.8605616688728333,
        "z": 0.016848206520080566
    },
    "left_eye_inner": {
        "x": 0.6720001697540283,
        "y": 0.837405800819397,
        "z": 0.008446321822702885
    },
    "left_eye": {
        "x": 0.6699131727218628,
        "y": 0.8320435881614685,
        "z": 0.008516054600477219
    },
    "left_eye_outer": {
        "x": 0.667837381362915,
        "y": 0.8277763724327087,
        "z": 0.008605553768575191
    },
    "right_eye_inner": {
        "x": 0.6747949719429016,
        "y": 0.845199704170227,
        "z": -0.02204957976937294
    },
    "right_eye": {
        "x": 0.6750828623771667,
        "y": 0.846215546131134,
        "z": -0.022025182843208313
    },
    "right_eye_outer": {
        "x": 0.6752921938896179,
        "y": 0.847468912601471,
        "z": -0.02203964628279209
    },
    "left_ear": {
        "x": 0.656425952911377,
        "y": 0.8188484907150269,
        "z": -0.0035338280722498894
    },
    "right_ear": {
        "x": 0.6665147542953491,
        "y": 0.8431990146636963,
        "z": -0.1393328756093979
    },
    "mouth_left": {
        "x": 0.6549482941627502,
        "y": 0.8581854701042175,
        "z": 0.020638279616832733
    },
    "mouth_right": {
        "x": 0.65924471616745,
        "y": 0.8671405911445618,
        "z": -0.018508967012166977
    },
    "left_shoulder": {
        "x": 0.595884382724762,
        "y": 0.824457049369812,
        "z": 0.05507895350456238
    },
    "right_shoulder": {
        "x": 0.6240500807762146,
        "y": 0.9255451560020447,
        "z": -0.21684271097183228
    },
    "left_elbow": {
        "x": 0.5723451375961304,
        "y": 0.8911828398704529,
        "z": 0.15329568088054657
    },
    "right_elbow": {
        "x": 0.6158074736595154,
        "y": 1.0214126110076904,
        "z": -0.17416806519031525
    },
    "left_wrist": {
        "x": 0.5972884297370911,
        "y": 0.9137147068977356,
        "z": 0.2128828763961792
    },
    "right_wrist": {
        "x": 0.6350011825561523,
        "y": 0.950764536857605,
        "z": 0.02560533583164215
    },
    "left_pinky": {
        "x": 0.5995551943778992,
        "y": 0.9102156758308411,
        "z": 0.21641772985458374
    },
    "right_pinky": {
        "x": 0.6429870128631592,
        "y": 0.9385848641395569,
        "z": 0.023737173527479172
    },
    "left_index": {
        "x": 0.6069437861442566,
        "y": 0.913884162902832,
        "z": 0.20694369077682495
    },
    "right_index": {
        "x": 0.6415292620658875,
        "y": 0.9165283441543579,
        "z": 0.01607169210910797
    },
    "left_thumb": {
        "x": 0.6078115701675415,
        "y": 0.9174407124519348,
        "z": 0.20676955580711365
    },
    "right_thumb": {
        "x": 0.6377847790718079,
        "y": 0.9192053079605103,
        "z": 0.02498576231300831
    },
    "left_hip": {
        "x": 0.47797539830207825,
        "y": 0.9506756067276001,
        "z": 0.0760994628071785
    },
    "right_hip": {
        "x": 0.48708680272102356,
        "y": 1.0129387378692627,
        "z": -0.07592907547950745
    },
    "left_knee": {
        "x": 0.593419075012207,
        "y": 0.9087874889373779,
        "z": 0.17159661650657654
    },
    "right_knee": {
        "x": 0.5894489884376526,
        "y": 0.9573790431022644,
        "z": 0.01976970210671425
    },
    "left_ankle": {
        "x": 0.6018383502960205,
        "y": 0.8785179853439331,
        "z": 0.3859736919403076
    },
    "right_ankle": {
        "x": 0.6195151805877686,
        "y": 0.9286348819732666,
        "z": 0.23828670382499695
    },
    "left_heel": {
        "x": 0.5967143774032593,
        "y": 0.8701093792915344,
        "z": 0.40394437313079834
    },
    "right_heel": {
        "x": 0.614553689956665,
        "y": 0.9168269038200378,
        "z": 0.2616439461708069
    },
    "left_foot_index": {
        "x": 0.626125156879425,
        "y": 0.8633661270141602,
        "z": 0.3723219931125641
    },
    "right_foot_index": {
        "x": 0.6553844213485718,
        "y": 0.910910427570343,
        "z": 0.24319370090961456
    }
}