{
    "nose": {
        "x": 0.6654086112976074,
        "y": 0.8586882948875427,
        "z": 0.13646747171878815
    },
    "left_eye_inner": {
        "x": 0.6661229729652405,
        "y": 0.8362847566604614,
        "z": 0.12211938947439194
    },
    "left_eye": {
        "x": 0.6641393899917603,
        "y": 0.8321937322616577,
        "z": 0.1221102923154831
    },
    "left_eye_outer": {
        "x": 0.6619632244110107,
        "y": 0.8278389573097229,
        "z": 0.12210005521774292
    },
    "right_eye_inner": {
        "x": 0.6680384278297424,
        "y": 0.8420953750610352,
        "z": 0.10087598860263824
    },
    "right_eye": {
        "x": 0.6676821112632751,
        "y": 0.8424476981163025,
        "z": 0.10082697123289108
    },
    "right_eye_outer": {
        "x": 0.6672468781471252,
        "y": 0.8426869511604309,
        "z": 0.10071103274822235
    },
    "left_ear": {
        "x": 0.6487081050872803,
        "y": 0.8174598217010498,
        "z": 0.0668182298541069
    },
    "right_ear": {
        "x": 0.6570439338684082,
        "y": 0.8396677374839783,
        "z": -0.026013875380158424
    },
    "mouth_left": {
        "x": 0.6539195775985718,
        "y": 0.8621347546577454,
        "z": 0.12211380153894424
    },
    "mouth_right": {
        "x": 0.656690239906311,
        "y": 0.8683443069458008,
        "z": 0.09573385864496231
    },
    "left_shoulder": {
        "x": 0.5809327960014343,
        "y": 0.825882613658905,
        "z": 0.09353473782539368
    },
    "right_shoulder": {
        "x": 0.6220977902412415,
        "y": 0.9227474927902222,
        "z": -0.14444611966609955
    },
    "left_elbow": {
        "x": 0.5340312123298645,
        "y": 0.8917859196662903,
        "z": 0.06589531153440475
    },
    "right_elbow": {
        "x": 0.5883095264434814,
        "y": 1.0192352533340454,
        "z": -0.11813109368085861
    },
    "left_wrist": {
        "x": 0.5337247252464294,
        "y": 0.940916121006012,
        "z": -0.029949629679322243
    },
    "right_wrist": {
        "x": 0.5923959016799927,
        "y": 0.9601603746414185,
        "z": 0.04997386783361435
    },
    "left_pinky": {
        "x": 0.5308454036712646,
        "y": 0.9465027451515198,
        "z": -0.05047563090920448
    },
    "right_pinky": {
        "x": 0.5972754955291748,
        "y": 0.9476884603500366,
        "z": 0.04946483299136162
    },
    "left_index": {
        "x": 0.5402617454528809,
        "y": 0.9514434933662415,
        "z": -0.05771937221288681
    },
    "right_index": {
        "x": 0.5983774662017822,
        "y": 0.9289434552192688,
        "z": 0.04280807822942734
    },
    "left_thumb": {
        "x": 0.5433221459388733,
        "y": 0.9525038599967957,
        "z": -0.040807854384183884
    },
    "right_thumb": {
        "x": 0.5962839722633362,
        "y": 0.9297240376472473,
        "z": 0.04848038777709007
    },
    "left_hip": {
        "x": 0.4653092622756958,
        "y": 0.9471866488456726,
        "z": 0.08443184196949005
    },
    "right_hip": {
        "x": 0.4854586124420166,
        "y": 1.0079128742218018,
        "z": -0.08431196957826614
    },
    "left_knee": {
        "x": 0.572303295135498,
        "y": 0.9991376399993896,
        "z": 0.13999320566654205
    },
    "right_knee": {
        "x": 0.6015294194221497,
        "y": 1.0034693479537964,
        "z": -0.09379036724567413
    },
    "left_ankle": {
        "x": 0.5353260636329651,
        "y": 1.0441285371780396,
        "z": 0.3017562925815582
    },
    "right_ankle": {
        "x": 0.5589999556541443,
        "y": 1.0789154767990112,
        "z": 0.10397186875343323
    },
    "left_heel": {
        "x": 0.5230355858802795,
        "y": 1.0461057424545288,
        "z": 0.3131601810455322
    },
    "right_heel": {
        "x": 0.5450446605682373,
        "y": 1.076433777809143,
        "z": 0.12534205615520477
    },
    "left_foot_index": {
        "x": 0.5545604228973389,
        "y": 1.0539987087249756,
        "z": 0.2917182445526123
    },
    "right_foot_index": {
        "x": 0.5802206993103027,
        "y": 1.1219515800476074,
        "z": 0.12530161440372467
    }
}