{
    "nose": {
        "x": 0.3816297650337219,
        "y": 0.4624558091163635,
        "z": -0.19450636208057404
    },
    "left_eye_inner": {
        "x": 0.3767582178115845,
        "y": 0.46502140164375305,
        "z": -0.19518274068832397
    },
    "left_eye": {
        "x": 0.376203715801239,
        "y": 0.46394088864326477,
        "z": -0.19527310132980347
    },
    "left_eye_outer": {
        "x": 0.3756400942802429,
        "y": 0.462912917137146,
        "z": -0.19540132582187653
    },
    "right_eye_inner": {
        "x": 0.37574005126953125,
        "y": 0.4686092436313629,
        "z": -0.2167542427778244
    },
    "right_eye": {
        "x": 0.3744887411594391,
        "y": 0.4699130058288574,
        "z": -0.2167915403842926
    },
    "right_eye_outer": {
        "x": 0.3732728660106659,
        "y": 0.4712466597557068,
        "z": -0.21686868369579315
    },
    "left_ear": {
        "x": 0.36741238832473755,
        "y": 0.4664834141731262,
        "z": -0.160207599401474
    },
    "right_ear": {
        "x": 0.36486682295799255,
        "y": 0.47845250368118286,
        "z": -0.258770614862442
    },
    "mouth_left": {
        "x": 0.37866219878196716,
        "y": 0.47498178482055664,
        "z": -0.17478054761886597
    },
    "mouth_right": {
        "x": 0.3766001760959625,
        "y": 0.49306154251098633,
        "z": -0.2035120129585266
    },
    "left_shoulder": {
        "x": 0.36120834946632385,
        "y": 0.48474931716918945,
        "z": -0.09604796767234802
    },
    "right_shoulder": {
        "x": 0.36365845799446106,
        "y": 0.5300027132034302,
        "z": -0.2734793424606323
    },
    "left_elbow": {
        "x": 0.39202776551246643,
        "y": 0.4361889660358429,
        "z": -0.06257328391075134
    },
    "right_elbow": {
        "x": 0.4107167422771454,
        "y": 0.4804198443889618,
        "z": -0.35071879625320435
    },
    "left_wrist": {
        "x": 0.42248791456222534,
        "y": 0.38945358991622925,
        "z": -0.12881986796855927
    },
    "right_wrist": {
        "x": 0.44029954075813293,
        "y": 0.40689295530319214,
        "z": -0.3703702986240387
    },
    "left_pinky": {
        "x": 0.42090296745300293,
        "y": 0.38130536675453186,
        "z": -0.14676517248153687
    },
    "right_pinky": {
        "x": 0.4485515356063843,
        "y": 0.39211341738700867,
        "z": -0.409598708152771
    },
    "left_index": {
        "x": 0.4274735152721405,
        "y": 0.3736271560192108,
        "z": -0.16580018401145935
    },
    "right_index": {
        "x": 0.44310009479522705,
        "y": 0.38231387734413147,
        "z": -0.40522709488868713
    },
    "left_thumb": {
        "x": 0.42647308111190796,
        "y": 0.3815212845802307,
        "z": -0.1398622989654541
    },
    "right_thumb": {
        "x": 0.43992823362350464,
        "y": 0.38849183917045593,
        "z": -0.3716040849685669
    },
    "left_hip": {
        "x": 0.33871403336524963,
        "y": 0.6709764003753662,
        "z": 0.07042601704597473
    },
    "right_hip": {
        "x": 0.3378373086452484,
        "y": 0.6971423029899597,
        "z": -0.07053481787443161
    },
    "left_knee": {
        "x": 0.4323221445083618,
        "y": 0.6734036803245544,
        "z": 0.08427783101797104
    },
    "right_knee": {
        "x": 0.3881652057170868,
        "y": 0.7824097871780396,
        "z": -0.06506723910570145
    },
    "left_ankle": {
        "x": 0.42739713191986084,
        "y": 0.7861007452011108,
        "z": 0.20115357637405396
    },
    "right_ankle": {
        "x": 0.351212739944458,
        "y": 0.8089388608932495,
        "z": 0.1740148663520813
    },
    "left_heel": {
        "x": 0.41675472259521484,
        "y": 0.8092319965362549,
        "z": 0.21267439424991608
    },
    "right_heel": {
        "x": 0.32919803261756897,
        "y": 0.7947514653205872,
        "z": 0.19964107871055603
    },
    "left_foot_index": {
        "x": 0.4564386308193207,
        "y": 0.8030690550804138,
        "z": 0.20606976747512817
    },
    "right_foot_index": {
        "x": 0.3570089638233185,
        "y": 0.8495153188705444,
        "z": 0.21132832765579224
    }
}