{
    "nose": {
        "x": 0.8320450782775879,
        "y": 0.4531902074813843,
        "z": -0.035147059708833694
    },
    "left_eye_inner": {
        "x": 0.8334022760391235,
        "y": 0.4456702768802643,
        "z": -0.060837265104055405
    },
    "left_eye": {
        "x": 0.8321440815925598,
        "y": 0.44614726305007935,
        "z": -0.06084858253598213
    },
    "left_eye_outer": {
        "x": 0.8309515118598938,
        "y": 0.44670742750167847,
        "z": -0.060864392668008804
    },
    "right_eye_inner": {
        "x": 0.8386270403862,
        "y": 0.4458844065666199,
        "z": -0.045171789824962616
    },
    "right_eye": {
        "x": 0.8409945964813232,
        "y": 0.446624219417572,
        "z": -0.045172736048698425
    },
    "right_eye_outer": {
        "x": 0.8433915972709656,
        "y": 0.44756120443344116,
        "z": -0.045232728123664856
    },
    "left_ear": {
        "x": 0.8319339156150818,
        "y": 0.4561118185520172,
        "z": -0.12933607399463654
    },
    "right_ear": {
        "x": 0.8480316996574402,
        "y": 0.45896100997924805,
        "z": -0.05918170511722565
    },
    "mouth_left": {
        "x": 0.8293790221214294,
        "y": 0.4643878936767578,
        "z": -0.05437658727169037
    },
    "mouth_right": {
        "x": 0.8346859216690063,
        "y": 0.4652058780193329,
        "z": -0.034113481640815735
    },
    "left_shoulder": {
        "x": 0.8100702166557312,
        "y": 0.5211969017982483,
        "z": -0.17379336059093475
    },
    "right_shoulder": {
        "x": 0.8682671189308167,
        "y": 0.5234829783439636,
        "z": -0.02693343721330166
    },
    "left_elbow": {
        "x": 0.7541696429252625,
        "y": 0.5538418889045715,
        "z": -0.18906082212924957
    },
    "right_elbow": {
        "x": 0.9003089070320129,
        "y": 0.5746281147003174,
        "z": 0.05064535513520241
    },
    "left_wrist": {
        "x": 0.7252733707427979,
        "y": 0.4892731308937073,
        "z": -0.16309118270874023
    },
    "right_wrist": {
        "x": 0.8680015802383423,
        "y": 0.6254414319992065,
        "z": 0.11528907716274261
    },
    "left_pinky": {
        "x": 0.7155900597572327,
        "y": 0.47453832626342773,
        "z": -0.1822567731142044
    },
    "right_pinky": {
        "x": 0.8669648170471191,
        "y": 0.6301708817481995,
        "z": 0.12110753357410431
    },
    "left_index": {
        "x": 0.7196269035339355,
        "y": 0.46562671661376953,
        "z": -0.17740309238433838
    },
    "right_index": {
        "x": 0.8595787286758423,
        "y": 0.6303043961524963,
        "z": 0.10915675014257431
    },
    "left_thumb": {
        "x": 0.7235867381095886,
        "y": 0.47078773379325867,
        "z": -0.1606868952512741
    },
    "right_thumb": {
        "x": 0.8604171276092529,
        "y": 0.6276691555976868,
        "z": 0.11227291822433472
    },
    "left_hip": {
        "x": 0.8133593797683716,
        "y": 0.6936420202255249,
        "z": -0.05566837266087532
    },
    "right_hip": {
        "x": 0.8398728370666504,
        "y": 0.6923950910568237,
        "z": 0.05546443164348602
    },
    "left_knee": {
        "x": 0.771289587020874,
        "y": 0.7902856469154358,
        "z": 0.004359524231404066
    },
    "right_knee": {
        "x": 0.7972632646560669,
        "y": 0.7682004570960999,
        "z": 0.20353199541568756
    },
    "left_ankle": {
        "x": 0.7845346927642822,
        "y": 0.9134252071380615,
        "z": 0.05621137470006943
    },
    "right_ankle": {
        "x": 0.8042310476303101,
        "y": 0.8891838788986206,
        "z": 0.31804293394088745
    },
    "left_heel": {
        "x": 0.7913259863853455,
        "y": 0.9422886371612549,
        "z": 0.06260369718074799
    },
    "right_heel": {
        "x": 0.8097963929176331,
        "y": 0.908211886882782,
        "z": 0.33012884855270386
    },
    "left_foot_index": {
        "x": 0.7577449679374695,
        "y": 0.9195317029953003,
        "z": 0.04689041152596474
    },
    "right_foot_index": {
        "x": 0.7792344689369202,
        "y": 0.8918303847312927,
        "z": 0.32823851704597473
    }
}