{
    "nose": {
        "x": 0.17695266008377075,
        "y": 0.29338136315345764,
        "z": -0.19228769838809967
    },
    "left_eye_inner": {
        "x": 0.17959824204444885,
        "y": 0.2795766294002533,
        "z": -0.193687304854393
    },
    "left_eye": {
        "x": 0.18222063779830933,
        "y": 0.2772594392299652,
        "z": -0.19367104768753052
    },
    "left_eye_outer": {
        "x": 0.1851140409708023,
        "y": 0.2749381363391876,
        "z": -0.19379186630249023
    },
    "right_eye_inner": {
        "x": 0.17447619140148163,
        "y": 0.2820761799812317,
        "z": -0.1803039163351059
    },
    "right_eye": {
        "x": 0.173312708735466,
        "y": 0.2816406488418579,
        "z": -0.18027538061141968
    },
    "right_eye_outer": {
        "x": 0.17220363020896912,
        "y": 0.2810390889644623,
        "z": -0.18024875223636627
    },
    "left_ear": {
        "x": 0.19714809954166412,
        "y": 0.26844584941864014,
        "z": -0.14779026806354523
    },
    "right_ear": {
        "x": 0.17964711785316467,
        "y": 0.2740274667739868,
        "z": -0.08395303785800934
    },
    "mouth_left": {
        "x": 0.18503476679325104,
        "y": 0.29835382103919983,
        "z": -0.17046408355236053
    },
    "mouth_right": {
        "x": 0.17886491119861603,
        "y": 0.3009374737739563,
        "z": -0.15229710936546326
    },
    "left_shoulder": {
        "x": 0.23561908304691315,
        "y": 0.31878769397735596,
        "z": -0.11631102859973907
    },
    "right_shoulder": {
        "x": 0.16841495037078857,
        "y": 0.3167096972465515,
        "z": 0.019620556384325027
    },
    "left_elbow": {
        "x": 0.26205945014953613,
        "y": 0.4199090600013733,
        "z": -0.11679699271917343
    },
    "right_elbow": {
        "x": 0.15352587401866913,
        "y": 0.39558514952659607,
        "z": 0.09635744988918304
    },
    "left_wrist": {
        "x": 0.2501894533634186,
        "y": 0.5196651816368103,
        "z": -0.15238556265830994
    },
    "right_wrist": {
        "x": 0.14789564907550812,
        "y": 0.4493846595287323,
        "z": 0.06322403997182846
    },
    "left_pinky": {
        "x": 0.2544265389442444,
        "y": 0.5508182048797607,
        "z": -0.17473477125167847
    },
    "right_pinky": {
        "x": 0.1429281234741211,
        "y": 0.46746331453323364,
        "z": 0.05514920875430107
    },
    "left_index": {
        "x": 0.2459409534931183,
        "y": 0.5503979325294495,
        "z": -0.1920175552368164
    },
    "right_index": {
        "x": 0.14365029335021973,
        "y": 0.46462172269821167,
        "z": 0.027712058275938034
    },
    "left_thumb": {
        "x": 0.24219702184200287,
        "y": 0.5396915078163147,
        "z": -0.15860618650913239
    },
    "right_thumb": {
        "x": 0.14862197637557983,
        "y": 0.4605996310710907,
        "z": 0.051136862486600876
    },
    "left_hip": {
        "x": 0.20910553634166718,
        "y": 0.48401376605033875,
        "z": -0.04783744364976883
    },
    "right_hip": {
        "x": 0.17199476063251495,
        "y": 0.4701487720012665,
        "z": 0.0479838028550148
    },
    "left_knee": {
        "x": 0.16110414266586304,
        "y": 0.5113027095794678,
        "z": -0.3006846010684967
    },
    "right_knee": {
        "x": 0.11883614212274551,
        "y": 0.48730090260505676,
        "z": -0.18181267380714417
    },
    "left_ankle": {
        "x": 0.16979190707206726,
        "y": 0.6830999851226807,
        "z": -0.27648815512657166
    },
    "right_ankle": {
        "x": 0.12712462246418,
        "y": 0.6472333073616028,
        "z": -0.1498270183801651
    },
    "left_heel": {
        "x": 0.17865857481956482,
        "y": 0.7050269246101379,
        "z": -0.2746320068836212
    },
    "right_heel": {
        "x": 0.13916189968585968,
        "y": 0.6714895367622375,
        "z": -0.14788822829723358
    },
    "left_foot_index": {
        "x": 0.14404216408729553,
        "y": 0.7488299012184143,
        "z": -0.36885684728622437
    },
    "right_foot_index": {
        "x": 0.10315605998039246,
        "y": 0.7031683325767517,
        "z": -0.22737011313438416
    }
}