{
    "nose": {
        "x": 0.13372045755386353,
        "y": 0.34377941489219666,
        "z": -0.24549587070941925
    },
    "left_eye_inner": {
        "x": 0.1379726678133011,
        "y": 0.3266752362251282,
        "z": -0.2464274764060974
    },
    "left_eye": {
        "x": 0.14194442331790924,
        "y": 0.32430028915405273,
        "z": -0.24644847214221954
    },
    "left_eye_outer": {
        "x": 0.1462555229663849,
        "y": 0.32157641649246216,
        "z": -0.24657802283763885
    },
    "right_eye_inner": {
        "x": 0.12975122034549713,
        "y": 0.32974952459335327,
        "z": -0.23234333097934723
    },
    "right_eye": {
        "x": 0.12774869799613953,
        "y": 0.3296659588813782,
        "z": -0.23229967057704926
    },
    "right_eye_outer": {
        "x": 0.1259443759918213,
        "y": 0.3293370306491852,
        "z": -0.2322564274072647
    },
    "left_ear": {
        "x": 0.15642240643501282,
        "y": 0.3162865936756134,
        "z": -0.1926044523715973
    },
    "right_ear": {
        "x": 0.13032808899879456,
        "y": 0.3242608904838562,
        "z": -0.12749619781970978
    },
    "mouth_left": {
        "x": 0.14375586807727814,
        "y": 0.35150033235549927,
        "z": -0.22045044600963593
    },
    "mouth_right": {
        "x": 0.13402143120765686,
        "y": 0.35335877537727356,
        "z": -0.2019919902086258
    },
    "left_shoulder": {
        "x": 0.19770777225494385,
        "y": 0.37578433752059937,
        "z": -0.15330342948436737
    },
    "right_shoulder": {
        "x": 0.11957491934299469,
        "y": 0.37211042642593384,
        "z": -0.02051478810608387
    },
    "left_elbow": {
        "x": 0.22923006117343903,
        "y": 0.47703129053115845,
        "z": -0.1455695927143097
    },
    "right_elbow": {
        "x": 0.11780164390802383,
        "y": 0.46157941222190857,
        "z": 0.05966316536068916
    },
    "left_wrist": {
        "x": 0.21900585293769836,
        "y": 0.5796805620193481,
        "z": -0.16870060563087463
    },
    "right_wrist": {
        "x": 0.10805628448724747,
        "y": 0.5067643523216248,
        "z": 0.018137920647859573
    },
    "left_pinky": {
        "x": 0.2214086949825287,
        "y": 0.6135643124580383,
        "z": -0.18854990601539612
    },
    "right_pinky": {
        "x": 0.10567095875740051,
        "y": 0.5235567688941956,
        "z": 0.01172151044011116
    },
    "left_index": {
        "x": 0.21033531427383423,
        "y": 0.6104771494865417,
        "z": -0.2000758796930313
    },
    "right_index": {
        "x": 0.10525380074977875,
        "y": 0.519567608833313,
        "z": -0.011056918650865555
    },
    "left_thumb": {
        "x": 0.20635932683944702,
        "y": 0.6008221507072449,
        "z": -0.17132745683193207
    },
    "right_thumb": {
        "x": 0.10896529257297516,
        "y": 0.5154475569725037,
        "z": 0.008226227946579456
    },
    "left_hip": {
        "x": 0.1720484495162964,
        "y": 0.550507128238678,
        "z": -0.04026035964488983
    },
    "right_hip": {
        "x": 0.1281690150499344,
        "y": 0.5453628301620483,
        "z": 0.0403858944773674
    },
    "left_knee": {
        "x": 0.12770943343639374,
        "y": 0.606482207775116,
        "z": -0.2692803740501404
    },
    "right_knee": {
        "x": 0.1259927600622177,
        "y": 0.6229057908058167,
        "z": -0.02679891139268875
    },
    "left_ankle": {
        "x": 0.1351233571767807,
        "y": 0.7587673664093018,
        "z": -0.18723301589488983
    },
    "right_ankle": {
        "x": 0.1485036462545395,
        "y": 0.7689001560211182,
        "z": 0.09508254379034042
    },
    "left_heel": {
        "x": 0.1464788019657135,
        "y": 0.7738173604011536,
        "z": -0.17970986664295197
    },
    "right_heel": {
        "x": 0.15685103833675385,
        "y": 0.7823376059532166,
        "z": 0.10517976433038712
    },
    "left_foot_index": {
        "x": 0.12294229865074158,
        "y": 0.8338505625724792,
        "z": -0.2649907171726227
    },
    "right_foot_index": {
        "x": 0.14211127161979675,
        "y": 0.8277828693389893,
        "z": 0.026852797716856003
    }
}