{
    "nose": {
        "x": 0.10223370790481567,
        "y": 0.40327316522598267,
        "z": -0.06137882173061371
    },
    "left_eye_inner": {
        "x": 0.10587061941623688,
        "y": 0.38677313923835754,
        "z": -0.07220668345689774
    },
    "left_eye": {
        "x": 0.10775217413902283,
        "y": 0.38503944873809814,
        "z": -0.07225159555673599
    },
    "left_eye_outer": {
        "x": 0.10979978740215302,
        "y": 0.3830036520957947,
        "z": -0.07234615832567215
    },
    "right_eye_inner": {
        "x": 0.1020079106092453,
        "y": 0.38867098093032837,
        "z": -0.050256647169589996
    },
    "right_eye": {
        "x": 0.10142272710800171,
        "y": 0.38813918828964233,
        "z": -0.050199542194604874
    },
    "right_eye_outer": {
        "x": 0.1009320616722107,
        "y": 0.38735517859458923,
        "z": -0.0502195805311203
    },
    "left_ear": {
        "x": 0.11835017800331116,
        "y": 0.37958428263664246,
        "z": -0.08466353267431259
    },
    "right_ear": {
        "x": 0.10723744332790375,
        "y": 0.3836815655231476,
        "z": 0.015136944130063057
    },
    "mouth_left": {
        "x": 0.1090080514550209,
        "y": 0.41043826937675476,
        "z": -0.06284994632005692
    },
    "mouth_right": {
        "x": 0.10490556061267853,
        "y": 0.4134281873703003,
        "z": -0.034026313573122025
    },
    "left_shoulder": {
        "x": 0.16565079987049103,
        "y": 0.42545440793037415,
        "z": -0.10564012825489044
    },
    "right_shoulder": {
        "x": 0.10812442004680634,
        "y": 0.4470420777797699,
        "z": 0.07172217220067978
    },
    "left_elbow": {
        "x": 0.2081316113471985,
        "y": 0.5253135561943054,
        "z": -0.1306309849023819
    },
    "right_elbow": {
        "x": 0.12253084778785706,
        "y": 0.5440868735313416,
        "z": 0.11304111778736115
    },
    "left_wrist": {
        "x": 0.19894108176231384,
        "y": 0.6380765438079834,
        "z": -0.12077485769987106
    },
    "right_wrist": {
        "x": 0.12518078088760376,
        "y": 0.6123065948486328,
        "z": 0.07463202625513077
    },
    "left_pinky": {
        "x": 0.2067287266254425,
        "y": 0.6725646257400513,
        "z": -0.13827067613601685
    },
    "right_pinky": {
        "x": 0.12586432695388794,
        "y": 0.6331193447113037,
        "z": 0.07128264755010605
    },
    "left_index": {
        "x": 0.19363555312156677,
        "y": 0.6712822318077087,
        "z": -0.13733845949172974
    },
    "right_index": {
        "x": 0.12395856529474258,
        "y": 0.6326087713241577,
        "z": 0.04796328395605087
    },
    "left_thumb": {
        "x": 0.18885833024978638,
        "y": 0.6604810357093811,
        "z": -0.11752273887395859
    },
    "right_thumb": {
        "x": 0.12576551735401154,
        "y": 0.6257384419441223,
        "z": 0.0637742429971695
    },
    "left_hip": {
        "x": 0.1607239544391632,
        "y": 0.6323078274726868,
        "z": -0.046501997858285904
    },
    "right_hip": {
        "x": 0.12557445466518402,
        "y": 0.6398125290870667,
        "z": 0.04660191386938095
    },
    "left_knee": {
        "x": 0.11821494251489639,
        "y": 0.700048565864563,
        "z": -0.25910454988479614
    },
    "right_knee": {
        "x": 0.12314358353614807,
        "y": 0.7571201920509338,
        "z": 0.02603873796761036
    },
    "left_ankle": {
        "x": 0.13254055380821228,
        "y": 0.8641406297683716,
        "z": -0.21141628921031952
    },
    "right_ankle": {
        "x": 0.14996644854545593,
        "y": 0.8840615749359131,
        "z": 0.07420585304498672
    },
    "left_heel": {
        "x": 0.14160126447677612,
        "y": 0.8750989437103271,
        "z": -0.20551781356334686
    },
    "right_heel": {
        "x": 0.15886004269123077,
        "y": 0.8962152004241943,
        "z": 0.07745964080095291
    },
    "left_foot_index": {
        "x": 0.12395024299621582,
        "y": 0.9471030831336975,
        "z": -0.25390246510505676
    },
    "right_foot_index": {
        "x": 0.14422282576560974,
        "y": 0.9528334140777588,
        "z": 0.03210316225886345
    }
}