{
    "nose": {
        "x": 0.10007531940937042,
        "y": 0.4112168550491333,
        "z": -0.045869652181863785
    },
    "left_eye_inner": {
        "x": 0.1030348613858223,
        "y": 0.39428913593292236,
        "z": -0.057209745049476624
    },
    "left_eye": {
        "x": 0.10497475415468216,
        "y": 0.39229804277420044,
        "z": -0.05724148452281952
    },
    "left_eye_outer": {
        "x": 0.10702313482761383,
        "y": 0.3902212083339691,
        "z": -0.05732535943388939
    },
    "right_eye_inner": {
        "x": 0.10002050548791885,
        "y": 0.39638054370880127,
        "z": -0.033204011619091034
    },
    "right_eye": {
        "x": 0.10016214102506638,
        "y": 0.39587095379829407,
        "z": -0.03318251296877861
    },
    "right_eye_outer": {
        "x": 0.1003565564751625,
        "y": 0.39519405364990234,
        "z": -0.033231474459171295
    },
    "left_ear": {
        "x": 0.11794587969779968,
        "y": 0.38595840334892273,
        "z": -0.07675869762897491
    },
    "right_ear": {
        "x": 0.11219196021556854,
        "y": 0.3879815936088562,
        "z": 0.03149840235710144
    },
    "mouth_left": {
        "x": 0.10757901519536972,
        "y": 0.4180157780647278,
        "z": -0.05091400071978569
    },
    "mouth_right": {
        "x": 0.10475394129753113,
        "y": 0.4211694598197937,
        "z": -0.01961669698357582
    },
    "left_shoulder": {
        "x": 0.1620682328939438,
        "y": 0.4250769317150116,
        "z": -0.11797793209552765
    },
    "right_shoulder": {
        "x": 0.1238776296377182,
        "y": 0.45885738730430603,
        "z": 0.1045624241232872
    },
    "left_elbow": {
        "x": 0.18857622146606445,
        "y": 0.545599102973938,
        "z": -0.149220809340477
    },
    "right_elbow": {
        "x": 0.13285699486732483,
        "y": 0.5604085326194763,
        "z": 0.13020162284374237
    },
    "left_wrist": {
        "x": 0.14107859134674072,
        "y": 0.613869845867157,
        "z": -0.14872422814369202
    },
    "right_wrist": {
        "x": 0.12314007431268692,
        "y": 0.6084549427032471,
        "z": 0.05849229171872139
    },
    "left_pinky": {
        "x": 0.1326184719800949,
        "y": 0.6358537077903748,
        "z": -0.17389781773090363
    },
    "right_pinky": {
        "x": 0.12024971842765808,
        "y": 0.6328138709068298,
        "z": 0.05012898147106171
    },
    "left_index": {
        "x": 0.12540395557880402,
        "y": 0.626335084438324,
        "z": -0.1647733449935913
    },
    "right_index": {
        "x": 0.11545250564813614,
        "y": 0.6173667311668396,
        "z": 0.029327981173992157
    },
    "left_thumb": {
        "x": 0.12700463831424713,
        "y": 0.6179982423782349,
        "z": -0.14360612630844116
    },
    "right_thumb": {
        "x": 0.11688514053821564,
        "y": 0.6118907928466797,
        "z": 0.047131288796663284
    },
    "left_hip": {
        "x": 0.1818552166223526,
        "y": 0.6016255617141724,
        "z": -0.07525862753391266
    },
    "right_hip": {
        "x": 0.1508510559797287,
        "y": 0.6165576577186584,
        "z": 0.07525572925806046
    },
    "left_knee": {
        "x": 0.11943374574184418,
        "y": 0.6974287629127502,
        "z": -0.18323001265525818
    },
    "right_knee": {
        "x": 0.11291639506816864,
        "y": 0.6913053393363953,
        "z": -0.029147841036319733
    },
    "left_ankle": {
        "x": 0.14108659327030182,
        "y": 0.8537567853927612,
        "z": -0.14206968247890472
    },
    "right_ankle": {
        "x": 0.1335461437702179,
        "y": 0.8455833196640015,
        "z": 0.004944321699440479
    },
    "left_heel": {
        "x": 0.15541307628154755,
        "y": 0.8691123723983765,
        "z": -0.13732974231243134
    },
    "right_heel": {
        "x": 0.14637614786624908,
        "y": 0.8636051416397095,
        "z": 0.007427304983139038
    },
    "left_foot_index": {
        "x": 0.11751124262809753,
        "y": 0.9193744659423828,
        "z": -0.18023468554019928
    },
    "right_foot_index": {
        "x": 0.11414120346307755,
        "y": 0.904916524887085,
        "z": -0.038014963269233704
    }
}