{
    "nose": {
        "x": 0.10014691948890686,
        "y": 0.41475600004196167,
        "z": -0.04276552051305771
    },
    "left_eye_inner": {
        "x": 0.10358608514070511,
        "y": 0.3975730836391449,
        "z": -0.05170556530356407
    },
    "left_eye": {
        "x": 0.1055326908826828,
        "y": 0.3959670066833496,
        "z": -0.05172233283519745
    },
    "left_eye_outer": {
        "x": 0.10773240029811859,
        "y": 0.39411041140556335,
        "z": -0.051799871027469635
    },
    "right_eye_inner": {
        "x": 0.10031578689813614,
        "y": 0.39935266971588135,
        "z": -0.02926635928452015
    },
    "right_eye": {
        "x": 0.1004062071442604,
        "y": 0.398897647857666,
        "z": -0.029251184314489365
    },
    "right_eye_outer": {
        "x": 0.10054273903369904,
        "y": 0.3983249068260193,
        "z": -0.02931271493434906
    },
    "left_ear": {
        "x": 0.11847370862960815,
        "y": 0.3918747007846832,
        "z": -0.06241356208920479
    },
    "right_ear": {
        "x": 0.112291119992733,
        "y": 0.39264923334121704,
        "z": 0.03871679678559303
    },
    "mouth_left": {
        "x": 0.10793982446193695,
        "y": 0.4225504696369171,
        "z": -0.04461465775966644
    },
    "mouth_right": {
        "x": 0.10542695969343185,
        "y": 0.4250670075416565,
        "z": -0.015406643971800804
    },
    "left_shoulder": {
        "x": 0.1623571217060089,
        "y": 0.4314926862716675,
        "z": -0.09811163693666458
    },
    "right_shoulder": {
        "x": 0.11994314938783646,
        "y": 0.4649444818496704,
        "z": 0.10822425782680511
    },
    "left_elbow": {
        "x": 0.18536239862442017,
        "y": 0.5469971895217896,
        "z": -0.13307279348373413
    },
    "right_elbow": {
        "x": 0.12605372071266174,
        "y": 0.5594966411590576,
        "z": 0.12969821691513062
    },
    "left_wrist": {
        "x": 0.13845837116241455,
        "y": 0.6158610582351685,
        "z": -0.13678480684757233
    },
    "right_wrist": {
        "x": 0.11901426315307617,
        "y": 0.6010960340499878,
        "z": 0.054522596299648285
    },
    "left_pinky": {
        "x": 0.1301703006029129,
        "y": 0.6368271708488464,
        "z": -0.16085673868656158
    },
    "right_pinky": {
        "x": 0.12078823894262314,
        "y": 0.6308713555335999,
        "z": 0.045233674347400665
    },
    "left_index": {
        "x": 0.1239648163318634,
        "y": 0.6277586817741394,
        "z": -0.15185624361038208
    },
    "right_index": {
        "x": 0.11343948543071747,
        "y": 0.6177188158035278,
        "z": 0.025797054171562195
    },
    "left_thumb": {
        "x": 0.12557658553123474,
        "y": 0.6203507781028748,
        "z": -0.1319161057472229
    },
    "right_thumb": {
        "x": 0.11845061928033829,
        "y": 0.6115713119506836,
        "z": 0.04367708042263985
    },
    "left_hip": {
        "x": 0.1809214949607849,
        "y": 0.6069465279579163,
        "z": -0.06816291064023972
    },
    "right_hip": {
        "x": 0.14759376645088196,
        "y": 0.6189252138137817,
        "z": 0.06816232949495316
    },
    "left_knee": {
        "x": 0.11747206747531891,
        "y": 0.6963990330696106,
        "z": -0.23039846122264862
    },
    "right_knee": {
        "x": 0.11191695928573608,
        "y": 0.6860941648483276,
        "z": -0.05608991160988808
    },
    "left_ankle": {
        "x": 0.1365271508693695,
        "y": 0.8613044023513794,
        "z": -0.19818145036697388
    },
    "right_ankle": {
        "x": 0.12720325589179993,
        "y": 0.8373064398765564,
        "z": -0.04044672101736069
    },
    "left_heel": {
        "x": 0.14926204085350037,
        "y": 0.8762925863265991,
        "z": -0.19445854425430298
    },
    "right_heel": {
        "x": 0.1384201943874359,
        "y": 0.8560236096382141,
        "z": -0.03990272432565689
    },
    "left_foot_index": {
        "x": 0.11745735257863998,
        "y": 0.9389175176620483,
        "z": -0.25033557415008545
    },
    "right_foot_index": {
        "x": 0.11174143850803375,
        "y": 0.8973209261894226,
        "z": -0.0912865698337555
    }
}