{
    "nose": {
        "x": 0.104303739964962,
        "y": 0.3506453335285187,
        "z": -0.1454358547925949
    },
    "left_eye_inner": {
        "x": 0.10675553977489471,
        "y": 0.3346603214740753,
        "z": -0.16217416524887085
    },
    "left_eye": {
        "x": 0.1082744374871254,
        "y": 0.3336840271949768,
        "z": -0.16219811141490936
    },
    "left_eye_outer": {
        "x": 0.10985670983791351,
        "y": 0.33268827199935913,
        "z": -0.16230957210063934
    },
    "right_eye_inner": {
        "x": 0.10532824695110321,
        "y": 0.3347177803516388,
        "z": -0.1366499811410904
    },
    "right_eye": {
        "x": 0.10581474006175995,
        "y": 0.3337881863117218,
        "z": -0.1365996152162552
    },
    "right_eye_outer": {
        "x": 0.1064082682132721,
        "y": 0.33281204104423523,
        "z": -0.1365751326084137
    },
    "left_ear": {
        "x": 0.12350583076477051,
        "y": 0.32804450392723083,
        "z": -0.1868673712015152
    },
    "right_ear": {
        "x": 0.11880727112293243,
        "y": 0.3283853530883789,
        "z": -0.07107821106910706
    },
    "mouth_left": {
        "x": 0.11148945987224579,
        "y": 0.3604397177696228,
        "z": -0.15008145570755005
    },
    "mouth_right": {
        "x": 0.10956252366304398,
        "y": 0.36054104566574097,
        "z": -0.11670500040054321
    },
    "left_shoulder": {
        "x": 0.18315215408802032,
        "y": 0.3823983073234558,
        "z": -0.18624573945999146
    },
    "right_shoulder": {
        "x": 0.12116405367851257,
        "y": 0.38136178255081177,
        "z": -0.006610836833715439
    },
    "left_elbow": {
        "x": 0.22466160356998444,
        "y": 0.4782235026359558,
        "z": -0.18610447645187378
    },
    "right_elbow": {
        "x": 0.1352507621049881,
        "y": 0.46353471279144287,
        "z": 0.06637846678495407
    },
    "left_wrist": {
        "x": 0.21551470458507538,
        "y": 0.5886991620063782,
        "z": -0.15939056873321533
    },
    "right_wrist": {
        "x": 0.13678449392318726,
        "y": 0.5163038372993469,
        "z": 0.06621748954057693
    },
    "left_pinky": {
        "x": 0.21818411350250244,
        "y": 0.6229544878005981,
        "z": -0.1777837574481964
    },
    "right_pinky": {
        "x": 0.13774707913398743,
        "y": 0.5309970378875732,
        "z": 0.06963582336902618
    },
    "left_index": {
        "x": 0.20588722825050354,
        "y": 0.619195818901062,
        "z": -0.17835533618927002
    },
    "right_index": {
        "x": 0.1350439488887787,
        "y": 0.5288695096969604,
        "z": 0.048015519976615906
    },
    "left_thumb": {
        "x": 0.2024625539779663,
        "y": 0.6093085408210754,
        "z": -0.15631860494613647
    },
    "right_thumb": {
        "x": 0.13551196455955505,
        "y": 0.5244905352592468,
        "z": 0.05763304606080055
    },
    "left_hip": {
        "x": 0.1648678034543991,
        "y": 0.573480486869812,
        "z": -0.05305001884698868
    },
    "right_hip": {
        "x": 0.1293087601661682,
        "y": 0.5705746412277222,
        "z": 0.05309368669986725
    },
    "left_knee": {
        "x": 0.1317235827445984,
        "y": 0.6255386471748352,
        "z": -0.2789772152900696
    },
    "right_knee": {
        "x": 0.12565219402313232,
        "y": 0.6827794313430786,
        "z": 0.13856515288352966
    },
    "left_ankle": {
        "x": 0.1425703763961792,
        "y": 0.7934480309486389,
        "z": -0.22848735749721527
    },
    "right_ankle": {
        "x": 0.15479514002799988,
        "y": 0.7884351015090942,
        "z": 0.28678497672080994
    },
    "left_heel": {
        "x": 0.14764708280563354,
        "y": 0.8130590915679932,
        "z": -0.22341133654117584
    },
    "right_heel": {
        "x": 0.16431917250156403,
        "y": 0.798744797706604,
        "z": 0.2995353043079376
    },
    "left_foot_index": {
        "x": 0.13341282308101654,
        "y": 0.8589372634887695,
        "z": -0.29586416482925415
    },
    "right_foot_index": {
        "x": 0.14624528586864471,
        "y": 0.8448531031608582,
        "z": 0.2573392689228058
    }
}