{
    "nose": {
        "x": 0.10810180753469467,
        "y": 0.4331280589103699,
        "z": -0.12340786308050156
    },
    "left_eye_inner": {
        "x": 0.10732552409172058,
        "y": 0.41762515902519226,
        "z": -0.1343221366405487
    },
    "left_eye": {
        "x": 0.1084044873714447,
        "y": 0.41523686051368713,
        "z": -0.13433314859867096
    },
    "left_eye_outer": {
        "x": 0.11003632843494415,
        "y": 0.4126146733760834,
        "z": -0.13441671431064606
    },
    "right_eye_inner": {
        "x": 0.10557153820991516,
        "y": 0.4195936620235443,
        "z": -0.11235764622688293
    },
    "right_eye": {
        "x": 0.1055765375494957,
        "y": 0.41857486963272095,
        "z": -0.1123507097363472
    },
    "right_eye_outer": {
        "x": 0.10437577962875366,
        "y": 0.41798609495162964,
        "z": -0.11240501701831818
    },
    "left_ear": {
        "x": 0.11638006567955017,
        "y": 0.4030858278274536,
        "z": -0.1422165036201477
    },
    "right_ear": {
        "x": 0.10992094874382019,
        "y": 0.405522882938385,
        "z": -0.043396104127168655
    },
    "mouth_left": {
        "x": 0.11362186074256897,
        "y": 0.43534088134765625,
        "z": -0.12302586436271667
    },
    "mouth_right": {
        "x": 0.11196909844875336,
        "y": 0.4381459057331085,
        "z": -0.09448777884244919
    },
    "left_shoulder": {
        "x": 0.1638777107000351,
        "y": 0.43290501832962036,
        "z": -0.1612161099910736
    },
    "right_shoulder": {
        "x": 0.11801175028085709,
        "y": 0.45148181915283203,
        "z": 0.036409709602594376
    },
    "left_elbow": {
        "x": 0.18642663955688477,
        "y": 0.5478395819664001,
        "z": -0.18758635222911835
    },
    "right_elbow": {
        "x": 0.12786948680877686,
        "y": 0.5427132844924927,
        "z": 0.06659846007823944
    },
    "left_wrist": {
        "x": 0.1376771181821823,
        "y": 0.6126922965049744,
        "z": -0.19117751717567444
    },
    "right_wrist": {
        "x": 0.12190714478492737,
        "y": 0.5885096788406372,
        "z": -0.009652758948504925
    },
    "left_pinky": {
        "x": 0.1296006441116333,
        "y": 0.6359565258026123,
        "z": -0.21558420360088348
    },
    "right_pinky": {
        "x": 0.12018227577209473,
        "y": 0.6043266654014587,
        "z": -0.018836218863725662
    },
    "left_index": {
        "x": 0.12182909995317459,
        "y": 0.6224988698959351,
        "z": -0.2091445028781891
    },
    "right_index": {
        "x": 0.11618171632289886,
        "y": 0.5984819531440735,
        "z": -0.04105944558978081
    },
    "left_thumb": {
        "x": 0.12326186895370483,
        "y": 0.6151745319366455,
        "z": -0.18690526485443115
    },
    "right_thumb": {
        "x": 0.11835382133722305,
        "y": 0.593658983707428,
        "z": -0.02089718170464039
    },
    "left_hip": {
        "x": 0.18147845566272736,
        "y": 0.6114986538887024,
        "z": -0.06451878696680069
    },
    "right_hip": {
        "x": 0.14887301623821259,
        "y": 0.6140129566192627,
        "z": 0.06460312753915787
    },
    "left_knee": {
        "x": 0.1200375184416771,
        "y": 0.6988874077796936,
        "z": -0.2223370522260666
    },
    "right_knee": {
        "x": 0.11149252951145172,
        "y": 0.685038149356842,
        "z": -0.1050424873828888
    },
    "left_ankle": {
        "x": 0.13981996476650238,
        "y": 0.8522036671638489,
        "z": -0.15641377866268158
    },
    "right_ankle": {
        "x": 0.13037027418613434,
        "y": 0.8307744860649109,
        "z": -0.057807911187410355
    },
    "left_heel": {
        "x": 0.14988690614700317,
        "y": 0.8668698668479919,
        "z": -0.1499936431646347
    },
    "right_heel": {
        "x": 0.14197984337806702,
        "y": 0.8475766777992249,
        "z": -0.05431317910552025
    },
    "left_foot_index": {
        "x": 0.12213459610939026,
        "y": 0.9151700139045715,
        "z": -0.20391350984573364
    },
    "right_foot_index": {
        "x": 0.11785224825143814,
        "y": 0.8930519819259644,
        "z": -0.11180196702480316
    }
}