{
    "nose": {
        "x": 0.16638129949569702,
        "y": 0.30156487226486206,
        "z": -0.21393194794654846
    },
    "left_eye_inner": {
        "x": 0.16931307315826416,
        "y": 0.2871394753456116,
        "z": -0.21482206881046295
    },
    "left_eye": {
        "x": 0.17201142013072968,
        "y": 0.2851327061653137,
        "z": -0.21479064226150513
    },
    "left_eye_outer": {
        "x": 0.17518575489521027,
        "y": 0.28299853205680847,
        "z": -0.21490249037742615
    },
    "right_eye_inner": {
        "x": 0.16367904841899872,
        "y": 0.2898406386375427,
        "z": -0.20147952437400818
    },
    "right_eye": {
        "x": 0.16231924295425415,
        "y": 0.2896433174610138,
        "z": -0.20145516097545624
    },
    "right_eye_outer": {
        "x": 0.16101333498954773,
        "y": 0.28923410177230835,
        "z": -0.2014474868774414
    },
    "left_ear": {
        "x": 0.1879298835992813,
        "y": 0.27663689851760864,
        "z": -0.16503767669200897
    },
    "right_ear": {
        "x": 0.1671849489212036,
        "y": 0.28231552243232727,
        "z": -0.10216804593801498
    },
    "mouth_left": {
        "x": 0.17474135756492615,
        "y": 0.3081534206867218,
        "z": -0.19096198678016663
    },
    "mouth_right": {
        "x": 0.1678861677646637,
        "y": 0.30990490317344666,
        "z": -0.17305298149585724
    },
    "left_shoulder": {
        "x": 0.22754286229610443,
        "y": 0.3293752074241638,
        "z": -0.13217158615589142
    },
    "right_shoulder": {
        "x": 0.15426066517829895,
        "y": 0.32581138610839844,
        "z": -0.00340654025785625
    },
    "left_elbow": {
        "x": 0.25124990940093994,
        "y": 0.4355740547180176,
        "z": -0.1271936595439911
    },
    "right_elbow": {
        "x": 0.13933102786540985,
        "y": 0.41590186953544617,
        "z": 0.04528815299272537
    },
    "left_wrist": {
        "x": 0.2390989512205124,
        "y": 0.5355153679847717,
        "z": -0.1600654274225235
    },
    "right_wrist": {
        "x": 0.12907674908638,
        "y": 0.4707696735858917,
        "z": -0.02702225372195244
    },
    "left_pinky": {
        "x": 0.24030418694019318,
        "y": 0.5676605701446533,
        "z": -0.18372584879398346
    },
    "right_pinky": {
        "x": 0.12399695068597794,
        "y": 0.49150097370147705,
        "z": -0.04174209013581276
    },
    "left_index": {
        "x": 0.22996212542057037,
        "y": 0.5657901763916016,
        "z": -0.20080019533634186
    },
    "right_index": {
        "x": 0.12583565711975098,
        "y": 0.48799020051956177,
        "z": -0.06864209473133087
    },
    "left_thumb": {
        "x": 0.22658079862594604,
        "y": 0.5541786551475525,
        "z": -0.1660754233598709
    },
    "right_thumb": {
        "x": 0.13147759437561035,
        "y": 0.48290005326271057,
        "z": -0.04006772115826607
    },
    "left_hip": {
        "x": 0.2040683627128601,
        "y": 0.5012071132659912,
        "z": -0.042593006044626236
    },
    "right_hip": {
        "x": 0.16329337656497955,
        "y": 0.4890972971916199,
        "z": 0.042744264006614685
    },
    "left_knee": {
        "x": 0.1467834711074829,
        "y": 0.5250121355056763,
        "z": -0.3075386881828308
    },
    "right_knee": {
        "x": 0.1124095693230629,
        "y": 0.5124727487564087,
        "z": -0.13699288666248322
    },
    "left_ankle": {
        "x": 0.15937212109565735,
        "y": 0.6896873712539673,
        "z": -0.259448379278183
    },
    "right_ankle": {
        "x": 0.12826111912727356,
        "y": 0.6817507147789001,
        "z": -0.07431713491678238
    },
    "left_heel": {
        "x": 0.16849921643733978,
        "y": 0.7078359127044678,
        "z": -0.25502270460128784
    },
    "right_heel": {
        "x": 0.1390940248966217,
        "y": 0.7012684941291809,
        "z": -0.06983955204486847
    },
    "left_foot_index": {
        "x": 0.13420847058296204,
        "y": 0.7637453675270081,
        "z": -0.3471011221408844
    },
    "right_foot_index": {
        "x": 0.11469938606023788,
        "y": 0.7525932192802429,
        "z": -0.15394747257232666
    }
}