{
    "nose": {
        "x": 0.10272333770990372,
        "y": 0.42434990406036377,
        "z": -0.10702863335609436
    },
    "left_eye_inner": {
        "x": 0.10402081161737442,
        "y": 0.40626171231269836,
        "z": -0.11628005653619766
    },
    "left_eye": {
        "x": 0.10592243820428848,
        "y": 0.4035786986351013,
        "z": -0.11628471314907074
    },
    "left_eye_outer": {
        "x": 0.10759323835372925,
        "y": 0.40103211998939514,
        "z": -0.11638256907463074
    },
    "right_eye_inner": {
        "x": 0.10136964172124863,
        "y": 0.4092652499675751,
        "z": -0.09449943900108337
    },
    "right_eye": {
        "x": 0.10092799365520477,
        "y": 0.4090912938117981,
        "z": -0.09448742121458054
    },
    "right_eye_outer": {
        "x": 0.10091093927621841,
        "y": 0.40841442346572876,
        "z": -0.09454632550477982
    },
    "left_ear": {
        "x": 0.11711239814758301,
        "y": 0.39395004510879517,
        "z": -0.12124323844909668
    },
    "right_ear": {
        "x": 0.11035241186618805,
        "y": 0.3973734974861145,
        "z": -0.022115999832749367
    },
    "mouth_left": {
        "x": 0.10992184281349182,
        "y": 0.427415668964386,
        "z": -0.10569816827774048
    },
    "mouth_right": {
        "x": 0.10774405300617218,
        "y": 0.43115031719207764,
        "z": -0.077140212059021
    },
    "left_shoulder": {
        "x": 0.16510556638240814,
        "y": 0.42693302035331726,
        "z": -0.14250580966472626
    },
    "right_shoulder": {
        "x": 0.12061572819948196,
        "y": 0.4566722512245178,
        "z": 0.05721110478043556
    },
    "left_elbow": {
        "x": 0.18783751130104065,
        "y": 0.5446681380271912,
        "z": -0.1662301868200302
    },
    "right_elbow": {
        "x": 0.1271948218345642,
        "y": 0.5532991886138916,
        "z": 0.09404125809669495
    },
    "left_wrist": {
        "x": 0.1378827691078186,
        "y": 0.616108775138855,
        "z": -0.16751950979232788
    },
    "right_wrist": {
        "x": 0.12380358576774597,
        "y": 0.6016799807548523,
        "z": 0.027380021288990974
    },
    "left_pinky": {
        "x": 0.12965814769268036,
        "y": 0.636944055557251,
        "z": -0.191833958029747
    },
    "right_pinky": {
        "x": 0.1192568838596344,
        "y": 0.6221224069595337,
        "z": 0.01885935850441456
    },
    "left_index": {
        "x": 0.12331990897655487,
        "y": 0.627473771572113,
        "z": -0.1846587061882019
    },
    "right_index": {
        "x": 0.11514762043952942,
        "y": 0.606452226638794,
        "z": -0.002922767773270607
    },
    "left_thumb": {
        "x": 0.124762624502182,
        "y": 0.620110273361206,
        "z": -0.1628590226173401
    },
    "right_thumb": {
        "x": 0.1160447895526886,
        "y": 0.6025360822677612,
        "z": 0.016268879175186157
    },
    "left_hip": {
        "x": 0.18398422002792358,
        "y": 0.604154646396637,
        "z": -0.06475267559289932
    },
    "right_hip": {
        "x": 0.1493532955646515,
        "y": 0.6101469397544861,
        "z": 0.06478311866521835
    },
    "left_knee": {
        "x": 0.11850402504205704,
        "y": 0.6952425837516785,
        "z": -0.24458426237106323
    },
    "right_knee": {
        "x": 0.11259239912033081,
        "y": 0.6874581575393677,
        "z": -0.078470379114151
    },
    "left_ankle": {
        "x": 0.14319583773612976,
        "y": 0.853685200214386,
        "z": -0.19015756249427795
    },
    "right_ankle": {
        "x": 0.1330714225769043,
        "y": 0.8420267701148987,
        "z": -0.04420795291662216
    },
    "left_heel": {
        "x": 0.15590012073516846,
        "y": 0.867196798324585,
        "z": -0.18466243147850037
    },
    "right_heel": {
        "x": 0.14476189017295837,
        "y": 0.8591153025627136,
        "z": -0.04199804365634918
    },
    "left_foot_index": {
        "x": 0.12353402376174927,
        "y": 0.938470184803009,
        "z": -0.24473266303539276
    },
    "right_foot_index": {
        "x": 0.1210491955280304,
        "y": 0.9060701727867126,
        "z": -0.10253480076789856
    }
}