{
    "nose": {
        "x": 0.6067342162132263,
        "y": 0.3423951268196106,
        "z": -0.03813505172729492
    },
    "left_eye_inner": {
        "x": 0.6037948727607727,
        "y": 0.32930880784988403,
        "z": -0.045689474791288376
    },
    "left_eye": {
        "x": 0.6022878289222717,
        "y": 0.3285687267780304,
        "z": -0.045687947422266006
    },
    "left_eye_outer": {
        "x": 0.6008267402648926,
        "y": 0.327881395816803,
        "z": -0.04569142311811447
    },
    "right_eye_inner": {
        "x": 0.6055300831794739,
        "y": 0.33073413372039795,
        "z": -0.06475498527288437
    },
    "right_eye": {
        "x": 0.605362057685852,
        "y": 0.331098347902298,
        "z": -0.06479426473379135
    },
    "right_eye_outer": {
        "x": 0.6052731275558472,
        "y": 0.3316195607185364,
        "z": -0.06486868858337402
    },
    "left_ear": {
        "x": 0.5906465649604797,
        "y": 0.3297123312950134,
        "z": -0.056336432695388794
    },
    "right_ear": {
        "x": 0.5971953272819519,
        "y": 0.33634960651397705,
        "z": -0.14106477797031403
    },
    "mouth_left": {
        "x": 0.6008341312408447,
        "y": 0.35247087478637695,
        "z": -0.03587726876139641
    },
    "mouth_right": {
        "x": 0.6026815176010132,
        "y": 0.35445505380630493,
        "z": -0.060599543154239655
    },
    "left_shoulder": {
        "x": 0.5592917799949646,
        "y": 0.3719944655895233,
        "z": 0.009569334797561169
    },
    "right_shoulder": {
        "x": 0.5946140289306641,
        "y": 0.4107472598552704,
        "z": -0.19543355703353882
    },
    "left_elbow": {
        "x": 0.5498068332672119,
        "y": 0.44924476742744446,
        "z": 0.12677940726280212
    },
    "right_elbow": {
        "x": 0.5852755308151245,
        "y": 0.5177364349365234,
        "z": -0.1556033343076706
    },
    "left_wrist": {
        "x": 0.5751990675926208,
        "y": 0.4833545386791229,
        "z": 0.18769749999046326
    },
    "right_wrist": {
        "x": 0.6178938150405884,
        "y": 0.5588380098342896,
        "z": -0.0503491535782814
    },
    "left_pinky": {
        "x": 0.5790319442749023,
        "y": 0.4883350729942322,
        "z": 0.19519978761672974
    },
    "right_pinky": {
        "x": 0.6243898272514343,
        "y": 0.5719826221466064,
        "z": -0.06051768735051155
    },
    "left_index": {
        "x": 0.583037793636322,
        "y": 0.4854889214038849,
        "z": 0.1799299418926239
    },
    "right_index": {
        "x": 0.6283348202705383,
        "y": 0.5652584433555603,
        "z": -0.05858873948454857
    },
    "left_thumb": {
        "x": 0.5831299424171448,
        "y": 0.486693799495697,
        "z": 0.18186737596988678
    },
    "right_thumb": {
        "x": 0.6259481310844421,
        "y": 0.5602997541427612,
        "z": -0.047025203704833984
    },
    "left_hip": {
        "x": 0.5539615750312805,
        "y": 0.5700640082359314,
        "z": 0.07560797035694122
    },
    "right_hip": {
        "x": 0.567970335483551,
        "y": 0.5966619849205017,
        "z": -0.07574462890625
    },
    "left_knee": {
        "x": 0.5627150535583496,
        "y": 0.6614486575126648,
        "z": 0.28745701909065247
    },
    "right_knee": {
        "x": 0.5507749319076538,
        "y": 0.7125591039657593,
        "z": 0.07270193099975586
    },
    "left_ankle": {
        "x": 0.554369330406189,
        "y": 0.7461152672767639,
        "z": 0.4989946484565735
    },
    "right_ankle": {
        "x": 0.5255839228630066,
        "y": 0.8134122490882874,
        "z": 0.22908858954906464
    },
    "left_heel": {
        "x": 0.5487782955169678,
        "y": 0.7592342495918274,
        "z": 0.5204991698265076
    },
    "right_heel": {
        "x": 0.5170369744300842,
        "y": 0.8297480940818787,
        "z": 0.2451430708169937
    },
    "left_foot_index": {
        "x": 0.5758029818534851,
        "y": 0.7688743472099304,
        "z": 0.5208096504211426
    },
    "right_foot_index": {
        "x": 0.5555882453918457,
        "y": 0.8315519690513611,
        "z": 0.21186617016792297
    }
}