{
    "nose": {
        "x": 0.6667100787162781,
        "y": 0.34402453899383545,
        "z": -0.007754951249808073
    },
    "left_eye_inner": {
        "x": 0.6627659797668457,
        "y": 0.32959020137786865,
        "z": -0.009190885350108147
    },
    "left_eye": {
        "x": 0.6606842279434204,
        "y": 0.3280388116836548,
        "z": -0.009206061251461506
    },
    "left_eye_outer": {
        "x": 0.6584845781326294,
        "y": 0.3264605700969696,
        "z": -0.009247357957065105
    },
    "right_eye_inner": {
        "x": 0.66657555103302,
        "y": 0.33284395933151245,
        "z": -0.02670029178261757
    },
    "right_eye": {
        "x": 0.6672971844673157,
        "y": 0.3338328003883362,
        "z": -0.026700831949710846
    },
    "right_eye_outer": {
        "x": 0.6680219769477844,
        "y": 0.3348824679851532,
        "z": -0.026781190186738968
    },
    "left_ear": {
        "x": 0.6493826508522034,
        "y": 0.32920801639556885,
        "z": -0.01343607809394598
    },
    "right_ear": {
        "x": 0.6625990867614746,
        "y": 0.3406628370285034,
        "z": -0.09097597002983093
    },
    "mouth_left": {
        "x": 0.6602063775062561,
        "y": 0.35349327325820923,
        "z": -0.0052859061397612095
    },
    "mouth_right": {
        "x": 0.6645900011062622,
        "y": 0.35618406534194946,
        "z": -0.027727657929062843
    },
    "left_shoulder": {
        "x": 0.6152111291885376,
        "y": 0.3873659074306488,
        "z": 0.03591110557317734
    },
    "right_shoulder": {
        "x": 0.6618860363960266,
        "y": 0.4183017909526825,
        "z": -0.15182003378868103
    },
    "left_elbow": {
        "x": 0.6030706167221069,
        "y": 0.48162171244621277,
        "z": 0.10124345868825912
    },
    "right_elbow": {
        "x": 0.6504287123680115,
        "y": 0.5221792459487915,
        "z": -0.1544051170349121
    },
    "left_wrist": {
        "x": 0.6120333075523376,
        "y": 0.5375165343284607,
        "z": 0.15153172612190247
    },
    "right_wrist": {
        "x": 0.6747036576271057,
        "y": 0.5728923678398132,
        "z": -0.08885500580072403
    },
    "left_pinky": {
        "x": 0.6127334833145142,
        "y": 0.5552219152450562,
        "z": 0.1637813150882721
    },
    "right_pinky": {
        "x": 0.6819339990615845,
        "y": 0.5884724259376526,
        "z": -0.09721708297729492
    },
    "left_index": {
        "x": 0.6168337464332581,
        "y": 0.5492478013038635,
        "z": 0.15335272252559662
    },
    "right_index": {
        "x": 0.6851198673248291,
        "y": 0.5835245251655579,
        "z": -0.09110011905431747
    },
    "left_thumb": {
        "x": 0.6194828748703003,
        "y": 0.5461875796318054,
        "z": 0.14797702431678772
    },
    "right_thumb": {
        "x": 0.6822398900985718,
        "y": 0.5776668190956116,
        "z": -0.0849929079413414
    },
    "left_hip": {
        "x": 0.6021195650100708,
        "y": 0.5656152367591858,
        "z": 0.06177067756652832
    },
    "right_hip": {
        "x": 0.630139172077179,
        "y": 0.5841768980026245,
        "z": -0.061898645013570786
    },
    "left_knee": {
        "x": 0.5901674628257751,
        "y": 0.6626187562942505,
        "z": 0.14736239612102509
    },
    "right_knee": {
        "x": 0.6270710229873657,
        "y": 0.6961625814437866,
        "z": 0.0590435229241848
    },
    "left_ankle": {
        "x": 0.5532485246658325,
        "y": 0.7602859735488892,
        "z": 0.2530318796634674
    },
    "right_ankle": {
        "x": 0.6147249341011047,
        "y": 0.8021079301834106,
        "z": 0.18186703324317932
    },
    "left_heel": {
        "x": 0.5419753193855286,
        "y": 0.7780759930610657,
        "z": 0.2629619538784027
    },
    "right_heel": {
        "x": 0.6049479842185974,
        "y": 0.8223538994789124,
        "z": 0.19416216015815735
    },
    "left_foot_index": {
        "x": 0.5733280181884766,
        "y": 0.7752500176429749,
        "z": 0.2462284415960312
    },
    "right_foot_index": {
        "x": 0.6445568799972534,
        "y": 0.8213132619857788,
        "z": 0.17078086733818054
    }
}