{
    "nose": {
        "x": 0.48062002658843994,
        "y": 0.3158349394798279,
        "z": 0.1392693668603897
    },
    "left_eye_inner": {
        "x": 0.4785456955432892,
        "y": 0.30763667821884155,
        "z": 0.1146380677819252
    },
    "left_eye": {
        "x": 0.47714516520500183,
        "y": 0.30798089504241943,
        "z": 0.1146024763584137
    },
    "left_eye_outer": {
        "x": 0.47565993666648865,
        "y": 0.30847495794296265,
        "z": 0.1145566999912262
    },
    "right_eye_inner": {
        "x": 0.483345627784729,
        "y": 0.3064414858818054,
        "z": 0.11838893592357635
    },
    "right_eye": {
        "x": 0.48526203632354736,
        "y": 0.30595657229423523,
        "z": 0.11836443096399307
    },
    "right_eye_outer": {
        "x": 0.48719969391822815,
        "y": 0.3055706024169922,
        "z": 0.11827221512794495
    },
    "left_ear": {
        "x": 0.4742569029331207,
        "y": 0.3133688271045685,
        "z": 0.03216566890478134
    },
    "right_ear": {
        "x": 0.4915671646595001,
        "y": 0.3104340732097626,
        "z": 0.04745250567793846
    },
    "mouth_left": {
        "x": 0.47828370332717896,
        "y": 0.32406342029571533,
        "z": 0.11503824591636658
    },
    "mouth_right": {
        "x": 0.4838557839393616,
        "y": 0.3232230842113495,
        "z": 0.11913049966096878
    },
    "left_shoulder": {
        "x": 0.4554716944694519,
        "y": 0.36747461557388306,
        "z": -0.03208188712596893
    },
    "right_shoulder": {
        "x": 0.521211564540863,
        "y": 0.3638550341129303,
        "z": 0.033836960792541504
    },
    "left_elbow": {
        "x": 0.44110792875289917,
        "y": 0.4476432204246521,
        "z": -0.041284289211034775
    },
    "right_elbow": {
        "x": 0.5268771648406982,
        "y": 0.44608575105667114,
        "z": 0.06093881279230118
    },
    "left_wrist": {
        "x": 0.4241166412830353,
        "y": 0.49312910437583923,
        "z": 0.019525442272424698
    },
    "right_wrist": {
        "x": 0.5368440747261047,
        "y": 0.4826165735721588,
        "z": 0.12583951652050018
    },
    "left_pinky": {
        "x": 0.4199271500110626,
        "y": 0.5045959949493408,
        "z": 0.018606508150696754
    },
    "right_pinky": {
        "x": 0.5436158180236816,
        "y": 0.49303656816482544,
        "z": 0.1365744173526764
    },
    "left_index": {
        "x": 0.4213066101074219,
        "y": 0.5023344159126282,
        "z": 0.025399696081876755
    },
    "right_index": {
        "x": 0.5384359955787659,
        "y": 0.4858893156051636,
        "z": 0.1406848281621933
    },
    "left_thumb": {
        "x": 0.4239274859428406,
        "y": 0.4995746314525604,
        "z": 0.02316467836499214
    },
    "right_thumb": {
        "x": 0.5371382236480713,
        "y": 0.4804624021053314,
        "z": 0.1285306066274643
    },
    "left_hip": {
        "x": 0.4777357578277588,
        "y": 0.5409975051879883,
        "z": -0.030760783702135086
    },
    "right_hip": {
        "x": 0.5114900469779968,
        "y": 0.5417488217353821,
        "z": 0.030560001730918884
    },
    "left_knee": {
        "x": 0.4690050482749939,
        "y": 0.6588284373283386,
        "z": 0.008009406737983227
    },
    "right_knee": {
        "x": 0.5046547651290894,
        "y": 0.6530171632766724,
        "z": 0.07969468832015991
    },
    "left_ankle": {
        "x": 0.46976879239082336,
        "y": 0.7806738615036011,
        "z": 0.047490958124399185
    },
    "right_ankle": {
        "x": 0.5025414228439331,
        "y": 0.7713873982429504,
        "z": 0.12933312356472015
    },
    "left_heel": {
        "x": 0.473011314868927,
        "y": 0.8045734763145447,
        "z": 0.05195282772183418
    },
    "right_heel": {
        "x": 0.5033408403396606,
        "y": 0.7887988686561584,
        "z": 0.1349029392004013
    },
    "left_foot_index": {
        "x": 0.456378698348999,
        "y": 0.7748796939849854,
        "z": 0.032602518796920776
    },
    "right_foot_index": {
        "x": 0.4998384714126587,
        "y": 0.7740439772605896,
        "z": 0.12009122222661972
    }
}