{
    "nose": {
        "x": 0.6038668155670166,
        "y": 0.34321439266204834,
        "z": -0.03872040659189224
    },
    "left_eye_inner": {
        "x": 0.6011903882026672,
        "y": 0.33114439249038696,
        "z": -0.0416187159717083
    },
    "left_eye": {
        "x": 0.5998412370681763,
        "y": 0.330133318901062,
        "z": -0.04164488613605499
    },
    "left_eye_outer": {
        "x": 0.5984141826629639,
        "y": 0.32892268896102905,
        "z": -0.041649457067251205
    },
    "right_eye_inner": {
        "x": 0.6026908159255981,
        "y": 0.3330745995044708,
        "z": -0.06206849217414856
    },
    "right_eye": {
        "x": 0.6025373935699463,
        "y": 0.3336435556411743,
        "z": -0.06210849806666374
    },
    "right_eye_outer": {
        "x": 0.6024088859558105,
        "y": 0.33420610427856445,
        "z": -0.06220001354813576
    },
    "left_ear": {
        "x": 0.5881527662277222,
        "y": 0.3306463360786438,
        "z": -0.042302414774894714
    },
    "right_ear": {
        "x": 0.59462571144104,
        "y": 0.33918890357017517,
        "z": -0.13407288491725922
    },
    "mouth_left": {
        "x": 0.598418116569519,
        "y": 0.35291898250579834,
        "z": -0.03412318602204323
    },
    "mouth_right": {
        "x": 0.599664568901062,
        "y": 0.35587450861930847,
        "z": -0.06083211302757263
    },
    "left_shoulder": {
        "x": 0.555776059627533,
        "y": 0.37711337208747864,
        "z": 0.018645333126187325
    },
    "right_shoulder": {
        "x": 0.5917930006980896,
        "y": 0.4218270480632782,
        "z": -0.19183698296546936
    },
    "left_elbow": {
        "x": 0.5367128252983093,
        "y": 0.47840529680252075,
        "z": 0.08280596137046814
    },
    "right_elbow": {
        "x": 0.5815784931182861,
        "y": 0.5263308882713318,
        "z": -0.16184087097644806
    },
    "left_wrist": {
        "x": 0.5493600964546204,
        "y": 0.5399802923202515,
        "z": 0.08488216251134872
    },
    "right_wrist": {
        "x": 0.6135181784629822,
        "y": 0.5678924918174744,
        "z": -0.058281853795051575
    },
    "left_pinky": {
        "x": 0.5507981777191162,
        "y": 0.5529924035072327,
        "z": 0.08568093925714493
    },
    "right_pinky": {
        "x": 0.6203418970108032,
        "y": 0.5805917382240295,
        "z": -0.0685139149427414
    },
    "left_index": {
        "x": 0.5541704893112183,
        "y": 0.5522215366363525,
        "z": 0.07151789218187332
    },
    "right_index": {
        "x": 0.6247296929359436,
        "y": 0.5734202861785889,
        "z": -0.06573464721441269
    },
    "left_thumb": {
        "x": 0.5543708801269531,
        "y": 0.5497628450393677,
        "z": 0.07788427174091339
    },
    "right_thumb": {
        "x": 0.6222915053367615,
        "y": 0.5681865215301514,
        "z": -0.05498062074184418
    },
    "left_hip": {
        "x": 0.5476766228675842,
        "y": 0.561644971370697,
        "z": 0.0771298035979271
    },
    "right_hip": {
        "x": 0.5643868446350098,
        "y": 0.5902732014656067,
        "z": -0.07730036973953247
    },
    "left_knee": {
        "x": 0.5599080324172974,
        "y": 0.6448038220405579,
        "z": 0.25922977924346924
    },
    "right_knee": {
        "x": 0.5475489497184753,
        "y": 0.7043732404708862,
        "z": 0.046098679304122925
    },
    "left_ankle": {
        "x": 0.5490004420280457,
        "y": 0.7533087134361267,
        "z": 0.4416775405406952
    },
    "right_ankle": {
        "x": 0.52231365442276,
        "y": 0.815155565738678,
        "z": 0.18048633635044098
    },
    "left_heel": {
        "x": 0.5423446893692017,
        "y": 0.7671118974685669,
        "z": 0.45945852994918823
    },
    "right_heel": {
        "x": 0.5120341181755066,
        "y": 0.8330418467521667,
        "z": 0.193420872092247
    },
    "left_foot_index": {
        "x": 0.5731617212295532,
        "y": 0.7677797675132751,
        "z": 0.45256292819976807
    },
    "right_foot_index": {
        "x": 0.5530886650085449,
        "y": 0.8332422375679016,
        "z": 0.1494319885969162
    }
}