{
    "nose": {
        "x": 0.543796181678772,
        "y": 0.7610819935798645,
        "z": 0.1555798351764679
    },
    "left_eye_inner": {
        "x": 0.5484412312507629,
        "y": 0.7516212463378906,
        "z": 0.1617390662431717
    },
    "left_eye": {
        "x": 0.5481085777282715,
        "y": 0.7495694756507874,
        "z": 0.16176237165927887
    },
    "left_eye_outer": {
        "x": 0.5476725101470947,
        "y": 0.7473647594451904,
        "z": 0.16174985468387604
    },
    "right_eye_inner": {
        "x": 0.5496444702148438,
        "y": 0.7525157928466797,
        "z": 0.14080627262592316
    },
    "right_eye": {
        "x": 0.5500848293304443,
        "y": 0.7514190673828125,
        "z": 0.14076264202594757
    },
    "right_eye_outer": {
        "x": 0.5503793954849243,
        "y": 0.7502463459968567,
        "z": 0.14067117869853973
    },
    "left_ear": {
        "x": 0.5441632270812988,
        "y": 0.7335932850837708,
        "z": 0.17759527266025543
    },
    "right_ear": {
        "x": 0.5472614765167236,
        "y": 0.738819420337677,
        "z": 0.08305653929710388
    },
    "mouth_left": {
        "x": 0.5377192497253418,
        "y": 0.7564416527748108,
        "z": 0.16420507431030273
    },
    "mouth_right": {
        "x": 0.5391477346420288,
        "y": 0.7586669921875,
        "z": 0.13661055266857147
    },
    "left_shoulder": {
        "x": 0.5077945590019226,
        "y": 0.698242723941803,
        "z": 0.22826650738716125
    },
    "right_shoulder": {
        "x": 0.5268088579177856,
        "y": 0.7440880537033081,
        "z": 0.002264172537252307
    },
    "left_elbow": {
        "x": 0.4888087511062622,
        "y": 0.7557907104492188,
        "z": 0.29114973545074463
    },
    "right_elbow": {
        "x": 0.5253912806510925,
        "y": 0.8161329627037048,
        "z": 0.003954509738832712
    },
    "left_wrist": {
        "x": 0.5010188221931458,
        "y": 0.8088404536247253,
        "z": 0.34033337235450745
    },
    "right_wrist": {
        "x": 0.53300940990448,
        "y": 0.881571352481842,
        "z": 0.11405496299266815
    },
    "left_pinky": {
        "x": 0.5078859925270081,
        "y": 0.8141529560089111,
        "z": 0.35686665773391724
    },
    "right_pinky": {
        "x": 0.5361488461494446,
        "y": 0.8913841247558594,
        "z": 0.11544632911682129
    },
    "left_index": {
        "x": 0.5096477270126343,
        "y": 0.8120081424713135,
        "z": 0.35068264603614807
    },
    "right_index": {
        "x": 0.5376919507980347,
        "y": 0.8888143301010132,
        "z": 0.12642532587051392
    },
    "left_thumb": {
        "x": 0.5064811110496521,
        "y": 0.8113144040107727,
        "z": 0.3379729986190796
    },
    "right_thumb": {
        "x": 0.5355291366577148,
        "y": 0.8850953578948975,
        "z": 0.1220012977719307
    },
    "left_hip": {
        "x": 0.4196179509162903,
        "y": 0.6732586026191711,
        "z": 0.0716223418712616
    },
    "right_hip": {
        "x": 0.4304262101650238,
        "y": 0.7165133357048035,
        "z": -0.07185258716344833
    },
    "left_knee": {
        "x": 0.3691895306110382,
        "y": 0.6456729769706726,
        "z": 0.12327878922224045
    },
    "right_knee": {
        "x": 0.45917826890945435,
        "y": 0.8037060499191284,
        "z": 0.05540460720658302
    },
    "left_ankle": {
        "x": 0.3049599528312683,
        "y": 0.6043604016304016,
        "z": 0.098811075091362
    },
    "right_ankle": {
        "x": 0.4208759367465973,
        "y": 0.883326530456543,
        "z": 0.09392782300710678
    },
    "left_heel": {
        "x": 0.2847434878349304,
        "y": 0.5719595551490784,
        "z": 0.09712358564138412
    },
    "right_heel": {
        "x": 0.40100985765457153,
        "y": 0.8786017298698425,
        "z": 0.09727811068296432
    },
    "left_foot_index": {
        "x": 0.28802788257598877,
        "y": 0.631696879863739,
        "z": 0.0832805186510086
    },
    "right_foot_index": {
        "x": 0.4284134805202484,
        "y": 0.9218593239784241,
        "z": 0.09446635842323303
    }
}