{
    "nose": {
        "x": 0.5578773617744446,
        "y": 0.7691974639892578,
        "z": 0.18313896656036377
    },
    "left_eye_inner": {
        "x": 0.5611982941627502,
        "y": 0.7624903321266174,
        "z": 0.18835917115211487
    },
    "left_eye": {
        "x": 0.5608367919921875,
        "y": 0.7612406015396118,
        "z": 0.18834951519966125
    },
    "left_eye_outer": {
        "x": 0.560417652130127,
        "y": 0.7599637508392334,
        "z": 0.18832211196422577
    },
    "right_eye_inner": {
        "x": 0.5625361204147339,
        "y": 0.7619203925132751,
        "z": 0.16657379269599915
    },
    "right_eye": {
        "x": 0.5631331205368042,
        "y": 0.7603022456169128,
        "z": 0.16655059158802032
    },
    "right_eye_outer": {
        "x": 0.5636271238327026,
        "y": 0.7587069272994995,
        "z": 0.16643524169921875
    },
    "left_ear": {
        "x": 0.5585557222366333,
        "y": 0.7464783191680908,
        "z": 0.2017974853515625
    },
    "right_ear": {
        "x": 0.5616493821144104,
        "y": 0.7471579909324646,
        "z": 0.1023278459906578
    },
    "mouth_left": {
        "x": 0.5511979460716248,
        "y": 0.7664903998374939,
        "z": 0.19066055119037628
    },
    "mouth_right": {
        "x": 0.5531919598579407,
        "y": 0.7663524746894836,
        "z": 0.16144554316997528
    },
    "left_shoulder": {
        "x": 0.5215215086936951,
        "y": 0.7118908762931824,
        "z": 0.2494248002767563
    },
    "right_shoulder": {
        "x": 0.542312741279602,
        "y": 0.7510046362876892,
        "z": 0.018223486840724945
    },
    "left_elbow": {
        "x": 0.4934958219528198,
        "y": 0.7655496597290039,
        "z": 0.34754544496536255
    },
    "right_elbow": {
        "x": 0.5407252311706543,
        "y": 0.8276258111000061,
        "z": 0.011486099101603031
    },
    "left_wrist": {
        "x": 0.5370637774467468,
        "y": 0.8119162917137146,
        "z": 0.4307945668697357
    },
    "right_wrist": {
        "x": 0.5527602434158325,
        "y": 0.8711050748825073,
        "z": 0.11114683747291565
    },
    "left_pinky": {
        "x": 0.54750657081604,
        "y": 0.8135948181152344,
        "z": 0.4525982141494751
    },
    "right_pinky": {
        "x": 0.564561665058136,
        "y": 0.8854014873504639,
        "z": 0.11701629310846329
    },
    "left_index": {
        "x": 0.5480342507362366,
        "y": 0.8201872706413269,
        "z": 0.45102500915527344
    },
    "right_index": {
        "x": 0.5629124641418457,
        "y": 0.8702555894851685,
        "z": 0.11719649285078049
    },
    "left_thumb": {
        "x": 0.5459030270576477,
        "y": 0.8225085139274597,
        "z": 0.4317307770252228
    },
    "right_thumb": {
        "x": 0.5581523180007935,
        "y": 0.8641837239265442,
        "z": 0.11559230089187622
    },
    "left_hip": {
        "x": 0.42914608120918274,
        "y": 0.6833103895187378,
        "z": 0.0722854807972908
    },
    "right_hip": {
        "x": 0.4401906132698059,
        "y": 0.7271551489830017,
        "z": -0.07261115312576294
    },
    "left_knee": {
        "x": 0.3660318851470947,
        "y": 0.6507724523544312,
        "z": 0.06301299482584
    },
    "right_knee": {
        "x": 0.4955188035964966,
        "y": 0.8359405994415283,
        "z": -0.04731868579983711
    },
    "left_ankle": {
        "x": 0.2818737030029297,
        "y": 0.5827050805091858,
        "z": 0.00660739978775382
    },
    "right_ankle": {
        "x": 0.4252387285232544,
        "y": 0.8751286268234253,
        "z": -0.0591941736638546
    },
    "left_heel": {
        "x": 0.27610957622528076,
        "y": 0.5658265352249146,
        "z": 0.0003669510770123452
    },
    "right_heel": {
        "x": 0.4047580063343048,
        "y": 0.8698760867118835,
        "z": -0.0589434877038002
    },
    "left_foot_index": {
        "x": 0.2492048144340515,
        "y": 0.5726615190505981,
        "z": -0.020456790924072266
    },
    "right_foot_index": {
        "x": 0.423822283744812,
        "y": 0.9244562983512878,
        "z": -0.05223352834582329
    }
}