{
    "nose": {
        "x": 0.5487022399902344,
        "y": 0.1879941076040268,
        "z": -0.37846556305885315
    },
    "left_eye_inner": {
        "x": 0.5488230586051941,
        "y": 0.17959915101528168,
        "z": -0.38808396458625793
    },
    "left_eye": {
        "x": 0.5484970211982727,
        "y": 0.17883841693401337,
        "z": -0.3880995512008667
    },
    "left_eye_outer": {
        "x": 0.5481770634651184,
        "y": 0.1781017929315567,
        "z": -0.38813722133636475
    },
    "right_eye_inner": {
        "x": 0.5485138297080994,
        "y": 0.1809578239917755,
        "z": -0.39753928780555725
    },
    "right_eye": {
        "x": 0.5480877161026001,
        "y": 0.18103918433189392,
        "z": -0.3976794183254242
    },
    "right_eye_outer": {
        "x": 0.5477281808853149,
        "y": 0.18109863996505737,
        "z": -0.397806853055954
    },
    "left_ear": {
        "x": 0.5433041453361511,
        "y": 0.1749521642923355,
        "z": -0.3531235158443451
    },
    "right_ear": {
        "x": 0.5419133305549622,
        "y": 0.17910607159137726,
        "z": -0.39743202924728394
    },
    "mouth_left": {
        "x": 0.5450831055641174,
        "y": 0.19312572479248047,
        "z": -0.35509124398231506
    },
    "mouth_right": {
        "x": 0.5450741052627563,
        "y": 0.1934240162372589,
        "z": -0.3682120144367218
    },
    "left_shoulder": {
        "x": 0.5230595469474792,
        "y": 0.19490386545658112,
        "z": -0.26713111996650696
    },
    "right_shoulder": {
        "x": 0.530702531337738,
        "y": 0.22414106130599976,
        "z": -0.31862586736679077
    },
    "left_elbow": {
        "x": 0.5257830619812012,
        "y": 0.2940228581428528,
        "z": -0.17762795090675354
    },
    "right_elbow": {
        "x": 0.5338911414146423,
        "y": 0.3338296115398407,
        "z": -0.2667374908924103
    },
    "left_wrist": {
        "x": 0.5282222032546997,
        "y": 0.36531007289886475,
        "z": -0.15820619463920593
    },
    "right_wrist": {
        "x": 0.5470632314682007,
        "y": 0.3703548014163971,
        "z": -0.270223468542099
    },
    "left_pinky": {
        "x": 0.5259206295013428,
        "y": 0.3822748064994812,
        "z": -0.17309227585792542
    },
    "right_pinky": {
        "x": 0.5502715110778809,
        "y": 0.382199227809906,
        "z": -0.2945305109024048
    },
    "left_index": {
        "x": 0.5274530053138733,
        "y": 0.3812008202075958,
        "z": -0.18546143174171448
    },
    "right_index": {
        "x": 0.5485129952430725,
        "y": 0.3726547956466675,
        "z": -0.30763915181159973
    },
    "left_thumb": {
        "x": 0.528310239315033,
        "y": 0.37434548139572144,
        "z": -0.16283990442752838
    },
    "right_thumb": {
        "x": 0.5472546219825745,
        "y": 0.3668766915798187,
        "z": -0.27592191100120544
    },
    "left_hip": {
        "x": 0.5266184210777283,
        "y": 0.35525158047676086,
        "z": 0.005509092006832361
    },
    "right_hip": {
        "x": 0.5290748476982117,
        "y": 0.36840686202049255,
        "z": -0.005598325747996569
    },
    "left_knee": {
        "x": 0.5184924006462097,
        "y": 0.40891897678375244,
        "z": 0.24606099724769592
    },
    "right_knee": {
        "x": 0.5239275693893433,
        "y": 0.409635454416275,
        "z": 0.2425527721643448
    },
    "left_ankle": {
        "x": 0.5113248229026794,
        "y": 0.44598275423049927,
        "z": 0.5147503614425659
    },
    "right_ankle": {
        "x": 0.5169991850852966,
        "y": 0.4542692303657532,
        "z": 0.5091758966445923
    },
    "left_heel": {
        "x": 0.5111957788467407,
        "y": 0.4566161334514618,
        "z": 0.5416924357414246
    },
    "right_heel": {
        "x": 0.514988124370575,
        "y": 0.46470487117767334,
        "z": 0.5363849997520447
    },
    "left_foot_index": {
        "x": 0.5093765258789062,
        "y": 0.44462424516677856,
        "z": 0.5115512609481812
    },
    "right_foot_index": {
        "x": 0.5188791155815125,
        "y": 0.4585196375846863,
        "z": 0.5041807889938354
    }
}