{
    "nose": {
        "x": 0.5413218140602112,
        "y": 0.17671146988868713,
        "z": -0.28162306547164917
    },
    "left_eye_inner": {
        "x": 0.5391844511032104,
        "y": 0.17246021330356598,
        "z": -0.3015458881855011
    },
    "left_eye": {
        "x": 0.5368968844413757,
        "y": 0.1729683130979538,
        "z": -0.3015427887439728
    },
    "left_eye_outer": {
        "x": 0.5346089601516724,
        "y": 0.1734943985939026,
        "z": -0.3015584349632263
    },
    "right_eye_inner": {
        "x": 0.5452564358711243,
        "y": 0.17106208205223083,
        "z": -0.3055925965309143
    },
    "right_eye": {
        "x": 0.5472418665885925,
        "y": 0.17045733332633972,
        "z": -0.30571016669273376
    },
    "right_eye_outer": {
        "x": 0.5492786765098572,
        "y": 0.1698346734046936,
        "z": -0.30586016178131104
    },
    "left_ear": {
        "x": 0.5291356444358826,
        "y": 0.1765276938676834,
        "z": -0.3143342435359955
    },
    "right_ear": {
        "x": 0.5501586198806763,
        "y": 0.17187103629112244,
        "z": -0.33497124910354614
    },
    "mouth_left": {
        "x": 0.5357456207275391,
        "y": 0.18328388035297394,
        "z": -0.27590659260749817
    },
    "mouth_right": {
        "x": 0.5425819754600525,
        "y": 0.18102973699569702,
        "z": -0.28206098079681396
    },
    "left_shoulder": {
        "x": 0.5051254034042358,
        "y": 0.211969792842865,
        "z": -0.25647804141044617
    },
    "right_shoulder": {
        "x": 0.5541163086891174,
        "y": 0.20739684998989105,
        "z": -0.27219271659851074
    },
    "left_elbow": {
        "x": 0.5063207149505615,
        "y": 0.3160965144634247,
        "z": -0.1762053370475769
    },
    "right_elbow": {
        "x": 0.5487848520278931,
        "y": 0.31083589792251587,
        "z": -0.20979872345924377
    },
    "left_wrist": {
        "x": 0.5192022919654846,
        "y": 0.39681971073150635,
        "z": -0.14349114894866943
    },
    "right_wrist": {
        "x": 0.5432015657424927,
        "y": 0.3714328110218048,
        "z": -0.18537072837352753
    },
    "left_pinky": {
        "x": 0.518659234046936,
        "y": 0.41829660534858704,
        "z": -0.15700805187225342
    },
    "right_pinky": {
        "x": 0.5444554686546326,
        "y": 0.3901546597480774,
        "z": -0.1991245597600937
    },
    "left_index": {
        "x": 0.5219436883926392,
        "y": 0.419550359249115,
        "z": -0.16981470584869385
    },
    "right_index": {
        "x": 0.5408337712287903,
        "y": 0.3884366750717163,
        "z": -0.21347495913505554
    },
    "left_thumb": {
        "x": 0.523104727268219,
        "y": 0.4109589159488678,
        "z": -0.14853167533874512
    },
    "right_thumb": {
        "x": 0.5394220948219299,
        "y": 0.38155022263526917,
        "z": -0.19091342389583588
    },
    "left_hip": {
        "x": 0.5211581587791443,
        "y": 0.36368274688720703,
        "z": -0.004204867873340845
    },
    "right_hip": {
        "x": 0.5411751866340637,
        "y": 0.3640438914299011,
        "z": 0.004152173642069101
    },
    "left_knee": {
        "x": 0.5074900388717651,
        "y": 0.4184216558933258,
        "z": 0.2253364771604538
    },
    "right_knee": {
        "x": 0.5178149342536926,
        "y": 0.4124913811683655,
        "z": 0.2348795384168625
    },
    "left_ankle": {
        "x": 0.49963927268981934,
        "y": 0.47120609879493713,
        "z": 0.4907950460910797
    },
    "right_ankle": {
        "x": 0.5063044428825378,
        "y": 0.47105175256729126,
        "z": 0.5008054375648499
    },
    "left_heel": {
        "x": 0.5004498958587646,
        "y": 0.48780518770217896,
        "z": 0.5180639028549194
    },
    "right_heel": {
        "x": 0.504753589630127,
        "y": 0.48625344038009644,
        "z": 0.5280857086181641
    },
    "left_foot_index": {
        "x": 0.4900583028793335,
        "y": 0.45847538113594055,
        "z": 0.4917908012866974
    },
    "right_foot_index": {
        "x": 0.5021480321884155,
        "y": 0.4654806852340698,
        "z": 0.495316743850708
    }
}