{
    "nose": {
        "x": 0.440728098154068,
        "y": 0.28887319564819336,
        "z": 0.3213850259780884
    },
    "left_eye_inner": {
        "x": 0.4271736145019531,
        "y": 0.2737608551979065,
        "z": 0.33962318301200867
    },
    "left_eye": {
        "x": 0.425111323595047,
        "y": 0.2729966342449188,
        "z": 0.3396413326263428
    },
    "left_eye_outer": {
        "x": 0.4230715036392212,
        "y": 0.27208322286605835,
        "z": 0.33960846066474915
    },
    "right_eye_inner": {
        "x": 0.4337853491306305,
        "y": 0.27463656663894653,
        "z": 0.342461496591568
    },
    "right_eye": {
        "x": 0.4355669915676117,
        "y": 0.27461856603622437,
        "z": 0.34258243441581726
    },
    "right_eye_outer": {
        "x": 0.4373113214969635,
        "y": 0.2746088206768036,
        "z": 0.34245869517326355
    },
    "left_ear": {
        "x": 0.41796794533729553,
        "y": 0.2578810751438141,
        "z": 0.3546864986419678
    },
    "right_ear": {
        "x": 0.4402221441268921,
        "y": 0.2605891823768616,
        "z": 0.37039288878440857
    },
    "mouth_left": {
        "x": 0.4351344704627991,
        "y": 0.2721085250377655,
        "z": 0.3184119462966919
    },
    "mouth_right": {
        "x": 0.4408871829509735,
        "y": 0.27188995480537415,
        "z": 0.3225603997707367
    },
    "left_shoulder": {
        "x": 0.40936988592147827,
        "y": 0.23385319113731384,
        "z": 0.2537399232387543
    },
    "right_shoulder": {
        "x": 0.467306524515152,
        "y": 0.2074088454246521,
        "z": 0.27195417881011963
    },
    "left_elbow": {
        "x": 0.40408575534820557,
        "y": 0.2955515682697296,
        "z": 0.21880489587783813
    },
    "right_elbow": {
        "x": 0.4919170141220093,
        "y": 0.22528085112571716,
        "z": 0.2787453532218933
    },
    "left_wrist": {
        "x": 0.40142661333084106,
        "y": 0.37920525670051575,
        "z": 0.21797341108322144
    },
    "right_wrist": {
        "x": 0.497643381357193,
        "y": 0.30069321393966675,
        "z": 0.32017752528190613
    },
    "left_pinky": {
        "x": 0.3965109884738922,
        "y": 0.3937177062034607,
        "z": 0.22093787789344788
    },
    "right_pinky": {
        "x": 0.4966956377029419,
        "y": 0.31248411536216736,
        "z": 0.3422684967517853
    },
    "left_index": {
        "x": 0.3971708416938782,
        "y": 0.3946278393268585,
        "z": 0.22624605894088745
    },
    "right_index": {
        "x": 0.5012442469596863,
        "y": 0.3197844326496124,
        "z": 0.33633309602737427
    },
    "left_thumb": {
        "x": 0.4004082977771759,
        "y": 0.39149102568626404,
        "z": 0.21821336448192596
    },
    "right_thumb": {
        "x": 0.500094473361969,
        "y": 0.31733956933021545,
        "z": 0.3192134201526642
    },
    "left_hip": {
        "x": 0.41431114077568054,
        "y": 0.1365174949169159,
        "z": 0.0015598108293488622
    },
    "right_hip": {
        "x": 0.4553176760673523,
        "y": 0.12049908936023712,
        "z": -0.0020612801890820265
    },
    "left_knee": {
        "x": 0.3932948708534241,
        "y": 0.325312077999115,
        "z": -0.01989760994911194
    },
    "right_knee": {
        "x": 0.4759517014026642,
        "y": 0.21922460198402405,
        "z": 0.0004329424409661442
    },
    "left_ankle": {
        "x": 0.38052746653556824,
        "y": 0.5155063271522522,
        "z": -0.09239251911640167
    },
    "right_ankle": {
        "x": 0.5287880301475525,
        "y": 0.3446906805038452,
        "z": -0.08050017058849335
    },
    "left_heel": {
        "x": 0.3812156021595001,
        "y": 0.5366896986961365,
        "z": -0.09939741343259811
    },
    "right_heel": {
        "x": 0.537206768989563,
        "y": 0.35614776611328125,
        "z": -0.08699226379394531
    },
    "left_foot_index": {
        "x": 0.38013163208961487,
        "y": 0.5618581771850586,
        "z": -0.11560847610235214
    },
    "right_foot_index": {
        "x": 0.5426102876663208,
        "y": 0.38383981585502625,
        "z": -0.12020312249660492
    }
}