{
    "nose": {
        "x": 0.3505719304084778,
        "y": 0.10601256787776947,
        "z": -0.06928880512714386
    },
    "left_eye_inner": {
        "x": 0.35489001870155334,
        "y": 0.09013862907886505,
        "z": -0.0637211874127388
    },
    "left_eye": {
        "x": 0.3546598553657532,
        "y": 0.08903868496417999,
        "z": -0.06375032663345337
    },
    "left_eye_outer": {
        "x": 0.35427582263946533,
        "y": 0.08779563009738922,
        "z": -0.0637071505188942
    },
    "right_eye_inner": {
        "x": 0.3548904061317444,
        "y": 0.08843870460987091,
        "z": -0.09320416301488876
    },
    "right_eye": {
        "x": 0.354734867811203,
        "y": 0.08638562262058258,
        "z": -0.09323209524154663
    },
    "right_eye_outer": {
        "x": 0.3544110357761383,
        "y": 0.08420625329017639,
        "z": -0.09331545233726501
    },
    "left_ear": {
        "x": 0.3478126525878906,
        "y": 0.075798898935318,
        "z": -0.027415845543146133
    },
    "right_ear": {
        "x": 0.34698545932769775,
        "y": 0.07254204154014587,
        "z": -0.1600259393453598
    },
    "mouth_left": {
        "x": 0.3447328209877014,
        "y": 0.10826516151428223,
        "z": -0.05009826645255089
    },
    "mouth_right": {
        "x": 0.34450235962867737,
        "y": 0.10693666338920593,
        "z": -0.08890492469072342
    },
    "left_shoulder": {
        "x": 0.3066408634185791,
        "y": 0.10376735031604767,
        "z": 0.053003210574388504
    },
    "right_shoulder": {
        "x": 0.3209122121334076,
        "y": 0.09613282233476639,
        "z": -0.21420647203922272
    },
    "left_elbow": {
        "x": 0.28657597303390503,
        "y": 0.19796301424503326,
        "z": 0.07796869426965714
    },
    "right_elbow": {
        "x": 0.3240782916545868,
        "y": 0.20467086136341095,
        "z": -0.23293758928775787
    },
    "left_wrist": {
        "x": 0.2975936233997345,
        "y": 0.2711571455001831,
        "z": 0.03179830312728882
    },
    "right_wrist": {
        "x": 0.3424166142940521,
        "y": 0.2976031005382538,
        "z": -0.19568824768066406
    },
    "left_pinky": {
        "x": 0.3000243902206421,
        "y": 0.29127976298332214,
        "z": 0.028854679316282272
    },
    "right_pinky": {
        "x": 0.35034847259521484,
        "y": 0.32225731015205383,
        "z": -0.22053022682666779
    },
    "left_index": {
        "x": 0.3058142364025116,
        "y": 0.2897285223007202,
        "z": 0.012250454165041447
    },
    "right_index": {
        "x": 0.3490349054336548,
        "y": 0.31519556045532227,
        "z": -0.21034790575504303
    },
    "left_thumb": {
        "x": 0.30526623129844666,
        "y": 0.28362971544265747,
        "z": 0.021886661648750305
    },
    "right_thumb": {
        "x": 0.34678414463996887,
        "y": 0.3118806481361389,
        "z": -0.19006599485874176
    },
    "left_hip": {
        "x": 0.2985340654850006,
        "y": 0.29090192914009094,
        "z": 0.0884903147816658
    },
    "right_hip": {
        "x": 0.3099902272224426,
        "y": 0.2967924177646637,
        "z": -0.08860210329294205
    },
    "left_knee": {
        "x": 0.3274385333061218,
        "y": 0.3716248869895935,
        "z": 0.2127191424369812
    },
    "right_knee": {
        "x": 0.3413589596748352,
        "y": 0.4031091034412384,
        "z": 0.04898984357714653
    },
    "left_ankle": {
        "x": 0.31100496649742126,
        "y": 0.4945515990257263,
        "z": 0.37261784076690674
    },
    "right_ankle": {
        "x": 0.3536982834339142,
        "y": 0.5449198484420776,
        "z": 0.17432481050491333
    },
    "left_heel": {
        "x": 0.2952037751674652,
        "y": 0.4908621609210968,
        "z": 0.3871946334838867
    },
    "right_heel": {
        "x": 0.3475053906440735,
        "y": 0.5786720514297485,
        "z": 0.18463091552257538
    },
    "left_foot_index": {
        "x": 0.330583393573761,
        "y": 0.5144620537757874,
        "z": 0.36783745884895325
    },
    "right_foot_index": {
        "x": 0.3885320723056793,
        "y": 0.5509211421012878,
        "z": 0.13559211790561676
    }
}