{
    "nose": {
        "x": 0.5290079116821289,
        "y": 0.12416888773441315,
        "z": 0.05313651263713837
    },
    "left_eye_inner": {
        "x": 0.5310711860656738,
        "y": 0.11784473061561584,
        "z": 0.04500925913453102
    },
    "left_eye": {
        "x": 0.5304536819458008,
        "y": 0.11691097915172577,
        "z": 0.04497303068637848
    },
    "left_eye_outer": {
        "x": 0.5296356081962585,
        "y": 0.1154593974351883,
        "z": 0.044941917061805725
    },
    "right_eye_inner": {
        "x": 0.5332645773887634,
        "y": 0.11881095916032791,
        "z": 0.03116779774427414
    },
    "right_eye": {
        "x": 0.5339521169662476,
        "y": 0.11899366974830627,
        "z": 0.031138848513364792
    },
    "right_eye_outer": {
        "x": 0.5346310138702393,
        "y": 0.11874539405107498,
        "z": 0.0310406144708395
    },
    "left_ear": {
        "x": 0.5272378325462341,
        "y": 0.11506487429141998,
        "z": 0.022017277777194977
    },
    "right_ear": {
        "x": 0.5322353839874268,
        "y": 0.12050877511501312,
        "z": -0.04122866690158844
    },
    "mouth_left": {
        "x": 0.5257132649421692,
        "y": 0.1318846195936203,
        "z": 0.0496993362903595
    },
    "mouth_right": {
        "x": 0.5267283320426941,
        "y": 0.13338996469974518,
        "z": 0.03093159757554531
    },
    "left_shoulder": {
        "x": 0.49292078614234924,
        "y": 0.13634850084781647,
        "z": 0.06488880515098572
    },
    "right_shoulder": {
        "x": 0.5274551510810852,
        "y": 0.14137990772724152,
        "z": -0.09862515330314636
    },
    "left_elbow": {
        "x": 0.48896485567092896,
        "y": 0.18801461160182953,
        "z": 0.1415991187095642
    },
    "right_elbow": {
        "x": 0.5478465557098389,
        "y": 0.08320978283882141,
        "z": -0.13698652386665344
    },
    "left_wrist": {
        "x": 0.5041284561157227,
        "y": 0.1917305737733841,
        "z": 0.13553199172019958
    },
    "right_wrist": {
        "x": 0.5627801418304443,
        "y": 0.017862141132354736,
        "z": -0.10446581244468689
    },
    "left_pinky": {
        "x": 0.5035374164581299,
        "y": 0.19043995440006256,
        "z": 0.14648225903511047
    },
    "right_pinky": {
        "x": 0.5629472732543945,
        "y": 0.009313762187957764,
        "z": -0.11909594386816025
    },
    "left_index": {
        "x": 0.5094637274742126,
        "y": 0.18787534534931183,
        "z": 0.1233508363366127
    },
    "right_index": {
        "x": 0.5602161884307861,
        "y": 0.00766107439994812,
        "z": -0.10939907282590866
    },
    "left_thumb": {
        "x": 0.5112265944480896,
        "y": 0.19059987366199493,
        "z": 0.12648826837539673
    },
    "right_thumb": {
        "x": 0.5566397905349731,
        "y": 0.01322600245475769,
        "z": -0.1004006490111351
    },
    "left_hip": {
        "x": 0.46380317211151123,
        "y": 0.2872545123100281,
        "z": 0.062106747180223465
    },
    "right_hip": {
        "x": 0.48149344325065613,
        "y": 0.30854514241218567,
        "z": -0.06232951954007149
    },
    "left_knee": {
        "x": 0.5037461519241333,
        "y": 0.3467504382133484,
        "z": 0.10698738694190979
    },
    "right_knee": {
        "x": 0.528424084186554,
        "y": 0.343680739402771,
        "z": -0.03815586119890213
    },
    "left_ankle": {
        "x": 0.5045539736747742,
        "y": 0.465047150850296,
        "z": 0.11099264770746231
    },
    "right_ankle": {
        "x": 0.5127098560333252,
        "y": 0.4628369212150574,
        "z": -0.02204306796193123
    },
    "left_heel": {
        "x": 0.5014354586601257,
        "y": 0.4817078411579132,
        "z": 0.11062253266572952
    },
    "right_heel": {
        "x": 0.5039098262786865,
        "y": 0.47940513491630554,
        "z": -0.020108705386519432
    },
    "left_foot_index": {
        "x": 0.5191097855567932,
        "y": 0.5026925802230835,
        "z": 0.09784838557243347
    },
    "right_foot_index": {
        "x": 0.5250403881072998,
        "y": 0.4971500635147095,
        "z": -0.03373951092362404
    }
}