{
    "nose": {
        "x": 0.283211350440979,
        "y": 0.6482529044151306,
        "z": 0.4015224575996399
    },
    "left_eye_inner": {
        "x": 0.2800934910774231,
        "y": 0.6446024775505066,
        "z": 0.4011801779270172
    },
    "left_eye": {
        "x": 0.2785351872444153,
        "y": 0.6457491517066956,
        "z": 0.40117886662483215
    },
    "left_eye_outer": {
        "x": 0.27678367495536804,
        "y": 0.6468743085861206,
        "z": 0.4012177288532257
    },
    "right_eye_inner": {
        "x": 0.2841489315032959,
        "y": 0.6408365368843079,
        "z": 0.40117084980010986
    },
    "right_eye": {
        "x": 0.285440057516098,
        "y": 0.639511227607727,
        "z": 0.40114280581474304
    },
    "right_eye_outer": {
        "x": 0.28676366806030273,
        "y": 0.6380323171615601,
        "z": 0.4010220468044281
    },
    "left_ear": {
        "x": 0.27530437707901,
        "y": 0.650652289390564,
        "z": 0.3497644066810608
    },
    "right_ear": {
        "x": 0.2896161675453186,
        "y": 0.638592541217804,
        "z": 0.3511526584625244
    },
    "mouth_left": {
        "x": 0.2821933329105377,
        "y": 0.6554380059242249,
        "z": 0.37909355759620667
    },
    "mouth_right": {
        "x": 0.28730225563049316,
        "y": 0.6509991884231567,
        "z": 0.3794306814670563
    },
    "left_shoulder": {
        "x": 0.2576526999473572,
        "y": 0.6854413747787476,
        "z": 0.25756147503852844
    },
    "right_shoulder": {
        "x": 0.3083673417568207,
        "y": 0.6502867341041565,
        "z": 0.26082509756088257
    },
    "left_elbow": {
        "x": 0.24828654527664185,
        "y": 0.7360766530036926,
        "z": 0.21194297075271606
    },
    "right_elbow": {
        "x": 0.33587950468063354,
        "y": 0.6862475275993347,
        "z": 0.2595462203025818
    },
    "left_wrist": {
        "x": 0.24114137887954712,
        "y": 0.773644745349884,
        "z": 0.20670466125011444
    },
    "right_wrist": {
        "x": 0.3374965786933899,
        "y": 0.6927877068519592,
        "z": 0.3361111581325531
    },
    "left_pinky": {
        "x": 0.23721301555633545,
        "y": 0.7806631922721863,
        "z": 0.20479179918766022
    },
    "right_pinky": {
        "x": 0.3395024240016937,
        "y": 0.6862043738365173,
        "z": 0.3535395860671997
    },
    "left_index": {
        "x": 0.23899750411510468,
        "y": 0.7753112316131592,
        "z": 0.21795731782913208
    },
    "right_index": {
        "x": 0.3318554162979126,
        "y": 0.6959963440895081,
        "z": 0.3575512766838074
    },
    "left_thumb": {
        "x": 0.24031899869441986,
        "y": 0.7735490202903748,
        "z": 0.21176670491695404
    },
    "right_thumb": {
        "x": 0.32956305146217346,
        "y": 0.6988094449043274,
        "z": 0.34023770689964294
    },
    "left_hip": {
        "x": 0.2996535003185272,
        "y": 0.7489551901817322,
        "z": 0.021671846508979797
    },
    "right_hip": {
        "x": 0.3310014605522156,
        "y": 0.7175929546356201,
        "z": -0.022205200046300888
    },
    "left_knee": {
        "x": 0.33242976665496826,
        "y": 0.8301077485084534,
        "z": -0.026001207530498505
    },
    "right_knee": {
        "x": 0.35636642575263977,
        "y": 0.7954191565513611,
        "z": -0.07293251901865005
    },
    "left_ankle": {
        "x": 0.3719795346260071,
        "y": 0.9168650507926941,
        "z": -0.2782203257083893
    },
    "right_ankle": {
        "x": 0.3956606388092041,
        "y": 0.8927246928215027,
        "z": -0.3177467882633209
    },
    "left_heel": {
        "x": 0.37128695845603943,
        "y": 0.9217081665992737,
        "z": -0.30787765979766846
    },
    "right_heel": {
        "x": 0.40516385436058044,
        "y": 0.9196268916130066,
        "z": -0.3448347747325897
    },
    "left_foot_index": {
        "x": 0.39129146933555603,
        "y": 0.9447629451751709,
        "z": -0.3609575927257538
    },
    "right_foot_index": {
        "x": 0.42100629210472107,
        "y": 0.9308176636695862,
        "z": -0.4009157419204712
    }
}