{
    "nose": {
        "x": 0.31127291917800903,
        "y": 0.5823535323143005,
        "z": 0.2240952104330063
    },
    "left_eye_inner": {
        "x": 0.3072422444820404,
        "y": 0.577683687210083,
        "z": 0.20848770439624786
    },
    "left_eye": {
        "x": 0.30604106187820435,
        "y": 0.5785345435142517,
        "z": 0.2084609866142273
    },
    "left_eye_outer": {
        "x": 0.304745078086853,
        "y": 0.5795255899429321,
        "z": 0.20843970775604248
    },
    "right_eye_inner": {
        "x": 0.31028708815574646,
        "y": 0.5746252536773682,
        "z": 0.21055038273334503
    },
    "right_eye": {
        "x": 0.31131553649902344,
        "y": 0.5734159350395203,
        "z": 0.21054935455322266
    },
    "right_eye_outer": {
        "x": 0.312391072511673,
        "y": 0.5722672343254089,
        "z": 0.2105097770690918
    },
    "left_ear": {
        "x": 0.30345141887664795,
        "y": 0.5846531391143799,
        "z": 0.13990190625190735
    },
    "right_ear": {
        "x": 0.31483256816864014,
        "y": 0.5748683214187622,
        "z": 0.1499636024236679
    },
    "mouth_left": {
        "x": 0.3113521337509155,
        "y": 0.5906923413276672,
        "z": 0.2019117921590805
    },
    "mouth_right": {
        "x": 0.31500518321990967,
        "y": 0.587601900100708,
        "z": 0.20460611581802368
    },
    "left_shoulder": {
        "x": 0.29771506786346436,
        "y": 0.635733962059021,
        "z": 0.0737309455871582
    },
    "right_shoulder": {
        "x": 0.3490369915962219,
        "y": 0.5926907658576965,
        "z": 0.10729057341814041
    },
    "left_elbow": {
        "x": 0.29695993661880493,
        "y": 0.7092069983482361,
        "z": 0.06590811908245087
    },
    "right_elbow": {
        "x": 0.3731743097305298,
        "y": 0.6430157423019409,
        "z": 0.09499842673540115
    },
    "left_wrist": {
        "x": 0.3112812340259552,
        "y": 0.690052330493927,
        "z": 0.13790690898895264
    },
    "right_wrist": {
        "x": 0.3583957552909851,
        "y": 0.6692175269126892,
        "z": 0.13116393983364105
    },
    "left_pinky": {
        "x": 0.313662052154541,
        "y": 0.685549795627594,
        "z": 0.15252302587032318
    },
    "right_pinky": {
        "x": 0.3558933138847351,
        "y": 0.6732679009437561,
        "z": 0.15017618238925934
    },
    "left_index": {
        "x": 0.3188495337963104,
        "y": 0.6754530668258667,
        "z": 0.15834704041481018
    },
    "right_index": {
        "x": 0.35168248414993286,
        "y": 0.6745933294296265,
        "z": 0.15892232954502106
    },
    "left_thumb": {
        "x": 0.31923922896385193,
        "y": 0.6759795546531677,
        "z": 0.14339803159236908
    },
    "right_thumb": {
        "x": 0.35177990794181824,
        "y": 0.6734561324119568,
        "z": 0.13666866719722748
    },
    "left_hip": {
        "x": 0.352567583322525,
        "y": 0.7590693831443787,
        "z": -0.007605353370308876
    },
    "right_hip": {
        "x": 0.38336554169654846,
        "y": 0.722324013710022,
        "z": 0.007184195332229137
    },
    "left_knee": {
        "x": 0.37644872069358826,
        "y": 0.8161664605140686,
        "z": 0.040724016726017
    },
    "right_knee": {
        "x": 0.4272781014442444,
        "y": 0.7872248291969299,
        "z": 0.01908518187701702
    },
    "left_ankle": {
        "x": 0.42467427253723145,
        "y": 0.8227177262306213,
        "z": -0.23417486250400543
    },
    "right_ankle": {
        "x": 0.48779910802841187,
        "y": 0.8334028124809265,
        "z": -0.3017742335796356
    },
    "left_heel": {
        "x": 0.4284093379974365,
        "y": 0.8199776411056519,
        "z": -0.2620638608932495
    },
    "right_heel": {
        "x": 0.4987824261188507,
        "y": 0.8260685205459595,
        "z": -0.3332674503326416
    },
    "left_foot_index": {
        "x": 0.4511216878890991,
        "y": 0.8443140387535095,
        "z": -0.275529146194458
    },
    "right_foot_index": {
        "x": 0.5095618963241577,
        "y": 0.8346984386444092,
        "z": -0.3503882884979248
    }
}