{
    "nose": {
        "x": 0.43634432554244995,
        "y": 0.13069714605808258,
        "z": -0.28704583644866943
    },
    "left_eye_inner": {
        "x": 0.4390662908554077,
        "y": 0.11933524161577225,
        "z": -0.277133584022522
    },
    "left_eye": {
        "x": 0.4395948648452759,
        "y": 0.11837629973888397,
        "z": -0.27716001868247986
    },
    "left_eye_outer": {
        "x": 0.44007405638694763,
        "y": 0.11732681095600128,
        "z": -0.27722421288490295
    },
    "right_eye_inner": {
        "x": 0.4354938268661499,
        "y": 0.1181926429271698,
        "z": -0.2965613603591919
    },
    "right_eye": {
        "x": 0.4333905875682831,
        "y": 0.11621478199958801,
        "z": -0.29660341143608093
    },
    "right_eye_outer": {
        "x": 0.4311193823814392,
        "y": 0.11388686299324036,
        "z": -0.2966286242008209
    },
    "left_ear": {
        "x": 0.43332812190055847,
        "y": 0.10863631218671799,
        "z": -0.19613002240657806
    },
    "right_ear": {
        "x": 0.4205220341682434,
        "y": 0.10243123024702072,
        "z": -0.284656286239624
    },
    "mouth_left": {
        "x": 0.43251797556877136,
        "y": 0.13695520162582397,
        "z": -0.2526305913925171
    },
    "mouth_right": {
        "x": 0.42807576060295105,
        "y": 0.1347699612379074,
        "z": -0.2783346176147461
    },
    "left_shoulder": {
        "x": 0.4331614375114441,
        "y": 0.15040259063243866,
        "z": -0.10254545509815216
    },
    "right_shoulder": {
        "x": 0.3768449127674103,
        "y": 0.14875738322734833,
        "z": -0.2532748281955719
    },
    "left_elbow": {
        "x": 0.44435128569602966,
        "y": 0.22794917225837708,
        "z": -0.03217571601271629
    },
    "right_elbow": {
        "x": 0.3548671007156372,
        "y": 0.23892876505851746,
        "z": -0.2596256136894226
    },
    "left_wrist": {
        "x": 0.4739552438259125,
        "y": 0.2947368621826172,
        "z": -0.08693937957286835
    },
    "right_wrist": {
        "x": 0.35112303495407104,
        "y": 0.3224148750305176,
        "z": -0.29765915870666504
    },
    "left_pinky": {
        "x": 0.4847959280014038,
        "y": 0.3101903796195984,
        "z": -0.1028197705745697
    },
    "right_pinky": {
        "x": 0.3458389937877655,
        "y": 0.346578449010849,
        "z": -0.32550185918807983
    },
    "left_index": {
        "x": 0.4856908917427063,
        "y": 0.3090401887893677,
        "z": -0.12954114377498627
    },
    "right_index": {
        "x": 0.3535407781600952,
        "y": 0.3479117453098297,
        "z": -0.34324273467063904
    },
    "left_thumb": {
        "x": 0.48103854060173035,
        "y": 0.30473393201828003,
        "z": -0.10039421170949936
    },
    "right_thumb": {
        "x": 0.3569180369377136,
        "y": 0.34139931201934814,
        "z": -0.3049670159816742
    },
    "left_hip": {
        "x": 0.4022664725780487,
        "y": 0.3026799261569977,
        "z": 0.04258899763226509
    },
    "right_hip": {
        "x": 0.37148937582969666,
        "y": 0.30615484714508057,
        "z": -0.042608242481946945
    },
    "left_knee": {
        "x": 0.4044683873653412,
        "y": 0.41923508048057556,
        "z": 0.03594440966844559
    },
    "right_knee": {
        "x": 0.3756992220878601,
        "y": 0.43040400743484497,
        "z": -0.04314591735601425
    },
    "left_ankle": {
        "x": 0.39436739683151245,
        "y": 0.5191487669944763,
        "z": 0.15590858459472656
    },
    "right_ankle": {
        "x": 0.37958794832229614,
        "y": 0.5192093849182129,
        "z": 0.07477232813835144
    },
    "left_heel": {
        "x": 0.38325655460357666,
        "y": 0.5309920310974121,
        "z": 0.1643659472465515
    },
    "right_heel": {
        "x": 0.3715484142303467,
        "y": 0.531463623046875,
        "z": 0.08265829086303711
    },
    "left_foot_index": {
        "x": 0.4029809832572937,
        "y": 0.5621298551559448,
        "z": 0.09938821196556091
    },
    "right_foot_index": {
        "x": 0.39355045557022095,
        "y": 0.5604250431060791,
        "z": 0.000776658533141017
    }
}