{
    "nose": {
        "x": 0.5094899535179138,
        "y": 0.2234707474708557,
        "z": -0.3261512517929077
    },
    "left_eye_inner": {
        "x": 0.5133095383644104,
        "y": 0.21203699707984924,
        "z": -0.31585270166397095
    },
    "left_eye": {
        "x": 0.5157807469367981,
        "y": 0.21155419945716858,
        "z": -0.31589311361312866
    },
    "left_eye_outer": {
        "x": 0.5184817314147949,
        "y": 0.21108141541481018,
        "z": -0.3160223364830017
    },
    "right_eye_inner": {
        "x": 0.5060149431228638,
        "y": 0.21091294288635254,
        "z": -0.31600135564804077
    },
    "right_eye": {
        "x": 0.5032852292060852,
        "y": 0.2097432017326355,
        "z": -0.31601953506469727
    },
    "right_eye_outer": {
        "x": 0.5002201199531555,
        "y": 0.20840904116630554,
        "z": -0.3160497844219208
    },
    "left_ear": {
        "x": 0.5222039222717285,
        "y": 0.2105652242898941,
        "z": -0.2205122411251068
    },
    "right_ear": {
        "x": 0.49538856744766235,
        "y": 0.2061862349510193,
        "z": -0.2204105705022812
    },
    "mouth_left": {
        "x": 0.5129689574241638,
        "y": 0.23451688885688782,
        "z": -0.28651508688926697
    },
    "mouth_right": {
        "x": 0.5044011473655701,
        "y": 0.23438768088817596,
        "z": -0.2865433096885681
    },
    "left_shoulder": {
        "x": 0.537856936454773,
        "y": 0.2691190838813782,
        "z": -0.12634311616420746
    },
    "right_shoulder": {
        "x": 0.47465938329696655,
        "y": 0.25851091742515564,
        "z": -0.1384214162826538
    },
    "left_elbow": {
        "x": 0.5390618443489075,
        "y": 0.3550716042518616,
        "z": -0.08093994110822678
    },
    "right_elbow": {
        "x": 0.4566384255886078,
        "y": 0.3402940630912781,
        "z": -0.1227448582649231
    },
    "left_wrist": {
        "x": 0.541755199432373,
        "y": 0.40919777750968933,
        "z": -0.13888847827911377
    },
    "right_wrist": {
        "x": 0.4542817175388336,
        "y": 0.3737455904483795,
        "z": -0.20925122499465942
    },
    "left_pinky": {
        "x": 0.5450576543807983,
        "y": 0.4266575276851654,
        "z": -0.15556079149246216
    },
    "right_pinky": {
        "x": 0.4582231640815735,
        "y": 0.38209760189056396,
        "z": -0.23335321247577667
    },
    "left_index": {
        "x": 0.5432553291320801,
        "y": 0.4257360100746155,
        "z": -0.173044815659523
    },
    "right_index": {
        "x": 0.4533745050430298,
        "y": 0.3739683926105499,
        "z": -0.2506280243396759
    },
    "left_thumb": {
        "x": 0.5396756529808044,
        "y": 0.4189201891422272,
        "z": -0.14796695113182068
    },
    "right_thumb": {
        "x": 0.4582507610321045,
        "y": 0.3742305040359497,
        "z": -0.21841071546077728
    },
    "left_hip": {
        "x": 0.5103059411048889,
        "y": 0.4084738790988922,
        "z": -0.0029930316377431154
    },
    "right_hip": {
        "x": 0.4727574288845062,
        "y": 0.39388078451156616,
        "z": 0.003093307837843895
    },
    "left_knee": {
        "x": 0.5195162892341614,
        "y": 0.5087405443191528,
        "z": -0.14005930721759796
    },
    "right_knee": {
        "x": 0.4590207040309906,
        "y": 0.4644949734210968,
        "z": -0.15542690455913544
    },
    "left_ankle": {
        "x": 0.5080868005752563,
        "y": 0.5967308878898621,
        "z": 0.011218712665140629
    },
    "right_ankle": {
        "x": 0.46574100852012634,
        "y": 0.5820849537849426,
        "z": -0.00849585048854351
    },
    "left_heel": {
        "x": 0.505238950252533,
        "y": 0.6047090888023376,
        "z": 0.023365048691630363
    },
    "right_heel": {
        "x": 0.4686097204685211,
        "y": 0.5948292016983032,
        "z": 0.005239887163043022
    },
    "left_foot_index": {
        "x": 0.5079683661460876,
        "y": 0.6392306089401245,
        "z": -0.053672146052122116
    },
    "right_foot_index": {
        "x": 0.4661869704723358,
        "y": 0.6330881118774414,
        "z": -0.07819093018770218
    }
}