{
    "nose": {
        "x": 0.4393325746059418,
        "y": 0.12979848682880402,
        "z": -0.2446139007806778
    },
    "left_eye_inner": {
        "x": 0.44177332520484924,
        "y": 0.11782871186733246,
        "z": -0.23610804975032806
    },
    "left_eye": {
        "x": 0.4421399235725403,
        "y": 0.11685064435005188,
        "z": -0.23612642288208008
    },
    "left_eye_outer": {
        "x": 0.44246795773506165,
        "y": 0.11579033732414246,
        "z": -0.23616868257522583
    },
    "right_eye_inner": {
        "x": 0.4385698437690735,
        "y": 0.116973876953125,
        "z": -0.2565332055091858
    },
    "right_eye": {
        "x": 0.4365461766719818,
        "y": 0.11516726016998291,
        "z": -0.2565728425979614
    },
    "right_eye_outer": {
        "x": 0.4344120919704437,
        "y": 0.11304065585136414,
        "z": -0.2566024363040924
    },
    "left_ear": {
        "x": 0.43479397892951965,
        "y": 0.10696116089820862,
        "z": -0.16322621703147888
    },
    "right_ear": {
        "x": 0.423384428024292,
        "y": 0.10188181698322296,
        "z": -0.2564406394958496
    },
    "mouth_left": {
        "x": 0.4354773461818695,
        "y": 0.1362869143486023,
        "z": -0.21313320100307465
    },
    "mouth_right": {
        "x": 0.43133649230003357,
        "y": 0.13454116880893707,
        "z": -0.2402101755142212
    },
    "left_shoulder": {
        "x": 0.4348236322402954,
        "y": 0.14948983490467072,
        "z": -0.0733514055609703
    },
    "right_shoulder": {
        "x": 0.3784851133823395,
        "y": 0.1507585048675537,
        "z": -0.2369585931301117
    },
    "left_elbow": {
        "x": 0.4457518458366394,
        "y": 0.22671645879745483,
        "z": 1.8269898646394722e-05
    },
    "right_elbow": {
        "x": 0.3589795231819153,
        "y": 0.23999746143817902,
        "z": -0.24244433641433716
    },
    "left_wrist": {
        "x": 0.4774723947048187,
        "y": 0.2943263649940491,
        "z": -0.043343435972929
    },
    "right_wrist": {
        "x": 0.3573688864707947,
        "y": 0.32260486483573914,
        "z": -0.2710496485233307
    },
    "left_pinky": {
        "x": 0.4874081015586853,
        "y": 0.3099142014980316,
        "z": -0.055023886263370514
    },
    "right_pinky": {
        "x": 0.35306796431541443,
        "y": 0.34802496433258057,
        "z": -0.2954573333263397
    },
    "left_index": {
        "x": 0.488248735666275,
        "y": 0.3103990852832794,
        "z": -0.08115217089653015
    },
    "right_index": {
        "x": 0.36014842987060547,
        "y": 0.3482562005519867,
        "z": -0.3135592043399811
    },
    "left_thumb": {
        "x": 0.4841236472129822,
        "y": 0.30619654059410095,
        "z": -0.05627574771642685
    },
    "right_thumb": {
        "x": 0.3633714020252228,
        "y": 0.3417527377605438,
        "z": -0.2779262065887451
    },
    "left_hip": {
        "x": 0.4057120084762573,
        "y": 0.30667340755462646,
        "z": 0.04542084038257599
    },
    "right_hip": {
        "x": 0.3763585686683655,
        "y": 0.31138482689857483,
        "z": -0.045480359345674515
    },
    "left_knee": {
        "x": 0.4079556167125702,
        "y": 0.42708149552345276,
        "z": 0.051590923219919205
    },
    "right_knee": {
        "x": 0.37828102707862854,
        "y": 0.4367063343524933,
        "z": -0.028575215488672256
    },
    "left_ankle": {
        "x": 0.3996950387954712,
        "y": 0.5249638557434082,
        "z": 0.14807873964309692
    },
    "right_ankle": {
        "x": 0.3749803602695465,
        "y": 0.5278872847557068,
        "z": 0.07369698584079742
    },
    "left_heel": {
        "x": 0.3859483599662781,
        "y": 0.550966203212738,
        "z": 0.15416693687438965
    },
    "right_heel": {
        "x": 0.364876925945282,
        "y": 0.54050612449646,
        "z": 0.07990264892578125
    },
    "left_foot_index": {
        "x": 0.41180723905563354,
        "y": 0.5617037415504456,
        "z": 0.09351778030395508
    },
    "right_foot_index": {
        "x": 0.3925603926181793,
        "y": 0.5700209140777588,
        "z": 0.0035183585714548826
    }
}