{
    "nose": {
        "x": 0.44494837522506714,
        "y": 0.15878595411777496,
        "z": -0.26268061995506287
    },
    "left_eye_inner": {
        "x": 0.4463368356227875,
        "y": 0.1502310186624527,
        "z": -0.26115691661834717
    },
    "left_eye": {
        "x": 0.4472394287586212,
        "y": 0.1486833393573761,
        "z": -0.261188805103302
    },
    "left_eye_outer": {
        "x": 0.4481261372566223,
        "y": 0.1467732936143875,
        "z": -0.2612295150756836
    },
    "right_eye_inner": {
        "x": 0.4421882629394531,
        "y": 0.15111331641674042,
        "z": -0.2721487581729889
    },
    "right_eye": {
        "x": 0.4399549961090088,
        "y": 0.1503247171640396,
        "z": -0.2721882164478302
    },
    "right_eye_outer": {
        "x": 0.4375053644180298,
        "y": 0.1491912454366684,
        "z": -0.2722220718860626
    },
    "left_ear": {
        "x": 0.44492870569229126,
        "y": 0.1365860551595688,
        "z": -0.19138246774673462
    },
    "right_ear": {
        "x": 0.42838820815086365,
        "y": 0.13925950229167938,
        "z": -0.24289534986019135
    },
    "mouth_left": {
        "x": 0.44387397170066833,
        "y": 0.16220243275165558,
        "z": -0.2296847701072693
    },
    "mouth_right": {
        "x": 0.4384083151817322,
        "y": 0.16249002516269684,
        "z": -0.24469667673110962
    },
    "left_shoulder": {
        "x": 0.4579649865627289,
        "y": 0.15411797165870667,
        "z": -0.11666832119226456
    },
    "right_shoulder": {
        "x": 0.39350757002830505,
        "y": 0.178786963224411,
        "z": -0.1588841676712036
    },
    "left_elbow": {
        "x": 0.47613251209259033,
        "y": 0.22293660044670105,
        "z": -0.04937055706977844
    },
    "right_elbow": {
        "x": 0.3775392472743988,
        "y": 0.2630288898944855,
        "z": -0.10693622380495071
    },
    "left_wrist": {
        "x": 0.5049285888671875,
        "y": 0.26994553208351135,
        "z": -0.12736362218856812
    },
    "right_wrist": {
        "x": 0.3715566396713257,
        "y": 0.34260043501853943,
        "z": -0.14542163908481598
    },
    "left_pinky": {
        "x": 0.5138263702392578,
        "y": 0.28037434816360474,
        "z": -0.1495080590248108
    },
    "right_pinky": {
        "x": 0.3662533462047577,
        "y": 0.3637649118900299,
        "z": -0.16210822761058807
    },
    "left_index": {
        "x": 0.5128664970397949,
        "y": 0.27952030301094055,
        "z": -0.17600756883621216
    },
    "right_index": {
        "x": 0.37111127376556396,
        "y": 0.3643495440483093,
        "z": -0.1902623027563095
    },
    "left_thumb": {
        "x": 0.509205162525177,
        "y": 0.276993066072464,
        "z": -0.14061801135540009
    },
    "right_thumb": {
        "x": 0.3753286302089691,
        "y": 0.35713058710098267,
        "z": -0.15694446861743927
    },
    "left_hip": {
        "x": 0.45346978306770325,
        "y": 0.3235131502151489,
        "z": 0.004968032240867615
    },
    "right_hip": {
        "x": 0.417967289686203,
        "y": 0.33284029364585876,
        "z": -0.004859081003814936
    },
    "left_knee": {
        "x": 0.4654793441295624,
        "y": 0.43258219957351685,
        "z": 0.04923132434487343
    },
    "right_knee": {
        "x": 0.40959030389785767,
        "y": 0.4439026713371277,
        "z": 0.05150185897946358
    },
    "left_ankle": {
        "x": 0.4760046899318695,
        "y": 0.5189027786254883,
        "z": 0.22664910554885864
    },
    "right_ankle": {
        "x": 0.4025318920612335,
        "y": 0.5414102077484131,
        "z": 0.2300310581922531
    },
    "left_heel": {
        "x": 0.4746047258377075,
        "y": 0.5293351411819458,
        "z": 0.24215392768383026
    },
    "right_heel": {
        "x": 0.40183910727500916,
        "y": 0.5575257539749146,
        "z": 0.2452213615179062
    },
    "left_foot_index": {
        "x": 0.48352181911468506,
        "y": 0.55531907081604,
        "z": 0.1819218248128891
    },
    "right_foot_index": {
        "x": 0.40018296241760254,
        "y": 0.5748266577720642,
        "z": 0.17514605820178986
    }
}