{
    "nose": {
        "x": 0.4523889124393463,
        "y": 0.12127602100372314,
        "z": -0.242123544216156
    },
    "left_eye_inner": {
        "x": 0.4537051022052765,
        "y": 0.10797667503356934,
        "z": -0.23480413854122162
    },
    "left_eye": {
        "x": 0.45373526215553284,
        "y": 0.10691289603710175,
        "z": -0.23480559885501862
    },
    "left_eye_outer": {
        "x": 0.4537426829338074,
        "y": 0.1058078482747078,
        "z": -0.23484230041503906
    },
    "right_eye_inner": {
        "x": 0.4512377977371216,
        "y": 0.10793177783489227,
        "z": -0.25677400827407837
    },
    "right_eye": {
        "x": 0.449412077665329,
        "y": 0.1067565530538559,
        "z": -0.2568005323410034
    },
    "right_eye_outer": {
        "x": 0.44749128818511963,
        "y": 0.10535156726837158,
        "z": -0.25682884454727173
    },
    "left_ear": {
        "x": 0.44561490416526794,
        "y": 0.10071048140525818,
        "z": -0.16764183342456818
    },
    "right_ear": {
        "x": 0.4366016387939453,
        "y": 0.09691573679447174,
        "z": -0.26798346638679504
    },
    "mouth_left": {
        "x": 0.44783011078834534,
        "y": 0.1278611272573471,
        "z": -0.2125270813703537
    },
    "mouth_right": {
        "x": 0.4448097348213196,
        "y": 0.12668196856975555,
        "z": -0.24164201319217682
    },
    "left_shoulder": {
        "x": 0.4426068365573883,
        "y": 0.1462896317243576,
        "z": -0.08126625418663025
    },
    "right_shoulder": {
        "x": 0.3887968957424164,
        "y": 0.14815708994865417,
        "z": -0.2517372667789459
    },
    "left_elbow": {
        "x": 0.4492565393447876,
        "y": 0.22861501574516296,
        "z": 0.005676568951457739
    },
    "right_elbow": {
        "x": 0.36599200963974,
        "y": 0.23748601973056793,
        "z": -0.2592179477214813
    },
    "left_wrist": {
        "x": 0.4784468710422516,
        "y": 0.29259786009788513,
        "z": -0.02201090008020401
    },
    "right_wrist": {
        "x": 0.36311104893684387,
        "y": 0.32029443979263306,
        "z": -0.278666615486145
    },
    "left_pinky": {
        "x": 0.4880646765232086,
        "y": 0.30809199810028076,
        "z": -0.03076978400349617
    },
    "right_pinky": {
        "x": 0.35880234837532043,
        "y": 0.34527090191841125,
        "z": -0.3029591739177704
    },
    "left_index": {
        "x": 0.48929065465927124,
        "y": 0.3089807331562042,
        "z": -0.056239329278469086
    },
    "right_index": {
        "x": 0.36657097935676575,
        "y": 0.3455791175365448,
        "z": -0.3165959417819977
    },
    "left_thumb": {
        "x": 0.4854690432548523,
        "y": 0.30467358231544495,
        "z": -0.034308064728975296
    },
    "right_thumb": {
        "x": 0.36941444873809814,
        "y": 0.3377308249473572,
        "z": -0.28353607654571533
    },
    "left_hip": {
        "x": 0.41248783469200134,
        "y": 0.3120138943195343,
        "z": 0.04463106766343117
    },
    "right_hip": {
        "x": 0.3820835053920746,
        "y": 0.3132736086845398,
        "z": -0.044688936322927475
    },
    "left_knee": {
        "x": 0.4096924662590027,
        "y": 0.4289116859436035,
        "z": 0.09635725617408752
    },
    "right_knee": {
        "x": 0.3823655843734741,
        "y": 0.4346083700656891,
        "z": 0.00796041451394558
    },
    "left_ankle": {
        "x": 0.398802250623703,
        "y": 0.5239549279212952,
        "z": 0.21046242117881775
    },
    "right_ankle": {
        "x": 0.3800240457057953,
        "y": 0.530137836933136,
        "z": 0.12657015025615692
    },
    "left_heel": {
        "x": 0.38875728845596313,
        "y": 0.5491755604743958,
        "z": 0.21929913759231567
    },
    "right_heel": {
        "x": 0.3708622455596924,
        "y": 0.5418631434440613,
        "z": 0.13524027168750763
    },
    "left_foot_index": {
        "x": 0.4116281270980835,
        "y": 0.5644386410713196,
        "z": 0.16644008457660675
    },
    "right_foot_index": {
        "x": 0.3948459327220917,
        "y": 0.5718879103660583,
        "z": 0.06421247124671936
    }
}