{
    "nose": {
        "x": 0.509666919708252,
        "y": 0.22400341928005219,
        "z": -0.3083067536354065
    },
    "left_eye_inner": {
        "x": 0.5133959054946899,
        "y": 0.2125834822654724,
        "z": -0.2971345782279968
    },
    "left_eye": {
        "x": 0.5157716274261475,
        "y": 0.21211105585098267,
        "z": -0.297175794839859
    },
    "left_eye_outer": {
        "x": 0.5183963179588318,
        "y": 0.21164022386074066,
        "z": -0.29730361700057983
    },
    "right_eye_inner": {
        "x": 0.5062556862831116,
        "y": 0.21151518821716309,
        "z": -0.2976757287979126
    },
    "right_eye": {
        "x": 0.5035663843154907,
        "y": 0.2104199230670929,
        "z": -0.2976866364479065
    },
    "right_eye_outer": {
        "x": 0.5004889369010925,
        "y": 0.20913368463516235,
        "z": -0.29771333932876587
    },
    "left_ear": {
        "x": 0.5218894481658936,
        "y": 0.2110084593296051,
        "z": -0.19951003789901733
    },
    "right_ear": {
        "x": 0.4955436587333679,
        "y": 0.20687922835350037,
        "z": -0.20127704739570618
    },
    "mouth_left": {
        "x": 0.5129227042198181,
        "y": 0.23515410721302032,
        "z": -0.2680607736110687
    },
    "mouth_right": {
        "x": 0.5044944286346436,
        "y": 0.23505789041519165,
        "z": -0.2685827910900116
    },
    "left_shoulder": {
        "x": 0.5376383662223816,
        "y": 0.26946771144866943,
        "z": -0.1065734401345253
    },
    "right_shoulder": {
        "x": 0.47471368312835693,
        "y": 0.25902122259140015,
        "z": -0.12301584333181381
    },
    "left_elbow": {
        "x": 0.5389964580535889,
        "y": 0.35542768239974976,
        "z": -0.06924089044332504
    },
    "right_elbow": {
        "x": 0.4565049111843109,
        "y": 0.3409430682659149,
        "z": -0.11863358318805695
    },
    "left_wrist": {
        "x": 0.5420834422111511,
        "y": 0.41251102089881897,
        "z": -0.1367805153131485
    },
    "right_wrist": {
        "x": 0.4535791873931885,
        "y": 0.3733883500099182,
        "z": -0.2161158323287964
    },
    "left_pinky": {
        "x": 0.5456758141517639,
        "y": 0.43061524629592896,
        "z": -0.15510712563991547
    },
    "right_pinky": {
        "x": 0.45783883333206177,
        "y": 0.37958309054374695,
        "z": -0.24199585616588593
    },
    "left_index": {
        "x": 0.5437986850738525,
        "y": 0.4291444718837738,
        "z": -0.17266945540905
    },
    "right_index": {
        "x": 0.45233744382858276,
        "y": 0.3733628988265991,
        "z": -0.2591414153575897
    },
    "left_thumb": {
        "x": 0.5399618148803711,
        "y": 0.42280012369155884,
        "z": -0.14627933502197266
    },
    "right_thumb": {
        "x": 0.4574618637561798,
        "y": 0.37364643812179565,
        "z": -0.22555537521839142
    },
    "left_hip": {
        "x": 0.5103745460510254,
        "y": 0.41003739833831787,
        "z": -7.197978266049176e-05
    },
    "right_hip": {
        "x": 0.4726323187351227,
        "y": 0.39658939838409424,
        "z": 0.00016020411567296833
    },
    "left_knee": {
        "x": 0.520538330078125,
        "y": 0.5142045021057129,
        "z": -0.14915025234222412
    },
    "right_knee": {
        "x": 0.4561157524585724,
        "y": 0.46509408950805664,
        "z": -0.17901262640953064
    },
    "left_ankle": {
        "x": 0.5056586265563965,
        "y": 0.6083816885948181,
        "z": -0.0093486737459898
    },
    "right_ankle": {
        "x": 0.4614476263523102,
        "y": 0.5929936766624451,
        "z": -0.04044812172651291
    },
    "left_heel": {
        "x": 0.5017240047454834,
        "y": 0.6174200773239136,
        "z": 0.0014727249508723617
    },
    "right_heel": {
        "x": 0.46413272619247437,
        "y": 0.6069052219390869,
        "z": -0.027558840811252594
    },
    "left_foot_index": {
        "x": 0.5061032176017761,
        "y": 0.6507963538169861,
        "z": -0.0773630291223526
    },
    "right_foot_index": {
        "x": 0.46235907077789307,
        "y": 0.6460806727409363,
        "z": -0.11147559434175491
    }
}