{
    "nose": {
        "x": 0.6906578540802002,
        "y": 0.5869836807250977,
        "z": -0.13573871552944183
    },
    "left_eye_inner": {
        "x": 0.686693012714386,
        "y": 0.581380307674408,
        "z": -0.13131296634674072
    },
    "left_eye": {
        "x": 0.6867953538894653,
        "y": 0.5816656351089478,
        "z": -0.13129021227359772
    },
    "left_eye_outer": {
        "x": 0.6869896650314331,
        "y": 0.5819432139396667,
        "z": -0.13132993876934052
    },
    "right_eye_inner": {
        "x": 0.6893326044082642,
        "y": 0.581579327583313,
        "z": -0.1416567713022232
    },
    "right_eye": {
        "x": 0.6888261437416077,
        "y": 0.5814332962036133,
        "z": -0.14170697331428528
    },
    "right_eye_outer": {
        "x": 0.6883407831192017,
        "y": 0.5813615918159485,
        "z": -0.1417374461889267
    },
    "left_ear": {
        "x": 0.6820614337921143,
        "y": 0.5805904865264893,
        "z": -0.08367598801851273
    },
    "right_ear": {
        "x": 0.6826788187026978,
        "y": 0.5858994722366333,
        "z": -0.1317943036556244
    },
    "mouth_left": {
        "x": 0.6874857544898987,
        "y": 0.5952350497245789,
        "z": -0.11421086639165878
    },
    "mouth_right": {
        "x": 0.686880350112915,
        "y": 0.5935691595077515,
        "z": -0.12829682230949402
    },
    "left_shoulder": {
        "x": 0.6651273369789124,
        "y": 0.5858799815177917,
        "z": -0.03303725644946098
    },
    "right_shoulder": {
        "x": 0.6768209338188171,
        "y": 0.630207896232605,
        "z": -0.1118311882019043
    },
    "left_elbow": {
        "x": 0.6412502527236938,
        "y": 0.586466908454895,
        "z": 0.04490714892745018
    },
    "right_elbow": {
        "x": 0.6888397932052612,
        "y": 0.6562235951423645,
        "z": -0.09227681159973145
    },
    "left_wrist": {
        "x": 0.6212570071220398,
        "y": 0.5916143655776978,
        "z": 0.12247605621814728
    },
    "right_wrist": {
        "x": 0.7049254775047302,
        "y": 0.6890832185745239,
        "z": -0.03236890584230423
    },
    "left_pinky": {
        "x": 0.6144872903823853,
        "y": 0.5916361212730408,
        "z": 0.1386110931634903
    },
    "right_pinky": {
        "x": 0.7004257440567017,
        "y": 0.6986112594604492,
        "z": -0.02871233969926834
    },
    "left_index": {
        "x": 0.6154352426528931,
        "y": 0.5922563076019287,
        "z": 0.13302412629127502
    },
    "right_index": {
        "x": 0.6993223428726196,
        "y": 0.6981984972953796,
        "z": -0.02675841562449932
    },
    "left_thumb": {
        "x": 0.618122935295105,
        "y": 0.5956813097000122,
        "z": 0.12447677552700043
    },
    "right_thumb": {
        "x": 0.6995460391044617,
        "y": 0.693642258644104,
        "z": -0.02851983532309532
    },
    "left_hip": {
        "x": 0.6082245707511902,
        "y": 0.666400134563446,
        "z": 0.02024744264781475
    },
    "right_hip": {
        "x": 0.6050872206687927,
        "y": 0.6769872307777405,
        "z": -0.020546643063426018
    },
    "left_knee": {
        "x": 0.6302217841148376,
        "y": 0.6584059000015259,
        "z": -0.012494821101427078
    },
    "right_knee": {
        "x": 0.6086716651916504,
        "y": 0.6538156270980835,
        "z": -0.06015634536743164
    },
    "left_ankle": {
        "x": 0.5955505967140198,
        "y": 0.669033944606781,
        "z": -0.020206501707434654
    },
    "right_ankle": {
        "x": 0.5955415964126587,
        "y": 0.6598346829414368,
        "z": -0.06658432632684708
    },
    "left_heel": {
        "x": 0.5920987725257874,
        "y": 0.6702669858932495,
        "z": -0.020235946401953697
    },
    "right_heel": {
        "x": 0.5927706360816956,
        "y": 0.656962513923645,
        "z": -0.06512337923049927
    },
    "left_foot_index": {
        "x": 0.5821865797042847,
        "y": 0.6752529144287109,
        "z": -0.025549985468387604
    },
    "right_foot_index": {
        "x": 0.5938429832458496,
        "y": 0.674143373966217,
        "z": -0.07491010427474976
    }
}