{
    "nose": {
        "x": 0.8714526891708374,
        "y": 0.4190579056739807,
        "z": -0.0210607647895813
    },
    "left_eye_inner": {
        "x": 0.8735299110412598,
        "y": 0.4111570119857788,
        "z": -0.0403343103826046
    },
    "left_eye": {
        "x": 0.8735176920890808,
        "y": 0.4111979603767395,
        "z": -0.04038069769740105
    },
    "left_eye_outer": {
        "x": 0.8733954429626465,
        "y": 0.4112548530101776,
        "z": -0.04039550945162773
    },
    "right_eye_inner": {
        "x": 0.874843418598175,
        "y": 0.41106700897216797,
        "z": -0.020438849925994873
    },
    "right_eye": {
        "x": 0.8757790327072144,
        "y": 0.4110378324985504,
        "z": -0.020419592037796974
    },
    "right_eye_outer": {
        "x": 0.876680314540863,
        "y": 0.4109514653682709,
        "z": -0.020461883395910263
    },
    "left_ear": {
        "x": 0.8772333264350891,
        "y": 0.4185684323310852,
        "z": -0.09295881539583206
    },
    "right_ear": {
        "x": 0.882516622543335,
        "y": 0.4167763292789459,
        "z": -0.005841330159455538
    },
    "mouth_left": {
        "x": 0.873043417930603,
        "y": 0.4315565824508667,
        "z": -0.0360766164958477
    },
    "mouth_right": {
        "x": 0.8744637370109558,
        "y": 0.4320027530193329,
        "z": -0.01086432859301567
    },
    "left_shoulder": {
        "x": 0.8702548742294312,
        "y": 0.4857451617717743,
        "z": -0.15878911316394806
    },
    "right_shoulder": {
        "x": 0.8943947553634644,
        "y": 0.4795205891132355,
        "z": 0.06349912285804749
    },
    "left_elbow": {
        "x": 0.8556026220321655,
        "y": 0.5917745232582092,
        "z": -0.17328420281410217
    },
    "right_elbow": {
        "x": 0.8929434418678284,
        "y": 0.591614842414856,
        "z": 0.11778828501701355
    },
    "left_wrist": {
        "x": 0.8193681836128235,
        "y": 0.6537557244300842,
        "z": -0.1081174910068512
    },
    "right_wrist": {
        "x": 0.8587944507598877,
        "y": 0.6435255408287048,
        "z": 0.13724073767662048
    },
    "left_pinky": {
        "x": 0.8112492561340332,
        "y": 0.6678516864776611,
        "z": -0.12395517528057098
    },
    "right_pinky": {
        "x": 0.8531380295753479,
        "y": 0.6522375345230103,
        "z": 0.14743557572364807
    },
    "left_index": {
        "x": 0.8106882572174072,
        "y": 0.6650795340538025,
        "z": -0.11502405256032944
    },
    "right_index": {
        "x": 0.8521486520767212,
        "y": 0.651326596736908,
        "z": 0.12883372604846954
    },
    "left_thumb": {
        "x": 0.8134108185768127,
        "y": 0.6605368852615356,
        "z": -0.10218866169452667
    },
    "right_thumb": {
        "x": 0.8506388068199158,
        "y": 0.6501729488372803,
        "z": 0.12966015934944153
    },
    "left_hip": {
        "x": 0.8508636951446533,
        "y": 0.6733500361442566,
        "z": -0.0628114864230156
    },
    "right_hip": {
        "x": 0.881020188331604,
        "y": 0.675661027431488,
        "z": 0.06270691752433777
    },
    "left_knee": {
        "x": 0.8160228133201599,
        "y": 0.7688577771186829,
        "z": 0.03946392610669136
    },
    "right_knee": {
        "x": 0.8569191694259644,
        "y": 0.7632461190223694,
        "z": 0.1760188341140747
    },
    "left_ankle": {
        "x": 0.8043259382247925,
        "y": 0.8780257105827332,
        "z": 0.14607346057891846
    },
    "right_ankle": {
        "x": 0.858846127986908,
        "y": 0.8801413178443909,
        "z": 0.28593847155570984
    },
    "left_heel": {
        "x": 0.8082780241966248,
        "y": 0.901202917098999,
        "z": 0.15649479627609253
    },
    "right_heel": {
        "x": 0.8636404275894165,
        "y": 0.9005491733551025,
        "z": 0.2969488799571991
    },
    "left_foot_index": {
        "x": 0.7837485671043396,
        "y": 0.8844895958900452,
        "z": 0.14089448750019073
    },
    "right_foot_index": {
        "x": 0.8390215039253235,
        "y": 0.8717778325080872,
        "z": 0.2904689610004425
    }
}