{
    "nose": {
        "x": 0.8024231195449829,
        "y": 0.5124859809875488,
        "z": 0.0189053937792778
    },
    "left_eye_inner": {
        "x": 0.8031335473060608,
        "y": 0.504628598690033,
        "z": -7.544593245256692e-05
    },
    "left_eye": {
        "x": 0.8025568127632141,
        "y": 0.5050098299980164,
        "z": -9.352326742373407e-05
    },
    "left_eye_outer": {
        "x": 0.801967978477478,
        "y": 0.5055371522903442,
        "z": -7.1251044573728e-05
    },
    "right_eye_inner": {
        "x": 0.8062095642089844,
        "y": 0.5031770467758179,
        "z": 0.01577221415936947
    },
    "right_eye": {
        "x": 0.8078310489654541,
        "y": 0.5024843215942383,
        "z": 0.01573007181286812
    },
    "right_eye_outer": {
        "x": 0.8095361590385437,
        "y": 0.5019581317901611,
        "z": 0.01570497453212738
    },
    "left_ear": {
        "x": 0.8061802387237549,
        "y": 0.511860728263855,
        "z": -0.05868428200483322
    },
    "right_ear": {
        "x": 0.8165484666824341,
        "y": 0.5079528093338013,
        "z": 0.013295073062181473
    },
    "mouth_left": {
        "x": 0.8037565350532532,
        "y": 0.5223681926727295,
        "z": -9.454307291889563e-05
    },
    "mouth_right": {
        "x": 0.8064642548561096,
        "y": 0.5211604833602905,
        "z": 0.020793354138731956
    },
    "left_shoulder": {
        "x": 0.798114001750946,
        "y": 0.5716150999069214,
        "z": -0.10966137051582336
    },
    "right_shoulder": {
        "x": 0.8386443853378296,
        "y": 0.5662973523139954,
        "z": 0.05605029687285423
    },
    "left_elbow": {
        "x": 0.7543867230415344,
        "y": 0.6126144528388977,
        "z": -0.11766936630010605
    },
    "right_elbow": {
        "x": 0.8353660106658936,
        "y": 0.6255386471748352,
        "z": 0.15703710913658142
    },
    "left_wrist": {
        "x": 0.712939977645874,
        "y": 0.5859012603759766,
        "z": -0.03948024660348892
    },
    "right_wrist": {
        "x": 0.8212155699729919,
        "y": 0.6184923648834229,
        "z": 0.2748231887817383
    },
    "left_pinky": {
        "x": 0.7017139196395874,
        "y": 0.5836015343666077,
        "z": -0.038021355867385864
    },
    "right_pinky": {
        "x": 0.8199499249458313,
        "y": 0.6144149303436279,
        "z": 0.2988789677619934
    },
    "left_index": {
        "x": 0.7020426392555237,
        "y": 0.5731610059738159,
        "z": -0.03321821987628937
    },
    "right_index": {
        "x": 0.8180623650550842,
        "y": 0.6110571622848511,
        "z": 0.29413509368896484
    },
    "left_thumb": {
        "x": 0.7056512236595154,
        "y": 0.5737628936767578,
        "z": -0.03375964239239693
    },
    "right_thumb": {
        "x": 0.8180025219917297,
        "y": 0.614136815071106,
        "z": 0.27639201283454895
    },
    "left_hip": {
        "x": 0.7987865209579468,
        "y": 0.7377045154571533,
        "z": -0.05280013009905815
    },
    "right_hip": {
        "x": 0.8166210055351257,
        "y": 0.7309361696243286,
        "z": 0.052605580538511276
    },
    "left_knee": {
        "x": 0.7549432516098022,
        "y": 0.7843142151832581,
        "z": -0.009428873658180237
    },
    "right_knee": {
        "x": 0.764967143535614,
        "y": 0.7714012265205383,
        "z": 0.12842348217964172
    },
    "left_ankle": {
        "x": 0.8205791711807251,
        "y": 0.8508496880531311,
        "z": -0.023977983742952347
    },
    "right_ankle": {
        "x": 0.7892718315124512,
        "y": 0.846808135509491,
        "z": 0.08827254921197891
    },
    "left_heel": {
        "x": 0.8357739448547363,
        "y": 0.8456240296363831,
        "z": -0.021184217184782028
    },
    "right_heel": {
        "x": 0.7965400218963623,
        "y": 0.8584266304969788,
        "z": 0.08487182855606079
    },
    "left_foot_index": {
        "x": 0.8284119963645935,
        "y": 0.9049046635627747,
        "z": 0.008571646176278591
    },
    "right_foot_index": {
        "x": 0.778377890586853,
        "y": 0.8822094202041626,
        "z": 0.10297638177871704
    }
}