{
    "nose": {
        "x": 0.6501674056053162,
        "y": 0.6667327284812927,
        "z": -0.0361013226211071
    },
    "left_eye_inner": {
        "x": 0.6485917568206787,
        "y": 0.6533970236778259,
        "z": -0.054604172706604004
    },
    "left_eye": {
        "x": 0.6495453119277954,
        "y": 0.6529766321182251,
        "z": -0.054623328149318695
    },
    "left_eye_outer": {
        "x": 0.6505337357521057,
        "y": 0.6528365015983582,
        "z": -0.054651834070682526
    },
    "right_eye_inner": {
        "x": 0.648613691329956,
        "y": 0.6507712602615356,
        "z": -0.030232546851038933
    },
    "right_eye": {
        "x": 0.6496092081069946,
        "y": 0.6481877565383911,
        "z": -0.03024294413626194
    },
    "right_eye_outer": {
        "x": 0.6506220102310181,
        "y": 0.6457640528678894,
        "z": -0.03026801347732544
    },
    "left_ear": {
        "x": 0.6604097485542297,
        "y": 0.6475704312324524,
        "z": -0.1159469410777092
    },
    "right_ear": {
        "x": 0.6599542498588562,
        "y": 0.6397596597671509,
        "z": -0.005585842300206423
    },
    "mouth_left": {
        "x": 0.6592026352882385,
        "y": 0.6727701425552368,
        "z": -0.05625554919242859
    },
    "mouth_right": {
        "x": 0.6586794853210449,
        "y": 0.6703358292579651,
        "z": -0.024595223367214203
    },
    "left_shoulder": {
        "x": 0.6932298541069031,
        "y": 0.7141151428222656,
        "z": -0.1813717782497406
    },
    "right_shoulder": {
        "x": 0.700300395488739,
        "y": 0.671644389629364,
        "z": 0.0614081472158432
    },
    "left_elbow": {
        "x": 0.6938319206237793,
        "y": 0.851358950138092,
        "z": -0.21154898405075073
    },
    "right_elbow": {
        "x": 0.7254723906517029,
        "y": 0.7885215282440186,
        "z": 0.10215885937213898
    },
    "left_wrist": {
        "x": 0.6447630524635315,
        "y": 0.9308613538742065,
        "z": -0.16110023856163025
    },
    "right_wrist": {
        "x": 0.6979691982269287,
        "y": 0.8807430863380432,
        "z": 0.09757956862449646
    },
    "left_pinky": {
        "x": 0.6326289772987366,
        "y": 0.9593191742897034,
        "z": -0.18163703382015228
    },
    "right_pinky": {
        "x": 0.689576268196106,
        "y": 0.8957815170288086,
        "z": 0.10552780330181122
    },
    "left_index": {
        "x": 0.6237646341323853,
        "y": 0.9469457268714905,
        "z": -0.16670578718185425
    },
    "right_index": {
        "x": 0.6861364245414734,
        "y": 0.89979088306427,
        "z": 0.07890895009040833
    },
    "left_thumb": {
        "x": 0.6265110969543457,
        "y": 0.9356279373168945,
        "z": -0.15495221316814423
    },
    "right_thumb": {
        "x": 0.6896026134490967,
        "y": 0.8969451189041138,
        "z": 0.08637302368879318
    },
    "left_hip": {
        "x": 0.7310328483581543,
        "y": 0.8978747725486755,
        "z": -0.07610014826059341
    },
    "right_hip": {
        "x": 0.7333893775939941,
        "y": 0.8563460111618042,
        "z": 0.07614213973283768
    },
    "left_knee": {
        "x": 0.6237512230873108,
        "y": 0.9131973385810852,
        "z": -0.06838896870613098
    },
    "right_knee": {
        "x": 0.6405764818191528,
        "y": 0.7882717251777649,
        "z": 0.16073371469974518
    },
    "left_ankle": {
        "x": 0.6378710865974426,
        "y": 0.9407508373260498,
        "z": 0.12172718346118927
    },
    "right_ankle": {
        "x": 0.6329358816146851,
        "y": 0.8994131684303284,
        "z": 0.15202829241752625
    },
    "left_heel": {
        "x": 0.6485906839370728,
        "y": 0.9369948506355286,
        "z": 0.14468476176261902
    },
    "right_heel": {
        "x": 0.6391110420227051,
        "y": 0.917103111743927,
        "z": 0.15020734071731567
    },
    "left_foot_index": {
        "x": 0.6142299175262451,
        "y": 0.9549164175987244,
        "z": 0.2091590166091919
    },
    "right_foot_index": {
        "x": 0.6075371503829956,
        "y": 0.9233306050300598,
        "z": 0.17144232988357544
    }
}