{
    "nose": {
        "x": 0.7198031544685364,
        "y": 0.6559199690818787,
        "z": -0.08148562163114548
    },
    "left_eye_inner": {
        "x": 0.7231482863426208,
        "y": 0.6465098261833191,
        "z": -0.06745990365743637
    },
    "left_eye": {
        "x": 0.7232270836830139,
        "y": 0.6464527249336243,
        "z": -0.06747496873140335
    },
    "left_eye_outer": {
        "x": 0.7232124209403992,
        "y": 0.6463776230812073,
        "z": -0.06749898940324783
    },
    "right_eye_inner": {
        "x": 0.7212818264961243,
        "y": 0.6437229514122009,
        "z": -0.08650920540094376
    },
    "right_eye": {
        "x": 0.7199733257293701,
        "y": 0.6416083574295044,
        "z": -0.08652057498693466
    },
    "right_eye_outer": {
        "x": 0.7184892892837524,
        "y": 0.6392681002616882,
        "z": -0.08651681244373322
    },
    "left_ear": {
        "x": 0.7159886360168457,
        "y": 0.6396452188491821,
        "z": 0.004429381340742111
    },
    "right_ear": {
        "x": 0.7104076147079468,
        "y": 0.6331893801689148,
        "z": -0.07945366203784943
    },
    "mouth_left": {
        "x": 0.7128991484642029,
        "y": 0.6621446013450623,
        "z": -0.05357101559638977
    },
    "mouth_right": {
        "x": 0.7107627391815186,
        "y": 0.6579738259315491,
        "z": -0.0780862420797348
    },
    "left_shoulder": {
        "x": 0.6912819147109985,
        "y": 0.671826183795929,
        "z": 0.08591819554567337
    },
    "right_shoulder": {
        "x": 0.6812866926193237,
        "y": 0.6603900790214539,
        "z": -0.12890900671482086
    },
    "left_elbow": {
        "x": 0.6701651215553284,
        "y": 0.714910626411438,
        "z": 0.07880163192749023
    },
    "right_elbow": {
        "x": 0.6819411516189575,
        "y": 0.7197554707527161,
        "z": -0.1929173320531845
    },
    "left_wrist": {
        "x": 0.6823517084121704,
        "y": 0.7451973557472229,
        "z": 0.0038867227267473936
    },
    "right_wrist": {
        "x": 0.7125348448753357,
        "y": 0.7589204907417297,
        "z": -0.18067187070846558
    },
    "left_pinky": {
        "x": 0.6840424537658691,
        "y": 0.7494181990623474,
        "z": -0.0021720381919294596
    },
    "right_pinky": {
        "x": 0.719251811504364,
        "y": 0.769801676273346,
        "z": -0.20111072063446045
    },
    "left_index": {
        "x": 0.6882785558700562,
        "y": 0.7471235394477844,
        "z": -0.008861809968948364
    },
    "right_index": {
        "x": 0.7218140959739685,
        "y": 0.7643841505050659,
        "z": -0.19594772160053253
    },
    "left_thumb": {
        "x": 0.6878207325935364,
        "y": 0.7445820569992065,
        "z": -0.00226261792704463
    },
    "right_thumb": {
        "x": 0.7190050482749939,
        "y": 0.7604974508285522,
        "z": -0.1790684312582016
    },
    "left_hip": {
        "x": 0.6146765947341919,
        "y": 0.6672454476356506,
        "z": 0.07624831050634384
    },
    "right_hip": {
        "x": 0.5970174074172974,
        "y": 0.6601265668869019,
        "z": -0.07624923437833786
    },
    "left_knee": {
        "x": 0.6399742364883423,
        "y": 0.7918654680252075,
        "z": 0.045561108738183975
    },
    "right_knee": {
        "x": 0.6025364995002747,
        "y": 0.7959180474281311,
        "z": -0.16838844120502472
    },
    "left_ankle": {
        "x": 0.5591549873352051,
        "y": 0.8036051988601685,
        "z": 0.07759499549865723
    },
    "right_ankle": {
        "x": 0.5196229815483093,
        "y": 0.81606525182724,
        "z": -0.15889889001846313
    },
    "left_heel": {
        "x": 0.5541349053382874,
        "y": 0.7918030023574829,
        "z": 0.08075495064258575
    },
    "right_heel": {
        "x": 0.5075823068618774,
        "y": 0.8058661222457886,
        "z": -0.15531685948371887
    },
    "left_foot_index": {
        "x": 0.5434592962265015,
        "y": 0.8278770446777344,
        "z": 0.06296086311340332
    },
    "right_foot_index": {
        "x": 0.49842700362205505,
        "y": 0.863555371761322,
        "z": -0.1784660369157791
    }
}