{
    "nose": {
        "x": 0.7140638828277588,
        "y": 0.4939885139465332,
        "z": 0.05878289043903351
    },
    "left_eye_inner": {
        "x": 0.7111446857452393,
        "y": 0.4865540862083435,
        "z": 0.03874564170837402
    },
    "left_eye": {
        "x": 0.7095882296562195,
        "y": 0.48756977915763855,
        "z": 0.03872808814048767
    },
    "left_eye_outer": {
        "x": 0.7078244686126709,
        "y": 0.4888421893119812,
        "z": 0.03876633569598198
    },
    "right_eye_inner": {
        "x": 0.7153416275978088,
        "y": 0.484340637922287,
        "z": 0.043655287474393845
    },
    "right_eye": {
        "x": 0.7169052362442017,
        "y": 0.4836975336074829,
        "z": 0.04362350329756737
    },
    "right_eye_outer": {
        "x": 0.7186598777770996,
        "y": 0.48303109407424927,
        "z": 0.043594881892204285
    },
    "left_ear": {
        "x": 0.7065737843513489,
        "y": 0.4962828457355499,
        "z": -0.02573639154434204
    },
    "right_ear": {
        "x": 0.7230489253997803,
        "y": 0.4872337579727173,
        "z": -0.0035783788189291954
    },
    "mouth_left": {
        "x": 0.7135918140411377,
        "y": 0.5030022263526917,
        "z": 0.03949219360947609
    },
    "mouth_right": {
        "x": 0.7183712124824524,
        "y": 0.5021052360534668,
        "z": 0.04600740596652031
    },
    "left_shoulder": {
        "x": 0.6996543407440186,
        "y": 0.5601015686988831,
        "z": -0.0510280579328537
    },
    "right_shoulder": {
        "x": 0.7542526125907898,
        "y": 0.5307880640029907,
        "z": -0.0036702456418424845
    },
    "left_elbow": {
        "x": 0.6905106902122498,
        "y": 0.6192361116409302,
        "z": -0.020488495007157326
    },
    "right_elbow": {
        "x": 0.7659087181091309,
        "y": 0.5795418620109558,
        "z": 0.07972042262554169
    },
    "left_wrist": {
        "x": 0.6792304515838623,
        "y": 0.5675525665283203,
        "z": 0.056685589253902435
    },
    "right_wrist": {
        "x": 0.733756422996521,
        "y": 0.5647326707839966,
        "z": 0.20500324666500092
    },
    "left_pinky": {
        "x": 0.6742929816246033,
        "y": 0.5584332942962646,
        "z": 0.06382277607917786
    },
    "right_pinky": {
        "x": 0.7287040948867798,
        "y": 0.5597632527351379,
        "z": 0.2317904233932495
    },
    "left_index": {
        "x": 0.6783442497253418,
        "y": 0.549580991268158,
        "z": 0.0675823837518692
    },
    "right_index": {
        "x": 0.7223170399665833,
        "y": 0.5608561635017395,
        "z": 0.22864598035812378
    },
    "left_thumb": {
        "x": 0.6814496517181396,
        "y": 0.5522875189781189,
        "z": 0.06105240806937218
    },
    "right_thumb": {
        "x": 0.7231695055961609,
        "y": 0.5631938576698303,
        "z": 0.20728406310081482
    },
    "left_hip": {
        "x": 0.7426482439041138,
        "y": 0.6994346976280212,
        "z": -0.005586922634392977
    },
    "right_hip": {
        "x": 0.7729795575141907,
        "y": 0.6831340193748474,
        "z": 0.0052258288487792015
    },
    "left_knee": {
        "x": 0.7403771281242371,
        "y": 0.7235341668128967,
        "z": 0.10607769340276718
    },
    "right_knee": {
        "x": 0.7748844623565674,
        "y": 0.7190903425216675,
        "z": 0.1386592835187912
    },
    "left_ankle": {
        "x": 0.7632124423980713,
        "y": 0.7668225169181824,
        "z": -0.0510530024766922
    },
    "right_ankle": {
        "x": 0.7774023413658142,
        "y": 0.7735288143157959,
        "z": -0.004870584700256586
    },
    "left_heel": {
        "x": 0.766645073890686,
        "y": 0.7674803137779236,
        "z": -0.06492925435304642
    },
    "right_heel": {
        "x": 0.7752788066864014,
        "y": 0.7738160490989685,
        "z": -0.0174927469342947
    },
    "left_foot_index": {
        "x": 0.7729072570800781,
        "y": 0.8096264600753784,
        "z": -0.07535184919834137
    },
    "right_foot_index": {
        "x": 0.7835307121276855,
        "y": 0.8177236318588257,
        "z": -0.02462216652929783
    }
}