{
    "nose": {
        "x": 0.40277740359306335,
        "y": 0.8529030680656433,
        "z": -0.5914222002029419
    },
    "left_eye_inner": {
        "x": 0.406089186668396,
        "y": 0.8460224270820618,
        "z": -0.5935535430908203
    },
    "left_eye": {
        "x": 0.408772736787796,
        "y": 0.8446056246757507,
        "z": -0.5933434963226318
    },
    "left_eye_outer": {
        "x": 0.4117554724216461,
        "y": 0.8403489589691162,
        "z": -0.5932174921035767
    },
    "right_eye_inner": {
        "x": 0.39690354466438293,
        "y": 0.8454341292381287,
        "z": -0.5986981987953186
    },
    "right_eye": {
        "x": 0.3940852880477905,
        "y": 0.8437206745147705,
        "z": -0.5988614559173584
    },
    "right_eye_outer": {
        "x": 0.38970747590065,
        "y": 0.8413959741592407,
        "z": -0.5989587306976318
    },
    "left_ear": {
        "x": 0.41142722964286804,
        "y": 0.8298807144165039,
        "z": -0.501497745513916
    },
    "right_ear": {
        "x": 0.38694560527801514,
        "y": 0.8276970982551575,
        "z": -0.5258849263191223
    },
    "mouth_left": {
        "x": 0.40787816047668457,
        "y": 0.8512606024742126,
        "z": -0.5479309558868408
    },
    "mouth_right": {
        "x": 0.3990277349948883,
        "y": 0.8503033518791199,
        "z": -0.5550967454910278
    },
    "left_shoulder": {
        "x": 0.43942004442214966,
        "y": 0.8053945302963257,
        "z": -0.34812691807746887
    },
    "right_shoulder": {
        "x": 0.35450926423072815,
        "y": 0.8208658695220947,
        "z": -0.38782328367233276
    },
    "left_elbow": {
        "x": 0.4592749774456024,
        "y": 0.9438048601150513,
        "z": -0.2794535458087921
    },
    "right_elbow": {
        "x": 0.4008531868457794,
        "y": 0.9315043687820435,
        "z": -0.2949258089065552
    },
    "left_wrist": {
        "x": 0.5054162740707397,
        "y": 0.9694270491600037,
        "z": -0.2757521867752075
    },
    "right_wrist": {
        "x": 0.46233806014060974,
        "y": 0.9518822431564331,
        "z": -0.25276145339012146
    },
    "left_pinky": {
        "x": 0.5287842154502869,
        "y": 0.970711886882782,
        "z": -0.300491601228714
    },
    "right_pinky": {
        "x": 0.4713348150253296,
        "y": 0.9630346298217773,
        "z": -0.27048391103744507
    },
    "left_index": {
        "x": 0.5280758738517761,
        "y": 0.9672521352767944,
        "z": -0.3114665150642395
    },
    "right_index": {
        "x": 0.4806056320667267,
        "y": 0.9432517290115356,
        "z": -0.30138829350471497
    },
    "left_thumb": {
        "x": 0.5194572806358337,
        "y": 0.9629412293434143,
        "z": -0.28157123923301697
    },
    "right_thumb": {
        "x": 0.4815142750740051,
        "y": 0.9346632361412048,
        "z": -0.2630830407142639
    },
    "left_hip": {
        "x": 0.43514493107795715,
        "y": 0.667725145816803,
        "z": 0.017877282574772835
    },
    "right_hip": {
        "x": 0.39479273557662964,
        "y": 0.6447445750236511,
        "z": -0.01832103356719017
    },
    "left_knee": {
        "x": 0.45202717185020447,
        "y": 0.6473255157470703,
        "z": 0.17217926681041718
    },
    "right_knee": {
        "x": 0.3730173408985138,
        "y": 0.5749418139457703,
        "z": 6.738398042216431e-06
    },
    "left_ankle": {
        "x": 0.49306637048721313,
        "y": 0.6319212317466736,
        "z": 0.36859330534935
    },
    "right_ankle": {
        "x": 0.4686588943004608,
        "y": 0.6144543290138245,
        "z": 0.29646456241607666
    },
    "left_heel": {
        "x": 0.4979404807090759,
        "y": 0.6300033330917358,
        "z": 0.3904792070388794
    },
    "right_heel": {
        "x": 0.4848359227180481,
        "y": 0.6312078237533569,
        "z": 0.33397188782691956
    },
    "left_foot_index": {
        "x": 0.5046110153198242,
        "y": 0.624017059803009,
        "z": 0.38887444138526917
    },
    "right_foot_index": {
        "x": 0.4996853172779083,
        "y": 0.6002253890037537,
        "z": 0.36129993200302124
    }
}