{
    "nose": {
        "x": 0.41338685154914856,
        "y": 0.4510427713394165,
        "z": 0.1553233414888382
    },
    "left_eye_inner": {
        "x": 0.40728992223739624,
        "y": 0.45565086603164673,
        "z": 0.1470470130443573
    },
    "left_eye": {
        "x": 0.40608906745910645,
        "y": 0.45659440755844116,
        "z": 0.14700402319431305
    },
    "left_eye_outer": {
        "x": 0.4049290716648102,
        "y": 0.45755910873413086,
        "z": 0.14699453115463257
    },
    "right_eye_inner": {
        "x": 0.41011375188827515,
        "y": 0.4516318142414093,
        "z": 0.16227518022060394
    },
    "right_eye": {
        "x": 0.4109385013580322,
        "y": 0.44988441467285156,
        "z": 0.16224318742752075
    },
    "right_eye_outer": {
        "x": 0.41166868805885315,
        "y": 0.44807493686676025,
        "z": 0.1622273474931717
    },
    "left_ear": {
        "x": 0.4034571945667267,
        "y": 0.4532524049282074,
        "z": 0.12286239862442017
    },
    "right_ear": {
        "x": 0.41281479597091675,
        "y": 0.4409046173095703,
        "z": 0.19304651021957397
    },
    "mouth_left": {
        "x": 0.4151690602302551,
        "y": 0.4476996660232544,
        "z": 0.14857880771160126
    },
    "mouth_right": {
        "x": 0.4181593060493469,
        "y": 0.44398725032806396,
        "z": 0.16842317581176758
    },
    "left_shoulder": {
        "x": 0.4183078408241272,
        "y": 0.4575290083885193,
        "z": 0.049603961408138275
    },
    "right_shoulder": {
        "x": 0.4254302680492401,
        "y": 0.3951323330402374,
        "z": 0.2400950938463211
    },
    "left_elbow": {
        "x": 0.42759278416633606,
        "y": 0.3918176591396332,
        "z": 0.03852534294128418
    },
    "right_elbow": {
        "x": 0.4614163935184479,
        "y": 0.3603372573852539,
        "z": 0.23273776471614838
    },
    "left_wrist": {
        "x": 0.4392288327217102,
        "y": 0.355914443731308,
        "z": 0.06560555100440979
    },
    "right_wrist": {
        "x": 0.47213733196258545,
        "y": 0.3620181977748871,
        "z": 0.18634027242660522
    },
    "left_pinky": {
        "x": 0.44001322984695435,
        "y": 0.34697186946868896,
        "z": 0.058884624391794205
    },
    "right_pinky": {
        "x": 0.47343239188194275,
        "y": 0.3561485707759857,
        "z": 0.19526630640029907
    },
    "left_index": {
        "x": 0.44120797514915466,
        "y": 0.3496772050857544,
        "z": 0.06745843589305878
    },
    "right_index": {
        "x": 0.4723086655139923,
        "y": 0.3684963285923004,
        "z": 0.18558527529239655
    },
    "left_thumb": {
        "x": 0.4411904811859131,
        "y": 0.35244378447532654,
        "z": 0.07145620137453079
    },
    "right_thumb": {
        "x": 0.471725732088089,
        "y": 0.3739491403102875,
        "z": 0.18100106716156006
    },
    "left_hip": {
        "x": 0.4731079041957855,
        "y": 0.30970409512519836,
        "z": -0.06607156246900558
    },
    "right_hip": {
        "x": 0.4794725477695465,
        "y": 0.27937668561935425,
        "z": 0.06598524004220963
    },
    "left_knee": {
        "x": 0.47703132033348083,
        "y": 0.47379499673843384,
        "z": -0.03264471888542175
    },
    "right_knee": {
        "x": 0.46332356333732605,
        "y": 0.43457740545272827,
        "z": 0.12681367993354797
    },
    "left_ankle": {
        "x": 0.5040073394775391,
        "y": 0.5723645687103271,
        "z": -0.016639072448015213
    },
    "right_ankle": {
        "x": 0.46925389766693115,
        "y": 0.5308973789215088,
        "z": 0.12039299309253693
    },
    "left_heel": {
        "x": 0.5137816071510315,
        "y": 0.5741254091262817,
        "z": -0.01684345304965973
    },
    "right_heel": {
        "x": 0.47285547852516174,
        "y": 0.5360115766525269,
        "z": 0.11666873842477798
    },
    "left_foot_index": {
        "x": 0.496582567691803,
        "y": 0.6291913986206055,
        "z": -0.059836819767951965
    },
    "right_foot_index": {
        "x": 0.458840012550354,
        "y": 0.575613260269165,
        "z": 0.08217500895261765
    }
}