{
    "nose": {
        "x": 0.41303563117980957,
        "y": 0.4759029746055603,
        "z": 0.18442077934741974
    },
    "left_eye_inner": {
        "x": 0.40606990456581116,
        "y": 0.47731631994247437,
        "z": 0.16435784101486206
    },
    "left_eye": {
        "x": 0.4065674841403961,
        "y": 0.47851836681365967,
        "z": 0.16437387466430664
    },
    "left_eye_outer": {
        "x": 0.40711691975593567,
        "y": 0.47977665066719055,
        "z": 0.16435909271240234
    },
    "right_eye_inner": {
        "x": 0.40390264987945557,
        "y": 0.47149932384490967,
        "z": 0.1842278689146042
    },
    "right_eye": {
        "x": 0.4027928113937378,
        "y": 0.46850162744522095,
        "z": 0.1841893196105957
    },
    "right_eye_outer": {
        "x": 0.4016391634941101,
        "y": 0.46535906195640564,
        "z": 0.18407730758190155
    },
    "left_ear": {
        "x": 0.41221654415130615,
        "y": 0.46057528257369995,
        "z": 0.08641012012958527
    },
    "right_ear": {
        "x": 0.40002262592315674,
        "y": 0.44990622997283936,
        "z": 0.17714321613311768
    },
    "mouth_left": {
        "x": 0.4186934530735016,
        "y": 0.4719471335411072,
        "z": 0.15723827481269836
    },
    "mouth_right": {
        "x": 0.4162977337837219,
        "y": 0.46670106053352356,
        "z": 0.1832805871963501
    },
    "left_shoulder": {
        "x": 0.4353329837322235,
        "y": 0.4531812369823456,
        "z": -0.02248741313815117
    },
    "right_shoulder": {
        "x": 0.43238434195518494,
        "y": 0.4043527841567993,
        "z": 0.18766359984874725
    },
    "left_elbow": {
        "x": 0.45481064915657043,
        "y": 0.3994998037815094,
        "z": -0.03313727304339409
    },
    "right_elbow": {
        "x": 0.43805426359176636,
        "y": 0.31285831332206726,
        "z": 0.1629668027162552
    },
    "left_wrist": {
        "x": 0.4572128653526306,
        "y": 0.3230161964893341,
        "z": 0.028945086523890495
    },
    "right_wrist": {
        "x": 0.45635905861854553,
        "y": 0.3130868971347809,
        "z": 0.10880962014198303
    },
    "left_pinky": {
        "x": 0.45840224623680115,
        "y": 0.30803754925727844,
        "z": 0.03020503558218479
    },
    "right_pinky": {
        "x": 0.46078309416770935,
        "y": 0.30217769742012024,
        "z": 0.11165878176689148
    },
    "left_index": {
        "x": 0.45787951350212097,
        "y": 0.3072814643383026,
        "z": 0.03578672558069229
    },
    "right_index": {
        "x": 0.45838645100593567,
        "y": 0.30747929215431213,
        "z": 0.1057359054684639
    },
    "left_thumb": {
        "x": 0.4586695730686188,
        "y": 0.3127670884132385,
        "z": 0.03345738723874092
    },
    "right_thumb": {
        "x": 0.45780426263809204,
        "y": 0.31045860052108765,
        "z": 0.1032513901591301
    },
    "left_hip": {
        "x": 0.5081123113632202,
        "y": 0.3186960220336914,
        "z": -0.07302086800336838
    },
    "right_hip": {
        "x": 0.500807523727417,
        "y": 0.2896253764629364,
        "z": 0.07285908609628677
    },
    "left_knee": {
        "x": 0.5170395970344543,
        "y": 0.5255221128463745,
        "z": -0.07564889639616013
    },
    "right_knee": {
        "x": 0.5076087713241577,
        "y": 0.486024409532547,
        "z": 0.020173029974102974
    },
    "left_ankle": {
        "x": 0.4900769293308258,
        "y": 0.7299798727035522,
        "z": -0.11114076524972916
    },
    "right_ankle": {
        "x": 0.49580538272857666,
        "y": 0.6736115217208862,
        "z": 0.019033705815672874
    },
    "left_heel": {
        "x": 0.49448955059051514,
        "y": 0.7548441290855408,
        "z": -0.11528138816356659
    },
    "right_heel": {
        "x": 0.5015220642089844,
        "y": 0.6957730054855347,
        "z": 0.015727059915661812
    },
    "left_foot_index": {
        "x": 0.45351535081863403,
        "y": 0.7893375158309937,
        "z": -0.18743187189102173
    },
    "right_foot_index": {
        "x": 0.46540209650993347,
        "y": 0.724536657333374,
        "z": -0.04116779938340187
    }
}