{
    "nose": {
        "x": 0.745130181312561,
        "y": 0.4989570677280426,
        "z": -0.2971150875091553
    },
    "left_eye_inner": {
        "x": 0.7537595629692078,
        "y": 0.48568397760391235,
        "z": -0.3098265528678894
    },
    "left_eye": {
        "x": 0.7561910152435303,
        "y": 0.48738276958465576,
        "z": -0.30984482169151306
    },
    "left_eye_outer": {
        "x": 0.7588972449302673,
        "y": 0.4892788231372833,
        "z": -0.30997350811958313
    },
    "right_eye_inner": {
        "x": 0.7503710985183716,
        "y": 0.4810502231121063,
        "z": -0.2893482744693756
    },
    "right_eye": {
        "x": 0.7505856156349182,
        "y": 0.4792734384536743,
        "z": -0.28941595554351807
    },
    "right_eye_outer": {
        "x": 0.7508337497711182,
        "y": 0.4773445427417755,
        "z": -0.2895159423351288
    },
    "left_ear": {
        "x": 0.776939332485199,
        "y": 0.5047454833984375,
        "z": -0.31285426020622253
    },
    "right_ear": {
        "x": 0.7571196556091309,
        "y": 0.49134668707847595,
        "z": -0.2223731428384781
    },
    "mouth_left": {
        "x": 0.750784695148468,
        "y": 0.5201839208602905,
        "z": -0.2932151257991791
    },
    "mouth_right": {
        "x": 0.7449865937232971,
        "y": 0.5157976150512695,
        "z": -0.2672087252140045
    },
    "left_shoulder": {
        "x": 0.7927192449569702,
        "y": 0.63381028175354,
        "z": -0.31444621086120605
    },
    "right_shoulder": {
        "x": 0.7513613700866699,
        "y": 0.551447331905365,
        "z": -0.11717403680086136
    },
    "left_elbow": {
        "x": 0.7709324359893799,
        "y": 0.7800463438034058,
        "z": -0.3224278390407562
    },
    "right_elbow": {
        "x": 0.727644145488739,
        "y": 0.6386076211929321,
        "z": -0.021009307354688644
    },
    "left_wrist": {
        "x": 0.7057559490203857,
        "y": 0.7867816686630249,
        "z": -0.31833940744400024
    },
    "right_wrist": {
        "x": 0.6892589330673218,
        "y": 0.6789982318878174,
        "z": -0.014877934008836746
    },
    "left_pinky": {
        "x": 0.6886593103408813,
        "y": 0.8031439185142517,
        "z": -0.3446515202522278
    },
    "right_pinky": {
        "x": 0.6688228845596313,
        "y": 0.68161940574646,
        "z": -0.019832216203212738
    },
    "left_index": {
        "x": 0.6815711855888367,
        "y": 0.7873650789260864,
        "z": -0.3484480679035187
    },
    "right_index": {
        "x": 0.6669483184814453,
        "y": 0.6815842390060425,
        "z": -0.04022378474473953
    },
    "left_thumb": {
        "x": 0.6863517761230469,
        "y": 0.7813612818717957,
        "z": -0.3185790777206421
    },
    "right_thumb": {
        "x": 0.6733462810516357,
        "y": 0.6833214163780212,
        "z": -0.02403750829398632
    },
    "left_hip": {
        "x": 0.7557771801948547,
        "y": 0.7936418652534485,
        "z": -0.05717208981513977
    },
    "right_hip": {
        "x": 0.7285476922988892,
        "y": 0.7370349764823914,
        "z": 0.057079706341028214
    },
    "left_knee": {
        "x": 0.6986583471298218,
        "y": 0.8906742334365845,
        "z": 0.014852846041321754
    },
    "right_knee": {
        "x": 0.6709875464439392,
        "y": 0.8129350543022156,
        "z": 0.13815557956695557
    },
    "left_ankle": {
        "x": 0.6858024597167969,
        "y": 0.9760566353797913,
        "z": 0.19035838544368744
    },
    "right_ankle": {
        "x": 0.6937951445579529,
        "y": 0.9195932745933533,
        "z": 0.31902194023132324
    },
    "left_heel": {
        "x": 0.6966516971588135,
        "y": 0.9977696537971497,
        "z": 0.20773190259933472
    },
    "right_heel": {
        "x": 0.6937223672866821,
        "y": 0.9344824552536011,
        "z": 0.3376680612564087
    },
    "left_foot_index": {
        "x": 0.6492149829864502,
        "y": 0.9814683198928833,
        "z": 0.1826307326555252
    },
    "right_foot_index": {
        "x": 0.6568790674209595,
        "y": 0.9549141526222229,
        "z": 0.3333702087402344
    }
}