{
    "nose": {
        "x": 0.17241768538951874,
        "y": 0.2618776559829712,
        "z": -0.16835160553455353
    },
    "left_eye_inner": {
        "x": 0.17511111497879028,
        "y": 0.2499697506427765,
        "z": -0.16962839663028717
    },
    "left_eye": {
        "x": 0.17503365874290466,
        "y": 0.2487083524465561,
        "z": -0.16962884366512299
    },
    "left_eye_outer": {
        "x": 0.1749701052904129,
        "y": 0.24708488583564758,
        "z": -0.16965356469154358
    },
    "right_eye_inner": {
        "x": 0.17442898452281952,
        "y": 0.25027090311050415,
        "z": -0.18651165068149567
    },
    "right_eye": {
        "x": 0.17408078908920288,
        "y": 0.24925169348716736,
        "z": -0.18657396733760834
    },
    "right_eye_outer": {
        "x": 0.1736931949853897,
        "y": 0.24830986559391022,
        "z": -0.18662820756435394
    },
    "left_ear": {
        "x": 0.16878244280815125,
        "y": 0.2405073493719101,
        "z": -0.14703787863254547
    },
    "right_ear": {
        "x": 0.1641601324081421,
        "y": 0.243092343211174,
        "z": -0.2241889387369156
    },
    "mouth_left": {
        "x": 0.1657886952161789,
        "y": 0.26478633284568787,
        "z": -0.15441903471946716
    },
    "mouth_right": {
        "x": 0.16552266478538513,
        "y": 0.2647187411785126,
        "z": -0.17695625126361847
    },
    "left_shoulder": {
        "x": 0.1396641582250595,
        "y": 0.2516857385635376,
        "z": -0.09354379773139954
    },
    "right_shoulder": {
        "x": 0.13620421290397644,
        "y": 0.3047320246696472,
        "z": -0.218131884932518
    },
    "left_elbow": {
        "x": 0.16170768439769745,
        "y": 0.25480473041534424,
        "z": -0.02512814849615097
    },
    "right_elbow": {
        "x": 0.14896827936172485,
        "y": 0.39158982038497925,
        "z": -0.20698660612106323
    },
    "left_wrist": {
        "x": 0.19232463836669922,
        "y": 0.2414737343788147,
        "z": 0.025212030857801437
    },
    "right_wrist": {
        "x": 0.17239198088645935,
        "y": 0.45612213015556335,
        "z": -0.1817355751991272
    },
    "left_pinky": {
        "x": 0.19834503531455994,
        "y": 0.2290899008512497,
        "z": 0.030497264117002487
    },
    "right_pinky": {
        "x": 0.17605434358119965,
        "y": 0.47711309790611267,
        "z": -0.19374515116214752
    },
    "left_index": {
        "x": 0.19954805076122284,
        "y": 0.22995969653129578,
        "z": 0.017017707228660583
    },
    "right_index": {
        "x": 0.17994242906570435,
        "y": 0.47020480036735535,
        "z": -0.2016219198703766
    },
    "left_thumb": {
        "x": 0.1982959806919098,
        "y": 0.2320059835910797,
        "z": 0.020039645954966545
    },
    "right_thumb": {
        "x": 0.17863784730434418,
        "y": 0.46106940507888794,
        "z": -0.18422071635723114
    },
    "left_hip": {
        "x": 0.14962157607078552,
        "y": 0.3895438015460968,
        "z": 0.03791510686278343
    },
    "right_hip": {
        "x": 0.14777982234954834,
        "y": 0.41633662581443787,
        "z": -0.03792491927742958
    },
    "left_knee": {
        "x": 0.1718549132347107,
        "y": 0.44261544942855835,
        "z": 0.11473269760608673
    },
    "right_knee": {
        "x": 0.18088264763355255,
        "y": 0.4413098096847534,
        "z": 0.0435747355222702
    },
    "left_ankle": {
        "x": 0.17187634110450745,
        "y": 0.5236093997955322,
        "z": 0.23680439591407776
    },
    "right_ankle": {
        "x": 0.19424320757389069,
        "y": 0.5250516533851624,
        "z": 0.17023427784442902
    },
    "left_heel": {
        "x": 0.16700862348079681,
        "y": 0.5359065532684326,
        "z": 0.2483307272195816
    },
    "right_heel": {
        "x": 0.19093771278858185,
        "y": 0.5395682454109192,
        "z": 0.18225567042827606
    },
    "left_foot_index": {
        "x": 0.1867356151342392,
        "y": 0.540155291557312,
        "z": 0.23835930228233337
    },
    "right_foot_index": {
        "x": 0.21551747620105743,
        "y": 0.5321347713470459,
        "z": 0.16988813877105713
    }
}