{
    "nose": {
        "x": 0.2159930020570755,
        "y": 0.6588546633720398,
        "z": -0.4254509210586548
    },
    "left_eye_inner": {
        "x": 0.22291822731494904,
        "y": 0.6403138637542725,
        "z": -0.4368700683116913
    },
    "left_eye": {
        "x": 0.22685737907886505,
        "y": 0.6405603289604187,
        "z": -0.43684709072113037
    },
    "left_eye_outer": {
        "x": 0.23640000820159912,
        "y": 0.6465553045272827,
        "z": -0.4370141625404358
    },
    "right_eye_inner": {
        "x": 0.21636399626731873,
        "y": 0.6365959644317627,
        "z": -0.4257580637931824
    },
    "right_eye": {
        "x": 0.2156410664319992,
        "y": 0.6345077157020569,
        "z": -0.42584678530693054
    },
    "right_eye_outer": {
        "x": 0.2153405249118805,
        "y": 0.6328529715538025,
        "z": -0.42579394578933716
    },
    "left_ear": {
        "x": 0.24621981382369995,
        "y": 0.6339514851570129,
        "z": -0.4073948562145233
    },
    "right_ear": {
        "x": 0.22709530591964722,
        "y": 0.6244937181472778,
        "z": -0.3614199161529541
    },
    "mouth_left": {
        "x": 0.22672004997730255,
        "y": 0.6681302785873413,
        "z": -0.40617287158966064
    },
    "mouth_right": {
        "x": 0.21732179820537567,
        "y": 0.6652502417564392,
        "z": -0.3930087983608246
    },
    "left_shoulder": {
        "x": 0.3094768822193146,
        "y": 0.6759569644927979,
        "z": -0.3359827697277069
    },
    "right_shoulder": {
        "x": 0.23256435990333557,
        "y": 0.6369126439094543,
        "z": -0.2462109625339508
    },
    "left_elbow": {
        "x": 0.3762328326702118,
        "y": 0.6863900423049927,
        "z": -0.25729289650917053
    },
    "right_elbow": {
        "x": 0.23562191426753998,
        "y": 0.6765735149383545,
        "z": -0.0854310616850853
    },
    "left_wrist": {
        "x": 0.35654476284980774,
        "y": 0.7635636925697327,
        "z": -0.19982530176639557
    },
    "right_wrist": {
        "x": 0.21485723555088043,
        "y": 0.7053938508033752,
        "z": 0.015055452473461628
    },
    "left_pinky": {
        "x": 0.35868585109710693,
        "y": 0.7900561094284058,
        "z": -0.226223886013031
    },
    "right_pinky": {
        "x": 0.20313367247581482,
        "y": 0.69915771484375,
        "z": 0.021349875256419182
    },
    "left_index": {
        "x": 0.3471849858760834,
        "y": 0.791108250617981,
        "z": -0.2343500852584839
    },
    "right_index": {
        "x": 0.21170109510421753,
        "y": 0.7050846219062805,
        "z": 0.0024558536242693663
    },
    "left_thumb": {
        "x": 0.3449109196662903,
        "y": 0.7821034789085388,
        "z": -0.20299187302589417
    },
    "right_thumb": {
        "x": 0.21932893991470337,
        "y": 0.7146948575973511,
        "z": 0.0114957420155406
    },
    "left_hip": {
        "x": 0.35164183378219604,
        "y": 0.6721661686897278,
        "z": -0.02730650268495083
    },
    "right_hip": {
        "x": 0.31550878286361694,
        "y": 0.6552397012710571,
        "z": 0.02729705534875393
    },
    "left_knee": {
        "x": 0.3427778482437134,
        "y": 0.6774676442146301,
        "z": 0.2002299278974533
    },
    "right_knee": {
        "x": 0.28610488772392273,
        "y": 0.6406034231185913,
        "z": 0.2629125714302063
    },
    "left_ankle": {
        "x": 0.33120840787887573,
        "y": 0.6746324896812439,
        "z": 0.4682856500148773
    },
    "right_ankle": {
        "x": 0.2852380871772766,
        "y": 0.6466119289398193,
        "z": 0.5268921852111816
    },
    "left_heel": {
        "x": 0.3325161635875702,
        "y": 0.6759981513023376,
        "z": 0.4987562894821167
    },
    "right_heel": {
        "x": 0.2887697219848633,
        "y": 0.6452073454856873,
        "z": 0.5580326318740845
    },
    "left_foot_index": {
        "x": 0.31462714076042175,
        "y": 0.687110960483551,
        "z": 0.4972868859767914
    },
    "right_foot_index": {
        "x": 0.26791003346443176,
        "y": 0.6591082811355591,
        "z": 0.5676106214523315
    }
}