{
    "nose": {
        "x": 0.31537455320358276,
        "y": 0.6369850635528564,
        "z": -0.31174740195274353
    },
    "left_eye_inner": {
        "x": 0.30021151900291443,
        "y": 0.6104357242584229,
        "z": -0.3186524510383606
    },
    "left_eye": {
        "x": 0.2978411912918091,
        "y": 0.6058613061904907,
        "z": -0.3185969591140747
    },
    "left_eye_outer": {
        "x": 0.2954939007759094,
        "y": 0.6013036370277405,
        "z": -0.3186829090118408
    },
    "right_eye_inner": {
        "x": 0.31108731031417847,
        "y": 0.6505364775657654,
        "z": -0.3092057704925537
    },
    "right_eye": {
        "x": 0.3116306960582733,
        "y": 0.6525364518165588,
        "z": -0.3092997372150421
    },
    "right_eye_outer": {
        "x": 0.3115161061286926,
        "y": 0.6536115407943726,
        "z": -0.30938366055488586
    },
    "left_ear": {
        "x": 0.2861744165420532,
        "y": 0.5914720892906189,
        "z": -0.2739980220794678
    },
    "right_ear": {
        "x": 0.3007967472076416,
        "y": 0.6334372758865356,
        "z": -0.2323271632194519
    },
    "mouth_left": {
        "x": 0.3109278678894043,
        "y": 0.6175615787506104,
        "z": -0.2870875895023346
    },
    "mouth_right": {
        "x": 0.31866759061813354,
        "y": 0.6322057843208313,
        "z": -0.27524441480636597
    },
    "left_shoulder": {
        "x": 0.2856692373752594,
        "y": 0.5434233546257019,
        "z": -0.21423006057739258
    },
    "right_shoulder": {
        "x": 0.3182935416698456,
        "y": 0.6435863971710205,
        "z": -0.115299291908741
    },
    "left_elbow": {
        "x": 0.3173484206199646,
        "y": 0.47475215792655945,
        "z": -0.23874525725841522
    },
    "right_elbow": {
        "x": 0.36668673157691956,
        "y": 0.6699425578117371,
        "z": -0.07546167820692062
    },
    "left_wrist": {
        "x": 0.31208115816116333,
        "y": 0.4965580105781555,
        "z": -0.32706937193870544
    },
    "right_wrist": {
        "x": 0.3608168661594391,
        "y": 0.7393512725830078,
        "z": -0.12800845503807068
    },
    "left_pinky": {
        "x": 0.3079475164413452,
        "y": 0.490850031375885,
        "z": -0.34566575288772583
    },
    "right_pinky": {
        "x": 0.3526502549648285,
        "y": 0.7336632013320923,
        "z": -0.1327124834060669
    },
    "left_index": {
        "x": 0.30224642157554626,
        "y": 0.5018988251686096,
        "z": -0.3468559980392456
    },
    "right_index": {
        "x": 0.34950241446495056,
        "y": 0.7682566046714783,
        "z": -0.14357826113700867
    },
    "left_thumb": {
        "x": 0.30696552991867065,
        "y": 0.5074260830879211,
        "z": -0.32811298966407776
    },
    "right_thumb": {
        "x": 0.35296714305877686,
        "y": 0.7547896504402161,
        "z": -0.13248440623283386
    },
    "left_hip": {
        "x": 0.3738670349121094,
        "y": 0.45903342962265015,
        "z": -0.04633611813187599
    },
    "right_hip": {
        "x": 0.3918992280960083,
        "y": 0.5159680843353271,
        "z": 0.04637511074542999
    },
    "left_knee": {
        "x": 0.4243799149990082,
        "y": 0.44768524169921875,
        "z": -0.24009862542152405
    },
    "right_knee": {
        "x": 0.45739051699638367,
        "y": 0.553996741771698,
        "z": -0.17109012603759766
    },
    "left_ankle": {
        "x": 0.4647132456302643,
        "y": 0.39802291989326477,
        "z": -0.09766712784767151
    },
    "right_ankle": {
        "x": 0.4969019293785095,
        "y": 0.44323453307151794,
        "z": -0.0719066932797432
    },
    "left_heel": {
        "x": 0.4666602313518524,
        "y": 0.38666826486587524,
        "z": -0.08246160298585892
    },
    "right_heel": {
        "x": 0.4968831241130829,
        "y": 0.4232197403907776,
        "z": -0.061034105718135834
    },
    "left_foot_index": {
        "x": 0.48729145526885986,
        "y": 0.390269011259079,
        "z": -0.12316575646400452
    },
    "right_foot_index": {
        "x": 0.5266321897506714,
        "y": 0.4286267161369324,
        "z": -0.11097413301467896
    }
}