{
    "nose": {
        "x": 0.23266711831092834,
        "y": 0.6796241402626038,
        "z": -0.4712008535861969
    },
    "left_eye_inner": {
        "x": 0.23714938759803772,
        "y": 0.6604651212692261,
        "z": -0.4666154980659485
    },
    "left_eye": {
        "x": 0.24033507704734802,
        "y": 0.6573262810707092,
        "z": -0.46658557653427124
    },
    "left_eye_outer": {
        "x": 0.24354219436645508,
        "y": 0.6535494327545166,
        "z": -0.4667542576789856
    },
    "right_eye_inner": {
        "x": 0.2309333235025406,
        "y": 0.665506899356842,
        "z": -0.45036742091178894
    },
    "right_eye": {
        "x": 0.22967340052127838,
        "y": 0.6662375926971436,
        "z": -0.4505288004875183
    },
    "right_eye_outer": {
        "x": 0.227867990732193,
        "y": 0.6674023866653442,
        "z": -0.45045727491378784
    },
    "left_ear": {
        "x": 0.25903546810150146,
        "y": 0.6428573131561279,
        "z": -0.4057646095752716
    },
    "right_ear": {
        "x": 0.23568077385425568,
        "y": 0.6668804883956909,
        "z": -0.33248892426490784
    },
    "mouth_left": {
        "x": 0.24432680010795593,
        "y": 0.684946596622467,
        "z": -0.44508063793182373
    },
    "mouth_right": {
        "x": 0.23471231758594513,
        "y": 0.6925579905509949,
        "z": -0.42410197854042053
    },
    "left_shoulder": {
        "x": 0.3026047945022583,
        "y": 0.6779677867889404,
        "z": -0.3958647847175598
    },
    "right_shoulder": {
        "x": 0.24638314545154572,
        "y": 0.7011265158653259,
        "z": -0.19335249066352844
    },
    "left_elbow": {
        "x": 0.31077849864959717,
        "y": 0.8053426146507263,
        "z": -0.4387800991535187
    },
    "right_elbow": {
        "x": 0.26298725605010986,
        "y": 0.7999101877212524,
        "z": -0.1635744869709015
    },
    "left_wrist": {
        "x": 0.2823139727115631,
        "y": 0.9137338995933533,
        "z": -0.47250616550445557
    },
    "right_wrist": {
        "x": 0.26569604873657227,
        "y": 0.9129416942596436,
        "z": -0.20393209159374237
    },
    "left_pinky": {
        "x": 0.28318101167678833,
        "y": 0.947600245475769,
        "z": -0.5275864005088806
    },
    "right_pinky": {
        "x": 0.2315041869878769,
        "y": 0.9106186628341675,
        "z": -0.2106560468673706
    },
    "left_index": {
        "x": 0.2736963629722595,
        "y": 0.9485713243484497,
        "z": -0.5061411261558533
    },
    "right_index": {
        "x": 0.25590962171554565,
        "y": 0.9435953497886658,
        "z": -0.24557176232337952
    },
    "left_thumb": {
        "x": 0.27413398027420044,
        "y": 0.9378355741500854,
        "z": -0.4685724377632141
    },
    "right_thumb": {
        "x": 0.2674500346183777,
        "y": 0.9310335516929626,
        "z": -0.21946081519126892
    },
    "left_hip": {
        "x": 0.3975542485713959,
        "y": 0.6313175559043884,
        "z": -0.06679778546094894
    },
    "right_hip": {
        "x": 0.3697248697280884,
        "y": 0.6268200278282166,
        "z": 0.06650150567293167
    },
    "left_knee": {
        "x": 0.4103330373764038,
        "y": 0.6400061249732971,
        "z": -0.09083045274019241
    },
    "right_knee": {
        "x": 0.3845411539077759,
        "y": 0.5906265377998352,
        "z": 0.13098929822444916
    },
    "left_ankle": {
        "x": 0.43253907561302185,
        "y": 0.5194998383522034,
        "z": 0.10705073177814484
    },
    "right_ankle": {
        "x": 0.4241119623184204,
        "y": 0.5228835344314575,
        "z": 0.3111552596092224
    },
    "left_heel": {
        "x": 0.4254840016365051,
        "y": 0.49146583676338196,
        "z": 0.13026273250579834
    },
    "right_heel": {
        "x": 0.4234108626842499,
        "y": 0.5110141634941101,
        "z": 0.3324475884437561
    },
    "left_foot_index": {
        "x": 0.4564026892185211,
        "y": 0.5079377889633179,
        "z": 0.1338510811328888
    },
    "right_foot_index": {
        "x": 0.44965052604675293,
        "y": 0.5109522938728333,
        "z": 0.3292256295681
    }
}