{
    "nose": {
        "x": 0.19902774691581726,
        "y": 0.8299993276596069,
        "z": -0.09842734038829803
    },
    "left_eye_inner": {
        "x": 0.20447903871536255,
        "y": 0.8349379301071167,
        "z": -0.09973598271608353
    },
    "left_eye": {
        "x": 0.20493465662002563,
        "y": 0.8388718962669373,
        "z": -0.09975413978099823
    },
    "left_eye_outer": {
        "x": 0.2053365260362625,
        "y": 0.8413177728652954,
        "z": -0.09984087198972702
    },
    "right_eye_inner": {
        "x": 0.2024524062871933,
        "y": 0.8257961273193359,
        "z": -0.09398064762353897
    },
    "right_eye": {
        "x": 0.20159971714019775,
        "y": 0.8238115906715393,
        "z": -0.09392998367547989
    },
    "right_eye_outer": {
        "x": 0.20099052786827087,
        "y": 0.8217765092849731,
        "z": -0.09400591254234314
    },
    "left_ear": {
        "x": 0.20151983201503754,
        "y": 0.8421356678009033,
        "z": -0.06690818071365356
    },
    "right_ear": {
        "x": 0.1978457272052765,
        "y": 0.8211456537246704,
        "z": -0.04044456034898758
    },
    "mouth_left": {
        "x": 0.19455887377262115,
        "y": 0.8389425277709961,
        "z": -0.08283229172229767
    },
    "mouth_right": {
        "x": 0.19337138533592224,
        "y": 0.8274124264717102,
        "z": -0.07548341155052185
    },
    "left_shoulder": {
        "x": 0.18221162259578705,
        "y": 0.8746756315231323,
        "z": -0.05361940711736679
    },
    "right_shoulder": {
        "x": 0.17338985204696655,
        "y": 0.8222513794898987,
        "z": 0.007590498309582472
    },
    "left_elbow": {
        "x": 0.1365630328655243,
        "y": 0.8792011737823486,
        "z": -0.04295521602034569
    },
    "right_elbow": {
        "x": 0.1347905546426773,
        "y": 0.8198413848876953,
        "z": -0.003800242207944393
    },
    "left_wrist": {
        "x": 0.14843568205833435,
        "y": 0.8313332200050354,
        "z": -0.02308962121605873
    },
    "right_wrist": {
        "x": 0.16020150482654572,
        "y": 0.8022300601005554,
        "z": -0.06308484077453613
    },
    "left_pinky": {
        "x": 0.14909356832504272,
        "y": 0.820861279964447,
        "z": -0.02455638162791729
    },
    "right_pinky": {
        "x": 0.16458258032798767,
        "y": 0.7983441948890686,
        "z": -0.07084251940250397
    },
    "left_index": {
        "x": 0.15551775693893433,
        "y": 0.8212059736251831,
        "z": -0.020874911919236183
    },
    "right_index": {
        "x": 0.16935676336288452,
        "y": 0.7948093414306641,
        "z": -0.07415765523910522
    },
    "left_thumb": {
        "x": 0.1544749140739441,
        "y": 0.8225130438804626,
        "z": -0.019241375848650932
    },
    "right_thumb": {
        "x": 0.16735896468162537,
        "y": 0.8004947304725647,
        "z": -0.06593212485313416
    },
    "left_hip": {
        "x": 0.09413187950849533,
        "y": 0.8935827612876892,
        "z": -0.019667750224471092
    },
    "right_hip": {
        "x": 0.09124384075403214,
        "y": 0.8556169271469116,
        "z": 0.01992134191095829
    },
    "left_knee": {
        "x": 0.02757134847342968,
        "y": 0.9140815138816833,
        "z": 0.04172435775399208
    },
    "right_knee": {
        "x": 0.022693227976560593,
        "y": 0.8786846399307251,
        "z": 0.06874143332242966
    },
    "left_ankle": {
        "x": -0.03190220892429352,
        "y": 0.9169304966926575,
        "z": 0.14688549935817719
    },
    "right_ankle": {
        "x": -0.04299192130565643,
        "y": 0.9017923474311829,
        "z": 0.14577721059322357
    },
    "left_heel": {
        "x": -0.04351551830768585,
        "y": 0.938742995262146,
        "z": 0.15483766794204712
    },
    "right_heel": {
        "x": -0.050569579005241394,
        "y": 0.9063404202461243,
        "z": 0.1515662968158722
    },
    "left_foot_index": {
        "x": -0.05169732868671417,
        "y": 0.9334211945533752,
        "z": 0.09383250027894974
    },
    "right_foot_index": {
        "x": -0.06076417863368988,
        "y": 0.9031475782394409,
        "z": 0.08036559075117111
    }
}