{
    "nose": {
        "x": 0.14692986011505127,
        "y": 0.746124267578125,
        "z": -0.16749230027198792
    },
    "left_eye_inner": {
        "x": 0.14260350167751312,
        "y": 0.7420004606246948,
        "z": -0.18744197487831116
    },
    "left_eye": {
        "x": 0.1434178203344345,
        "y": 0.7403751015663147,
        "z": -0.18742410838603973
    },
    "left_eye_outer": {
        "x": 0.14432036876678467,
        "y": 0.7387824654579163,
        "z": -0.18743209540843964
    },
    "right_eye_inner": {
        "x": 0.13961955904960632,
        "y": 0.7423415780067444,
        "z": -0.17043013870716095
    },
    "right_eye": {
        "x": 0.13833977282047272,
        "y": 0.7408567667007446,
        "z": -0.1705053299665451
    },
    "right_eye_outer": {
        "x": 0.13709916174411774,
        "y": 0.7394185662269592,
        "z": -0.1705300658941269
    },
    "left_ear": {
        "x": 0.14494530856609344,
        "y": 0.7190621495246887,
        "z": -0.22392545640468597
    },
    "right_ear": {
        "x": 0.1367093026638031,
        "y": 0.7185393571853638,
        "z": -0.14762097597122192
    },
    "mouth_left": {
        "x": 0.1541026085615158,
        "y": 0.7332417368888855,
        "z": -0.17426122725009918
    },
    "mouth_right": {
        "x": 0.15164068341255188,
        "y": 0.7338648438453674,
        "z": -0.1521666944026947
    },
    "left_shoulder": {
        "x": 0.195390522480011,
        "y": 0.7049806714057922,
        "z": -0.2199430912733078
    },
    "right_shoulder": {
        "x": 0.14157438278198242,
        "y": 0.663013219833374,
        "z": -0.07603684812784195
    },
    "left_elbow": {
        "x": 0.2323465347290039,
        "y": 0.7734265923500061,
        "z": -0.1991121470928192
    },
    "right_elbow": {
        "x": 0.1533663272857666,
        "y": 0.7072343826293945,
        "z": 0.08065784722566605
    },
    "left_wrist": {
        "x": 0.19538313150405884,
        "y": 0.832256555557251,
        "z": -0.14644086360931396
    },
    "right_wrist": {
        "x": 0.14776073396205902,
        "y": 0.7712579369544983,
        "z": 0.16629084944725037
    },
    "left_pinky": {
        "x": 0.19087329506874084,
        "y": 0.8533332347869873,
        "z": -0.1718827188014984
    },
    "right_pinky": {
        "x": 0.14073629677295685,
        "y": 0.7852603793144226,
        "z": 0.16992096602916718
    },
    "left_index": {
        "x": 0.182647243142128,
        "y": 0.8487439751625061,
        "z": -0.17629514634609222
    },
    "right_index": {
        "x": 0.1442386656999588,
        "y": 0.7846540212631226,
        "z": 0.14704649150371552
    },
    "left_thumb": {
        "x": 0.18331918120384216,
        "y": 0.8423973917961121,
        "z": -0.14885938167572021
    },
    "right_thumb": {
        "x": 0.14852286875247955,
        "y": 0.7855587005615234,
        "z": 0.15931397676467896
    },
    "left_hip": {
        "x": 0.2735963463783264,
        "y": 0.6269825100898743,
        "z": -0.056315306574106216
    },
    "right_hip": {
        "x": 0.24705475568771362,
        "y": 0.6107861995697021,
        "z": 0.056253984570503235
    },
    "left_knee": {
        "x": 0.27249032258987427,
        "y": 0.6807419061660767,
        "z": 0.09703729301691055
    },
    "right_knee": {
        "x": 0.25319644808769226,
        "y": 0.6792051196098328,
        "z": 0.21387356519699097
    },
    "left_ankle": {
        "x": 0.30097803473472595,
        "y": 0.6715471148490906,
        "z": 0.2924022674560547
    },
    "right_ankle": {
        "x": 0.29814058542251587,
        "y": 0.6644821763038635,
        "z": 0.40760159492492676
    },
    "left_heel": {
        "x": 0.3072786331176758,
        "y": 0.6597825884819031,
        "z": 0.3151242136955261
    },
    "right_heel": {
        "x": 0.3067884147167206,
        "y": 0.6517021656036377,
        "z": 0.4302818179130554
    },
    "left_foot_index": {
        "x": 0.30392226576805115,
        "y": 0.712959349155426,
        "z": 0.33588072657585144
    },
    "right_foot_index": {
        "x": 0.30533722043037415,
        "y": 0.70451819896698,
        "z": 0.45048823952674866
    }
}