{
    "nose": {
        "x": 0.18865624070167542,
        "y": 0.05180877447128296,
        "z": -0.002863762667402625
    },
    "left_eye_inner": {
        "x": 0.18630748987197876,
        "y": 0.04099220037460327,
        "z": -0.020475201308727264
    },
    "left_eye": {
        "x": 0.1838030070066452,
        "y": 0.040438856929540634,
        "z": -0.020457878708839417
    },
    "left_eye_outer": {
        "x": 0.18110643327236176,
        "y": 0.0399075411260128,
        "z": -0.020477259531617165
    },
    "right_eye_inner": {
        "x": 0.19204825162887573,
        "y": 0.041769061237573624,
        "z": -0.02749854512512684
    },
    "right_eye": {
        "x": 0.19366402924060822,
        "y": 0.04180869087576866,
        "z": -0.027446692809462547
    },
    "right_eye_outer": {
        "x": 0.19530466198921204,
        "y": 0.04199453815817833,
        "z": -0.027495302259922028
    },
    "left_ear": {
        "x": 0.17431509494781494,
        "y": 0.042840395122766495,
        "z": -0.06428371369838715
    },
    "right_ear": {
        "x": 0.19630393385887146,
        "y": 0.04574021324515343,
        "z": -0.09522685408592224
    },
    "mouth_left": {
        "x": 0.18366216123104095,
        "y": 0.060279250144958496,
        "z": -0.012212024070322514
    },
    "mouth_right": {
        "x": 0.189764142036438,
        "y": 0.061627473682165146,
        "z": -0.021151190623641014
    },
    "left_shoulder": {
        "x": 0.14425262808799744,
        "y": 0.10129733383655548,
        "z": -0.04160460829734802
    },
    "right_shoulder": {
        "x": 0.2012215554714203,
        "y": 0.1079864501953125,
        "z": -0.12996138632297516
    },
    "left_elbow": {
        "x": 0.14858701825141907,
        "y": 0.1677861213684082,
        "z": 0.05337388813495636
    },
    "right_elbow": {
        "x": 0.21537069976329803,
        "y": 0.20094040036201477,
        "z": -0.10558860003948212
    },
    "left_wrist": {
        "x": 0.1627282351255417,
        "y": 0.2052353471517563,
        "z": 0.13838744163513184
    },
    "right_wrist": {
        "x": 0.23562204837799072,
        "y": 0.27331188321113586,
        "z": -0.04972740635275841
    },
    "left_pinky": {
        "x": 0.1644461452960968,
        "y": 0.2120075821876526,
        "z": 0.14913146197795868
    },
    "right_pinky": {
        "x": 0.2389048933982849,
        "y": 0.2935629189014435,
        "z": -0.055606041103601456
    },
    "left_index": {
        "x": 0.1699037402868271,
        "y": 0.21038641035556793,
        "z": 0.14073209464550018
    },
    "right_index": {
        "x": 0.2379601150751114,
        "y": 0.29018375277519226,
        "z": -0.05779601261019707
    },
    "left_thumb": {
        "x": 0.17139536142349243,
        "y": 0.20956721901893616,
        "z": 0.13754726946353912
    },
    "right_thumb": {
        "x": 0.23590192198753357,
        "y": 0.281125545501709,
        "z": -0.04857034981250763
    },
    "left_hip": {
        "x": 0.15132758021354675,
        "y": 0.2977314591407776,
        "z": 0.024812815710902214
    },
    "right_hip": {
        "x": 0.1883362978696823,
        "y": 0.2988439202308655,
        "z": -0.024985527619719505
    },
    "left_knee": {
        "x": 0.15653127431869507,
        "y": 0.3780990242958069,
        "z": 0.17314235866069794
    },
    "right_knee": {
        "x": 0.19079528748989105,
        "y": 0.3819027543067932,
        "z": 0.13486380875110626
    },
    "left_ankle": {
        "x": 0.1596187800168991,
        "y": 0.48586446046829224,
        "z": 0.3050791323184967
    },
    "right_ankle": {
        "x": 0.1975225955247879,
        "y": 0.486806720495224,
        "z": 0.27579227089881897
    },
    "left_heel": {
        "x": 0.16081655025482178,
        "y": 0.5067753791809082,
        "z": 0.31962814927101135
    },
    "right_heel": {
        "x": 0.1948804408311844,
        "y": 0.5056562423706055,
        "z": 0.2920989990234375
    },
    "left_foot_index": {
        "x": 0.16668960452079773,
        "y": 0.48052018880844116,
        "z": 0.3250349164009094
    },
    "right_foot_index": {
        "x": 0.2031676471233368,
        "y": 0.48735204339027405,
        "z": 0.2968809902667999
    }
}