{
    "nose": {
        "x": 0.11738422513008118,
        "y": 0.44302240014076233,
        "z": -0.2708417773246765
    },
    "left_eye_inner": {
        "x": 0.11669299751520157,
        "y": 0.43558469414711,
        "z": -0.27677834033966064
    },
    "left_eye": {
        "x": 0.11662116646766663,
        "y": 0.4356926679611206,
        "z": -0.2767890989780426
    },
    "left_eye_outer": {
        "x": 0.11669615656137466,
        "y": 0.4356890320777893,
        "z": -0.27687305212020874
    },
    "right_eye_inner": {
        "x": 0.11698317527770996,
        "y": 0.4343165159225464,
        "z": -0.2695605456829071
    },
    "right_eye": {
        "x": 0.11713841557502747,
        "y": 0.43359020352363586,
        "z": -0.26959335803985596
    },
    "right_eye_outer": {
        "x": 0.11697595566511154,
        "y": 0.4327998161315918,
        "z": -0.26960545778274536
    },
    "left_ear": {
        "x": 0.11688987910747528,
        "y": 0.4363093972206116,
        "z": -0.2539803981781006
    },
    "right_ear": {
        "x": 0.11719062179327011,
        "y": 0.43310049176216125,
        "z": -0.22156542539596558
    },
    "mouth_left": {
        "x": 0.11860083788633347,
        "y": 0.44933372735977173,
        "z": -0.25717660784721375
    },
    "mouth_right": {
        "x": 0.11807561665773392,
        "y": 0.4483864903450012,
        "z": -0.24820281565189362
    },
    "left_shoulder": {
        "x": 0.13017581403255463,
        "y": 0.47582611441612244,
        "z": -0.22406844794750214
    },
    "right_shoulder": {
        "x": 0.11357652395963669,
        "y": 0.4689860939979553,
        "z": -0.12726573646068573
    },
    "left_elbow": {
        "x": 0.16006240248680115,
        "y": 0.5350188612937927,
        "z": -0.22748547792434692
    },
    "right_elbow": {
        "x": 0.13867123425006866,
        "y": 0.5015211701393127,
        "z": -0.036529332399368286
    },
    "left_wrist": {
        "x": 0.18846648931503296,
        "y": 0.6032765507698059,
        "z": -0.24820572137832642
    },
    "right_wrist": {
        "x": 0.1508415788412094,
        "y": 0.5183619260787964,
        "z": 0.018926728516817093
    },
    "left_pinky": {
        "x": 0.19768983125686646,
        "y": 0.6173473000526428,
        "z": -0.262531578540802
    },
    "right_pinky": {
        "x": 0.1540258675813675,
        "y": 0.52464359998703,
        "z": 0.02859305590391159
    },
    "left_index": {
        "x": 0.19595609605312347,
        "y": 0.6223045587539673,
        "z": -0.27048709988594055
    },
    "right_index": {
        "x": 0.15198752284049988,
        "y": 0.5266736149787903,
        "z": 0.0094900606200099
    },
    "left_thumb": {
        "x": 0.19160431623458862,
        "y": 0.6181719899177551,
        "z": -0.2510874569416046
    },
    "right_thumb": {
        "x": 0.15140648186206818,
        "y": 0.5247372984886169,
        "z": 0.013592634350061417
    },
    "left_hip": {
        "x": 0.13519832491874695,
        "y": 0.5834702849388123,
        "z": -0.04203926399350166
    },
    "right_hip": {
        "x": 0.12103482335805893,
        "y": 0.5799367427825928,
        "z": 0.04209623858332634
    },
    "left_knee": {
        "x": 0.1197769045829773,
        "y": 0.6662692427635193,
        "z": -0.12542885541915894
    },
    "right_knee": {
        "x": 0.11148589849472046,
        "y": 0.6663477420806885,
        "z": 0.010949023999273777
    },
    "left_ankle": {
        "x": 0.15419477224349976,
        "y": 0.7242899537086487,
        "z": -0.01035976130515337
    },
    "right_ankle": {
        "x": 0.11902233958244324,
        "y": 0.7507820129394531,
        "z": 0.09733902662992477
    },
    "left_heel": {
        "x": 0.1636640429496765,
        "y": 0.7217708826065063,
        "z": 0.0003019688301719725
    },
    "right_heel": {
        "x": 0.12252617627382278,
        "y": 0.7583827972412109,
        "z": 0.10295455157756805
    },
    "left_foot_index": {
        "x": 0.15436050295829773,
        "y": 0.7729681134223938,
        "z": -0.039270445704460144
    },
    "right_foot_index": {
        "x": 0.1202985942363739,
        "y": 0.7919339537620544,
        "z": 0.04572895169258118
    }
}