{
    "nose": {
        "x": 0.21223753690719604,
        "y": 0.5388413071632385,
        "z": -0.017072753980755806
    },
    "left_eye_inner": {
        "x": 0.21519261598587036,
        "y": 0.5319162607192993,
        "z": -0.009630806744098663
    },
    "left_eye": {
        "x": 0.21674390137195587,
        "y": 0.5320775508880615,
        "z": -0.00964381080120802
    },
    "left_eye_outer": {
        "x": 0.21824726462364197,
        "y": 0.5321180820465088,
        "z": -0.009729644283652306
    },
    "right_eye_inner": {
        "x": 0.2108314484357834,
        "y": 0.5305337309837341,
        "z": -0.0074619934894144535
    },
    "right_eye": {
        "x": 0.20942866802215576,
        "y": 0.5298616886138916,
        "z": -0.007466807495802641
    },
    "right_eye_outer": {
        "x": 0.20791283249855042,
        "y": 0.5291256904602051,
        "z": -0.00743853859603405
    },
    "left_ear": {
        "x": 0.2216741144657135,
        "y": 0.5331465005874634,
        "z": 0.047666650265455246
    },
    "right_ear": {
        "x": 0.20665442943572998,
        "y": 0.5291387438774109,
        "z": 0.057187747210264206
    },
    "mouth_left": {
        "x": 0.21469832956790924,
        "y": 0.5459921956062317,
        "z": 0.006468703038990498
    },
    "mouth_right": {
        "x": 0.2092791497707367,
        "y": 0.5437979102134705,
        "z": 0.008858572691679
    },
    "left_shoulder": {
        "x": 0.2396213412284851,
        "y": 0.5620703101158142,
        "z": 0.08263955265283585
    },
    "right_shoulder": {
        "x": 0.1928592324256897,
        "y": 0.5451646447181702,
        "z": 0.0850369930267334
    },
    "left_elbow": {
        "x": 0.24953138828277588,
        "y": 0.6092119812965393,
        "z": 0.10626153647899628
    },
    "right_elbow": {
        "x": 0.17327335476875305,
        "y": 0.5329151153564453,
        "z": 0.025926437228918076
    },
    "left_wrist": {
        "x": 0.24896079301834106,
        "y": 0.6658110022544861,
        "z": 0.11958310753107071
    },
    "right_wrist": {
        "x": 0.17841005325317383,
        "y": 0.535537838935852,
        "z": -0.06654461473226547
    },
    "left_pinky": {
        "x": 0.2552909255027771,
        "y": 0.6761717200279236,
        "z": 0.12145092338323593
    },
    "right_pinky": {
        "x": 0.18081440031528473,
        "y": 0.5328340530395508,
        "z": -0.07925964146852493
    },
    "left_index": {
        "x": 0.25497087836265564,
        "y": 0.6770075559616089,
        "z": 0.10786543041467667
    },
    "right_index": {
        "x": 0.18613724410533905,
        "y": 0.534184455871582,
        "z": -0.08379080146551132
    },
    "left_thumb": {
        "x": 0.2515372335910797,
        "y": 0.6735888123512268,
        "z": 0.11551445722579956
    },
    "right_thumb": {
        "x": 0.18482013046741486,
        "y": 0.5367388129234314,
        "z": -0.07103434950113297
    },
    "left_hip": {
        "x": 0.20244114100933075,
        "y": 0.6692864894866943,
        "z": -0.005390294827520847
    },
    "right_hip": {
        "x": 0.17488260567188263,
        "y": 0.6494936347007751,
        "z": 0.005524945445358753
    },
    "left_knee": {
        "x": 0.2077094465494156,
        "y": 0.696512758731842,
        "z": -0.21108731627464294
    },
    "right_knee": {
        "x": 0.13913466036319733,
        "y": 0.6237550973892212,
        "z": -0.21011242270469666
    },
    "left_ankle": {
        "x": 0.17295007407665253,
        "y": 0.7949754595756531,
        "z": -0.2673707604408264
    },
    "right_ankle": {
        "x": 0.11931907385587692,
        "y": 0.7293905019760132,
        "z": -0.24542969465255737
    },
    "left_heel": {
        "x": 0.15422387421131134,
        "y": 0.8098281621932983,
        "z": -0.27604758739471436
    },
    "right_heel": {
        "x": 0.11895128339529037,
        "y": 0.7559092044830322,
        "z": -0.25120219588279724
    },
    "left_foot_index": {
        "x": 0.1817629486322403,
        "y": 0.8376064896583557,
        "z": -0.349199116230011
    },
    "right_foot_index": {
        "x": 0.09691474586725235,
        "y": 0.7607605457305908,
        "z": -0.31641480326652527
    }
}