{
    "nose": {
        "x": 0.6736874580383301,
        "y": 0.30736979842185974,
        "z": 0.012464042752981186
    },
    "left_eye_inner": {
        "x": 0.6742441654205322,
        "y": 0.29482337832450867,
        "z": -0.01276553887873888
    },
    "left_eye": {
        "x": 0.6735405921936035,
        "y": 0.29503127932548523,
        "z": -0.012799770571291447
    },
    "left_eye_outer": {
        "x": 0.6727164387702942,
        "y": 0.2953953444957733,
        "z": -0.012862563133239746
    },
    "right_eye_inner": {
        "x": 0.6772085428237915,
        "y": 0.2950127422809601,
        "z": -0.004114065319299698
    },
    "right_eye": {
        "x": 0.6787049770355225,
        "y": 0.295437216758728,
        "z": -0.00409948593005538
    },
    "right_eye_outer": {
        "x": 0.6804118156433105,
        "y": 0.29612958431243896,
        "z": -0.004150796681642532
    },
    "left_ear": {
        "x": 0.6740752458572388,
        "y": 0.303503155708313,
        "z": -0.08960843086242676
    },
    "right_ear": {
        "x": 0.6872687339782715,
        "y": 0.30505436658859253,
        "z": -0.04952936992049217
    },
    "mouth_left": {
        "x": 0.673279345035553,
        "y": 0.3189300298690796,
        "z": -0.009121584706008434
    },
    "mouth_right": {
        "x": 0.6769211292266846,
        "y": 0.3204212188720703,
        "z": 0.002518437569960952
    },
    "left_shoulder": {
        "x": 0.6556713581085205,
        "y": 0.372670441865921,
        "z": -0.11881276965141296
    },
    "right_shoulder": {
        "x": 0.7143009305000305,
        "y": 0.3897610306739807,
        "z": -0.04897939786314964
    },
    "left_elbow": {
        "x": 0.6533190011978149,
        "y": 0.4674787223339081,
        "z": -0.11498233675956726
    },
    "right_elbow": {
        "x": 0.7179049849510193,
        "y": 0.4878052771091461,
        "z": -0.042972490191459656
    },
    "left_wrist": {
        "x": 0.6553264856338501,
        "y": 0.5560261607170105,
        "z": -0.0909794270992279
    },
    "right_wrist": {
        "x": 0.6949405670166016,
        "y": 0.5597493052482605,
        "z": -0.047004133462905884
    },
    "left_pinky": {
        "x": 0.6569931507110596,
        "y": 0.5765525102615356,
        "z": -0.1019655168056488
    },
    "right_pinky": {
        "x": 0.6907223463058472,
        "y": 0.580898106098175,
        "z": -0.05125017464160919
    },
    "left_index": {
        "x": 0.6642535924911499,
        "y": 0.5642299652099609,
        "z": -0.10213697701692581
    },
    "right_index": {
        "x": 0.6884386539459229,
        "y": 0.5783527493476868,
        "z": -0.06305376440286636
    },
    "left_thumb": {
        "x": 0.6663362383842468,
        "y": 0.556266725063324,
        "z": -0.09143311530351639
    },
    "right_thumb": {
        "x": 0.688820481300354,
        "y": 0.5708876252174377,
        "z": -0.053359996527433395
    },
    "left_hip": {
        "x": 0.6467140316963196,
        "y": 0.5460718870162964,
        "z": -0.03343454748392105
    },
    "right_hip": {
        "x": 0.6828396320343018,
        "y": 0.5522546768188477,
        "z": 0.0333130769431591
    },
    "left_knee": {
        "x": 0.6358510851860046,
        "y": 0.6513280868530273,
        "z": 0.07225118577480316
    },
    "right_knee": {
        "x": 0.659811794757843,
        "y": 0.6493053436279297,
        "z": 0.17551018297672272
    },
    "left_ankle": {
        "x": 0.6308231949806213,
        "y": 0.7580400109291077,
        "z": 0.1916612684726715
    },
    "right_ankle": {
        "x": 0.6454017162322998,
        "y": 0.7467531561851501,
        "z": 0.32369816303253174
    },
    "left_heel": {
        "x": 0.6305279731750488,
        "y": 0.7769718170166016,
        "z": 0.20223106443881989
    },
    "right_heel": {
        "x": 0.6482887864112854,
        "y": 0.7765376567840576,
        "z": 0.3384299576282501
    },
    "left_foot_index": {
        "x": 0.6206519603729248,
        "y": 0.7698266506195068,
        "z": 0.1715736836194992
    },
    "right_foot_index": {
        "x": 0.6390345692634583,
        "y": 0.7561624050140381,
        "z": 0.3173706829547882
    }
}