{
    "nose": {
        "x": 0.6670089960098267,
        "y": 0.3035000264644623,
        "z": 0.09652110934257507
    },
    "left_eye_inner": {
        "x": 0.6662080883979797,
        "y": 0.2943074405193329,
        "z": 0.0657726600766182
    },
    "left_eye": {
        "x": 0.6645534038543701,
        "y": 0.29442912340164185,
        "z": 0.06574872881174088
    },
    "left_eye_outer": {
        "x": 0.6628440618515015,
        "y": 0.2945669889450073,
        "z": 0.06571684777736664
    },
    "right_eye_inner": {
        "x": 0.6721866130828857,
        "y": 0.2945440113544464,
        "z": 0.07174982130527496
    },
    "right_eye": {
        "x": 0.674720823764801,
        "y": 0.2949216961860657,
        "z": 0.07170246541500092
    },
    "right_eye_outer": {
        "x": 0.6773875951766968,
        "y": 0.2954353392124176,
        "z": 0.07159540057182312
    },
    "left_ear": {
        "x": 0.6631587743759155,
        "y": 0.3015401065349579,
        "z": -0.029642216861248016
    },
    "right_ear": {
        "x": 0.6839559078216553,
        "y": 0.30367371439933777,
        "z": -0.003507645335048437
    },
    "mouth_left": {
        "x": 0.6642758846282959,
        "y": 0.31319892406463623,
        "z": 0.06940121203660965
    },
    "mouth_right": {
        "x": 0.6713754534721375,
        "y": 0.3140524625778198,
        "z": 0.07670792937278748
    },
    "left_shoulder": {
        "x": 0.6445615887641907,
        "y": 0.3625923991203308,
        "z": -0.08337573707103729
    },
    "right_shoulder": {
        "x": 0.7077577710151672,
        "y": 0.3690330386161804,
        "z": -0.007260345388203859
    },
    "left_elbow": {
        "x": 0.6269240379333496,
        "y": 0.46002259850502014,
        "z": -0.024186404421925545
    },
    "right_elbow": {
        "x": 0.724402666091919,
        "y": 0.447128564119339,
        "z": 0.09701874107122421
    },
    "left_wrist": {
        "x": 0.619655430316925,
        "y": 0.48567602038383484,
        "z": 0.11615851521492004
    },
    "right_wrist": {
        "x": 0.69391930103302,
        "y": 0.45155155658721924,
        "z": 0.2536430060863495
    },
    "left_pinky": {
        "x": 0.617259681224823,
        "y": 0.49498850107192993,
        "z": 0.12785854935646057
    },
    "right_pinky": {
        "x": 0.6874083876609802,
        "y": 0.4534212052822113,
        "z": 0.2776574194431305
    },
    "left_index": {
        "x": 0.6198437213897705,
        "y": 0.48537448048591614,
        "z": 0.13127277791500092
    },
    "right_index": {
        "x": 0.6846052408218384,
        "y": 0.4469706416130066,
        "z": 0.2715320885181427
    },
    "left_thumb": {
        "x": 0.6248063445091248,
        "y": 0.48331430554389954,
        "z": 0.1210227906703949
    },
    "right_thumb": {
        "x": 0.6867032647132874,
        "y": 0.44554802775382996,
        "z": 0.25429287552833557
    },
    "left_hip": {
        "x": 0.6419904828071594,
        "y": 0.5496986508369446,
        "z": -0.03275587782263756
    },
    "right_hip": {
        "x": 0.6773431897163391,
        "y": 0.5562703013420105,
        "z": 0.032433830201625824
    },
    "left_knee": {
        "x": 0.6303154826164246,
        "y": 0.6343755722045898,
        "z": 0.1357775628566742
    },
    "right_knee": {
        "x": 0.651050329208374,
        "y": 0.6456087231636047,
        "z": 0.20496070384979248
    },
    "left_ankle": {
        "x": 0.6251270771026611,
        "y": 0.7594082951545715,
        "z": 0.23935751616954803
    },
    "right_ankle": {
        "x": 0.636071503162384,
        "y": 0.7593666911125183,
        "z": 0.31940218806266785
    },
    "left_heel": {
        "x": 0.6276951432228088,
        "y": 0.773993730545044,
        "z": 0.2535973787307739
    },
    "right_heel": {
        "x": 0.6352781057357788,
        "y": 0.7765472531318665,
        "z": 0.333784818649292
    },
    "left_foot_index": {
        "x": 0.6077401638031006,
        "y": 0.7643004059791565,
        "z": 0.26103824377059937
    },
    "right_foot_index": {
        "x": 0.6292256116867065,
        "y": 0.7720767259597778,
        "z": 0.33542242646217346
    }
}