{
    "nose": {
        "x": 0.6746881604194641,
        "y": 0.3013502359390259,
        "z": -0.003227532608434558
    },
    "left_eye_inner": {
        "x": 0.6733606457710266,
        "y": 0.29068994522094727,
        "z": -0.026917753741145134
    },
    "left_eye": {
        "x": 0.6719669103622437,
        "y": 0.2910955846309662,
        "z": -0.02696833200752735
    },
    "left_eye_outer": {
        "x": 0.6706296801567078,
        "y": 0.2916594445705414,
        "z": -0.026998689398169518
    },
    "right_eye_inner": {
        "x": 0.6786109805107117,
        "y": 0.2908596098423004,
        "z": -0.02048611454665661
    },
    "right_eye": {
        "x": 0.6808618903160095,
        "y": 0.29137787222862244,
        "z": -0.02047019638121128
    },
    "right_eye_outer": {
        "x": 0.6833751797676086,
        "y": 0.29220935702323914,
        "z": -0.020574750378727913
    },
    "left_ear": {
        "x": 0.6708946824073792,
        "y": 0.3008258640766144,
        "z": -0.09756961464881897
    },
    "right_ear": {
        "x": 0.6886675953865051,
        "y": 0.30150601267814636,
        "z": -0.06856546550989151
    },
    "mouth_left": {
        "x": 0.6724712252616882,
        "y": 0.31303632259368896,
        "z": -0.02318345569074154
    },
    "mouth_right": {
        "x": 0.6790809035301208,
        "y": 0.31460776925086975,
        "z": -0.014792684465646744
    },
    "left_shoulder": {
        "x": 0.6445939540863037,
        "y": 0.3766080141067505,
        "z": -0.133566752076149
    },
    "right_shoulder": {
        "x": 0.7140873670578003,
        "y": 0.3835739493370056,
        "z": -0.0643310621380806
    },
    "left_elbow": {
        "x": 0.6312859654426575,
        "y": 0.48617416620254517,
        "z": -0.15333542227745056
    },
    "right_elbow": {
        "x": 0.7143913507461548,
        "y": 0.48390474915504456,
        "z": -0.06187019869685173
    },
    "left_wrist": {
        "x": 0.6255061626434326,
        "y": 0.5806694030761719,
        "z": -0.14027489721775055
    },
    "right_wrist": {
        "x": 0.6814000010490417,
        "y": 0.5560098886489868,
        "z": -0.09197007119655609
    },
    "left_pinky": {
        "x": 0.625144362449646,
        "y": 0.6076318025588989,
        "z": -0.1539919078350067
    },
    "right_pinky": {
        "x": 0.6782071590423584,
        "y": 0.5843207240104675,
        "z": -0.09742002189159393
    },
    "left_index": {
        "x": 0.6264804005622864,
        "y": 0.6062775254249573,
        "z": -0.1501939743757248
    },
    "right_index": {
        "x": 0.6742790341377258,
        "y": 0.5792874097824097,
        "z": -0.11574962735176086
    },
    "left_thumb": {
        "x": 0.6279165148735046,
        "y": 0.5962808132171631,
        "z": -0.13941016793251038
    },
    "right_thumb": {
        "x": 0.6745463013648987,
        "y": 0.5700538754463196,
        "z": -0.10109236091375351
    },
    "left_hip": {
        "x": 0.6423763036727905,
        "y": 0.552109956741333,
        "z": -0.022645466029644012
    },
    "right_hip": {
        "x": 0.6767153143882751,
        "y": 0.5590991377830505,
        "z": 0.022705858573317528
    },
    "left_knee": {
        "x": 0.6308188438415527,
        "y": 0.6473923921585083,
        "z": 0.09191545844078064
    },
    "right_knee": {
        "x": 0.6503967046737671,
        "y": 0.6684271097183228,
        "z": 0.10302667319774628
    },
    "left_ankle": {
        "x": 0.6192965507507324,
        "y": 0.763043224811554,
        "z": 0.23696860671043396
    },
    "right_ankle": {
        "x": 0.6295968294143677,
        "y": 0.8114738464355469,
        "z": 0.2064044326543808
    },
    "left_heel": {
        "x": 0.6196268200874329,
        "y": 0.7848454713821411,
        "z": 0.24880369007587433
    },
    "right_heel": {
        "x": 0.6259844303131104,
        "y": 0.8368516564369202,
        "z": 0.2147672474384308
    },
    "left_foot_index": {
        "x": 0.6134352684020996,
        "y": 0.7712271809577942,
        "z": 0.21101759374141693
    },
    "right_foot_index": {
        "x": 0.6254334449768066,
        "y": 0.8246886134147644,
        "z": 0.16155506670475006
    }
}