{
    "nose": {
        "x": 0.16884084045886993,
        "y": 0.41456717252731323,
        "z": 0.17096859216690063
    },
    "left_eye_inner": {
        "x": 0.16255834698677063,
        "y": 0.40527403354644775,
        "z": 0.14263910055160522
    },
    "left_eye": {
        "x": 0.16041982173919678,
        "y": 0.4074713885784149,
        "z": 0.1426471769809723
    },
    "left_eye_outer": {
        "x": 0.15834927558898926,
        "y": 0.41006332635879517,
        "z": 0.14264057576656342
    },
    "right_eye_inner": {
        "x": 0.16823196411132812,
        "y": 0.39923954010009766,
        "z": 0.14649635553359985
    },
    "right_eye": {
        "x": 0.16968895494937897,
        "y": 0.39758598804473877,
        "z": 0.14650128781795502
    },
    "right_eye_outer": {
        "x": 0.1710587441921234,
        "y": 0.3964427411556244,
        "z": 0.1464470475912094
    },
    "left_ear": {
        "x": 0.15880495309829712,
        "y": 0.4152294993400574,
        "z": 0.04639429971575737
    },
    "right_ear": {
        "x": 0.17350375652313232,
        "y": 0.4010852575302124,
        "z": 0.06288045644760132
    },
    "mouth_left": {
        "x": 0.16798600554466248,
        "y": 0.4273914694786072,
        "z": 0.14278759062290192
    },
    "mouth_right": {
        "x": 0.17522847652435303,
        "y": 0.41967326402664185,
        "z": 0.14763987064361572
    },
    "left_shoulder": {
        "x": 0.14683526754379272,
        "y": 0.47840145230293274,
        "z": -0.003276367671787739
    },
    "right_shoulder": {
        "x": 0.21894630789756775,
        "y": 0.4452306628227234,
        "z": 0.03813302889466286
    },
    "left_elbow": {
        "x": 0.15066203474998474,
        "y": 0.590716540813446,
        "z": -0.02044200338423252
    },
    "right_elbow": {
        "x": 0.2384161353111267,
        "y": 0.533037543296814,
        "z": 0.08183910697698593
    },
    "left_wrist": {
        "x": 0.17047607898712158,
        "y": 0.6710453033447266,
        "z": 0.00638152938336134
    },
    "right_wrist": {
        "x": 0.23178602755069733,
        "y": 0.6154414415359497,
        "z": 0.16455280780792236
    },
    "left_pinky": {
        "x": 0.17560836672782898,
        "y": 0.6944835782051086,
        "z": -0.0037054517306387424
    },
    "right_pinky": {
        "x": 0.23228710889816284,
        "y": 0.6394879221916199,
        "z": 0.17734141647815704
    },
    "left_index": {
        "x": 0.18258029222488403,
        "y": 0.6902582049369812,
        "z": 0.005866563878953457
    },
    "right_index": {
        "x": 0.22754806280136108,
        "y": 0.6399869918823242,
        "z": 0.1701418161392212
    },
    "left_thumb": {
        "x": 0.17895427346229553,
        "y": 0.6795000433921814,
        "z": 0.009376607835292816
    },
    "right_thumb": {
        "x": 0.22517754137516022,
        "y": 0.6320270895957947,
        "z": 0.16388756036758423
    },
    "left_hip": {
        "x": 0.2072536051273346,
        "y": 0.6731376647949219,
        "z": -0.01877102255821228
    },
    "right_hip": {
        "x": 0.24405470490455627,
        "y": 0.6521421074867249,
        "z": 0.01877264305949211
    },
    "left_knee": {
        "x": 0.22142033278942108,
        "y": 0.8334776163101196,
        "z": 0.05946267768740654
    },
    "right_knee": {
        "x": 0.2586880028247833,
        "y": 0.8018859028816223,
        "z": 0.11260075867176056
    },
    "left_ankle": {
        "x": 0.24481958150863647,
        "y": 0.9565656781196594,
        "z": 0.1432172805070877
    },
    "right_ankle": {
        "x": 0.2767674922943115,
        "y": 0.9287868142127991,
        "z": 0.203648179769516
    },
    "left_heel": {
        "x": 0.2508488595485687,
        "y": 0.9781237840652466,
        "z": 0.1506977379322052
    },
    "right_heel": {
        "x": 0.2820906341075897,
        "y": 0.9493577480316162,
        "z": 0.21262693405151367
    },
    "left_foot_index": {
        "x": 0.23282571136951447,
        "y": 0.9575332403182983,
        "z": 0.13245044648647308
    },
    "right_foot_index": {
        "x": 0.2780976891517639,
        "y": 0.9327743053436279,
        "z": 0.18868206441402435
    }
}