{
    "nose": {
        "x": 0.2157740592956543,
        "y": 0.5162147283554077,
        "z": -0.24136877059936523
    },
    "left_eye_inner": {
        "x": 0.2207745760679245,
        "y": 0.508491575717926,
        "z": -0.24394823610782623
    },
    "left_eye": {
        "x": 0.2226843237876892,
        "y": 0.5085878372192383,
        "z": -0.24387197196483612
    },
    "left_eye_outer": {
        "x": 0.22461624443531036,
        "y": 0.5086943507194519,
        "z": -0.2439115196466446
    },
    "right_eye_inner": {
        "x": 0.21508413553237915,
        "y": 0.5081897974014282,
        "z": -0.24348485469818115
    },
    "right_eye": {
        "x": 0.21295297145843506,
        "y": 0.5079454779624939,
        "z": -0.24357514083385468
    },
    "right_eye_outer": {
        "x": 0.21085643768310547,
        "y": 0.5077303051948547,
        "z": -0.24362997710704803
    },
    "left_ear": {
        "x": 0.22498056292533875,
        "y": 0.5111902356147766,
        "z": -0.20760595798492432
    },
    "right_ear": {
        "x": 0.20629210770130157,
        "y": 0.5104255080223083,
        "z": -0.20726628601551056
    },
    "mouth_left": {
        "x": 0.21647611260414124,
        "y": 0.5255818367004395,
        "z": -0.22339829802513123
    },
    "mouth_right": {
        "x": 0.2094804048538208,
        "y": 0.5247776508331299,
        "z": -0.22349314391613007
    },
    "left_shoulder": {
        "x": 0.22840547561645508,
        "y": 0.5492187738418579,
        "z": -0.1823745220899582
    },
    "right_shoulder": {
        "x": 0.19523854553699493,
        "y": 0.5524324774742126,
        "z": -0.10640540719032288
    },
    "left_elbow": {
        "x": 0.23249688744544983,
        "y": 0.5917387008666992,
        "z": -0.13691827654838562
    },
    "right_elbow": {
        "x": 0.18829435110092163,
        "y": 0.6006494164466858,
        "z": -0.06082361564040184
    },
    "left_wrist": {
        "x": 0.19712331891059875,
        "y": 0.576820969581604,
        "z": -0.0898764580488205
    },
    "right_wrist": {
        "x": 0.1711346060037613,
        "y": 0.6033103466033936,
        "z": -0.05550992488861084
    },
    "left_pinky": {
        "x": 0.18810081481933594,
        "y": 0.5776546001434326,
        "z": -0.0933813601732254
    },
    "right_pinky": {
        "x": 0.1671946942806244,
        "y": 0.606775164604187,
        "z": -0.05296509712934494
    },
    "left_index": {
        "x": 0.1888696551322937,
        "y": 0.5694695115089417,
        "z": -0.08904736489057541
    },
    "right_index": {
        "x": 0.16431333124637604,
        "y": 0.6060799360275269,
        "z": -0.06826642155647278
    },
    "left_thumb": {
        "x": 0.19116750359535217,
        "y": 0.5704240202903748,
        "z": -0.08610159158706665
    },
    "right_thumb": {
        "x": 0.16685928404331207,
        "y": 0.6054220795631409,
        "z": -0.0606243833899498
    },
    "left_hip": {
        "x": 0.2659911811351776,
        "y": 0.6712803244590759,
        "z": -0.043165694922208786
    },
    "right_hip": {
        "x": 0.24677005410194397,
        "y": 0.6762284636497498,
        "z": 0.0430743508040905
    },
    "left_knee": {
        "x": 0.2385498434305191,
        "y": 0.7739227414131165,
        "z": -0.11128319054841995
    },
    "right_knee": {
        "x": 0.20806846022605896,
        "y": 0.7526838183403015,
        "z": -0.013910201378166676
    },
    "left_ankle": {
        "x": 0.2637936472892761,
        "y": 0.8949175477027893,
        "z": -0.05711652711033821
    },
    "right_ankle": {
        "x": 0.2305617779493332,
        "y": 0.8752561211585999,
        "z": 0.05267710983753204
    },
    "left_heel": {
        "x": 0.27259838581085205,
        "y": 0.9100621938705444,
        "z": -0.051367565989494324
    },
    "right_heel": {
        "x": 0.24204497039318085,
        "y": 0.8909347653388977,
        "z": 0.05813990905880928
    },
    "left_foot_index": {
        "x": 0.25006917119026184,
        "y": 0.9424333572387695,
        "z": -0.08683731406927109
    },
    "right_foot_index": {
        "x": 0.21322722733020782,
        "y": 0.9189040660858154,
        "z": 0.021564077585935593
    }
}