{
    "nose": {
        "x": 0.1673421710729599,
        "y": 0.403742253780365,
        "z": 0.18007194995880127
    },
    "left_eye_inner": {
        "x": 0.16266784071922302,
        "y": 0.39279717206954956,
        "z": 0.15387240052223206
    },
    "left_eye": {
        "x": 0.16047196090221405,
        "y": 0.3942197561264038,
        "z": 0.15390269458293915
    },
    "left_eye_outer": {
        "x": 0.15802273154258728,
        "y": 0.39637866616249084,
        "z": 0.15392930805683136
    },
    "right_eye_inner": {
        "x": 0.1683519035577774,
        "y": 0.38901013135910034,
        "z": 0.16134747862815857
    },
    "right_eye": {
        "x": 0.1699667125940323,
        "y": 0.3878042995929718,
        "z": 0.16135317087173462
    },
    "right_eye_outer": {
        "x": 0.17155307531356812,
        "y": 0.38695478439331055,
        "z": 0.1613038182258606
    },
    "left_ear": {
        "x": 0.15925514698028564,
        "y": 0.4020853638648987,
        "z": 0.061281487345695496
    },
    "right_ear": {
        "x": 0.17522642016410828,
        "y": 0.3913224935531616,
        "z": 0.09597353637218475
    },
    "mouth_left": {
        "x": 0.16642704606056213,
        "y": 0.41434285044670105,
        "z": 0.15204179286956787
    },
    "mouth_right": {
        "x": 0.17342671751976013,
        "y": 0.4110459089279175,
        "z": 0.1620437055826187
    },
    "left_shoulder": {
        "x": 0.1483895480632782,
        "y": 0.4670460522174835,
        "z": -0.00010727369954111055
    },
    "right_shoulder": {
        "x": 0.21482950448989868,
        "y": 0.4323604702949524,
        "z": 0.08435127884149551
    },
    "left_elbow": {
        "x": 0.1566198468208313,
        "y": 0.574222207069397,
        "z": -0.03943334147334099
    },
    "right_elbow": {
        "x": 0.24243927001953125,
        "y": 0.5238921046257019,
        "z": 0.10335960984230042
    },
    "left_wrist": {
        "x": 0.1711014211177826,
        "y": 0.6680589318275452,
        "z": -0.03138634189963341
    },
    "right_wrist": {
        "x": 0.2446945309638977,
        "y": 0.609709620475769,
        "z": 0.11438313126564026
    },
    "left_pinky": {
        "x": 0.1722314953804016,
        "y": 0.698743462562561,
        "z": -0.04520390182733536
    },
    "right_pinky": {
        "x": 0.25212007761001587,
        "y": 0.6342748403549194,
        "z": 0.11546983569860458
    },
    "left_index": {
        "x": 0.17475256323814392,
        "y": 0.6957612633705139,
        "z": -0.0345449298620224
    },
    "right_index": {
        "x": 0.25020211935043335,
        "y": 0.6374204754829407,
        "z": 0.10348803550004959
    },
    "left_thumb": {
        "x": 0.1749071478843689,
        "y": 0.6874322891235352,
        "z": -0.027606237679719925
    },
    "right_thumb": {
        "x": 0.24693235754966736,
        "y": 0.629873514175415,
        "z": 0.11028960347175598
    },
    "left_hip": {
        "x": 0.22236669063568115,
        "y": 0.6404074430465698,
        "z": -0.03917882218956947
    },
    "right_hip": {
        "x": 0.25679469108581543,
        "y": 0.6237258315086365,
        "z": 0.03933439776301384
    },
    "left_knee": {
        "x": 0.2208418846130371,
        "y": 0.8015421628952026,
        "z": -0.002408148953691125
    },
    "right_knee": {
        "x": 0.2566795349121094,
        "y": 0.7969887256622314,
        "z": 0.08909117430448532
    },
    "left_ankle": {
        "x": 0.250430703163147,
        "y": 0.9296624660491943,
        "z": 0.06546749919652939
    },
    "right_ankle": {
        "x": 0.2817534804344177,
        "y": 0.9301923513412476,
        "z": 0.1447104662656784
    },
    "left_heel": {
        "x": 0.2565290331840515,
        "y": 0.9645963907241821,
        "z": 0.07169581204652786
    },
    "right_heel": {
        "x": 0.2864621877670288,
        "y": 0.9548275470733643,
        "z": 0.14908310770988464
    },
    "left_foot_index": {
        "x": 0.23068225383758545,
        "y": 0.9435504674911499,
        "z": 0.04810969904065132
    },
    "right_foot_index": {
        "x": 0.26665717363357544,
        "y": 0.9526873826980591,
        "z": 0.11200711131095886
    }
}