{
    "nose": {
        "x": 0.2502918839454651,
        "y": 0.47322383522987366,
        "z": 0.02865881659090519
    },
    "left_eye_inner": {
        "x": 0.24665899574756622,
        "y": 0.4595716893672943,
        "z": 0.007594256196171045
    },
    "left_eye": {
        "x": 0.2442106455564499,
        "y": 0.45863214135169983,
        "z": 0.007570613641291857
    },
    "left_eye_outer": {
        "x": 0.2417445331811905,
        "y": 0.45824798941612244,
        "z": 0.007524613756686449
    },
    "right_eye_inner": {
        "x": 0.25203561782836914,
        "y": 0.4622356593608856,
        "z": 0.00523986853659153
    },
    "right_eye": {
        "x": 0.25342050194740295,
        "y": 0.4626942276954651,
        "z": 0.0053003104403615
    },
    "right_eye_outer": {
        "x": 0.25467970967292786,
        "y": 0.46320417523384094,
        "z": 0.005242648534476757
    },
    "left_ear": {
        "x": 0.23425492644309998,
        "y": 0.4656654894351959,
        "z": -0.055587612092494965
    },
    "right_ear": {
        "x": 0.253688782453537,
        "y": 0.4686431884765625,
        "z": -0.06579458713531494
    },
    "mouth_left": {
        "x": 0.24467554688453674,
        "y": 0.48322242498397827,
        "z": 0.013095056638121605
    },
    "mouth_right": {
        "x": 0.2505585551261902,
        "y": 0.48447948694229126,
        "z": 0.00997130200266838
    },
    "left_shoulder": {
        "x": 0.18678049743175507,
        "y": 0.5268085598945618,
        "z": -0.06550092995166779
    },
    "right_shoulder": {
        "x": 0.2714959383010864,
        "y": 0.5415875315666199,
        "z": -0.0939413532614708
    },
    "left_elbow": {
        "x": 0.15101191401481628,
        "y": 0.5992029905319214,
        "z": -0.007301602512598038
    },
    "right_elbow": {
        "x": 0.2927379906177521,
        "y": 0.6546048521995544,
        "z": -0.04773332178592682
    },
    "left_wrist": {
        "x": 0.1646401584148407,
        "y": 0.6803387999534607,
        "z": 0.08991605043411255
    },
    "right_wrist": {
        "x": 0.30009520053863525,
        "y": 0.7435563206672668,
        "z": 0.05291198566555977
    },
    "left_pinky": {
        "x": 0.16191568970680237,
        "y": 0.7019047141075134,
        "z": 0.10496034473180771
    },
    "right_pinky": {
        "x": 0.3057542145252228,
        "y": 0.7644509673118591,
        "z": 0.06195240095257759
    },
    "left_index": {
        "x": 0.17126494646072388,
        "y": 0.6992620825767517,
        "z": 0.10340112447738647
    },
    "right_index": {
        "x": 0.3037364184856415,
        "y": 0.760464072227478,
        "z": 0.06880252063274384
    },
    "left_thumb": {
        "x": 0.17329172790050507,
        "y": 0.6904111504554749,
        "z": 0.09285175055265427
    },
    "right_thumb": {
        "x": 0.29874131083488464,
        "y": 0.7524120211601257,
        "z": 0.059243012219667435
    },
    "left_hip": {
        "x": 0.2082742303609848,
        "y": 0.7345045208930969,
        "z": -0.0024275067262351513
    },
    "right_hip": {
        "x": 0.24955996870994568,
        "y": 0.735698401927948,
        "z": 0.0021995154675096273
    },
    "left_knee": {
        "x": 0.21854428946971893,
        "y": 0.8287255764007568,
        "z": 0.14004921913146973
    },
    "right_knee": {
        "x": 0.26840507984161377,
        "y": 0.8220418095588684,
        "z": 0.17114733159542084
    },
    "left_ankle": {
        "x": 0.24166162312030792,
        "y": 0.9353872537612915,
        "z": 0.26737451553344727
    },
    "right_ankle": {
        "x": 0.2758336663246155,
        "y": 0.9253586530685425,
        "z": 0.3072434067726135
    },
    "left_heel": {
        "x": 0.23860245943069458,
        "y": 0.9674867987632751,
        "z": 0.28151729702949524
    },
    "right_heel": {
        "x": 0.27993589639663696,
        "y": 0.9501081109046936,
        "z": 0.323843389749527
    },
    "left_foot_index": {
        "x": 0.24036389589309692,
        "y": 0.933067262172699,
        "z": 0.29800719022750854
    },
    "right_foot_index": {
        "x": 0.29069024324417114,
        "y": 0.9350207448005676,
        "z": 0.34874939918518066
    }
}