{
    "nose": {
        "x": 0.7151442766189575,
        "y": 0.7057894468307495,
        "z": -0.08296927809715271
    },
    "left_eye_inner": {
        "x": 0.7194877862930298,
        "y": 0.7070358991622925,
        "z": -0.08486470580101013
    },
    "left_eye": {
        "x": 0.7194330096244812,
        "y": 0.7080979943275452,
        "z": -0.08483784645795822
    },
    "left_eye_outer": {
        "x": 0.7194002270698547,
        "y": 0.7091735601425171,
        "z": -0.08486311137676239
    },
    "right_eye_inner": {
        "x": 0.7181758880615234,
        "y": 0.7028378248214722,
        "z": -0.07973696291446686
    },
    "right_eye": {
        "x": 0.7171684503555298,
        "y": 0.7011044025421143,
        "z": -0.07969629764556885
    },
    "right_eye_outer": {
        "x": 0.7161859273910522,
        "y": 0.6991927623748779,
        "z": -0.07968953996896744
    },
    "left_ear": {
        "x": 0.7117464542388916,
        "y": 0.7089570760726929,
        "z": -0.06599146872758865
    },
    "right_ear": {
        "x": 0.7092182636260986,
        "y": 0.6967777013778687,
        "z": -0.04239362105727196
    },
    "mouth_left": {
        "x": 0.7064788341522217,
        "y": 0.7064496278762817,
        "z": -0.07386904954910278
    },
    "mouth_right": {
        "x": 0.7041449546813965,
        "y": 0.7000445127487183,
        "z": -0.06723178923130035
    },
    "left_shoulder": {
        "x": 0.6760727167129517,
        "y": 0.7486603260040283,
        "z": -0.07503864169120789
    },
    "right_shoulder": {
        "x": 0.6536511778831482,
        "y": 0.7146774530410767,
        "z": -0.027185816317796707
    },
    "left_elbow": {
        "x": 0.716111421585083,
        "y": 0.8163161873817444,
        "z": -0.15315908193588257
    },
    "right_elbow": {
        "x": 0.5976829528808594,
        "y": 0.7704678177833557,
        "z": -0.02968546189367771
    },
    "left_wrist": {
        "x": 0.7708195447921753,
        "y": 0.8593457937240601,
        "z": -0.18678106367588043
    },
    "right_wrist": {
        "x": 0.5682945847511292,
        "y": 0.7942158579826355,
        "z": -0.060728248208761215
    },
    "left_pinky": {
        "x": 0.7856550812721252,
        "y": 0.8652949929237366,
        "z": -0.2108246088027954
    },
    "right_pinky": {
        "x": 0.5594160556793213,
        "y": 0.7969636917114258,
        "z": -0.0690661296248436
    },
    "left_index": {
        "x": 0.7900546789169312,
        "y": 0.8582988977432251,
        "z": -0.19468727707862854
    },
    "right_index": {
        "x": 0.564351499080658,
        "y": 0.7928264141082764,
        "z": -0.08207863569259644
    },
    "left_thumb": {
        "x": 0.7840913534164429,
        "y": 0.8536573052406311,
        "z": -0.18354979157447815
    },
    "right_thumb": {
        "x": 0.5664972066879272,
        "y": 0.7909941077232361,
        "z": -0.06768586486577988
    },
    "left_hip": {
        "x": 0.5378365516662598,
        "y": 0.7155827283859253,
        "z": -0.02941303327679634
    },
    "right_hip": {
        "x": 0.5385048985481262,
        "y": 0.6911819577217102,
        "z": 0.029253991320729256
    },
    "left_knee": {
        "x": 0.5912529230117798,
        "y": 0.7763007283210754,
        "z": -0.036616791039705276
    },
    "right_knee": {
        "x": 0.5943692922592163,
        "y": 0.6187427639961243,
        "z": 0.012547943741083145
    },
    "left_ankle": {
        "x": 0.5021381378173828,
        "y": 0.7292913198471069,
        "z": 0.0691169872879982
    },
    "right_ankle": {
        "x": 0.567251443862915,
        "y": 0.5785914659500122,
        "z": 0.07448217272758484
    },
    "left_heel": {
        "x": 0.5085271596908569,
        "y": 0.7121331691741943,
        "z": 0.07890014350414276
    },
    "right_heel": {
        "x": 0.5612987279891968,
        "y": 0.5798586010932922,
        "z": 0.08152060210704803
    },
    "left_foot_index": {
        "x": 0.5183748602867126,
        "y": 0.6830018758773804,
        "z": 0.05360434576869011
    },
    "right_foot_index": {
        "x": 0.5744084715843201,
        "y": 0.5423175692558289,
        "z": 0.06947149336338043
    }
}