{
    "nose": {
        "x": 0.7166131734848022,
        "y": 0.7164926528930664,
        "z": 0.11321850121021271
    },
    "left_eye_inner": {
        "x": 0.720174252986908,
        "y": 0.7108668684959412,
        "z": 0.12493008375167847
    },
    "left_eye": {
        "x": 0.7197761535644531,
        "y": 0.7113391160964966,
        "z": 0.12489917129278183
    },
    "left_eye_outer": {
        "x": 0.7194260954856873,
        "y": 0.7118828296661377,
        "z": 0.1248287558555603
    },
    "right_eye_inner": {
        "x": 0.7202206254005432,
        "y": 0.7082628607749939,
        "z": 0.10095459967851639
    },
    "right_eye": {
        "x": 0.7199063301086426,
        "y": 0.7067588567733765,
        "z": 0.10098502039909363
    },
    "right_eye_outer": {
        "x": 0.7196093797683716,
        "y": 0.7054334282875061,
        "z": 0.10098095238208771
    },
    "left_ear": {
        "x": 0.7137291431427002,
        "y": 0.7037405371665955,
        "z": 0.16927587985992432
    },
    "right_ear": {
        "x": 0.7150616645812988,
        "y": 0.6984054446220398,
        "z": 0.061496615409851074
    },
    "mouth_left": {
        "x": 0.7081200480461121,
        "y": 0.7183592915534973,
        "z": 0.13152381777763367
    },
    "mouth_right": {
        "x": 0.7081955671310425,
        "y": 0.7147223353385925,
        "z": 0.09995210915803909
    },
    "left_shoulder": {
        "x": 0.6756949424743652,
        "y": 0.7163553237915039,
        "z": 0.21525517106056213
    },
    "right_shoulder": {
        "x": 0.6931363940238953,
        "y": 0.7085399031639099,
        "z": -0.02548099122941494
    },
    "left_elbow": {
        "x": 0.6658594012260437,
        "y": 0.7629406452178955,
        "z": 0.237796351313591
    },
    "right_elbow": {
        "x": 0.72124844789505,
        "y": 0.7751875519752502,
        "z": -0.1367167979478836
    },
    "left_wrist": {
        "x": 0.6773893237113953,
        "y": 0.7892523407936096,
        "z": 0.18242762982845306
    },
    "right_wrist": {
        "x": 0.7828443050384521,
        "y": 0.8052396774291992,
        "z": -0.16529837250709534
    },
    "left_pinky": {
        "x": 0.6797840595245361,
        "y": 0.7906311750411987,
        "z": 0.1896803230047226
    },
    "right_pinky": {
        "x": 0.7943641543388367,
        "y": 0.8040331602096558,
        "z": -0.1863280087709427
    },
    "left_index": {
        "x": 0.6841447353363037,
        "y": 0.7888354063034058,
        "z": 0.17102690041065216
    },
    "right_index": {
        "x": 0.7913500070571899,
        "y": 0.8048573136329651,
        "z": -0.16449956595897675
    },
    "left_thumb": {
        "x": 0.682898998260498,
        "y": 0.7879124879837036,
        "z": 0.17429408431053162
    },
    "right_thumb": {
        "x": 0.7907698154449463,
        "y": 0.8051922917366028,
        "z": -0.15707950294017792
    },
    "left_hip": {
        "x": 0.5713173747062683,
        "y": 0.7194583415985107,
        "z": 0.07252168655395508
    },
    "right_hip": {
        "x": 0.582060694694519,
        "y": 0.7158041596412659,
        "z": -0.0727447122335434
    },
    "left_knee": {
        "x": 0.5111314654350281,
        "y": 0.827206552028656,
        "z": 0.11231885850429535
    },
    "right_knee": {
        "x": 0.5148453712463379,
        "y": 0.8296189904212952,
        "z": -0.06073033809661865
    },
    "left_ankle": {
        "x": 0.4634791612625122,
        "y": 0.7109776735305786,
        "z": 0.09112276881933212
    },
    "right_ankle": {
        "x": 0.4658591151237488,
        "y": 0.7031275033950806,
        "z": -0.08044364303350449
    },
    "left_heel": {
        "x": 0.462024450302124,
        "y": 0.6755199432373047,
        "z": 0.08881715685129166
    },
    "right_heel": {
        "x": 0.466274231672287,
        "y": 0.6704006791114807,
        "z": -0.07858444005250931
    },
    "left_foot_index": {
        "x": 0.41664010286331177,
        "y": 0.6972479224205017,
        "z": 0.09780298173427582
    },
    "right_foot_index": {
        "x": 0.4174221158027649,
        "y": 0.6808710098266602,
        "z": -0.06365261971950531
    }
}