{
    "nose": {
        "x": 0.7075994610786438,
        "y": 0.713521420955658,
        "z": 0.08012842386960983
    },
    "left_eye_inner": {
        "x": 0.7120100259780884,
        "y": 0.7124304175376892,
        "z": 0.09102361649274826
    },
    "left_eye": {
        "x": 0.7112608551979065,
        "y": 0.713811993598938,
        "z": 0.09098564833402634
    },
    "left_eye_outer": {
        "x": 0.7105112671852112,
        "y": 0.7151651382446289,
        "z": 0.09090965241193771
    },
    "right_eye_inner": {
        "x": 0.713248074054718,
        "y": 0.7079012393951416,
        "z": 0.07438523322343826
    },
    "right_eye": {
        "x": 0.7133849859237671,
        "y": 0.7058778405189514,
        "z": 0.07440312206745148
    },
    "right_eye_outer": {
        "x": 0.713508129119873,
        "y": 0.7037486433982849,
        "z": 0.07438228279352188
    },
    "left_ear": {
        "x": 0.7044656872749329,
        "y": 0.7099165320396423,
        "z": 0.14053204655647278
    },
    "right_ear": {
        "x": 0.7096086740493774,
        "y": 0.6958803534507751,
        "z": 0.06462271511554718
    },
    "mouth_left": {
        "x": 0.6987542510032654,
        "y": 0.7173473238945007,
        "z": 0.09935925155878067
    },
    "mouth_right": {
        "x": 0.700351357460022,
        "y": 0.710879921913147,
        "z": 0.07688266038894653
    },
    "left_shoulder": {
        "x": 0.6645411849021912,
        "y": 0.7326425313949585,
        "z": 0.18367744982242584
    },
    "right_shoulder": {
        "x": 0.6882188320159912,
        "y": 0.6976354718208313,
        "z": -0.005357295274734497
    },
    "left_elbow": {
        "x": 0.6409658193588257,
        "y": 0.7601671814918518,
        "z": 0.2395150065422058
    },
    "right_elbow": {
        "x": 0.7141789197921753,
        "y": 0.7550666928291321,
        "z": -0.06437810510396957
    },
    "left_wrist": {
        "x": 0.6629391312599182,
        "y": 0.7814892530441284,
        "z": 0.2572849988937378
    },
    "right_wrist": {
        "x": 0.7598637342453003,
        "y": 0.8026605248451233,
        "z": -0.04142199456691742
    },
    "left_pinky": {
        "x": 0.6669614315032959,
        "y": 0.78597092628479,
        "z": 0.2668786346912384
    },
    "right_pinky": {
        "x": 0.7674710154533386,
        "y": 0.8068429231643677,
        "z": -0.05043675750494003
    },
    "left_index": {
        "x": 0.673606276512146,
        "y": 0.7824783325195312,
        "z": 0.2541874349117279
    },
    "right_index": {
        "x": 0.7653346061706543,
        "y": 0.8067512512207031,
        "z": -0.038817986845970154
    },
    "left_thumb": {
        "x": 0.6726899147033691,
        "y": 0.7807121276855469,
        "z": 0.2532316744327545
    },
    "right_thumb": {
        "x": 0.7645752429962158,
        "y": 0.8052629232406616,
        "z": -0.035490572452545166
    },
    "left_hip": {
        "x": 0.5634835362434387,
        "y": 0.757684051990509,
        "z": 0.06260646134614944
    },
    "right_hip": {
        "x": 0.5740888714790344,
        "y": 0.7247313261032104,
        "z": -0.06251968443393707
    },
    "left_knee": {
        "x": 0.5132377743721008,
        "y": 0.8513364195823669,
        "z": -0.005907842423766851
    },
    "right_knee": {
        "x": 0.5025922656059265,
        "y": 0.8119316697120667,
        "z": -0.14984264969825745
    },
    "left_ankle": {
        "x": 0.4584663510322571,
        "y": 0.7342091798782349,
        "z": -0.0192518699914217
    },
    "right_ankle": {
        "x": 0.45552271604537964,
        "y": 0.6757904291152954,
        "z": -0.171542689204216
    },
    "left_heel": {
        "x": 0.4685562551021576,
        "y": 0.7013582587242126,
        "z": -0.020808136090636253
    },
    "right_heel": {
        "x": 0.4564287066459656,
        "y": 0.6506720781326294,
        "z": -0.17085523903369904
    },
    "left_foot_index": {
        "x": 0.4172612130641937,
        "y": 0.7140569686889648,
        "z": -0.0272842887789011
    },
    "right_foot_index": {
        "x": 0.40170523524284363,
        "y": 0.6677742600440979,
        "z": -0.18362469971179962
    }
}