{
    "nose": {
        "x": 0.31437286734580994,
        "y": 0.6075587868690491,
        "z": -0.09059683978557587
    },
    "left_eye_inner": {
        "x": 0.3102954626083374,
        "y": 0.6016140580177307,
        "z": -0.09568370133638382
    },
    "left_eye": {
        "x": 0.31057071685791016,
        "y": 0.5997537970542908,
        "z": -0.09573884308338165
    },
    "left_eye_outer": {
        "x": 0.3108535706996918,
        "y": 0.5979070663452148,
        "z": -0.0958016887307167
    },
    "right_eye_inner": {
        "x": 0.3094538152217865,
        "y": 0.6049354672431946,
        "z": -0.0862945094704628
    },
    "right_eye": {
        "x": 0.30908578634262085,
        "y": 0.6057283878326416,
        "z": -0.08627352118492126
    },
    "right_eye_outer": {
        "x": 0.3087313771247864,
        "y": 0.6064856648445129,
        "z": -0.08626773953437805
    },
    "left_ear": {
        "x": 0.31300628185272217,
        "y": 0.5913282632827759,
        "z": -0.09224449843168259
    },
    "right_ear": {
        "x": 0.3100156784057617,
        "y": 0.6019237041473389,
        "z": -0.049850571900606155
    },
    "mouth_left": {
        "x": 0.31951749324798584,
        "y": 0.6042598485946655,
        "z": -0.0867202952504158
    },
    "mouth_right": {
        "x": 0.31851184368133545,
        "y": 0.6088625192642212,
        "z": -0.07466825097799301
    },
    "left_shoulder": {
        "x": 0.33720436692237854,
        "y": 0.5960391759872437,
        "z": -0.11228606849908829
    },
    "right_shoulder": {
        "x": 0.33207330107688904,
        "y": 0.5963248610496521,
        "z": 0.016221219673752785
    },
    "left_elbow": {
        "x": 0.3637728989124298,
        "y": 0.6241225004196167,
        "z": -0.12433440238237381
    },
    "right_elbow": {
        "x": 0.34744811058044434,
        "y": 0.5937009453773499,
        "z": 0.06364694237709045
    },
    "left_wrist": {
        "x": 0.379904568195343,
        "y": 0.6779142022132874,
        "z": -0.1126214861869812
    },
    "right_wrist": {
        "x": 0.3407110273838043,
        "y": 0.6026878356933594,
        "z": 0.10163514316082001
    },
    "left_pinky": {
        "x": 0.38574063777923584,
        "y": 0.688817024230957,
        "z": -0.12632356584072113
    },
    "right_pinky": {
        "x": 0.3387907147407532,
        "y": 0.603293776512146,
        "z": 0.10964503884315491
    },
    "left_index": {
        "x": 0.38209688663482666,
        "y": 0.695271372795105,
        "z": -0.1241912916302681
    },
    "right_index": {
        "x": 0.3380129337310791,
        "y": 0.6056711077690125,
        "z": 0.10220255702733994
    },
    "left_thumb": {
        "x": 0.3806220293045044,
        "y": 0.6903013586997986,
        "z": -0.11081137508153915
    },
    "right_thumb": {
        "x": 0.3391020894050598,
        "y": 0.6055766344070435,
        "z": 0.09935925155878067
    },
    "left_hip": {
        "x": 0.398903489112854,
        "y": 0.6111651062965393,
        "z": -0.035634562373161316
    },
    "right_hip": {
        "x": 0.39563891291618347,
        "y": 0.6237665414810181,
        "z": 0.035567786544561386
    },
    "left_knee": {
        "x": 0.4519691467285156,
        "y": 0.5882745385169983,
        "z": -0.05259493365883827
    },
    "right_knee": {
        "x": 0.4350217878818512,
        "y": 0.6540570855140686,
        "z": 0.0471431128680706
    },
    "left_ankle": {
        "x": 0.4968094229698181,
        "y": 0.5659627914428711,
        "z": 0.010432391427457333
    },
    "right_ankle": {
        "x": 0.47991788387298584,
        "y": 0.654274582862854,
        "z": 0.09830177575349808
    },
    "left_heel": {
        "x": 0.5022159814834595,
        "y": 0.563896894454956,
        "z": 0.015691302716732025
    },
    "right_heel": {
        "x": 0.48790043592453003,
        "y": 0.6489582657814026,
        "z": 0.10236644744873047
    },
    "left_foot_index": {
        "x": 0.5132461190223694,
        "y": 0.5657272934913635,
        "z": -0.016578201204538345
    },
    "right_foot_index": {
        "x": 0.4907298982143402,
        "y": 0.6760760545730591,
        "z": 0.07590411603450775
    }
}