{
    "nose": {
        "x": 0.32423460483551025,
        "y": 0.6011622548103333,
        "z": -0.22451381385326385
    },
    "left_eye_inner": {
        "x": 0.32106634974479675,
        "y": 0.5971446633338928,
        "z": -0.2241963893175125
    },
    "left_eye": {
        "x": 0.3212486505508423,
        "y": 0.5953298211097717,
        "z": -0.2241964340209961
    },
    "left_eye_outer": {
        "x": 0.32145223021507263,
        "y": 0.5935177206993103,
        "z": -0.22425907850265503
    },
    "right_eye_inner": {
        "x": 0.3206024467945099,
        "y": 0.6020625829696655,
        "z": -0.22131428122520447
    },
    "right_eye": {
        "x": 0.32046738266944885,
        "y": 0.6036950945854187,
        "z": -0.22132381796836853
    },
    "right_eye_outer": {
        "x": 0.32034504413604736,
        "y": 0.6053116321563721,
        "z": -0.22132939100265503
    },
    "left_ear": {
        "x": 0.32358673214912415,
        "y": 0.5915128588676453,
        "z": -0.18923164904117584
    },
    "right_ear": {
        "x": 0.3222920894622803,
        "y": 0.6069872379302979,
        "z": -0.17439106106758118
    },
    "mouth_left": {
        "x": 0.32848671078681946,
        "y": 0.5991235375404358,
        "z": -0.20837348699569702
    },
    "mouth_right": {
        "x": 0.32791727781295776,
        "y": 0.6050258278846741,
        "z": -0.20438788831233978
    },
    "left_shoulder": {
        "x": 0.33920589089393616,
        "y": 0.5873091220855713,
        "z": -0.15889082849025726
    },
    "right_shoulder": {
        "x": 0.336488276720047,
        "y": 0.6189010739326477,
        "z": -0.13656120002269745
    },
    "left_elbow": {
        "x": 0.32850974798202515,
        "y": 0.5826638340950012,
        "z": -0.21665582060813904
    },
    "right_elbow": {
        "x": 0.32297179102897644,
        "y": 0.5934402942657471,
        "z": -0.17719249427318573
    },
    "left_wrist": {
        "x": 0.299160897731781,
        "y": 0.5746923089027405,
        "z": -0.28047600388526917
    },
    "right_wrist": {
        "x": 0.2975296974182129,
        "y": 0.5671440362930298,
        "z": -0.2337086796760559
    },
    "left_pinky": {
        "x": 0.29148298501968384,
        "y": 0.5731635689735413,
        "z": -0.302725613117218
    },
    "right_pinky": {
        "x": 0.2905834913253784,
        "y": 0.5607346892356873,
        "z": -0.2529362440109253
    },
    "left_index": {
        "x": 0.29151758551597595,
        "y": 0.5713233947753906,
        "z": -0.30210256576538086
    },
    "right_index": {
        "x": 0.2915588915348053,
        "y": 0.564301073551178,
        "z": -0.2535354197025299
    },
    "left_thumb": {
        "x": 0.2948469817638397,
        "y": 0.5726065039634705,
        "z": -0.2824459671974182
    },
    "right_thumb": {
        "x": 0.29462552070617676,
        "y": 0.5657680630683899,
        "z": -0.23673668503761292
    },
    "left_hip": {
        "x": 0.39701616764068604,
        "y": 0.5956771969795227,
        "z": -0.013360155746340752
    },
    "right_hip": {
        "x": 0.3957781195640564,
        "y": 0.6281856894493103,
        "z": 0.013203207403421402
    },
    "left_knee": {
        "x": 0.45007455348968506,
        "y": 0.563373327255249,
        "z": -0.061320532113313675
    },
    "right_knee": {
        "x": 0.4368504285812378,
        "y": 0.6696075201034546,
        "z": 0.02147582359611988
    },
    "left_ankle": {
        "x": 0.5029630064964294,
        "y": 0.5290497541427612,
        "z": -0.005110145080834627
    },
    "right_ankle": {
        "x": 0.46077045798301697,
        "y": 0.675319492816925,
        "z": 0.16233327984809875
    },
    "left_heel": {
        "x": 0.5081679224967957,
        "y": 0.5315616726875305,
        "z": -0.0014589248457923532
    },
    "right_heel": {
        "x": 0.4641604721546173,
        "y": 0.6704744100570679,
        "z": 0.17537342011928558
    },
    "left_foot_index": {
        "x": 0.5187798142433167,
        "y": 0.5103794932365417,
        "z": -0.05891112983226776
    },
    "right_foot_index": {
        "x": 0.4729549288749695,
        "y": 0.6952269673347473,
        "z": 0.15018713474273682
    }
}