{
    "nose": {
        "x": 0.27098071575164795,
        "y": 0.706840455532074,
        "z": -0.03331946209073067
    },
    "left_eye_inner": {
        "x": 0.2657294273376465,
        "y": 0.6983285546302795,
        "z": -0.03338080272078514
    },
    "left_eye": {
        "x": 0.26549196243286133,
        "y": 0.6979021430015564,
        "z": -0.033359672874212265
    },
    "left_eye_outer": {
        "x": 0.26513808965682983,
        "y": 0.6981174349784851,
        "z": -0.03335431590676308
    },
    "right_eye_inner": {
        "x": 0.26353734731674194,
        "y": 0.7018759250640869,
        "z": -0.05862859636545181
    },
    "right_eye": {
        "x": 0.2618686854839325,
        "y": 0.7035924792289734,
        "z": -0.05874377116560936
    },
    "right_eye_outer": {
        "x": 0.2596506178379059,
        "y": 0.70577472448349,
        "z": -0.058853909373283386
    },
    "left_ear": {
        "x": 0.2616807818412781,
        "y": 0.7159261703491211,
        "z": -0.013060185126960278
    },
    "right_ear": {
        "x": 0.25420311093330383,
        "y": 0.7179929614067078,
        "z": -0.1298421323299408
    },
    "mouth_left": {
        "x": 0.27034643292427063,
        "y": 0.7242860198020935,
        "z": -0.021063636988401413
    },
    "mouth_right": {
        "x": 0.2686919569969177,
        "y": 0.7256353497505188,
        "z": -0.05494997650384903
    },
    "left_shoulder": {
        "x": 0.25771498680114746,
        "y": 0.7872912287712097,
        "z": 0.03385390713810921
    },
    "right_shoulder": {
        "x": 0.24684599041938782,
        "y": 0.7844546437263489,
        "z": -0.15249037742614746
    },
    "left_elbow": {
        "x": 0.2835499048233032,
        "y": 0.79972243309021,
        "z": 0.0748039186000824
    },
    "right_elbow": {
        "x": 0.2583613991737366,
        "y": 0.8364700078964233,
        "z": -0.1923750638961792
    },
    "left_wrist": {
        "x": 0.30855944752693176,
        "y": 0.7901120781898499,
        "z": 0.07384064048528671
    },
    "right_wrist": {
        "x": 0.2537512183189392,
        "y": 0.8626476526260376,
        "z": -0.19455042481422424
    },
    "left_pinky": {
        "x": 0.3160073459148407,
        "y": 0.7882228493690491,
        "z": 0.08105559647083282
    },
    "right_pinky": {
        "x": 0.25963094830513,
        "y": 0.8815078735351562,
        "z": -0.1984090358018875
    },
    "left_index": {
        "x": 0.3133699893951416,
        "y": 0.7857949733734131,
        "z": 0.072362519800663
    },
    "right_index": {
        "x": 0.2598322033882141,
        "y": 0.8782336711883545,
        "z": -0.1909697949886322
    },
    "left_thumb": {
        "x": 0.3102664053440094,
        "y": 0.7871468663215637,
        "z": 0.06977197527885437
    },
    "right_thumb": {
        "x": 0.25928422808647156,
        "y": 0.8727704286575317,
        "z": -0.18947190046310425
    },
    "left_hip": {
        "x": 0.35418280959129333,
        "y": 0.8095070123672485,
        "z": 0.06354398280382156
    },
    "right_hip": {
        "x": 0.3446046710014343,
        "y": 0.8041397929191589,
        "z": -0.06384363025426865
    },
    "left_knee": {
        "x": 0.4059656262397766,
        "y": 0.8207117319107056,
        "z": 0.13216306269168854
    },
    "right_knee": {
        "x": 0.3142871558666229,
        "y": 0.7789838910102844,
        "z": -0.07195995002985
    },
    "left_ankle": {
        "x": 0.43908822536468506,
        "y": 0.8956224918365479,
        "z": 0.14845173060894012
    },
    "right_ankle": {
        "x": 0.3436039984226227,
        "y": 0.8288217186927795,
        "z": -0.016509482637047768
    },
    "left_heel": {
        "x": 0.43821775913238525,
        "y": 0.9089730381965637,
        "z": 0.14804808795452118
    },
    "right_heel": {
        "x": 0.34417256712913513,
        "y": 0.8356044888496399,
        "z": -0.00965457409620285
    },
    "left_foot_index": {
        "x": 0.46469271183013916,
        "y": 0.8979282975196838,
        "z": 0.11457115411758423
    },
    "right_foot_index": {
        "x": 0.3656821846961975,
        "y": 0.8447543978691101,
        "z": -0.017192412167787552
    }
}