{
    "nose": {
        "x": 0.6475235819816589,
        "y": 0.6723360419273376,
        "z": -0.5909103751182556
    },
    "left_eye_inner": {
        "x": 0.6476424336433411,
        "y": 0.6574968695640564,
        "z": -0.592336118221283
    },
    "left_eye": {
        "x": 0.6500219702720642,
        "y": 0.6550319194793701,
        "z": -0.5923241376876831
    },
    "left_eye_outer": {
        "x": 0.6524648070335388,
        "y": 0.6526325941085815,
        "z": -0.5925039649009705
    },
    "right_eye_inner": {
        "x": 0.6396141052246094,
        "y": 0.6634553074836731,
        "z": -0.5935566425323486
    },
    "right_eye": {
        "x": 0.6366989016532898,
        "y": 0.66495281457901,
        "z": -0.593686044216156
    },
    "right_eye_outer": {
        "x": 0.6338123083114624,
        "y": 0.666422426700592,
        "z": -0.5937536954879761
    },
    "left_ear": {
        "x": 0.6528152227401733,
        "y": 0.642706036567688,
        "z": -0.5108433365821838
    },
    "right_ear": {
        "x": 0.6264110207557678,
        "y": 0.6628418564796448,
        "z": -0.5195481181144714
    },
    "mouth_left": {
        "x": 0.6516443490982056,
        "y": 0.6735313534736633,
        "z": -0.5515479445457458
    },
    "mouth_right": {
        "x": 0.6437967419624329,
        "y": 0.6795421242713928,
        "z": -0.55421382188797
    },
    "left_shoulder": {
        "x": 0.6773935556411743,
        "y": 0.6446874737739563,
        "z": -0.4090278744697571
    },
    "right_shoulder": {
        "x": 0.6010413765907288,
        "y": 0.6821557283401489,
        "z": -0.4006439447402954
    },
    "left_elbow": {
        "x": 0.7010610699653625,
        "y": 0.7208662629127502,
        "z": -0.43355265259742737
    },
    "right_elbow": {
        "x": 0.5680841207504272,
        "y": 0.6869396567344666,
        "z": -0.4993975758552551
    },
    "left_wrist": {
        "x": 0.7147600054740906,
        "y": 0.8230542540550232,
        "z": -0.49151524901390076
    },
    "right_wrist": {
        "x": 0.5378075242042542,
        "y": 0.6337644457817078,
        "z": -0.6428491473197937
    },
    "left_pinky": {
        "x": 0.7270839810371399,
        "y": 0.8376849293708801,
        "z": -0.5242910981178284
    },
    "right_pinky": {
        "x": 0.5274816751480103,
        "y": 0.6218911409378052,
        "z": -0.6830134391784668
    },
    "left_index": {
        "x": 0.7153642773628235,
        "y": 0.854539155960083,
        "z": -0.5345358848571777
    },
    "right_index": {
        "x": 0.532558023929596,
        "y": 0.6207080483436584,
        "z": -0.6887503266334534
    },
    "left_thumb": {
        "x": 0.7101751565933228,
        "y": 0.8474324941635132,
        "z": -0.49748462438583374
    },
    "right_thumb": {
        "x": 0.5387638211250305,
        "y": 0.6258484721183777,
        "z": -0.6496108770370483
    },
    "left_hip": {
        "x": 0.6616383194923401,
        "y": 0.6664944291114807,
        "z": -0.004115264397114515
    },
    "right_hip": {
        "x": 0.618660569190979,
        "y": 0.7018393874168396,
        "z": 0.004075511358678341
    },
    "left_knee": {
        "x": 0.6559902429580688,
        "y": 0.6601284742355347,
        "z": -0.08267149329185486
    },
    "right_knee": {
        "x": 0.5627674460411072,
        "y": 0.7669992446899414,
        "z": -0.15601828694343567
    },
    "left_ankle": {
        "x": 0.669481635093689,
        "y": 0.7076674699783325,
        "z": 0.15082231163978577
    },
    "right_ankle": {
        "x": 0.5655734539031982,
        "y": 0.8613317012786865,
        "z": -0.08944208174943924
    },
    "left_heel": {
        "x": 0.6703034043312073,
        "y": 0.7169199585914612,
        "z": 0.1745741069316864
    },
    "right_heel": {
        "x": 0.5723586082458496,
        "y": 0.8740465044975281,
        "z": -0.08231209963560104
    },
    "left_foot_index": {
        "x": 0.6789886951446533,
        "y": 0.7251653671264648,
        "z": 0.12531214952468872
    },
    "right_foot_index": {
        "x": 0.5560568571090698,
        "y": 0.9000804424285889,
        "z": -0.1644383668899536
    }
}