{
    "nose": {
        "x": 0.658341646194458,
        "y": 0.6913021206855774,
        "z": -0.5792673826217651
    },
    "left_eye_inner": {
        "x": 0.659273624420166,
        "y": 0.679887056350708,
        "z": -0.5801411867141724
    },
    "left_eye": {
        "x": 0.6615156531333923,
        "y": 0.6786532998085022,
        "z": -0.5801743268966675
    },
    "left_eye_outer": {
        "x": 0.6638289093971252,
        "y": 0.6774375438690186,
        "z": -0.5803277492523193
    },
    "right_eye_inner": {
        "x": 0.6517329216003418,
        "y": 0.6824489831924438,
        "z": -0.5835800170898438
    },
    "right_eye": {
        "x": 0.648926317691803,
        "y": 0.6829518675804138,
        "z": -0.5837175846099854
    },
    "right_eye_outer": {
        "x": 0.646149218082428,
        "y": 0.6834408044815063,
        "z": -0.5838302969932556
    },
    "left_ear": {
        "x": 0.6633790731430054,
        "y": 0.6698287129402161,
        "z": -0.5003935098648071
    },
    "right_ear": {
        "x": 0.6383197903633118,
        "y": 0.6785886287689209,
        "z": -0.5189244151115417
    },
    "mouth_left": {
        "x": 0.6609025597572327,
        "y": 0.6936115026473999,
        "z": -0.5402324199676514
    },
    "mouth_right": {
        "x": 0.6536625623703003,
        "y": 0.6959372758865356,
        "z": -0.5456574559211731
    },
    "left_shoulder": {
        "x": 0.6848253011703491,
        "y": 0.6725273728370667,
        "z": -0.38742750883102417
    },
    "right_shoulder": {
        "x": 0.6086236238479614,
        "y": 0.6790882349014282,
        "z": -0.40249863266944885
    },
    "left_elbow": {
        "x": 0.7044115662574768,
        "y": 0.7385115027427673,
        "z": -0.37742871046066284
    },
    "right_elbow": {
        "x": 0.5656073689460754,
        "y": 0.6487102508544922,
        "z": -0.45315539836883545
    },
    "left_wrist": {
        "x": 0.7142140865325928,
        "y": 0.8304822444915771,
        "z": -0.4248255789279938
    },
    "right_wrist": {
        "x": 0.5370917916297913,
        "y": 0.5728849768638611,
        "z": -0.5381587743759155
    },
    "left_pinky": {
        "x": 0.7241587042808533,
        "y": 0.850408136844635,
        "z": -0.4568353295326233
    },
    "right_pinky": {
        "x": 0.5271714925765991,
        "y": 0.5551916360855103,
        "z": -0.5764707922935486
    },
    "left_index": {
        "x": 0.7130034565925598,
        "y": 0.8607280254364014,
        "z": -0.4728149175643921
    },
    "right_index": {
        "x": 0.531842827796936,
        "y": 0.5523349046707153,
        "z": -0.5832756757736206
    },
    "left_thumb": {
        "x": 0.7097418904304504,
        "y": 0.8523868322372437,
        "z": -0.4334392547607422
    },
    "right_thumb": {
        "x": 0.5370534062385559,
        "y": 0.5606099367141724,
        "z": -0.543874979019165
    },
    "left_hip": {
        "x": 0.6615106463432312,
        "y": 0.6687065958976746,
        "z": -0.003031698055565357
    },
    "right_hip": {
        "x": 0.6200422048568726,
        "y": 0.6918157339096069,
        "z": 0.0031446150969713926
    },
    "left_knee": {
        "x": 0.6482114195823669,
        "y": 0.6763626337051392,
        "z": -0.04864178225398064
    },
    "right_knee": {
        "x": 0.5671609044075012,
        "y": 0.7586183547973633,
        "z": -0.15779609978199005
    },
    "left_ankle": {
        "x": 0.6662939190864563,
        "y": 0.7302991151809692,
        "z": 0.20148681104183197
    },
    "right_ankle": {
        "x": 0.5721994042396545,
        "y": 0.8583559393882751,
        "z": -0.08602655678987503
    },
    "left_heel": {
        "x": 0.6680039763450623,
        "y": 0.7401084303855896,
        "z": 0.22775934636592865
    },
    "right_heel": {
        "x": 0.5793030858039856,
        "y": 0.8715802431106567,
        "z": -0.078309066593647
    },
    "left_foot_index": {
        "x": 0.6738243699073792,
        "y": 0.7515138983726501,
        "z": 0.18840067088603973
    },
    "right_foot_index": {
        "x": 0.5615988969802856,
        "y": 0.894851803779602,
        "z": -0.16072307527065277
    }
}