{
    "nose": {
        "x": 0.6439188122749329,
        "y": 0.45834460854530334,
        "z": -0.23896387219429016
    },
    "left_eye_inner": {
        "x": 0.6538243293762207,
        "y": 0.45295992493629456,
        "z": -0.23790299892425537
    },
    "left_eye": {
        "x": 0.6572434902191162,
        "y": 0.45557957887649536,
        "z": -0.23783427476882935
    },
    "left_eye_outer": {
        "x": 0.6604810357093811,
        "y": 0.45743507146835327,
        "z": -0.23794114589691162
    },
    "right_eye_inner": {
        "x": 0.6446597576141357,
        "y": 0.4430920481681824,
        "z": -0.230696901679039
    },
    "right_eye": {
        "x": 0.6424323320388794,
        "y": 0.43976661562919617,
        "z": -0.23070183396339417
    },
    "right_eye_outer": {
        "x": 0.640723705291748,
        "y": 0.43655699491500854,
        "z": -0.23081785440444946
    },
    "left_ear": {
        "x": 0.6680535674095154,
        "y": 0.4591667056083679,
        "z": -0.1729821264743805
    },
    "right_ear": {
        "x": 0.6421293616294861,
        "y": 0.43162965774536133,
        "z": -0.1383141130208969
    },
    "mouth_left": {
        "x": 0.6491121649742126,
        "y": 0.47487837076187134,
        "z": -0.20939068496227264
    },
    "mouth_right": {
        "x": 0.6390236616134644,
        "y": 0.46379345655441284,
        "z": -0.20030075311660767
    },
    "left_shoulder": {
        "x": 0.6833897233009338,
        "y": 0.5159873366355896,
        "z": -0.11929245293140411
    },
    "right_shoulder": {
        "x": 0.6219868063926697,
        "y": 0.44876012206077576,
        "z": -0.057777151465415955
    },
    "left_elbow": {
        "x": 0.7240440249443054,
        "y": 0.580218493938446,
        "z": -0.21903713047504425
    },
    "right_elbow": {
        "x": 0.5843429565429688,
        "y": 0.3781164586544037,
        "z": -0.023893123492598534
    },
    "left_wrist": {
        "x": 0.6792507767677307,
        "y": 0.5027288198471069,
        "z": -0.25485798716545105
    },
    "right_wrist": {
        "x": 0.6302346587181091,
        "y": 0.41117507219314575,
        "z": 0.037244733422994614
    },
    "left_pinky": {
        "x": 0.6715334057807922,
        "y": 0.48175179958343506,
        "z": -0.26812058687210083
    },
    "right_pinky": {
        "x": 0.6440290212631226,
        "y": 0.41292721033096313,
        "z": 0.035315487533807755
    },
    "left_index": {
        "x": 0.6678073406219482,
        "y": 0.47703614830970764,
        "z": -0.2415381371974945
    },
    "right_index": {
        "x": 0.6429882645606995,
        "y": 0.42090317606925964,
        "z": 0.053807493299245834
    },
    "left_thumb": {
        "x": 0.668328046798706,
        "y": 0.48297828435897827,
        "z": -0.2440311312675476
    },
    "right_thumb": {
        "x": 0.6379832029342651,
        "y": 0.4251532554626465,
        "z": 0.04325227439403534
    },
    "left_hip": {
        "x": 0.6219474077224731,
        "y": 0.6877228617668152,
        "z": -0.031128043308854103
    },
    "right_hip": {
        "x": 0.5885096192359924,
        "y": 0.659894585609436,
        "z": 0.031167402863502502
    },
    "left_knee": {
        "x": 0.6013004183769226,
        "y": 0.8288810849189758,
        "z": -0.033824849873781204
    },
    "right_knee": {
        "x": 0.5784767866134644,
        "y": 0.7732640504837036,
        "z": 0.15789911150932312
    },
    "left_ankle": {
        "x": 0.5981199145317078,
        "y": 0.9581425189971924,
        "z": 0.001582732773385942
    },
    "right_ankle": {
        "x": 0.5918943285942078,
        "y": 0.8621287941932678,
        "z": 0.36014533042907715
    },
    "left_heel": {
        "x": 0.6004446744918823,
        "y": 0.9748924970626831,
        "z": 0.0021345829591155052
    },
    "right_heel": {
        "x": 0.5970473289489746,
        "y": 0.8729203939437866,
        "z": 0.3783153295516968
    },
    "left_foot_index": {
        "x": 0.576983630657196,
        "y": 0.9944010972976685,
        "z": -0.09473934024572372
    },
    "right_foot_index": {
        "x": 0.5706259608268738,
        "y": 0.8926441669464111,
        "z": 0.3342733085155487
    }
}