{
    "nose": {
        "x": 0.47361987829208374,
        "y": 0.7464033365249634,
        "z": -0.21500171720981598
    },
    "left_eye_inner": {
        "x": 0.4798939824104309,
        "y": 0.7428312301635742,
        "z": -0.2057020515203476
    },
    "left_eye": {
        "x": 0.4807542860507965,
        "y": 0.7423458099365234,
        "z": -0.20570534467697144
    },
    "left_eye_outer": {
        "x": 0.48164111375808716,
        "y": 0.7418320178985596,
        "z": -0.20577825605869293
    },
    "right_eye_inner": {
        "x": 0.47781291604042053,
        "y": 0.741245687007904,
        "z": -0.22846955060958862
    },
    "right_eye": {
        "x": 0.47721701860427856,
        "y": 0.7396189570426941,
        "z": -0.22851121425628662
    },
    "right_eye_outer": {
        "x": 0.47660741209983826,
        "y": 0.7378948926925659,
        "z": -0.22854356467723846
    },
    "left_ear": {
        "x": 0.4800223410129547,
        "y": 0.7289995551109314,
        "z": -0.1439650058746338
    },
    "right_ear": {
        "x": 0.4738653302192688,
        "y": 0.7249494194984436,
        "z": -0.2462533563375473
    },
    "mouth_left": {
        "x": 0.46955952048301697,
        "y": 0.7436516880989075,
        "z": -0.18792323768138885
    },
    "mouth_right": {
        "x": 0.4676196575164795,
        "y": 0.7411220669746399,
        "z": -0.21775975823402405
    },
    "left_shoulder": {
        "x": 0.46454769372940063,
        "y": 0.7060848474502563,
        "z": -0.049873389303684235
    },
    "right_shoulder": {
        "x": 0.43580204248428345,
        "y": 0.7074133157730103,
        "z": -0.2500395178794861
    },
    "left_elbow": {
        "x": 0.4546564519405365,
        "y": 0.7354819774627686,
        "z": 0.09919516742229462
    },
    "right_elbow": {
        "x": 0.40990954637527466,
        "y": 0.770014762878418,
        "z": -0.2595939040184021
    },
    "left_wrist": {
        "x": 0.4681541919708252,
        "y": 0.7520291209220886,
        "z": 0.18579716980457306
    },
    "right_wrist": {
        "x": 0.4459511935710907,
        "y": 0.8090905547142029,
        "z": -0.22248341143131256
    },
    "left_pinky": {
        "x": 0.4731763005256653,
        "y": 0.7533602118492126,
        "z": 0.19803038239479065
    },
    "right_pinky": {
        "x": 0.45457372069358826,
        "y": 0.8218649625778198,
        "z": -0.2436428964138031
    },
    "left_index": {
        "x": 0.4743938446044922,
        "y": 0.7530435919761658,
        "z": 0.18143250048160553
    },
    "right_index": {
        "x": 0.45864060521125793,
        "y": 0.8120352029800415,
        "z": -0.24653463065624237
    },
    "left_thumb": {
        "x": 0.472008615732193,
        "y": 0.7524669170379639,
        "z": 0.18015746772289276
    },
    "right_thumb": {
        "x": 0.45593973994255066,
        "y": 0.804449200630188,
        "z": -0.22334910929203033
    },
    "left_hip": {
        "x": 0.37740179896354675,
        "y": 0.6724945306777954,
        "z": 0.06589671224355698
    },
    "right_hip": {
        "x": 0.36718809604644775,
        "y": 0.6555657982826233,
        "z": -0.06598056107759476
    },
    "left_knee": {
        "x": 0.3275678753852844,
        "y": 0.6953782439231873,
        "z": 0.12772877514362335
    },
    "right_knee": {
        "x": 0.31187647581100464,
        "y": 0.6670402884483337,
        "z": 0.00873627420514822
    },
    "left_ankle": {
        "x": 0.28626325726509094,
        "y": 0.6347980499267578,
        "z": 0.2739212214946747
    },
    "right_ankle": {
        "x": 0.27047890424728394,
        "y": 0.6180732846260071,
        "z": 0.12603186070919037
    },
    "left_heel": {
        "x": 0.2832179367542267,
        "y": 0.6169073581695557,
        "z": 0.2887312173843384
    },
    "right_heel": {
        "x": 0.2660275399684906,
        "y": 0.6004754900932312,
        "z": 0.1376763880252838
    },
    "left_foot_index": {
        "x": 0.26128149032592773,
        "y": 0.6482098698616028,
        "z": 0.27619242668151855
    },
    "right_foot_index": {
        "x": 0.2409334033727646,
        "y": 0.6238318681716919,
        "z": 0.09994053840637207
    }
}