{
    "nose": {
        "x": 0.23524075746536255,
        "y": 0.6355394124984741,
        "z": -0.08308275043964386
    },
    "left_eye_inner": {
        "x": 0.2305728793144226,
        "y": 0.6339705586433411,
        "z": -0.10759446769952774
    },
    "left_eye": {
        "x": 0.22973164916038513,
        "y": 0.6368359923362732,
        "z": -0.10760964453220367
    },
    "left_eye_outer": {
        "x": 0.22887259721755981,
        "y": 0.6399262547492981,
        "z": -0.10765694826841354
    },
    "right_eye_inner": {
        "x": 0.2336491048336029,
        "y": 0.6261986494064331,
        "z": -0.11207665503025055
    },
    "right_eye": {
        "x": 0.23496298491954803,
        "y": 0.6235338449478149,
        "z": -0.11213172972202301
    },
    "right_eye_outer": {
        "x": 0.23631294071674347,
        "y": 0.6208661794662476,
        "z": -0.1121915653347969
    },
    "left_ear": {
        "x": 0.23147062957286835,
        "y": 0.6477411985397339,
        "z": -0.17057448625564575
    },
    "right_ear": {
        "x": 0.2410772144794464,
        "y": 0.6201436519622803,
        "z": -0.19075439870357513
    },
    "mouth_left": {
        "x": 0.23835593461990356,
        "y": 0.6470571160316467,
        "z": -0.09828095138072968
    },
    "mouth_right": {
        "x": 0.24165843427181244,
        "y": 0.6383974552154541,
        "z": -0.10402099788188934
    },
    "left_shoulder": {
        "x": 0.2573993504047394,
        "y": 0.7356849312782288,
        "z": -0.1477482169866562
    },
    "right_shoulder": {
        "x": 0.27784377336502075,
        "y": 0.6319118142127991,
        "z": -0.20022782683372498
    },
    "left_elbow": {
        "x": 0.27230989933013916,
        "y": 0.8348782062530518,
        "z": -0.14971581101417542
    },
    "right_elbow": {
        "x": 0.27008581161499023,
        "y": 0.5661379098892212,
        "z": -0.1885194033384323
    },
    "left_wrist": {
        "x": 0.26448529958724976,
        "y": 0.9267474412918091,
        "z": -0.21201752126216888
    },
    "right_wrist": {
        "x": 0.2248464822769165,
        "y": 0.5480265021324158,
        "z": -0.14797525107860565
    },
    "left_pinky": {
        "x": 0.26058363914489746,
        "y": 0.9470228552818298,
        "z": -0.2401023805141449
    },
    "right_pinky": {
        "x": 0.2161756157875061,
        "y": 0.5430852174758911,
        "z": -0.16731315851211548
    },
    "left_index": {
        "x": 0.25647667050361633,
        "y": 0.9439493417739868,
        "z": -0.24831953644752502
    },
    "right_index": {
        "x": 0.21404387056827545,
        "y": 0.5514106750488281,
        "z": -0.17183369398117065
    },
    "left_thumb": {
        "x": 0.2588978409767151,
        "y": 0.9369394183158875,
        "z": -0.21896067261695862
    },
    "right_thumb": {
        "x": 0.2169782966375351,
        "y": 0.5549560785293579,
        "z": -0.15005545318126678
    },
    "left_hip": {
        "x": 0.31727704405784607,
        "y": 0.7866011261940002,
        "z": 0.028483936563134193
    },
    "right_hip": {
        "x": 0.33268052339553833,
        "y": 0.7255843281745911,
        "z": -0.028659889474511147
    },
    "left_knee": {
        "x": 0.2920096814632416,
        "y": 0.7169564962387085,
        "z": 0.1516786366701126
    },
    "right_knee": {
        "x": 0.2877638041973114,
        "y": 0.5942124128341675,
        "z": 0.08149885386228561
    },
    "left_ankle": {
        "x": 0.2948591709136963,
        "y": 0.7167122960090637,
        "z": 0.3641979694366455
    },
    "right_ankle": {
        "x": 0.2680383622646332,
        "y": 0.5380815863609314,
        "z": 0.20626407861709595
    },
    "left_heel": {
        "x": 0.29944056272506714,
        "y": 0.7117323279380798,
        "z": 0.38555094599723816
    },
    "right_heel": {
        "x": 0.2700374126434326,
        "y": 0.5322782397270203,
        "z": 0.21789242327213287
    },
    "left_foot_index": {
        "x": 0.277926504611969,
        "y": 0.7254766225814819,
        "z": 0.35817813873291016
    },
    "right_foot_index": {
        "x": 0.23704124987125397,
        "y": 0.5260778069496155,
        "z": 0.17234188318252563
    }
}