{
    "nose": {
        "x": 0.35356539487838745,
        "y": 0.7376357913017273,
        "z": -0.06044347211718559
    },
    "left_eye_inner": {
        "x": 0.3527377247810364,
        "y": 0.7437313795089722,
        "z": -0.08642079681158066
    },
    "left_eye": {
        "x": 0.35502997040748596,
        "y": 0.7464829683303833,
        "z": -0.08642151206731796
    },
    "left_eye_outer": {
        "x": 0.3569255769252777,
        "y": 0.748487651348114,
        "z": -0.08642073720693588
    },
    "right_eye_inner": {
        "x": 0.3475479483604431,
        "y": 0.7357827425003052,
        "z": -0.07737695425748825
    },
    "right_eye": {
        "x": 0.34638169407844543,
        "y": 0.7333477735519409,
        "z": -0.07743024080991745
    },
    "right_eye_outer": {
        "x": 0.34525132179260254,
        "y": 0.7305625081062317,
        "z": -0.07746031135320663
    },
    "left_ear": {
        "x": 0.36134302616119385,
        "y": 0.7431236505508423,
        "z": -0.15032057464122772
    },
    "right_ear": {
        "x": 0.34821656346321106,
        "y": 0.719943106174469,
        "z": -0.11009302735328674
    },
    "mouth_left": {
        "x": 0.36210137605667114,
        "y": 0.7325059771537781,
        "z": -0.07672277092933655
    },
    "mouth_right": {
        "x": 0.35585278272628784,
        "y": 0.7206014394760132,
        "z": -0.06513936817646027
    },
    "left_shoulder": {
        "x": 0.40233731269836426,
        "y": 0.7350032329559326,
        "z": -0.16008798778057098
    },
    "right_shoulder": {
        "x": 0.360256552696228,
        "y": 0.6611192226409912,
        "z": -0.07015478610992432
    },
    "left_elbow": {
        "x": 0.428291916847229,
        "y": 0.7796733379364014,
        "z": -0.07560932636260986
    },
    "right_elbow": {
        "x": 0.3760930895805359,
        "y": 0.6650713086128235,
        "z": 0.05009932816028595
    },
    "left_wrist": {
        "x": 0.39374715089797974,
        "y": 0.8003889322280884,
        "z": 0.026935404166579247
    },
    "right_wrist": {
        "x": 0.3744247555732727,
        "y": 0.7316115498542786,
        "z": 0.1346437633037567
    },
    "left_pinky": {
        "x": 0.3908851146697998,
        "y": 0.8107551336288452,
        "z": 0.016110867261886597
    },
    "right_pinky": {
        "x": 0.3733711242675781,
        "y": 0.7386182546615601,
        "z": 0.1382753998041153
    },
    "left_index": {
        "x": 0.3837016820907593,
        "y": 0.7993953227996826,
        "z": 0.005478501785546541
    },
    "right_index": {
        "x": 0.3755268454551697,
        "y": 0.7473723888397217,
        "z": 0.11608970910310745
    },
    "left_thumb": {
        "x": 0.38409262895584106,
        "y": 0.7928282022476196,
        "z": 0.024163570255041122
    },
    "right_thumb": {
        "x": 0.37755289673805237,
        "y": 0.7478652596473694,
        "z": 0.1270650029182434
    },
    "left_hip": {
        "x": 0.4599927067756653,
        "y": 0.6685851812362671,
        "z": -0.028921516612172127
    },
    "right_hip": {
        "x": 0.4348057508468628,
        "y": 0.6236623525619507,
        "z": 0.0289395023137331
    },
    "left_knee": {
        "x": 0.4283406138420105,
        "y": 0.7265672087669373,
        "z": 0.09513599425554276
    },
    "right_knee": {
        "x": 0.4023551046848297,
        "y": 0.6655958294868469,
        "z": 0.17170120775699615
    },
    "left_ankle": {
        "x": 0.45068785548210144,
        "y": 0.7087056040763855,
        "z": 0.29336464405059814
    },
    "right_ankle": {
        "x": 0.43723738193511963,
        "y": 0.6754459142684937,
        "z": 0.3628646433353424
    },
    "left_heel": {
        "x": 0.4563887417316437,
        "y": 0.6993709206581116,
        "z": 0.3161481022834778
    },
    "right_heel": {
        "x": 0.4462611675262451,
        "y": 0.6717695593833923,
        "z": 0.3836313486099243
    },
    "left_foot_index": {
        "x": 0.4464174211025238,
        "y": 0.726744532585144,
        "z": 0.3346785604953766
    },
    "right_foot_index": {
        "x": 0.4352008104324341,
        "y": 0.7017754912376404,
        "z": 0.39755475521087646
    }
}