{
    "nose": {
        "x": 0.5507200360298157,
        "y": 0.5404382944107056,
        "z": -0.1863185167312622
    },
    "left_eye_inner": {
        "x": 0.5519630312919617,
        "y": 0.5309503674507141,
        "z": -0.19964538514614105
    },
    "left_eye": {
        "x": 0.5532383322715759,
        "y": 0.5310880541801453,
        "z": -0.19960430264472961
    },
    "left_eye_outer": {
        "x": 0.5546797513961792,
        "y": 0.5313286781311035,
        "z": -0.19968147575855255
    },
    "right_eye_inner": {
        "x": 0.5504522323608398,
        "y": 0.5292209386825562,
        "z": -0.17836304008960724
    },
    "right_eye": {
        "x": 0.5505924224853516,
        "y": 0.5280747413635254,
        "z": -0.17839843034744263
    },
    "right_eye_outer": {
        "x": 0.5507819652557373,
        "y": 0.5269169807434082,
        "z": -0.17844806611537933
    },
    "left_ear": {
        "x": 0.5671867728233337,
        "y": 0.5305235385894775,
        "z": -0.2095697522163391
    },
    "right_ear": {
        "x": 0.5596014261245728,
        "y": 0.5235908031463623,
        "z": -0.11155471950769424
    },
    "mouth_left": {
        "x": 0.5570041537284851,
        "y": 0.5477144718170166,
        "z": -0.1854252964258194
    },
    "mouth_right": {
        "x": 0.5553147196769714,
        "y": 0.5465971827507019,
        "z": -0.15721279382705688
    },
    "left_shoulder": {
        "x": 0.5987169742584229,
        "y": 0.6000702381134033,
        "z": -0.21178050339221954
    },
    "right_shoulder": {
        "x": 0.5728708505630493,
        "y": 0.5484829545021057,
        "z": -0.0192110538482666
    },
    "left_elbow": {
        "x": 0.5718113780021667,
        "y": 0.7033624053001404,
        "z": -0.2400313764810562
    },
    "right_elbow": {
        "x": 0.5341799259185791,
        "y": 0.5948905944824219,
        "z": 0.05523424968123436
    },
    "left_wrist": {
        "x": 0.517428457736969,
        "y": 0.6726654767990112,
        "z": -0.2535856068134308
    },
    "right_wrist": {
        "x": 0.49856775999069214,
        "y": 0.601314902305603,
        "z": 0.03607131540775299
    },
    "left_pinky": {
        "x": 0.5040872693061829,
        "y": 0.6744422316551208,
        "z": -0.27750641107559204
    },
    "right_pinky": {
        "x": 0.48618820309638977,
        "y": 0.6085102558135986,
        "z": 0.03444122150540352
    },
    "left_index": {
        "x": 0.5035572648048401,
        "y": 0.6629266738891602,
        "z": -0.2723208963871002
    },
    "right_index": {
        "x": 0.4894792437553406,
        "y": 0.6066190004348755,
        "z": 0.013173481449484825
    },
    "left_thumb": {
        "x": 0.5082464814186096,
        "y": 0.6603063941001892,
        "z": -0.2505398988723755
    },
    "right_thumb": {
        "x": 0.4944288730621338,
        "y": 0.6051124334335327,
        "z": 0.026734497398138046
    },
    "left_hip": {
        "x": 0.5528898239135742,
        "y": 0.726256787776947,
        "z": -0.07163918763399124
    },
    "right_hip": {
        "x": 0.5404258370399475,
        "y": 0.6815797090530396,
        "z": 0.07168284058570862
    },
    "left_knee": {
        "x": 0.47059786319732666,
        "y": 0.6806216835975647,
        "z": -0.14897248148918152
    },
    "right_knee": {
        "x": 0.46106255054473877,
        "y": 0.6349009871482849,
        "z": 0.03318308666348457
    },
    "left_ankle": {
        "x": 0.44316521286964417,
        "y": 0.8057628273963928,
        "z": -0.037791743874549866
    },
    "right_ankle": {
        "x": 0.44404110312461853,
        "y": 0.7543480396270752,
        "z": 0.13687719404697418
    },
    "left_heel": {
        "x": 0.4513978064060211,
        "y": 0.8303362131118774,
        "z": -0.024519817903637886
    },
    "right_heel": {
        "x": 0.44881686568260193,
        "y": 0.7787033915519714,
        "z": 0.1468007117509842
    },
    "left_foot_index": {
        "x": 0.4044073820114136,
        "y": 0.8349537253379822,
        "z": -0.04124187305569649
    },
    "right_foot_index": {
        "x": 0.4039771556854248,
        "y": 0.7559271454811096,
        "z": 0.13011041283607483
    }
}