{
    "nose": {
        "x": 0.5494102239608765,
        "y": 0.5522280931472778,
        "z": -0.19064202904701233
    },
    "left_eye_inner": {
        "x": 0.5482838749885559,
        "y": 0.5422561168670654,
        "z": -0.2061953991651535
    },
    "left_eye": {
        "x": 0.5492282509803772,
        "y": 0.5418230295181274,
        "z": -0.2061634510755539
    },
    "left_eye_outer": {
        "x": 0.5503080487251282,
        "y": 0.5413733720779419,
        "z": -0.20625881850719452
    },
    "right_eye_inner": {
        "x": 0.5475541949272156,
        "y": 0.5410670638084412,
        "z": -0.18594412505626678
    },
    "right_eye": {
        "x": 0.5479344725608826,
        "y": 0.539833664894104,
        "z": -0.18596774339675903
    },
    "right_eye_outer": {
        "x": 0.5483459234237671,
        "y": 0.5385575890541077,
        "z": -0.18600250780582428
    },
    "left_ear": {
        "x": 0.5607683658599854,
        "y": 0.5364780426025391,
        "z": -0.22228027880191803
    },
    "right_ear": {
        "x": 0.55637127161026,
        "y": 0.532084584236145,
        "z": -0.1311883181333542
    },
    "mouth_left": {
        "x": 0.5564767122268677,
        "y": 0.5567972660064697,
        "z": -0.19199390709400177
    },
    "mouth_right": {
        "x": 0.5558550357818604,
        "y": 0.5558580756187439,
        "z": -0.16565218567848206
    },
    "left_shoulder": {
        "x": 0.5948453545570374,
        "y": 0.5964110493659973,
        "z": -0.23493386805057526
    },
    "right_shoulder": {
        "x": 0.5726975202560425,
        "y": 0.547027051448822,
        "z": -0.03204970061779022
    },
    "left_elbow": {
        "x": 0.5692461729049683,
        "y": 0.7023450136184692,
        "z": -0.2423909306526184
    },
    "right_elbow": {
        "x": 0.5427142381668091,
        "y": 0.5870736241340637,
        "z": 0.019996682181954384
    },
    "left_wrist": {
        "x": 0.5157222747802734,
        "y": 0.6726682186126709,
        "z": -0.20036493241786957
    },
    "right_wrist": {
        "x": 0.5314708948135376,
        "y": 0.5866361856460571,
        "z": 0.004042935557663441
    },
    "left_pinky": {
        "x": 0.5033001899719238,
        "y": 0.6738945245742798,
        "z": -0.21442288160324097
    },
    "right_pinky": {
        "x": 0.5269346833229065,
        "y": 0.5877944231033325,
        "z": 0.00641271099448204
    },
    "left_index": {
        "x": 0.5031296610832214,
        "y": 0.6637510061264038,
        "z": -0.2113114297389984
    },
    "right_index": {
        "x": 0.5276813507080078,
        "y": 0.5846922993659973,
        "z": -0.0015871456125751138
    },
    "left_thumb": {
        "x": 0.5073667764663696,
        "y": 0.6623901128768921,
        "z": -0.19628870487213135
    },
    "right_thumb": {
        "x": 0.530475378036499,
        "y": 0.5863413214683533,
        "z": 0.00047204759903252125
    },
    "left_hip": {
        "x": 0.5613189339637756,
        "y": 0.7218511700630188,
        "z": -0.07725125551223755
    },
    "right_hip": {
        "x": 0.5485383868217468,
        "y": 0.6824331879615784,
        "z": 0.07726038247346878
    },
    "left_knee": {
        "x": 0.4746120870113373,
        "y": 0.6581721901893616,
        "z": -0.12722620368003845
    },
    "right_knee": {
        "x": 0.46467968821525574,
        "y": 0.6287796497344971,
        "z": 0.03634650632739067
    },
    "left_ankle": {
        "x": 0.4418903589248657,
        "y": 0.8084796071052551,
        "z": -0.03302619978785515
    },
    "right_ankle": {
        "x": 0.4415369927883148,
        "y": 0.7499424815177917,
        "z": 0.1327018439769745
    },
    "left_heel": {
        "x": 0.44526469707489014,
        "y": 0.8393374085426331,
        "z": -0.021079614758491516
    },
    "right_heel": {
        "x": 0.44597575068473816,
        "y": 0.7745141983032227,
        "z": 0.14094528555870056
    },
    "left_foot_index": {
        "x": 0.4012763202190399,
        "y": 0.8341192007064819,
        "z": -0.029027126729488373
    },
    "right_foot_index": {
        "x": 0.40151605010032654,
        "y": 0.7530704140663147,
        "z": 0.1300874799489975
    }
}