{
    "nose": {
        "x": 0.7174942493438721,
        "y": 0.5702531337738037,
        "z": -0.21015331149101257
    },
    "left_eye_inner": {
        "x": 0.720473051071167,
        "y": 0.5597991943359375,
        "z": -0.2221953272819519
    },
    "left_eye": {
        "x": 0.7220542430877686,
        "y": 0.5598203539848328,
        "z": -0.22216853499412537
    },
    "left_eye_outer": {
        "x": 0.7237930297851562,
        "y": 0.5597808957099915,
        "z": -0.2222474068403244
    },
    "right_eye_inner": {
        "x": 0.7188055515289307,
        "y": 0.5582960247993469,
        "z": -0.20079073309898376
    },
    "right_eye": {
        "x": 0.7189615368843079,
        "y": 0.5573899149894714,
        "z": -0.2007787823677063
    },
    "right_eye_outer": {
        "x": 0.7191460132598877,
        "y": 0.5564011335372925,
        "z": -0.20075707137584686
    },
    "left_ear": {
        "x": 0.7360044717788696,
        "y": 0.5608453154563904,
        "z": -0.23170918226242065
    },
    "right_ear": {
        "x": 0.7283718585968018,
        "y": 0.5562863945960999,
        "z": -0.13306322693824768
    },
    "mouth_left": {
        "x": 0.7230455279350281,
        "y": 0.5794857740402222,
        "z": -0.2098461091518402
    },
    "mouth_right": {
        "x": 0.7211715579032898,
        "y": 0.5781949162483215,
        "z": -0.18133670091629028
    },
    "left_shoulder": {
        "x": 0.7608625888824463,
        "y": 0.627722978591919,
        "z": -0.2325945794582367
    },
    "right_shoulder": {
        "x": 0.736985981464386,
        "y": 0.5823394060134888,
        "z": -0.04402279853820801
    },
    "left_elbow": {
        "x": 0.7715999484062195,
        "y": 0.7359812259674072,
        "z": -0.26626428961753845
    },
    "right_elbow": {
        "x": 0.7151556611061096,
        "y": 0.6562100648880005,
        "z": 0.03137505054473877
    },
    "left_wrist": {
        "x": 0.7138134241104126,
        "y": 0.7780824303627014,
        "z": -0.289384126663208
    },
    "right_wrist": {
        "x": 0.6931281089782715,
        "y": 0.6838456392288208,
        "z": 0.0175962895154953
    },
    "left_pinky": {
        "x": 0.7004801034927368,
        "y": 0.7970953583717346,
        "z": -0.31665274500846863
    },
    "right_pinky": {
        "x": 0.6859207153320312,
        "y": 0.6924377083778381,
        "z": 0.015243196859955788
    },
    "left_index": {
        "x": 0.6953102350234985,
        "y": 0.7828257083892822,
        "z": -0.31580379605293274
    },
    "right_index": {
        "x": 0.684218168258667,
        "y": 0.6890997290611267,
        "z": -0.008261476643383503
    },
    "left_thumb": {
        "x": 0.6989425420761108,
        "y": 0.7758327126502991,
        "z": -0.2877807319164276
    },
    "right_thumb": {
        "x": 0.6874023675918579,
        "y": 0.6881064176559448,
        "z": 0.007432376965880394
    },
    "left_hip": {
        "x": 0.7066362500190735,
        "y": 0.7516685128211975,
        "z": -0.06718119978904724
    },
    "right_hip": {
        "x": 0.6965783834457397,
        "y": 0.705609917640686,
        "z": 0.06723234802484512
    },
    "left_knee": {
        "x": 0.641237199306488,
        "y": 0.6875246167182922,
        "z": -0.17204874753952026
    },
    "right_knee": {
        "x": 0.629033088684082,
        "y": 0.6468740701675415,
        "z": 0.04623396694660187
    },
    "left_ankle": {
        "x": 0.5965902805328369,
        "y": 0.8026775121688843,
        "z": -0.05712651088833809
    },
    "right_ankle": {
        "x": 0.5993620157241821,
        "y": 0.7503846883773804,
        "z": 0.13641054928302765
    },
    "left_heel": {
        "x": 0.5990951657295227,
        "y": 0.828976571559906,
        "z": -0.045663464814424515
    },
    "right_heel": {
        "x": 0.6006637215614319,
        "y": 0.7752110362052917,
        "z": 0.14356862008571625
    },
    "left_foot_index": {
        "x": 0.5593329071998596,
        "y": 0.8170830607414246,
        "z": -0.08006903529167175
    },
    "right_foot_index": {
        "x": 0.5592999458312988,
        "y": 0.7391794323921204,
        "z": 0.1213369369506836
    }
}