{
    "nose": {
        "x": 0.6110496520996094,
        "y": 0.5162619352340698,
        "z": -0.26270413398742676
    },
    "left_eye_inner": {
        "x": 0.6152088642120361,
        "y": 0.5061948299407959,
        "z": -0.27961796522140503
    },
    "left_eye": {
        "x": 0.6162170171737671,
        "y": 0.5065926909446716,
        "z": -0.2795718312263489
    },
    "left_eye_outer": {
        "x": 0.6171886324882507,
        "y": 0.5069049596786499,
        "z": -0.279666930437088
    },
    "right_eye_inner": {
        "x": 0.6150585412979126,
        "y": 0.5039834380149841,
        "z": -0.25425708293914795
    },
    "right_eye": {
        "x": 0.6157945990562439,
        "y": 0.5030487775802612,
        "z": -0.25426435470581055
    },
    "right_eye_outer": {
        "x": 0.6165373921394348,
        "y": 0.5018327236175537,
        "z": -0.25421851873397827
    },
    "left_ear": {
        "x": 0.6269062757492065,
        "y": 0.5124772787094116,
        "z": -0.3036326467990875
    },
    "right_ear": {
        "x": 0.6244232654571533,
        "y": 0.5046789646148682,
        "z": -0.1905737668275833
    },
    "mouth_left": {
        "x": 0.6151223182678223,
        "y": 0.5275455117225647,
        "z": -0.26696765422821045
    },
    "mouth_right": {
        "x": 0.6144510507583618,
        "y": 0.5254895687103271,
        "z": -0.23422309756278992
    },
    "left_shoulder": {
        "x": 0.6443934440612793,
        "y": 0.6031439304351807,
        "z": -0.3152899146080017
    },
    "right_shoulder": {
        "x": 0.6353873610496521,
        "y": 0.5370967388153076,
        "z": -0.07558801025152206
    },
    "left_elbow": {
        "x": 0.6438159346580505,
        "y": 0.7151457667350769,
        "z": -0.36324048042297363
    },
    "right_elbow": {
        "x": 0.637413740158081,
        "y": 0.5071856379508972,
        "z": 0.0927315428853035
    },
    "left_wrist": {
        "x": 0.5892480611801147,
        "y": 0.7711963057518005,
        "z": -0.37409713864326477
    },
    "right_wrist": {
        "x": 0.6316422820091248,
        "y": 0.5057116746902466,
        "z": 0.21161621809005737
    },
    "left_pinky": {
        "x": 0.5807524919509888,
        "y": 0.7961123585700989,
        "z": -0.4014192521572113
    },
    "right_pinky": {
        "x": 0.6306080222129822,
        "y": 0.5039289593696594,
        "z": 0.2333413064479828
    },
    "left_index": {
        "x": 0.574428379535675,
        "y": 0.7821177840232849,
        "z": -0.4023696780204773
    },
    "right_index": {
        "x": 0.6299283504486084,
        "y": 0.49727946519851685,
        "z": 0.2131507843732834
    },
    "left_thumb": {
        "x": 0.5759268999099731,
        "y": 0.7746625542640686,
        "z": -0.3727859556674957
    },
    "right_thumb": {
        "x": 0.6269987225532532,
        "y": 0.513372540473938,
        "z": 0.20672832429409027
    },
    "left_hip": {
        "x": 0.590502142906189,
        "y": 0.7277752757072449,
        "z": -0.08216066658496857
    },
    "right_hip": {
        "x": 0.5855311155319214,
        "y": 0.6788383722305298,
        "z": 0.08227938413619995
    },
    "left_knee": {
        "x": 0.5175060033798218,
        "y": 0.6588159203529358,
        "z": -0.13607507944107056
    },
    "right_knee": {
        "x": 0.5119919776916504,
        "y": 0.6246253252029419,
        "z": 0.02570667490363121
    },
    "left_ankle": {
        "x": 0.4854262173175812,
        "y": 0.7896757125854492,
        "z": -0.01596802845597267
    },
    "right_ankle": {
        "x": 0.4929655194282532,
        "y": 0.7438287734985352,
        "z": 0.14678247272968292
    },
    "left_heel": {
        "x": 0.48785004019737244,
        "y": 0.8197987079620361,
        "z": -0.0027825317811220884
    },
    "right_heel": {
        "x": 0.48987269401550293,
        "y": 0.7696334719657898,
        "z": 0.1574402153491974
    },
    "left_foot_index": {
        "x": 0.44018223881721497,
        "y": 0.8052440285682678,
        "z": -0.026953166350722313
    },
    "right_foot_index": {
        "x": 0.451516330242157,
        "y": 0.743436872959137,
        "z": 0.137478306889534
    }
}