{
    "nose": {
        "x": 0.5386216640472412,
        "y": 0.475962370634079,
        "z": -0.014954748563468456
    },
    "left_eye_inner": {
        "x": 0.5367118120193481,
        "y": 0.4673451781272888,
        "z": -0.03348159417510033
    },
    "left_eye": {
        "x": 0.5369768142700195,
        "y": 0.4668217897415161,
        "z": -0.03352292999625206
    },
    "left_eye_outer": {
        "x": 0.5372893214225769,
        "y": 0.46628981828689575,
        "z": -0.03361248970031738
    },
    "right_eye_inner": {
        "x": 0.5372312068939209,
        "y": 0.4665375351905823,
        "z": -0.019098766148090363
    },
    "right_eye": {
        "x": 0.5378445982933044,
        "y": 0.46539121866226196,
        "z": -0.01908063516020775
    },
    "right_eye_outer": {
        "x": 0.5385350584983826,
        "y": 0.46411052346229553,
        "z": -0.01914350502192974
    },
    "left_ear": {
        "x": 0.544338583946228,
        "y": 0.45945942401885986,
        "z": -0.09282997995615005
    },
    "right_ear": {
        "x": 0.546118438243866,
        "y": 0.4553222358226776,
        "z": -0.02815225161612034
    },
    "mouth_left": {
        "x": 0.5440211296081543,
        "y": 0.48075219988822937,
        "z": -0.03317498043179512
    },
    "mouth_right": {
        "x": 0.5445295572280884,
        "y": 0.4796265959739685,
        "z": -0.014320089481770992
    },
    "left_shoulder": {
        "x": 0.5602942109107971,
        "y": 0.4976685345172882,
        "z": -0.14146773517131805
    },
    "right_shoulder": {
        "x": 0.5883593559265137,
        "y": 0.4454081356525421,
        "z": -0.00100994436070323
    },
    "left_elbow": {
        "x": 0.5619657635688782,
        "y": 0.5895583033561707,
        "z": -0.15189975500106812
    },
    "right_elbow": {
        "x": 0.6299049258232117,
        "y": 0.45781388878822327,
        "z": 0.043239060789346695
    },
    "left_wrist": {
        "x": 0.5503392815589905,
        "y": 0.657185435295105,
        "z": -0.10737863183021545
    },
    "right_wrist": {
        "x": 0.6515114307403564,
        "y": 0.476247102022171,
        "z": 0.0747644379734993
    },
    "left_pinky": {
        "x": 0.5464984774589539,
        "y": 0.6777434945106506,
        "z": -0.1243981197476387
    },
    "right_pinky": {
        "x": 0.6596931219100952,
        "y": 0.4786650538444519,
        "z": 0.08111227303743362
    },
    "left_index": {
        "x": 0.5428547263145447,
        "y": 0.6776477098464966,
        "z": -0.11688444018363953
    },
    "right_index": {
        "x": 0.6572065949440002,
        "y": 0.4807320237159729,
        "z": 0.0724349245429039
    },
    "left_thumb": {
        "x": 0.5450209379196167,
        "y": 0.6703474521636963,
        "z": -0.10349112749099731
    },
    "right_thumb": {
        "x": 0.6532925367355347,
        "y": 0.48275622725486755,
        "z": 0.07174098491668701
    },
    "left_hip": {
        "x": 0.5990020036697388,
        "y": 0.5892600417137146,
        "z": -0.0536385141313076
    },
    "right_hip": {
        "x": 0.6141775846481323,
        "y": 0.5575308203697205,
        "z": 0.053410276770591736
    },
    "left_knee": {
        "x": 0.5534247159957886,
        "y": 0.6388269066810608,
        "z": 0.0455201156437397
    },
    "right_knee": {
        "x": 0.5701674222946167,
        "y": 0.6009883284568787,
        "z": 0.16331714391708374
    },
    "left_ankle": {
        "x": 0.5861575603485107,
        "y": 0.7104753851890564,
        "z": 0.15818674862384796
    },
    "right_ankle": {
        "x": 0.5873643755912781,
        "y": 0.6649531722068787,
        "z": 0.2884067893028259
    },
    "left_heel": {
        "x": 0.5958825349807739,
        "y": 0.7214901447296143,
        "z": 0.17214544117450714
    },
    "right_heel": {
        "x": 0.5945238471031189,
        "y": 0.6735630035400391,
        "z": 0.30314263701438904
    },
    "left_foot_index": {
        "x": 0.5688032507896423,
        "y": 0.7460982799530029,
        "z": 0.1832219511270523
    },
    "right_foot_index": {
        "x": 0.5739157795906067,
        "y": 0.6829674243927002,
        "z": 0.314351350069046
    }
}