{
    "nose": {
        "x": 0.620216965675354,
        "y": 0.8633736968040466,
        "z": -0.25691384077072144
    },
    "left_eye_inner": {
        "x": 0.6180436015129089,
        "y": 0.8741568922996521,
        "z": -0.2701003849506378
    },
    "left_eye": {
        "x": 0.6166731715202332,
        "y": 0.8752301335334778,
        "z": -0.27008673548698425
    },
    "left_eye_outer": {
        "x": 0.6154016852378845,
        "y": 0.8760703802108765,
        "z": -0.27013087272644043
    },
    "right_eye_inner": {
        "x": 0.6233442425727844,
        "y": 0.8728722929954529,
        "z": -0.26895999908447266
    },
    "right_eye": {
        "x": 0.6254804730415344,
        "y": 0.8735899329185486,
        "z": -0.26890966296195984
    },
    "right_eye_outer": {
        "x": 0.6284955739974976,
        "y": 0.8730579614639282,
        "z": -0.2689029574394226
    },
    "left_ear": {
        "x": 0.6165610551834106,
        "y": 0.8858698606491089,
        "z": -0.2779291272163391
    },
    "right_ear": {
        "x": 0.6363259553909302,
        "y": 0.8807529807090759,
        "z": -0.27372312545776367
    },
    "mouth_left": {
        "x": 0.6184372901916504,
        "y": 0.8634778261184692,
        "z": -0.2528075575828552
    },
    "mouth_right": {
        "x": 0.6256681680679321,
        "y": 0.8584237694740295,
        "z": -0.2518741190433502
    },
    "left_shoulder": {
        "x": 0.6052261590957642,
        "y": 0.8969476222991943,
        "z": -0.20495635271072388
    },
    "right_shoulder": {
        "x": 0.6657870411872864,
        "y": 0.8566420674324036,
        "z": -0.1940213441848755
    },
    "left_elbow": {
        "x": 0.58059161901474,
        "y": 0.8592607975006104,
        "z": -0.14566054940223694
    },
    "right_elbow": {
        "x": 0.6876774430274963,
        "y": 0.8256210088729858,
        "z": -0.14924830198287964
    },
    "left_wrist": {
        "x": 0.5605999827384949,
        "y": 0.7993804216384888,
        "z": -0.08335313200950623
    },
    "right_wrist": {
        "x": 0.7122570276260376,
        "y": 0.7796398997306824,
        "z": -0.13392037153244019
    },
    "left_pinky": {
        "x": 0.5512414574623108,
        "y": 0.786851704120636,
        "z": -0.08375106006860733
    },
    "right_pinky": {
        "x": 0.7210962176322937,
        "y": 0.7666218876838684,
        "z": -0.1476311832666397
    },
    "left_index": {
        "x": 0.5526816248893738,
        "y": 0.7809528708457947,
        "z": -0.09109724313020706
    },
    "right_index": {
        "x": 0.7189140319824219,
        "y": 0.7616583108901978,
        "z": -0.14766256511211395
    },
    "left_thumb": {
        "x": 0.5577641725540161,
        "y": 0.7864953279495239,
        "z": -0.08299043774604797
    },
    "right_thumb": {
        "x": 0.7154476046562195,
        "y": 0.7661594152450562,
        "z": -0.13446523249149323
    },
    "left_hip": {
        "x": 0.6172247529029846,
        "y": 0.8364852666854858,
        "z": 0.006246176548302174
    },
    "right_hip": {
        "x": 0.6489301919937134,
        "y": 0.8174207210540771,
        "z": -0.006051737815141678
    },
    "left_knee": {
        "x": 0.5725180506706238,
        "y": 0.7727826237678528,
        "z": 0.02052587829530239
    },
    "right_knee": {
        "x": 0.6147196292877197,
        "y": 0.7149680256843567,
        "z": -0.013792102225124836
    },
    "left_ankle": {
        "x": 0.5658391118049622,
        "y": 0.6839248538017273,
        "z": 0.09898360073566437
    },
    "right_ankle": {
        "x": 0.5996271371841431,
        "y": 0.6539269685745239,
        "z": 0.042479876428842545
    },
    "left_heel": {
        "x": 0.5724039077758789,
        "y": 0.6678123474121094,
        "z": 0.1069851815700531
    },
    "right_heel": {
        "x": 0.6129364967346191,
        "y": 0.6308823227882385,
        "z": 0.04803142696619034
    },
    "left_foot_index": {
        "x": 0.5478459000587463,
        "y": 0.6620050668716431,
        "z": 0.050806302577257156
    },
    "right_foot_index": {
        "x": 0.5970568060874939,
        "y": 0.6069126129150391,
        "z": -0.006037050858139992
    }
}