{
    "nose": {
        "x": 0.7902390956878662,
        "y": 0.4726611077785492,
        "z": -0.08434490114450455
    },
    "left_eye_inner": {
        "x": 0.7907733917236328,
        "y": 0.4624984860420227,
        "z": -0.07692157477140427
    },
    "left_eye": {
        "x": 0.7905473113059998,
        "y": 0.46151602268218994,
        "z": -0.07694525271654129
    },
    "left_eye_outer": {
        "x": 0.7902505993843079,
        "y": 0.4604353904724121,
        "z": -0.0769687220454216
    },
    "right_eye_inner": {
        "x": 0.7900704741477966,
        "y": 0.4627998471260071,
        "z": -0.1002405434846878
    },
    "right_eye": {
        "x": 0.7893850803375244,
        "y": 0.46212393045425415,
        "z": -0.10027356445789337
    },
    "right_eye_outer": {
        "x": 0.7886406183242798,
        "y": 0.46144142746925354,
        "z": -0.10029950737953186
    },
    "left_ear": {
        "x": 0.783461332321167,
        "y": 0.4571952223777771,
        "z": -0.0338810496032238
    },
    "right_ear": {
        "x": 0.7829066514968872,
        "y": 0.46002456545829773,
        "z": -0.14030350744724274
    },
    "mouth_left": {
        "x": 0.7869012951850891,
        "y": 0.4777703881263733,
        "z": -0.06525202840566635
    },
    "mouth_right": {
        "x": 0.7858030796051025,
        "y": 0.47797971963882446,
        "z": -0.09617819637060165
    },
    "left_shoulder": {
        "x": 0.7561337351799011,
        "y": 0.47988197207450867,
        "z": 0.04745495319366455
    },
    "right_shoulder": {
        "x": 0.7709539532661438,
        "y": 0.4954487383365631,
        "z": -0.1863497793674469
    },
    "left_elbow": {
        "x": 0.7526739239692688,
        "y": 0.549538791179657,
        "z": 0.10552822798490524
    },
    "right_elbow": {
        "x": 0.7948485612869263,
        "y": 0.5606436133384705,
        "z": -0.2246539443731308
    },
    "left_wrist": {
        "x": 0.7525277733802795,
        "y": 0.5890387892723083,
        "z": 0.10253096371889114
    },
    "right_wrist": {
        "x": 0.8427007794380188,
        "y": 0.5715951919555664,
        "z": -0.20578493177890778
    },
    "left_pinky": {
        "x": 0.7516101598739624,
        "y": 0.5940390229225159,
        "z": 0.11349219083786011
    },
    "right_pinky": {
        "x": 0.8525976538658142,
        "y": 0.5770566463470459,
        "z": -0.22661256790161133
    },
    "left_index": {
        "x": 0.7553226947784424,
        "y": 0.5923989415168762,
        "z": 0.09404083341360092
    },
    "right_index": {
        "x": 0.8543611168861389,
        "y": 0.5666075348854065,
        "z": -0.21229438483715057
    },
    "left_thumb": {
        "x": 0.7559327483177185,
        "y": 0.5913482308387756,
        "z": 0.0946148931980133
    },
    "right_thumb": {
        "x": 0.8507055044174194,
        "y": 0.5649334788322449,
        "z": -0.19951069355010986
    },
    "left_hip": {
        "x": 0.715264081954956,
        "y": 0.5951494574546814,
        "z": 0.07434717565774918
    },
    "right_hip": {
        "x": 0.7196131944656372,
        "y": 0.6132653951644897,
        "z": -0.07453349977731705
    },
    "left_knee": {
        "x": 0.699642539024353,
        "y": 0.6482129693031311,
        "z": 0.14954255521297455
    },
    "right_knee": {
        "x": 0.7054779529571533,
        "y": 0.66923987865448,
        "z": -0.10963132232427597
    },
    "left_ankle": {
        "x": 0.6567327976226807,
        "y": 0.6267904043197632,
        "z": 0.20189280807971954
    },
    "right_ankle": {
        "x": 0.6522976756095886,
        "y": 0.643381655216217,
        "z": -0.07933156192302704
    },
    "left_heel": {
        "x": 0.652289867401123,
        "y": 0.6119757890701294,
        "z": 0.20649310946464539
    },
    "right_heel": {
        "x": 0.6498470306396484,
        "y": 0.6292404532432556,
        "z": -0.07575066387653351
    },
    "left_foot_index": {
        "x": 0.6295814514160156,
        "y": 0.6279999613761902,
        "z": 0.18970909714698792
    },
    "right_foot_index": {
        "x": 0.6233686208724976,
        "y": 0.6401934027671814,
        "z": -0.09780118614435196
    }
}