{
    "nose": {
        "x": 0.7804902791976929,
        "y": 0.5657485723495483,
        "z": 0.0095641128718853
    },
    "left_eye_inner": {
        "x": 0.7815486788749695,
        "y": 0.5589601397514343,
        "z": -0.009867554530501366
    },
    "left_eye": {
        "x": 0.780489981174469,
        "y": 0.5577601194381714,
        "z": -0.00987270101904869
    },
    "left_eye_outer": {
        "x": 0.7794907093048096,
        "y": 0.5566778182983398,
        "z": -0.009940549731254578
    },
    "right_eye_inner": {
        "x": 0.7844074964523315,
        "y": 0.5621444582939148,
        "z": -0.006900253240019083
    },
    "right_eye": {
        "x": 0.7852229475975037,
        "y": 0.5630983114242554,
        "z": -0.0068691750057041645
    },
    "right_eye_outer": {
        "x": 0.7859107851982117,
        "y": 0.5639724731445312,
        "z": -0.006878909654915333
    },
    "left_ear": {
        "x": 0.7783544063568115,
        "y": 0.5586664080619812,
        "z": -0.07005971670150757
    },
    "right_ear": {
        "x": 0.7858657836914062,
        "y": 0.5676501393318176,
        "z": -0.056008562445640564
    },
    "mouth_left": {
        "x": 0.7762924432754517,
        "y": 0.5695616006851196,
        "z": -0.00795701052993536
    },
    "mouth_right": {
        "x": 0.7796804308891296,
        "y": 0.5737711787223816,
        "z": -0.0038638401310890913
    },
    "left_shoulder": {
        "x": 0.7586891651153564,
        "y": 0.5797154903411865,
        "z": -0.07981184870004654
    },
    "right_shoulder": {
        "x": 0.7825789451599121,
        "y": 0.6320499181747437,
        "z": -0.07331634312868118
    },
    "left_elbow": {
        "x": 0.7719112634658813,
        "y": 0.6181665658950806,
        "z": -0.09666761755943298
    },
    "right_elbow": {
        "x": 0.7829267382621765,
        "y": 0.7084683179855347,
        "z": -0.09216126799583435
    },
    "left_wrist": {
        "x": 0.8063172101974487,
        "y": 0.6453825831413269,
        "z": -0.13911552727222443
    },
    "right_wrist": {
        "x": 0.7832705974578857,
        "y": 0.7992710471153259,
        "z": -0.12394749373197556
    },
    "left_pinky": {
        "x": 0.8210099935531616,
        "y": 0.6645275354385376,
        "z": -0.15775781869888306
    },
    "right_pinky": {
        "x": 0.7880533337593079,
        "y": 0.8187854290008545,
        "z": -0.1420547068119049
    },
    "left_index": {
        "x": 0.8247326612472534,
        "y": 0.6696099042892456,
        "z": -0.16857217252254486
    },
    "right_index": {
        "x": 0.7925193309783936,
        "y": 0.8178946375846863,
        "z": -0.1424364149570465
    },
    "left_thumb": {
        "x": 0.8202712535858154,
        "y": 0.6717203259468079,
        "z": -0.14656667411327362
    },
    "right_thumb": {
        "x": 0.7907312512397766,
        "y": 0.8098726868629456,
        "z": -0.12644129991531372
    },
    "left_hip": {
        "x": 0.7023471593856812,
        "y": 0.6782165765762329,
        "z": -0.024423610419034958
    },
    "right_hip": {
        "x": 0.7246952056884766,
        "y": 0.7088838219642639,
        "z": 0.02413986250758171
    },
    "left_knee": {
        "x": 0.6805258393287659,
        "y": 0.616515040397644,
        "z": 0.1251997947692871
    },
    "right_knee": {
        "x": 0.7211633324623108,
        "y": 0.6528770923614502,
        "z": 0.19284668564796448
    },
    "left_ankle": {
        "x": 0.6390275359153748,
        "y": 0.6485810875892639,
        "z": 0.25781750679016113
    },
    "right_ankle": {
        "x": 0.6835069060325623,
        "y": 0.6773677468299866,
        "z": 0.31870922446250916
    },
    "left_heel": {
        "x": 0.6372853517532349,
        "y": 0.6596420407295227,
        "z": 0.27288582921028137
    },
    "right_heel": {
        "x": 0.6713793277740479,
        "y": 0.6847781538963318,
        "z": 0.33203399181365967
    },
    "left_foot_index": {
        "x": 0.6215780973434448,
        "y": 0.6211968660354614,
        "z": 0.27067136764526367
    },
    "right_foot_index": {
        "x": 0.6720279455184937,
        "y": 0.6678098440170288,
        "z": 0.3335205018520355
    }
}