{
    "nose": {
        "x": 0.6544785499572754,
        "y": 0.3978763222694397,
        "z": -0.09787431359291077
    },
    "left_eye_inner": {
        "x": 0.6490451097488403,
        "y": 0.38874930143356323,
        "z": -0.11300908029079437
    },
    "left_eye": {
        "x": 0.6486896276473999,
        "y": 0.38996702432632446,
        "z": -0.1129695400595665
    },
    "left_eye_outer": {
        "x": 0.6482962965965271,
        "y": 0.3914436101913452,
        "z": -0.11295721679925919
    },
    "right_eye_inner": {
        "x": 0.650576114654541,
        "y": 0.3838115930557251,
        "z": -0.08994001150131226
    },
    "right_eye": {
        "x": 0.6514179706573486,
        "y": 0.38143861293792725,
        "z": -0.08998896926641464
    },
    "right_eye_outer": {
        "x": 0.6523394584655762,
        "y": 0.37930867075920105,
        "z": -0.09004341810941696
    },
    "left_ear": {
        "x": 0.6538271307945251,
        "y": 0.39178913831710815,
        "z": -0.1576595902442932
    },
    "right_ear": {
        "x": 0.6609203815460205,
        "y": 0.37481147050857544,
        "z": -0.055148620158433914
    },
    "mouth_left": {
        "x": 0.6608985662460327,
        "y": 0.4045502841472626,
        "z": -0.11205706000328064
    },
    "mouth_right": {
        "x": 0.6620345115661621,
        "y": 0.4021899402141571,
        "z": -0.0822114497423172
    },
    "left_shoulder": {
        "x": 0.7010820508003235,
        "y": 0.4528951048851013,
        "z": -0.21370714902877808
    },
    "right_shoulder": {
        "x": 0.6968141198158264,
        "y": 0.41113725304603577,
        "z": 0.02902188152074814
    },
    "left_elbow": {
        "x": 0.726544976234436,
        "y": 0.5729347467422485,
        "z": -0.23241733014583588
    },
    "right_elbow": {
        "x": 0.6978018283843994,
        "y": 0.5082736611366272,
        "z": 0.07900436967611313
    },
    "left_wrist": {
        "x": 0.7143046855926514,
        "y": 0.6723920106887817,
        "z": -0.2127663791179657
    },
    "right_wrist": {
        "x": 0.6767746210098267,
        "y": 0.5911981463432312,
        "z": 0.0562274307012558
    },
    "left_pinky": {
        "x": 0.7110909819602966,
        "y": 0.6965460181236267,
        "z": -0.24153675138950348
    },
    "right_pinky": {
        "x": 0.6698693037033081,
        "y": 0.6184496283531189,
        "z": 0.0629090815782547
    },
    "left_index": {
        "x": 0.7013378143310547,
        "y": 0.6926555037498474,
        "z": -0.23220519721508026
    },
    "right_index": {
        "x": 0.6687207818031311,
        "y": 0.6239897012710571,
        "z": 0.03352329134941101
    },
    "left_thumb": {
        "x": 0.7012795209884644,
        "y": 0.6859930753707886,
        "z": -0.20919379591941833
    },
    "right_thumb": {
        "x": 0.6705925464630127,
        "y": 0.620927095413208,
        "z": 0.04369047284126282
    },
    "left_hip": {
        "x": 0.7502126097679138,
        "y": 0.5861418843269348,
        "z": -0.067254938185215
    },
    "right_hip": {
        "x": 0.7385528087615967,
        "y": 0.5598896145820618,
        "z": 0.06722185760736465
    },
    "left_knee": {
        "x": 0.6832171678543091,
        "y": 0.705859363079071,
        "z": -0.04930834844708443
    },
    "right_knee": {
        "x": 0.6870324611663818,
        "y": 0.6794806718826294,
        "z": 0.1096896156668663
    },
    "left_ankle": {
        "x": 0.6751394867897034,
        "y": 0.8470356464385986,
        "z": 0.03605155646800995
    },
    "right_ankle": {
        "x": 0.6643480658531189,
        "y": 0.8217739462852478,
        "z": 0.17942103743553162
    },
    "left_heel": {
        "x": 0.6816775798797607,
        "y": 0.8716385364532471,
        "z": 0.04316316545009613
    },
    "right_heel": {
        "x": 0.6697970032691956,
        "y": 0.8489958047866821,
        "z": 0.18492180109024048
    },
    "left_foot_index": {
        "x": 0.6327011585235596,
        "y": 0.8724179863929749,
        "z": 0.007944350130856037
    },
    "right_foot_index": {
        "x": 0.6253969669342041,
        "y": 0.8477949500083923,
        "z": 0.16099175810813904
    }
}