{
    "nose": {
        "x": 0.6677622199058533,
        "y": 0.3380783796310425,
        "z": -0.05970194190740585
    },
    "left_eye_inner": {
        "x": 0.6682717800140381,
        "y": 0.32421284914016724,
        "z": -0.08336956053972244
    },
    "left_eye": {
        "x": 0.6685224175453186,
        "y": 0.3240430951118469,
        "z": -0.08341345191001892
    },
    "left_eye_outer": {
        "x": 0.668715238571167,
        "y": 0.3239964246749878,
        "z": -0.08349063992500305
    },
    "right_eye_inner": {
        "x": 0.6694344878196716,
        "y": 0.3234044909477234,
        "z": -0.05532844364643097
    },
    "right_eye": {
        "x": 0.6705079674720764,
        "y": 0.32265374064445496,
        "z": -0.055320125073194504
    },
    "right_eye_outer": {
        "x": 0.6715972423553467,
        "y": 0.3219132721424103,
        "z": -0.05534236133098602
    },
    "left_ear": {
        "x": 0.6754997372627258,
        "y": 0.32809707522392273,
        "z": -0.14537468552589417
    },
    "right_ear": {
        "x": 0.6808445453643799,
        "y": 0.3237398862838745,
        "z": -0.02043134532868862
    },
    "mouth_left": {
        "x": 0.6718635559082031,
        "y": 0.348979115486145,
        "z": -0.07786357402801514
    },
    "mouth_right": {
        "x": 0.6734893918037415,
        "y": 0.3489716649055481,
        "z": -0.04175741225481033
    },
    "left_shoulder": {
        "x": 0.6841349005699158,
        "y": 0.41611146926879883,
        "z": -0.19746363162994385
    },
    "right_shoulder": {
        "x": 0.7151229977607727,
        "y": 0.3903214633464813,
        "z": 0.0600457526743412
    },
    "left_elbow": {
        "x": 0.6510843634605408,
        "y": 0.5219981074333191,
        "z": -0.14989688992500305
    },
    "right_elbow": {
        "x": 0.6838654279708862,
        "y": 0.4744105339050293,
        "z": 0.1384052187204361
    },
    "left_wrist": {
        "x": 0.6474602222442627,
        "y": 0.466884970664978,
        "z": 0.014253795146942139
    },
    "right_wrist": {
        "x": 0.6590303778648376,
        "y": 0.4645750820636749,
        "z": 0.19157232344150543
    },
    "left_pinky": {
        "x": 0.6457648277282715,
        "y": 0.4493181109428406,
        "z": 0.008907726034522057
    },
    "right_pinky": {
        "x": 0.6551925539970398,
        "y": 0.4584961235523224,
        "z": 0.20454780757427216
    },
    "left_index": {
        "x": 0.6504417657852173,
        "y": 0.4371538758277893,
        "z": 0.015985848382115364
    },
    "right_index": {
        "x": 0.6543956995010376,
        "y": 0.45150643587112427,
        "z": 0.19273193180561066
    },
    "left_thumb": {
        "x": 0.6523815393447876,
        "y": 0.44495803117752075,
        "z": 0.021334653720259666
    },
    "right_thumb": {
        "x": 0.6581523418426514,
        "y": 0.4519992768764496,
        "z": 0.18641293048858643
    },
    "left_hip": {
        "x": 0.6719062328338623,
        "y": 0.6193609237670898,
        "z": -0.08628945052623749
    },
    "right_hip": {
        "x": 0.6898703575134277,
        "y": 0.5994378924369812,
        "z": 0.08629019558429718
    },
    "left_knee": {
        "x": 0.6578388810157776,
        "y": 0.7397984266281128,
        "z": 0.05484473332762718
    },
    "right_knee": {
        "x": 0.663313627243042,
        "y": 0.7018760442733765,
        "z": 0.24371260404586792
    },
    "left_ankle": {
        "x": 0.6412861347198486,
        "y": 0.854381799697876,
        "z": 0.19432564079761505
    },
    "right_ankle": {
        "x": 0.6463390588760376,
        "y": 0.8253333568572998,
        "z": 0.4132333993911743
    },
    "left_heel": {
        "x": 0.6478683948516846,
        "y": 0.885445237159729,
        "z": 0.20883537828922272
    },
    "right_heel": {
        "x": 0.6505216360092163,
        "y": 0.8504551649093628,
        "z": 0.43100014328956604
    },
    "left_foot_index": {
        "x": 0.6148500442504883,
        "y": 0.8481444120407104,
        "z": 0.1848316192626953
    },
    "right_foot_index": {
        "x": 0.617989182472229,
        "y": 0.8285337090492249,
        "z": 0.4223806858062744
    }
}