{
    "nose": {
        "x": 0.6560407876968384,
        "y": 0.36187154054641724,
        "z": -0.13772757351398468
    },
    "left_eye_inner": {
        "x": 0.655388355255127,
        "y": 0.3489527106285095,
        "z": -0.16108953952789307
    },
    "left_eye": {
        "x": 0.656345546245575,
        "y": 0.34806016087532043,
        "z": -0.1611493080854416
    },
    "left_eye_outer": {
        "x": 0.6574032306671143,
        "y": 0.34705784916877747,
        "z": -0.16127938032150269
    },
    "right_eye_inner": {
        "x": 0.6550534963607788,
        "y": 0.34910351037979126,
        "z": -0.13117052614688873
    },
    "right_eye": {
        "x": 0.6557650566101074,
        "y": 0.3484463095664978,
        "z": -0.13116207718849182
    },
    "right_eye_outer": {
        "x": 0.6565439105033875,
        "y": 0.34754353761672974,
        "z": -0.13118603825569153
    },
    "left_ear": {
        "x": 0.669887363910675,
        "y": 0.34387218952178955,
        "z": -0.21104641258716583
    },
    "right_ear": {
        "x": 0.6691185235977173,
        "y": 0.3420197665691376,
        "z": -0.076338991522789
    },
    "mouth_left": {
        "x": 0.6631200909614563,
        "y": 0.37014535069465637,
        "z": -0.15209321677684784
    },
    "mouth_right": {
        "x": 0.6625826358795166,
        "y": 0.37048542499542236,
        "z": -0.11326605081558228
    },
    "left_shoulder": {
        "x": 0.69606614112854,
        "y": 0.4196414053440094,
        "z": -0.2476181983947754
    },
    "right_shoulder": {
        "x": 0.6968895196914673,
        "y": 0.3939402997493744,
        "z": 0.025635486468672752
    },
    "left_elbow": {
        "x": 0.6747547388076782,
        "y": 0.5440043210983276,
        "z": -0.2308042347431183
    },
    "right_elbow": {
        "x": 0.6779029369354248,
        "y": 0.5026900768280029,
        "z": 0.017382469028234482
    },
    "left_wrist": {
        "x": 0.6298559308052063,
        "y": 0.47728070616722107,
        "z": -0.10497970879077911
    },
    "right_wrist": {
        "x": 0.6355230212211609,
        "y": 0.4679376482963562,
        "z": -0.07363132387399673
    },
    "left_pinky": {
        "x": 0.6177118420600891,
        "y": 0.4624355137348175,
        "z": -0.11411645263433456
    },
    "right_pinky": {
        "x": 0.6247731447219849,
        "y": 0.45631346106529236,
        "z": -0.07660527527332306
    },
    "left_index": {
        "x": 0.6217978596687317,
        "y": 0.4482586085796356,
        "z": -0.1053333729505539
    },
    "right_index": {
        "x": 0.6252811551094055,
        "y": 0.44459813833236694,
        "z": -0.08891560882329941
    },
    "left_thumb": {
        "x": 0.6262363791465759,
        "y": 0.4504980146884918,
        "z": -0.09721536934375763
    },
    "right_thumb": {
        "x": 0.6296076774597168,
        "y": 0.4480378329753876,
        "z": -0.08225274085998535
    },
    "left_hip": {
        "x": 0.6823768019676208,
        "y": 0.6063016653060913,
        "z": -0.08368240296840668
    },
    "right_hip": {
        "x": 0.6849310994148254,
        "y": 0.5746506452560425,
        "z": 0.08376514166593552
    },
    "left_knee": {
        "x": 0.6546151638031006,
        "y": 0.7596234679222107,
        "z": -0.043348733335733414
    },
    "right_knee": {
        "x": 0.6440060138702393,
        "y": 0.4678460955619812,
        "z": 0.21440446376800537
    },
    "left_ankle": {
        "x": 0.6326263546943665,
        "y": 0.8603509664535522,
        "z": 0.07927315682172775
    },
    "right_ankle": {
        "x": 0.6439523100852966,
        "y": 0.5221816897392273,
        "z": 0.29103997349739075
    },
    "left_heel": {
        "x": 0.6399102807044983,
        "y": 0.8756555318832397,
        "z": 0.09102614223957062
    },
    "right_heel": {
        "x": 0.6502615213394165,
        "y": 0.5384109616279602,
        "z": 0.29599377512931824
    },
    "left_foot_index": {
        "x": 0.6042155027389526,
        "y": 0.8761273622512817,
        "z": 0.06376924365758896
    },
    "right_foot_index": {
        "x": 0.6160427331924438,
        "y": 0.5135581493377686,
        "z": 0.29435691237449646
    }
}