{
    "nose": {
        "x": 0.24895420670509338,
        "y": 0.3368081748485565,
        "z": -0.1711776852607727
    },
    "left_eye_inner": {
        "x": 0.25079357624053955,
        "y": 0.3288284242153168,
        "z": -0.2036915272474289
    },
    "left_eye": {
        "x": 0.25015854835510254,
        "y": 0.3324456214904785,
        "z": -0.20373860001564026
    },
    "left_eye_outer": {
        "x": 0.2492566555738449,
        "y": 0.33700627088546753,
        "z": -0.2037862241268158
    },
    "right_eye_inner": {
        "x": 0.2531207501888275,
        "y": 0.3214024305343628,
        "z": -0.19220751523971558
    },
    "right_eye": {
        "x": 0.25426504015922546,
        "y": 0.3197556436061859,
        "z": -0.19226586818695068
    },
    "right_eye_outer": {
        "x": 0.2558993101119995,
        "y": 0.3180471658706665,
        "z": -0.1923215687274933
    },
    "left_ear": {
        "x": 0.25170204043388367,
        "y": 0.3558253049850464,
        "z": -0.2691318392753601
    },
    "right_ear": {
        "x": 0.26676052808761597,
        "y": 0.33365944027900696,
        "z": -0.2207561433315277
    },
    "mouth_left": {
        "x": 0.25029149651527405,
        "y": 0.36305779218673706,
        "z": -0.18430271744728088
    },
    "mouth_right": {
        "x": 0.25238436460494995,
        "y": 0.3528406322002411,
        "z": -0.17041821777820587
    },
    "left_shoulder": {
        "x": 0.2471819519996643,
        "y": 0.493255615234375,
        "z": -0.27290651202201843
    },
    "right_shoulder": {
        "x": 0.31611910462379456,
        "y": 0.3957711458206177,
        "z": -0.14677369594573975
    },
    "left_elbow": {
        "x": 0.259018212556839,
        "y": 0.6485165357589722,
        "z": -0.18846052885055542
    },
    "right_elbow": {
        "x": 0.3805140554904938,
        "y": 0.391901433467865,
        "z": 0.038891542702913284
    },
    "left_wrist": {
        "x": 0.2035026103258133,
        "y": 0.6607720851898193,
        "z": -0.0701303631067276
    },
    "right_wrist": {
        "x": 0.3426596522331238,
        "y": 0.3987821638584137,
        "z": 0.21635396778583527
    },
    "left_pinky": {
        "x": 0.19196413457393646,
        "y": 0.6795229315757751,
        "z": -0.08644958585500717
    },
    "right_pinky": {
        "x": 0.33901578187942505,
        "y": 0.3837822675704956,
        "z": 0.23385748267173767
    },
    "left_index": {
        "x": 0.18737593293190002,
        "y": 0.6644138097763062,
        "z": -0.08734161406755447
    },
    "right_index": {
        "x": 0.3338579535484314,
        "y": 0.38207942247390747,
        "z": 0.21495404839515686
    },
    "left_thumb": {
        "x": 0.19258172810077667,
        "y": 0.6551856398582458,
        "z": -0.06739941984415054
    },
    "right_thumb": {
        "x": 0.33250653743743896,
        "y": 0.38887983560562134,
        "z": 0.21463051438331604
    },
    "left_hip": {
        "x": 0.3028942942619324,
        "y": 0.6927686333656311,
        "z": -0.0545528270304203
    },
    "right_hip": {
        "x": 0.3473884165287018,
        "y": 0.6342073082923889,
        "z": 0.05466071143746376
    },
    "left_knee": {
        "x": 0.29860803484916687,
        "y": 0.8295441269874573,
        "z": 0.15349912643432617
    },
    "right_knee": {
        "x": 0.31898629665374756,
        "y": 0.78980553150177,
        "z": 0.26888981461524963
    },
    "left_ankle": {
        "x": 0.3180702328681946,
        "y": 0.9619888663291931,
        "z": 0.37113139033317566
    },
    "right_ankle": {
        "x": 0.3355850875377655,
        "y": 0.9105316996574402,
        "z": 0.4867245554924011
    },
    "left_heel": {
        "x": 0.32778409123420715,
        "y": 0.9784460067749023,
        "z": 0.395477294921875
    },
    "right_heel": {
        "x": 0.3467806875705719,
        "y": 0.9431203603744507,
        "z": 0.510165810585022
    },
    "left_foot_index": {
        "x": 0.2735989987850189,
        "y": 0.9779396057128906,
        "z": 0.39831751585006714
    },
    "right_foot_index": {
        "x": 0.3150114417076111,
        "y": 0.9269816875457764,
        "z": 0.5111885666847229
    }
}