{
    "nose": {
        "x": 0.2721104621887207,
        "y": 0.3084011971950531,
        "z": -0.08254989981651306
    },
    "left_eye_inner": {
        "x": 0.2706059515476227,
        "y": 0.29819610714912415,
        "z": -0.11497779190540314
    },
    "left_eye": {
        "x": 0.2691112458705902,
        "y": 0.30031469464302063,
        "z": -0.11502698063850403
    },
    "left_eye_outer": {
        "x": 0.26732751727104187,
        "y": 0.3029440641403198,
        "z": -0.11505046486854553
    },
    "right_eye_inner": {
        "x": 0.2752627730369568,
        "y": 0.2955779731273651,
        "z": -0.09889639168977737
    },
    "right_eye": {
        "x": 0.2771570384502411,
        "y": 0.2956920266151428,
        "z": -0.09891703724861145
    },
    "right_eye_outer": {
        "x": 0.2788136303424835,
        "y": 0.29596835374832153,
        "z": -0.09895423799753189
    },
    "left_ear": {
        "x": 0.27132901549339294,
        "y": 0.31861162185668945,
        "z": -0.2003781646490097
    },
    "right_ear": {
        "x": 0.2887433171272278,
        "y": 0.3082159459590912,
        "z": -0.13246649503707886
    },
    "mouth_left": {
        "x": 0.27215883135795593,
        "y": 0.32971757650375366,
        "z": -0.10579457134008408
    },
    "mouth_right": {
        "x": 0.27723389863967896,
        "y": 0.3248848021030426,
        "z": -0.08631829917430878
    },
    "left_shoulder": {
        "x": 0.26312896609306335,
        "y": 0.44360944628715515,
        "z": -0.24126629531383514
    },
    "right_shoulder": {
        "x": 0.33182278275489807,
        "y": 0.37905794382095337,
        "z": -0.06562112271785736
    },
    "left_elbow": {
        "x": 0.271125853061676,
        "y": 0.5885390043258667,
        "z": -0.16647963225841522
    },
    "right_elbow": {
        "x": 0.36663922667503357,
        "y": 0.4723418653011322,
        "z": 0.10448560118675232
    },
    "left_wrist": {
        "x": 0.21690046787261963,
        "y": 0.5962841510772705,
        "z": -0.04827947914600372
    },
    "right_wrist": {
        "x": 0.3452719449996948,
        "y": 0.44564539194107056,
        "z": 0.292542427778244
    },
    "left_pinky": {
        "x": 0.20580440759658813,
        "y": 0.6133570075035095,
        "z": -0.056981608271598816
    },
    "right_pinky": {
        "x": 0.34530287981033325,
        "y": 0.43438905477523804,
        "z": 0.3104898929595947
    },
    "left_index": {
        "x": 0.20302434265613556,
        "y": 0.606049120426178,
        "z": -0.06721017509698868
    },
    "right_index": {
        "x": 0.33899033069610596,
        "y": 0.42580220103263855,
        "z": 0.2983468174934387
    },
    "left_thumb": {
        "x": 0.2067631483078003,
        "y": 0.5990274548530579,
        "z": -0.04867548123002052
    },
    "right_thumb": {
        "x": 0.33702605962753296,
        "y": 0.43346473574638367,
        "z": 0.2910040616989136
    },
    "left_hip": {
        "x": 0.29070791602134705,
        "y": 0.6657879948616028,
        "z": -0.06135544180870056
    },
    "right_hip": {
        "x": 0.3315988779067993,
        "y": 0.6431291699409485,
        "z": 0.06126146763563156
    },
    "left_knee": {
        "x": 0.28257331252098083,
        "y": 0.8293465375900269,
        "z": 0.10791321098804474
    },
    "right_knee": {
        "x": 0.32408031821250916,
        "y": 0.7836053371429443,
        "z": 0.24762210249900818
    },
    "left_ankle": {
        "x": 0.31527698040008545,
        "y": 0.9540790319442749,
        "z": 0.2619644105434418
    },
    "right_ankle": {
        "x": 0.33369094133377075,
        "y": 0.909890353679657,
        "z": 0.4350839853286743
    },
    "left_heel": {
        "x": 0.3272584080696106,
        "y": 0.9743629693984985,
        "z": 0.277209997177124
    },
    "right_heel": {
        "x": 0.3412837088108063,
        "y": 0.9345349073410034,
        "z": 0.4538082778453827
    },
    "left_foot_index": {
        "x": 0.28096118569374084,
        "y": 0.9585142135620117,
        "z": 0.25121942162513733
    },
    "right_foot_index": {
        "x": 0.31476113200187683,
        "y": 0.922362744808197,
        "z": 0.44716084003448486
    }
}