{
    "nose": {
        "x": 0.21990850567817688,
        "y": 0.40551289916038513,
        "z": -0.2599489092826843
    },
    "left_eye_inner": {
        "x": 0.221793532371521,
        "y": 0.39105355739593506,
        "z": -0.2791116237640381
    },
    "left_eye": {
        "x": 0.22246474027633667,
        "y": 0.3927905261516571,
        "z": -0.2791307270526886
    },
    "left_eye_outer": {
        "x": 0.2229442000389099,
        "y": 0.3946227729320526,
        "z": -0.2792375087738037
    },
    "right_eye_inner": {
        "x": 0.22201676666736603,
        "y": 0.3864813446998596,
        "z": -0.25423485040664673
    },
    "right_eye": {
        "x": 0.22302202880382538,
        "y": 0.3848279118537903,
        "z": -0.25428688526153564
    },
    "right_eye_outer": {
        "x": 0.2239663004875183,
        "y": 0.3831374943256378,
        "z": -0.25439563393592834
    },
    "left_ear": {
        "x": 0.2473422884941101,
        "y": 0.4062027335166931,
        "z": -0.3201679289340973
    },
    "right_ear": {
        "x": 0.23724360764026642,
        "y": 0.3879753649234772,
        "z": -0.2111269235610962
    },
    "mouth_left": {
        "x": 0.22686438262462616,
        "y": 0.4258481562137604,
        "z": -0.2698305547237396
    },
    "mouth_right": {
        "x": 0.22553551197052002,
        "y": 0.42094698548316956,
        "z": -0.23834390938282013
    },
    "left_shoulder": {
        "x": 0.256754994392395,
        "y": 0.5424844622612,
        "z": -0.32994315028190613
    },
    "right_shoulder": {
        "x": 0.2877502739429474,
        "y": 0.4441172778606415,
        "z": -0.1346760243177414
    },
    "left_elbow": {
        "x": 0.2770574986934662,
        "y": 0.7056257724761963,
        "z": -0.32476815581321716
    },
    "right_elbow": {
        "x": 0.30833640694618225,
        "y": 0.5719113945960999,
        "z": -0.034348588436841965
    },
    "left_wrist": {
        "x": 0.2105242758989334,
        "y": 0.7285655736923218,
        "z": -0.25510460138320923
    },
    "right_wrist": {
        "x": 0.29985707998275757,
        "y": 0.6720141172409058,
        "z": 0.02832397073507309
    },
    "left_pinky": {
        "x": 0.1984906643629074,
        "y": 0.7517268061637878,
        "z": -0.2759464383125305
    },
    "right_pinky": {
        "x": 0.2969542145729065,
        "y": 0.6887661218643188,
        "z": 0.030825350433588028
    },
    "left_index": {
        "x": 0.19254165887832642,
        "y": 0.7371373772621155,
        "z": -0.27197566628456116
    },
    "right_index": {
        "x": 0.29507672786712646,
        "y": 0.6939640641212463,
        "z": 0.014743699692189693
    },
    "left_thumb": {
        "x": 0.19652171432971954,
        "y": 0.7251415252685547,
        "z": -0.25149062275886536
    },
    "right_thumb": {
        "x": 0.2968538999557495,
        "y": 0.6919413208961487,
        "z": 0.021955495700240135
    },
    "left_hip": {
        "x": 0.29660242795944214,
        "y": 0.7277078032493591,
        "z": -0.06780476868152618
    },
    "right_hip": {
        "x": 0.30794912576675415,
        "y": 0.6660157442092896,
        "z": 0.06754355132579803
    },
    "left_knee": {
        "x": 0.2988095283508301,
        "y": 0.8750512599945068,
        "z": 0.11216215789318085
    },
    "right_knee": {
        "x": 0.28634634613990784,
        "y": 0.7679153084754944,
        "z": 0.2809843122959137
    },
    "left_ankle": {
        "x": 0.3264898955821991,
        "y": 0.9564965963363647,
        "z": 0.2864585816860199
    },
    "right_ankle": {
        "x": 0.30544784665107727,
        "y": 0.8495427966117859,
        "z": 0.4944792091846466
    },
    "left_heel": {
        "x": 0.34142401814460754,
        "y": 0.9840039014816284,
        "z": 0.30246180295944214
    },
    "right_heel": {
        "x": 0.31509822607040405,
        "y": 0.8650463223457336,
        "z": 0.5167302489280701
    },
    "left_foot_index": {
        "x": 0.28654709458351135,
        "y": 0.9858258962631226,
        "z": 0.2665293216705322
    },
    "right_foot_index": {
        "x": 0.281144380569458,
        "y": 0.864877462387085,
        "z": 0.5231719613075256
    }
}