{
    "nose": {
        "x": 0.22419023513793945,
        "y": 0.2665145695209503,
        "z": -0.02550480142235756
    },
    "left_eye_inner": {
        "x": 0.22268308699131012,
        "y": 0.2535938322544098,
        "z": -0.05508522689342499
    },
    "left_eye": {
        "x": 0.22159498929977417,
        "y": 0.25436386466026306,
        "z": -0.05511422082781792
    },
    "left_eye_outer": {
        "x": 0.2202351987361908,
        "y": 0.255382776260376,
        "z": -0.05516020953655243
    },
    "right_eye_inner": {
        "x": 0.22632655501365662,
        "y": 0.2519369125366211,
        "z": -0.051517125219106674
    },
    "right_eye": {
        "x": 0.22798223793506622,
        "y": 0.2515506446361542,
        "z": -0.05154140293598175
    },
    "right_eye_outer": {
        "x": 0.22980837523937225,
        "y": 0.25125351548194885,
        "z": -0.05161033198237419
    },
    "left_ear": {
        "x": 0.21991795301437378,
        "y": 0.26598528027534485,
        "z": -0.13325563073158264
    },
    "right_ear": {
        "x": 0.2394813895225525,
        "y": 0.2594892382621765,
        "z": -0.118348129093647
    },
    "mouth_left": {
        "x": 0.2243255078792572,
        "y": 0.28040486574172974,
        "z": -0.04544144496321678
    },
    "mouth_right": {
        "x": 0.22889553010463715,
        "y": 0.2793522775173187,
        "z": -0.04101823270320892
    },
    "left_shoulder": {
        "x": 0.19496475160121918,
        "y": 0.3589514195919037,
        "z": -0.16316168010234833
    },
    "right_shoulder": {
        "x": 0.2849901616573334,
        "y": 0.3353078067302704,
        "z": -0.09745556116104126
    },
    "left_elbow": {
        "x": 0.19268131256103516,
        "y": 0.474249005317688,
        "z": -0.09710010886192322
    },
    "right_elbow": {
        "x": 0.29056742787361145,
        "y": 0.4309403598308563,
        "z": 0.006758156232535839
    },
    "left_wrist": {
        "x": 0.1890459656715393,
        "y": 0.4905628561973572,
        "z": 0.003681854112073779
    },
    "right_wrist": {
        "x": 0.29330193996429443,
        "y": 0.43913373351097107,
        "z": 0.1574685275554657
    },
    "left_pinky": {
        "x": 0.18408995866775513,
        "y": 0.501624345779419,
        "z": 0.004943667910993099
    },
    "right_pinky": {
        "x": 0.2986527979373932,
        "y": 0.4440208673477173,
        "z": 0.17645786702632904
    },
    "left_index": {
        "x": 0.18651989102363586,
        "y": 0.4852951765060425,
        "z": 0.0019724674057215452
    },
    "right_index": {
        "x": 0.2898919880390167,
        "y": 0.42740821838378906,
        "z": 0.17559638619422913
    },
    "left_thumb": {
        "x": 0.19233283400535583,
        "y": 0.4811258316040039,
        "z": 0.005002214107662439
    },
    "right_thumb": {
        "x": 0.28810587525367737,
        "y": 0.4296063184738159,
        "z": 0.16086231172084808
    },
    "left_hip": {
        "x": 0.2330789566040039,
        "y": 0.5729206800460815,
        "z": -0.03340116888284683
    },
    "right_hip": {
        "x": 0.27687323093414307,
        "y": 0.558356523513794,
        "z": 0.03328583389520645
    },
    "left_knee": {
        "x": 0.23987436294555664,
        "y": 0.7019519805908203,
        "z": 0.1254768669605255
    },
    "right_knee": {
        "x": 0.28295236825942993,
        "y": 0.6744365096092224,
        "z": 0.20781253278255463
    },
    "left_ankle": {
        "x": 0.25604838132858276,
        "y": 0.8177602291107178,
        "z": 0.27089765667915344
    },
    "right_ankle": {
        "x": 0.2917671203613281,
        "y": 0.7861711978912354,
        "z": 0.3702601194381714
    },
    "left_heel": {
        "x": 0.26457479596138,
        "y": 0.84142005443573,
        "z": 0.2866898775100708
    },
    "right_heel": {
        "x": 0.29460179805755615,
        "y": 0.8115494847297668,
        "z": 0.3883366286754608
    },
    "left_foot_index": {
        "x": 0.23668740689754486,
        "y": 0.8226557970046997,
        "z": 0.2886806130409241
    },
    "right_foot_index": {
        "x": 0.2862910330295563,
        "y": 0.7732645869255066,
        "z": 0.3980177938938141
    }
}