{
    "nose": {
        "x": 0.6597104072570801,
        "y": 0.7779899835586548,
        "z": -0.14958029985427856
    },
    "left_eye_inner": {
        "x": 0.6643838286399841,
        "y": 0.7793454527854919,
        "z": -0.14896659553050995
    },
    "left_eye": {
        "x": 0.6661144495010376,
        "y": 0.7793000936508179,
        "z": -0.14895805716514587
    },
    "left_eye_outer": {
        "x": 0.6678698658943176,
        "y": 0.7794263362884521,
        "z": -0.14899452030658722
    },
    "right_eye_inner": {
        "x": 0.6604048013687134,
        "y": 0.7754071354866028,
        "z": -0.1672309935092926
    },
    "right_eye": {
        "x": 0.6594161987304688,
        "y": 0.7730613946914673,
        "z": -0.1672355830669403
    },
    "right_eye_outer": {
        "x": 0.658447265625,
        "y": 0.7711339592933655,
        "z": -0.16726379096508026
    },
    "left_ear": {
        "x": 0.6685952544212341,
        "y": 0.7630944848060608,
        "z": -0.12053327262401581
    },
    "right_ear": {
        "x": 0.6589286923408508,
        "y": 0.7603059411048889,
        "z": -0.20384715497493744
    },
    "mouth_left": {
        "x": 0.6601892709732056,
        "y": 0.7720530033111572,
        "z": -0.13347290456295013
    },
    "mouth_right": {
        "x": 0.6562699675559998,
        "y": 0.7673318982124329,
        "z": -0.1577768325805664
    },
    "left_shoulder": {
        "x": 0.6713968515396118,
        "y": 0.7278192639350891,
        "z": -0.061598099768161774
    },
    "right_shoulder": {
        "x": 0.6425089240074158,
        "y": 0.7198991179466248,
        "z": -0.2028009295463562
    },
    "left_elbow": {
        "x": 0.6721920967102051,
        "y": 0.747509777545929,
        "z": 0.03267936781048775
    },
    "right_elbow": {
        "x": 0.6191351413726807,
        "y": 0.7509177923202515,
        "z": -0.2248997837305069
    },
    "left_wrist": {
        "x": 0.6703609228134155,
        "y": 0.7885493040084839,
        "z": 0.03735589236021042
    },
    "right_wrist": {
        "x": 0.6381120681762695,
        "y": 0.8083497881889343,
        "z": -0.2142411172389984
    },
    "left_pinky": {
        "x": 0.6746866106987,
        "y": 0.8001326322555542,
        "z": 0.03568781167268753
    },
    "right_pinky": {
        "x": 0.637731671333313,
        "y": 0.8239618539810181,
        "z": -0.23805135488510132
    },
    "left_index": {
        "x": 0.6703059673309326,
        "y": 0.7912455797195435,
        "z": 0.01640627346932888
    },
    "right_index": {
        "x": 0.6444295644760132,
        "y": 0.821239709854126,
        "z": -0.23642322421073914
    },
    "left_thumb": {
        "x": 0.6683308482170105,
        "y": 0.7954913377761841,
        "z": 0.029081756249070168
    },
    "right_thumb": {
        "x": 0.6449923515319824,
        "y": 0.8149258494377136,
        "z": -0.21338705718517303
    },
    "left_hip": {
        "x": 0.5975003242492676,
        "y": 0.6929200887680054,
        "z": 0.04136529564857483
    },
    "right_hip": {
        "x": 0.5831612348556519,
        "y": 0.6893426179885864,
        "z": -0.04136569797992706
    },
    "left_knee": {
        "x": 0.6014880537986755,
        "y": 0.7411120533943176,
        "z": 0.11980738490819931
    },
    "right_knee": {
        "x": 0.587407112121582,
        "y": 0.7224164605140686,
        "z": 0.007240992970764637
    },
    "left_ankle": {
        "x": 0.5889228582382202,
        "y": 0.7326303124427795,
        "z": 0.29544734954833984
    },
    "right_ankle": {
        "x": 0.5771112442016602,
        "y": 0.7247995734214783,
        "z": 0.1896877884864807
    },
    "left_heel": {
        "x": 0.5867447853088379,
        "y": 0.7296023964881897,
        "z": 0.3141493797302246
    },
    "right_heel": {
        "x": 0.5741819739341736,
        "y": 0.7253139019012451,
        "z": 0.20971925556659698
    },
    "left_foot_index": {
        "x": 0.5922184586524963,
        "y": 0.7391318082809448,
        "z": 0.3170126974582672
    },
    "right_foot_index": {
        "x": 0.58182293176651,
        "y": 0.7321897149085999,
        "z": 0.21300597488880157
    }
}