{
    "nose": {
        "x": 0.2435252070426941,
        "y": 0.19436907768249512,
        "z": -0.46125176548957825
    },
    "left_eye_inner": {
        "x": 0.24878545105457306,
        "y": 0.1767900437116623,
        "z": -0.451926052570343
    },
    "left_eye": {
        "x": 0.2521628439426422,
        "y": 0.17518500983715057,
        "z": -0.45192277431488037
    },
    "left_eye_outer": {
        "x": 0.25498902797698975,
        "y": 0.17344902455806732,
        "z": -0.4520730972290039
    },
    "right_eye_inner": {
        "x": 0.23819728195667267,
        "y": 0.1774669736623764,
        "z": -0.4491485357284546
    },
    "right_eye": {
        "x": 0.23482835292816162,
        "y": 0.17633658647537231,
        "z": -0.44921573996543884
    },
    "right_eye_outer": {
        "x": 0.23166583478450775,
        "y": 0.17498484253883362,
        "z": -0.44923555850982666
    },
    "left_ear": {
        "x": 0.2604852020740509,
        "y": 0.16710597276687622,
        "z": -0.34045127034187317
    },
    "right_ear": {
        "x": 0.2285357117652893,
        "y": 0.1689223200082779,
        "z": -0.3262903690338135
    },
    "mouth_left": {
        "x": 0.2507658898830414,
        "y": 0.20475564897060394,
        "z": -0.4148373305797577
    },
    "mouth_right": {
        "x": 0.2382802963256836,
        "y": 0.206093892455101,
        "z": -0.41110846400260925
    },
    "left_shoulder": {
        "x": 0.28847432136535645,
        "y": 0.2330159693956375,
        "z": -0.25263944268226624
    },
    "right_shoulder": {
        "x": 0.199162095785141,
        "y": 0.23544436693191528,
        "z": -0.2290707528591156
    },
    "left_elbow": {
        "x": 0.3466576635837555,
        "y": 0.2972237765789032,
        "z": -0.430138498544693
    },
    "right_elbow": {
        "x": 0.12841278314590454,
        "y": 0.26928186416625977,
        "z": -0.3510373830795288
    },
    "left_wrist": {
        "x": 0.3524385690689087,
        "y": 0.2473476231098175,
        "z": -0.6808221936225891
    },
    "right_wrist": {
        "x": 0.14038926362991333,
        "y": 0.18447937071323395,
        "z": -0.5397001504898071
    },
    "left_pinky": {
        "x": 0.3586559295654297,
        "y": 0.2225792109966278,
        "z": -0.7302719354629517
    },
    "right_pinky": {
        "x": 0.1413118988275528,
        "y": 0.1540241539478302,
        "z": -0.5766427516937256
    },
    "left_index": {
        "x": 0.3518867492675781,
        "y": 0.2105269432067871,
        "z": -0.720309317111969
    },
    "right_index": {
        "x": 0.14818014204502106,
        "y": 0.14635592699050903,
        "z": -0.5649281740188599
    },
    "left_thumb": {
        "x": 0.34700965881347656,
        "y": 0.2237687110900879,
        "z": -0.6830332279205322
    },
    "right_thumb": {
        "x": 0.1511378437280655,
        "y": 0.15764692425727844,
        "z": -0.5395960807800293
    },
    "left_hip": {
        "x": 0.2689756751060486,
        "y": 0.43639594316482544,
        "z": 0.0011651518288999796
    },
    "right_hip": {
        "x": 0.22484636306762695,
        "y": 0.4477566182613373,
        "z": -0.0012255124747753143
    },
    "left_knee": {
        "x": 0.2759789824485779,
        "y": 0.5669710636138916,
        "z": 0.01110765803605318
    },
    "right_knee": {
        "x": 0.2460993528366089,
        "y": 0.6076117157936096,
        "z": 0.039606403559446335
    },
    "left_ankle": {
        "x": 0.27660438418388367,
        "y": 0.5780284404754639,
        "z": 0.43011394143104553
    },
    "right_ankle": {
        "x": 0.23626571893692017,
        "y": 0.6790660619735718,
        "z": 0.35102418065071106
    },
    "left_heel": {
        "x": 0.2707962095737457,
        "y": 0.583030641078949,
        "z": 0.47196242213249207
    },
    "right_heel": {
        "x": 0.23152399063110352,
        "y": 0.6820328831672668,
        "z": 0.38089001178741455
    },
    "left_foot_index": {
        "x": 0.2890327572822571,
        "y": 0.6256844997406006,
        "z": 0.4258146584033966
    },
    "right_foot_index": {
        "x": 0.24022750556468964,
        "y": 0.7418016195297241,
        "z": 0.3005155324935913
    }
}