{
    "nose": {
        "x": 0.36924952268600464,
        "y": 0.6433315277099609,
        "z": -0.3574146330356598
    },
    "left_eye_inner": {
        "x": 0.37238389253616333,
        "y": 0.6323716640472412,
        "z": -0.3587966859340668
    },
    "left_eye": {
        "x": 0.37500014901161194,
        "y": 0.6310099363327026,
        "z": -0.358791708946228
    },
    "left_eye_outer": {
        "x": 0.37734097242355347,
        "y": 0.6293944120407104,
        "z": -0.35892364382743835
    },
    "right_eye_inner": {
        "x": 0.3650990426540375,
        "y": 0.6331361532211304,
        "z": -0.3536515533924103
    },
    "right_eye": {
        "x": 0.36300548911094666,
        "y": 0.632459819316864,
        "z": -0.3536910116672516
    },
    "right_eye_outer": {
        "x": 0.3611988127231598,
        "y": 0.6314971446990967,
        "z": -0.35370033979415894
    },
    "left_ear": {
        "x": 0.3822748064994812,
        "y": 0.6192810535430908,
        "z": -0.29166379570961
    },
    "right_ear": {
        "x": 0.36074578762054443,
        "y": 0.623284101486206,
        "z": -0.26881974935531616
    },
    "mouth_left": {
        "x": 0.3747493326663971,
        "y": 0.6479332447052002,
        "z": -0.3257450461387634
    },
    "mouth_right": {
        "x": 0.36683037877082825,
        "y": 0.6490023732185364,
        "z": -0.31929540634155273
    },
    "left_shoulder": {
        "x": 0.4088174104690552,
        "y": 0.6444677114486694,
        "z": -0.20264463126659393
    },
    "right_shoulder": {
        "x": 0.3460906744003296,
        "y": 0.6582669019699097,
        "z": -0.16845567524433136
    },
    "left_elbow": {
        "x": 0.4453984200954437,
        "y": 0.7068045139312744,
        "z": -0.27309560775756836
    },
    "right_elbow": {
        "x": 0.3215898275375366,
        "y": 0.7189450860023499,
        "z": -0.1415465921163559
    },
    "left_wrist": {
        "x": 0.4491717219352722,
        "y": 0.6464952826499939,
        "z": -0.4043426215648651
    },
    "right_wrist": {
        "x": 0.29868805408477783,
        "y": 0.7818878889083862,
        "z": -0.20619560778141022
    },
    "left_pinky": {
        "x": 0.45128971338272095,
        "y": 0.6268285512924194,
        "z": -0.4346587359905243
    },
    "right_pinky": {
        "x": 0.28989702463150024,
        "y": 0.802277147769928,
        "z": -0.21431659162044525
    },
    "left_index": {
        "x": 0.4469711184501648,
        "y": 0.6194471716880798,
        "z": -0.4306078851222992
    },
    "right_index": {
        "x": 0.2957908809185028,
        "y": 0.8020645380020142,
        "z": -0.236974835395813
    },
    "left_thumb": {
        "x": 0.44446223974227905,
        "y": 0.6261149644851685,
        "z": -0.4056239426136017
    },
    "right_thumb": {
        "x": 0.3002864122390747,
        "y": 0.7966048717498779,
        "z": -0.21571670472621918
    },
    "left_hip": {
        "x": 0.41015172004699707,
        "y": 0.7794147729873657,
        "z": -0.010388301685452461
    },
    "right_hip": {
        "x": 0.375479131937027,
        "y": 0.7966520190238953,
        "z": 0.010483591817319393
    },
    "left_knee": {
        "x": 0.41261178255081177,
        "y": 0.8979450464248657,
        "z": -0.10211583226919174
    },
    "right_knee": {
        "x": 0.38123270869255066,
        "y": 0.9088109731674194,
        "z": -0.05740746110677719
    },
    "left_ankle": {
        "x": 0.41563645005226135,
        "y": 0.9915896654129028,
        "z": 0.04964793100953102
    },
    "right_ankle": {
        "x": 0.37809130549430847,
        "y": 0.9914363622665405,
        "z": 0.1063423603773117
    },
    "left_heel": {
        "x": 0.41497623920440674,
        "y": 1.0026670694351196,
        "z": 0.061631906777620316
    },
    "right_heel": {
        "x": 0.37917953729629517,
        "y": 1.0006909370422363,
        "z": 0.11990264058113098
    },
    "left_foot_index": {
        "x": 0.41957515478134155,
        "y": 1.0244191884994507,
        "z": -0.009941491298377514
    },
    "right_foot_index": {
        "x": 0.3785994350910187,
        "y": 1.0241893529891968,
        "z": 0.04387722164392471
    }
}