{
    "nose": {
        "x": 0.3689367175102234,
        "y": 0.6434472799301147,
        "z": -0.36711111664772034
    },
    "left_eye_inner": {
        "x": 0.37243351340293884,
        "y": 0.6325424909591675,
        "z": -0.3677196800708771
    },
    "left_eye": {
        "x": 0.37520283460617065,
        "y": 0.6310506463050842,
        "z": -0.3677061200141907
    },
    "left_eye_outer": {
        "x": 0.3776180148124695,
        "y": 0.6292915344238281,
        "z": -0.3678317964076996
    },
    "right_eye_inner": {
        "x": 0.3647378087043762,
        "y": 0.633474588394165,
        "z": -0.363272488117218
    },
    "right_eye": {
        "x": 0.36265867948532104,
        "y": 0.6328007578849792,
        "z": -0.36330753564834595
    },
    "right_eye_outer": {
        "x": 0.3609200716018677,
        "y": 0.6318040490150452,
        "z": -0.36331358551979065
    },
    "left_ear": {
        "x": 0.3825403153896332,
        "y": 0.6185751557350159,
        "z": -0.29693374037742615
    },
    "right_ear": {
        "x": 0.360144704580307,
        "y": 0.623308539390564,
        "z": -0.27705612778663635
    },
    "mouth_left": {
        "x": 0.37457966804504395,
        "y": 0.6479704976081848,
        "z": -0.33427438139915466
    },
    "mouth_right": {
        "x": 0.3660864233970642,
        "y": 0.6492140293121338,
        "z": -0.32863014936447144
    },
    "left_shoulder": {
        "x": 0.409033864736557,
        "y": 0.6447364687919617,
        "z": -0.20434992015361786
    },
    "right_shoulder": {
        "x": 0.34553638100624084,
        "y": 0.6577726006507874,
        "z": -0.17726239562034607
    },
    "left_elbow": {
        "x": 0.4450407922267914,
        "y": 0.7078108191490173,
        "z": -0.27666664123535156
    },
    "right_elbow": {
        "x": 0.32191240787506104,
        "y": 0.720327615737915,
        "z": -0.16091853380203247
    },
    "left_wrist": {
        "x": 0.4490867555141449,
        "y": 0.646405816078186,
        "z": -0.4100398123264313
    },
    "right_wrist": {
        "x": 0.29812660813331604,
        "y": 0.7851139903068542,
        "z": -0.23097850382328033
    },
    "left_pinky": {
        "x": 0.4516085684299469,
        "y": 0.6289102435112,
        "z": -0.44143593311309814
    },
    "right_pinky": {
        "x": 0.28800469636917114,
        "y": 0.8051992058753967,
        "z": -0.24007926881313324
    },
    "left_index": {
        "x": 0.4470914602279663,
        "y": 0.619924008846283,
        "z": -0.4365466237068176
    },
    "right_index": {
        "x": 0.29447251558303833,
        "y": 0.80549156665802,
        "z": -0.26348868012428284
    },
    "left_thumb": {
        "x": 0.44472736120224,
        "y": 0.6263362765312195,
        "z": -0.41119566559791565
    },
    "right_thumb": {
        "x": 0.2987815737724304,
        "y": 0.799747884273529,
        "z": -0.24080222845077515
    },
    "left_hip": {
        "x": 0.40988028049468994,
        "y": 0.774998128414154,
        "z": -0.009471848607063293
    },
    "right_hip": {
        "x": 0.3754483163356781,
        "y": 0.7913860082626343,
        "z": 0.009599810466170311
    },
    "left_knee": {
        "x": 0.41101497411727905,
        "y": 0.8767530918121338,
        "z": -0.1698800027370453
    },
    "right_knee": {
        "x": 0.3796180486679077,
        "y": 0.896886944770813,
        "z": -0.03736938536167145
    },
    "left_ankle": {
        "x": 0.4130348861217499,
        "y": 0.9791240692138672,
        "z": -0.05497739836573601
    },
    "right_ankle": {
        "x": 0.37757980823516846,
        "y": 0.9759562611579895,
        "z": 0.12749001383781433
    },
    "left_heel": {
        "x": 0.4121127426624298,
        "y": 0.992676854133606,
        "z": -0.04706975445151329
    },
    "right_heel": {
        "x": 0.378334641456604,
        "y": 0.9853572845458984,
        "z": 0.1407550871372223
    },
    "left_foot_index": {
        "x": 0.4160038232803345,
        "y": 1.0115388631820679,
        "z": -0.13393184542655945
    },
    "right_foot_index": {
        "x": 0.3788633346557617,
        "y": 1.0091458559036255,
        "z": 0.06186290085315704
    }
}