{
    "nose": {
        "x": 0.24759002029895782,
        "y": 0.3603093922138214,
        "z": -0.13731993734836578
    },
    "left_eye_inner": {
        "x": 0.245032399892807,
        "y": 0.3469637334346771,
        "z": -0.15308430790901184
    },
    "left_eye": {
        "x": 0.24609653651714325,
        "y": 0.3447783291339874,
        "z": -0.15307804942131042
    },
    "left_eye_outer": {
        "x": 0.2472473382949829,
        "y": 0.34240299463272095,
        "z": -0.1531616896390915
    },
    "right_eye_inner": {
        "x": 0.24377048015594482,
        "y": 0.3483482599258423,
        "z": -0.12430811673402786
    },
    "right_eye": {
        "x": 0.2438928782939911,
        "y": 0.3472801446914673,
        "z": -0.12433933466672897
    },
    "right_eye_outer": {
        "x": 0.24405786395072937,
        "y": 0.34601423144340515,
        "z": -0.12441357970237732
    },
    "left_ear": {
        "x": 0.257043719291687,
        "y": 0.32761460542678833,
        "z": -0.1750042587518692
    },
    "right_ear": {
        "x": 0.2520841956138611,
        "y": 0.33117401599884033,
        "z": -0.04427297040820122
    },
    "mouth_left": {
        "x": 0.2574208974838257,
        "y": 0.35912057757377625,
        "z": -0.1418728530406952
    },
    "mouth_right": {
        "x": 0.2558165192604065,
        "y": 0.36100631952285767,
        "z": -0.10405035316944122
    },
    "left_shoulder": {
        "x": 0.31128543615341187,
        "y": 0.3426845669746399,
        "z": -0.20850463211536407
    },
    "right_shoulder": {
        "x": 0.2746158242225647,
        "y": 0.35802212357521057,
        "z": 0.06218836456537247
    },
    "left_elbow": {
        "x": 0.34748926758766174,
        "y": 0.44727450609207153,
        "z": -0.2357354611158371
    },
    "right_elbow": {
        "x": 0.2942594289779663,
        "y": 0.4474913477897644,
        "z": 0.12486572563648224
    },
    "left_wrist": {
        "x": 0.3160209357738495,
        "y": 0.5313119888305664,
        "z": -0.22070331871509552
    },
    "right_wrist": {
        "x": 0.2781132161617279,
        "y": 0.5262936949729919,
        "z": 0.07758497446775436
    },
    "left_pinky": {
        "x": 0.30554741621017456,
        "y": 0.5561248064041138,
        "z": -0.2477336823940277
    },
    "right_pinky": {
        "x": 0.27419784665107727,
        "y": 0.5527655482292175,
        "z": 0.07362939417362213
    },
    "left_index": {
        "x": 0.29742705821990967,
        "y": 0.5461498498916626,
        "z": -0.24810993671417236
    },
    "right_index": {
        "x": 0.2724660634994507,
        "y": 0.546634316444397,
        "z": 0.04617511108517647
    },
    "left_thumb": {
        "x": 0.29894471168518066,
        "y": 0.5375223755836487,
        "z": -0.21986724436283112
    },
    "right_thumb": {
        "x": 0.27548640966415405,
        "y": 0.5373102426528931,
        "z": 0.06390837579965591
    },
    "left_hip": {
        "x": 0.37278929352760315,
        "y": 0.47897809743881226,
        "z": -0.08371829986572266
    },
    "right_hip": {
        "x": 0.3419250249862671,
        "y": 0.48235559463500977,
        "z": 0.08375826478004456
    },
    "left_knee": {
        "x": 0.34312430024147034,
        "y": 0.6180723309516907,
        "z": -0.1621692031621933
    },
    "right_knee": {
        "x": 0.26956847310066223,
        "y": 0.5713447332382202,
        "z": -0.05225938931107521
    },
    "left_ankle": {
        "x": 0.3809078633785248,
        "y": 0.7517215013504028,
        "z": -0.08959201723337173
    },
    "right_ankle": {
        "x": 0.30885809659957886,
        "y": 0.7280141711235046,
        "z": -0.03642859682440758
    },
    "left_heel": {
        "x": 0.393162339925766,
        "y": 0.7624334692955017,
        "z": -0.08289222419261932
    },
    "right_heel": {
        "x": 0.32690584659576416,
        "y": 0.7453580498695374,
        "z": -0.03825503960251808
    },
    "left_foot_index": {
        "x": 0.36947840452194214,
        "y": 0.8226487040519714,
        "z": -0.1420501470565796
    },
    "right_foot_index": {
        "x": 0.28559988737106323,
        "y": 0.7768828272819519,
        "z": -0.09575853496789932
    }
}