{
    "nose": {
        "x": 0.31989794969558716,
        "y": 0.3973665237426758,
        "z": -0.5545920729637146
    },
    "left_eye_inner": {
        "x": 0.32048025727272034,
        "y": 0.3894157409667969,
        "z": -0.5650635361671448
    },
    "left_eye": {
        "x": 0.3230816125869751,
        "y": 0.3860906958580017,
        "z": -0.5650526285171509
    },
    "left_eye_outer": {
        "x": 0.3256125748157501,
        "y": 0.38226938247680664,
        "z": -0.5652812719345093
    },
    "right_eye_inner": {
        "x": 0.31451523303985596,
        "y": 0.39269936084747314,
        "z": -0.5552083849906921
    },
    "right_eye": {
        "x": 0.31275808811187744,
        "y": 0.3919493854045868,
        "z": -0.5552312731742859
    },
    "right_eye_outer": {
        "x": 0.3104556202888489,
        "y": 0.39227405190467834,
        "z": -0.5552955269813538
    },
    "left_ear": {
        "x": 0.33032113313674927,
        "y": 0.35873520374298096,
        "z": -0.5188317894935608
    },
    "right_ear": {
        "x": 0.3058871030807495,
        "y": 0.3824252784252167,
        "z": -0.4749479293823242
    },
    "mouth_left": {
        "x": 0.3270259499549866,
        "y": 0.3926939368247986,
        "z": -0.5282559394836426
    },
    "mouth_right": {
        "x": 0.3195657730102539,
        "y": 0.39679020643234253,
        "z": -0.515589714050293
    },
    "left_shoulder": {
        "x": 0.37224847078323364,
        "y": 0.3453945517539978,
        "z": -0.4260346293449402
    },
    "right_shoulder": {
        "x": 0.29262831807136536,
        "y": 0.3787732720375061,
        "z": -0.3224219083786011
    },
    "left_elbow": {
        "x": 0.42365604639053345,
        "y": 0.4268268346786499,
        "z": -0.42447102069854736
    },
    "right_elbow": {
        "x": 0.2822778820991516,
        "y": 0.4506668448448181,
        "z": -0.15228940546512604
    },
    "left_wrist": {
        "x": 0.4443695843219757,
        "y": 0.5225380063056946,
        "z": -0.4784337878227234
    },
    "right_wrist": {
        "x": 0.28588372468948364,
        "y": 0.5085868835449219,
        "z": -0.03579286113381386
    },
    "left_pinky": {
        "x": 0.4580326974391937,
        "y": 0.5491624474525452,
        "z": -0.5117731690406799
    },
    "right_pinky": {
        "x": 0.280776709318161,
        "y": 0.5224645733833313,
        "z": -0.022857574746012688
    },
    "left_index": {
        "x": 0.4463330805301666,
        "y": 0.5558672547340393,
        "z": -0.528527557849884
    },
    "right_index": {
        "x": 0.2846551537513733,
        "y": 0.5264533758163452,
        "z": -0.04701077565550804
    },
    "left_thumb": {
        "x": 0.4399643838405609,
        "y": 0.5491054654121399,
        "z": -0.4855700433254242
    },
    "right_thumb": {
        "x": 0.28697264194488525,
        "y": 0.5167779922485352,
        "z": -0.04115431383252144
    },
    "left_hip": {
        "x": 0.3927120864391327,
        "y": 0.44646206498146057,
        "z": -0.022313790395855904
    },
    "right_hip": {
        "x": 0.34939756989479065,
        "y": 0.4709586799144745,
        "z": 0.022604960948228836
    },
    "left_knee": {
        "x": 0.40930259227752686,
        "y": 0.5725380778312683,
        "z": 0.006502219010144472
    },
    "right_knee": {
        "x": 0.365136057138443,
        "y": 0.598894476890564,
        "z": 0.07031452655792236
    },
    "left_ankle": {
        "x": 0.4081076681613922,
        "y": 0.6178543567657471,
        "z": 0.31551846861839294
    },
    "right_ankle": {
        "x": 0.37325727939605713,
        "y": 0.6705768704414368,
        "z": 0.34111687541007996
    },
    "left_heel": {
        "x": 0.4062899053096771,
        "y": 0.617694079875946,
        "z": 0.3458404242992401
    },
    "right_heel": {
        "x": 0.377865195274353,
        "y": 0.673805832862854,
        "z": 0.36857739090919495
    },
    "left_foot_index": {
        "x": 0.4112929403781891,
        "y": 0.6611953377723694,
        "z": 0.3078216314315796
    },
    "right_foot_index": {
        "x": 0.3752625286579132,
        "y": 0.7185029983520508,
        "z": 0.3195992410182953
    }
}