{
    "nose": {
        "x": 0.5658933520317078,
        "y": 0.6353474259376526,
        "z": -0.01541330199688673
    },
    "left_eye_inner": {
        "x": 0.5683274865150452,
        "y": 0.627501904964447,
        "z": -0.034911058843135834
    },
    "left_eye": {
        "x": 0.5682119131088257,
        "y": 0.6228284239768982,
        "z": -0.034935396164655685
    },
    "left_eye_outer": {
        "x": 0.568207859992981,
        "y": 0.6180447936058044,
        "z": -0.03497692197561264
    },
    "right_eye_inner": {
        "x": 0.566853404045105,
        "y": 0.6423807144165039,
        "z": -0.036055922508239746
    },
    "right_eye": {
        "x": 0.5665817260742188,
        "y": 0.6467198729515076,
        "z": -0.036125048995018005
    },
    "right_eye_outer": {
        "x": 0.5664854645729065,
        "y": 0.6508920788764954,
        "z": -0.03623440861701965
    },
    "left_ear": {
        "x": 0.5642937421798706,
        "y": 0.6103823184967041,
        "z": -0.08229327201843262
    },
    "right_ear": {
        "x": 0.5625906586647034,
        "y": 0.6578304767608643,
        "z": -0.08683919161558151
    },
    "mouth_left": {
        "x": 0.5623643398284912,
        "y": 0.6288347840309143,
        "z": -0.026223199442029
    },
    "mouth_right": {
        "x": 0.5623775124549866,
        "y": 0.6440600752830505,
        "z": -0.027722172439098358
    },
    "left_shoulder": {
        "x": 0.5380918979644775,
        "y": 0.5815134048461914,
        "z": -0.06094716489315033
    },
    "right_shoulder": {
        "x": 0.5352675318717957,
        "y": 0.6981271505355835,
        "z": -0.08472923934459686
    },
    "left_elbow": {
        "x": 0.5161356329917908,
        "y": 0.5671329498291016,
        "z": 0.015211362391710281
    },
    "right_elbow": {
        "x": 0.49765586853027344,
        "y": 0.7452829480171204,
        "z": -0.012285513803362846
    },
    "left_wrist": {
        "x": 0.5435976386070251,
        "y": 0.5852760076522827,
        "z": 0.07911859452724457
    },
    "right_wrist": {
        "x": 0.5186477899551392,
        "y": 0.752973735332489,
        "z": 0.055722787976264954
    },
    "left_pinky": {
        "x": 0.549118161201477,
        "y": 0.5807987451553345,
        "z": 0.07860241085290909
    },
    "right_pinky": {
        "x": 0.5222048759460449,
        "y": 0.760512113571167,
        "z": 0.05494511127471924
    },
    "left_index": {
        "x": 0.5507258176803589,
        "y": 0.5931715369224548,
        "z": 0.0679912343621254
    },
    "right_index": {
        "x": 0.5255616307258606,
        "y": 0.7477262020111084,
        "z": 0.046488285064697266
    },
    "left_thumb": {
        "x": 0.5490617752075195,
        "y": 0.5968859791755676,
        "z": 0.0770336166024208
    },
    "right_thumb": {
        "x": 0.5251815319061279,
        "y": 0.743514895439148,
        "z": 0.05435357242822647
    },
    "left_hip": {
        "x": 0.45411819219589233,
        "y": 0.6385904550552368,
        "z": 0.020078545436263084
    },
    "right_hip": {
        "x": 0.4594685435295105,
        "y": 0.6970669031143188,
        "z": -0.02007216028869152
    },
    "left_knee": {
        "x": 0.4387513995170593,
        "y": 0.6325626373291016,
        "z": 0.14312179386615753
    },
    "right_knee": {
        "x": 0.48395711183547974,
        "y": 0.7695274353027344,
        "z": 0.003952961880713701
    },
    "left_ankle": {
        "x": 0.4180494546890259,
        "y": 0.6210163831710815,
        "z": 0.2928582727909088
    },
    "right_ankle": {
        "x": 0.5229719281196594,
        "y": 0.8184036612510681,
        "z": 0.09268348664045334
    },
    "left_heel": {
        "x": 0.4162033796310425,
        "y": 0.622847318649292,
        "z": 0.30890098214149475
    },
    "right_heel": {
        "x": 0.5236499309539795,
        "y": 0.8263887166976929,
        "z": 0.1021588146686554
    },
    "left_foot_index": {
        "x": 0.41267549991607666,
        "y": 0.6140038967132568,
        "z": 0.28998318314552307
    },
    "right_foot_index": {
        "x": 0.5485861897468567,
        "y": 0.8222439885139465,
        "z": 0.07573764771223068
    }
}