{
    "nose": {
        "x": 0.4940866529941559,
        "y": 0.6573716998100281,
        "z": 0.09791112691164017
    },
    "left_eye_inner": {
        "x": 0.48884859681129456,
        "y": 0.6393097639083862,
        "z": 0.06231597065925598
    },
    "left_eye": {
        "x": 0.4853738844394684,
        "y": 0.6396051049232483,
        "z": 0.062265004962682724
    },
    "left_eye_outer": {
        "x": 0.4819401800632477,
        "y": 0.640213131904602,
        "z": 0.062160369008779526
    },
    "right_eye_inner": {
        "x": 0.5001578330993652,
        "y": 0.6418113112449646,
        "z": 0.0692380890250206
    },
    "right_eye": {
        "x": 0.5042678713798523,
        "y": 0.6436221599578857,
        "z": 0.06920117139816284
    },
    "right_eye_outer": {
        "x": 0.5081442594528198,
        "y": 0.6454517841339111,
        "z": 0.06903216242790222
    },
    "left_ear": {
        "x": 0.47874775528907776,
        "y": 0.6598559617996216,
        "z": -0.05777086690068245
    },
    "right_ear": {
        "x": 0.5156734585762024,
        "y": 0.6662247180938721,
        "z": -0.02820119820535183
    },
    "mouth_left": {
        "x": 0.4886825978755951,
        "y": 0.6771656274795532,
        "z": 0.06167629361152649
    },
    "mouth_right": {
        "x": 0.5005108118057251,
        "y": 0.6818686723709106,
        "z": 0.07005712389945984
    },
    "left_shoulder": {
        "x": 0.4398830533027649,
        "y": 0.7793470025062561,
        "z": -0.12301626801490784
    },
    "right_shoulder": {
        "x": 0.5543791055679321,
        "y": 0.8024236559867859,
        "z": -0.04891784489154816
    },
    "left_elbow": {
        "x": 0.4100615978240967,
        "y": 0.9302114844322205,
        "z": -0.02539260871708393
    },
    "right_elbow": {
        "x": 0.5665555000305176,
        "y": 0.9693199992179871,
        "z": 0.04142691195011139
    },
    "left_wrist": {
        "x": 0.4596141576766968,
        "y": 0.9164849519729614,
        "z": 0.16789917647838593
    },
    "right_wrist": {
        "x": 0.5415624976158142,
        "y": 0.9557265043258667,
        "z": 0.16851624846458435
    },
    "left_pinky": {
        "x": 0.46051064133644104,
        "y": 0.9188974499702454,
        "z": 0.1806263029575348
    },
    "right_pinky": {
        "x": 0.5383896827697754,
        "y": 0.9705933928489685,
        "z": 0.18999427556991577
    },
    "left_index": {
        "x": 0.47662949562072754,
        "y": 0.9042813181877136,
        "z": 0.18211239576339722
    },
    "right_index": {
        "x": 0.5357335805892944,
        "y": 0.9543377757072449,
        "z": 0.1869877278804779
    },
    "left_thumb": {
        "x": 0.4772653579711914,
        "y": 0.9048839211463928,
        "z": 0.17244139313697815
    },
    "right_thumb": {
        "x": 0.533119261264801,
        "y": 0.9479183554649353,
        "z": 0.16988497972488403
    },
    "left_hip": {
        "x": 0.4657096862792969,
        "y": 1.0472362041473389,
        "z": -0.031630758196115494
    },
    "right_hip": {
        "x": 0.515474796295166,
        "y": 1.048834204673767,
        "z": 0.0317278690636158
    },
    "left_knee": {
        "x": 0.4714541733264923,
        "y": 1.2076847553253174,
        "z": 0.10863735526800156
    },
    "right_knee": {
        "x": 0.5091675519943237,
        "y": 1.2083691358566284,
        "z": 0.18309782445430756
    },
    "left_ankle": {
        "x": 0.4788045883178711,
        "y": 1.3971478939056396,
        "z": 0.23382151126861572
    },
    "right_ankle": {
        "x": 0.494599848985672,
        "y": 1.3845088481903076,
        "z": 0.3024296462535858
    },
    "left_heel": {
        "x": 0.48588141798973083,
        "y": 1.4337444305419922,
        "z": 0.24665410816669464
    },
    "right_heel": {
        "x": 0.4902268648147583,
        "y": 1.418359398841858,
        "z": 0.31493741273880005
    },
    "left_foot_index": {
        "x": 0.46957653760910034,
        "y": 1.4088903665542603,
        "z": 0.2458825558423996
    },
    "right_foot_index": {
        "x": 0.4897242784500122,
        "y": 1.3981198072433472,
        "z": 0.3075921833515167
    }
}