{
    "nose": {
        "x": 0.49370869994163513,
        "y": 0.655532717704773,
        "z": 0.06545700132846832
    },
    "left_eye_inner": {
        "x": 0.4888211190700531,
        "y": 0.6369953751564026,
        "z": 0.0320950448513031
    },
    "left_eye": {
        "x": 0.48543354868888855,
        "y": 0.6374440789222717,
        "z": 0.032022714614868164
    },
    "left_eye_outer": {
        "x": 0.48198235034942627,
        "y": 0.6383072137832642,
        "z": 0.031914133578538895
    },
    "right_eye_inner": {
        "x": 0.5001001358032227,
        "y": 0.6392723917961121,
        "z": 0.03752444311976433
    },
    "right_eye": {
        "x": 0.5042824149131775,
        "y": 0.6411069631576538,
        "z": 0.03748244047164917
    },
    "right_eye_outer": {
        "x": 0.5081503987312317,
        "y": 0.6430538892745972,
        "z": 0.037320271134376526
    },
    "left_ear": {
        "x": 0.47772467136383057,
        "y": 0.6579388380050659,
        "z": -0.07577155530452728
    },
    "right_ear": {
        "x": 0.5153574347496033,
        "y": 0.6651656031608582,
        "z": -0.052290819585323334
    },
    "mouth_left": {
        "x": 0.48808959126472473,
        "y": 0.6755042672157288,
        "z": 0.033590167760849
    },
    "mouth_right": {
        "x": 0.5001427531242371,
        "y": 0.6812203526496887,
        "z": 0.04024644196033478
    },
    "left_shoulder": {
        "x": 0.43815338611602783,
        "y": 0.7804734110832214,
        "z": -0.12872721254825592
    },
    "right_shoulder": {
        "x": 0.5525916218757629,
        "y": 0.8033335208892822,
        "z": -0.07366448640823364
    },
    "left_elbow": {
        "x": 0.4073912501335144,
        "y": 0.9345285296440125,
        "z": -0.033841777592897415
    },
    "right_elbow": {
        "x": 0.565274715423584,
        "y": 0.9652242064476013,
        "z": 0.02284611389040947
    },
    "left_wrist": {
        "x": 0.45695269107818604,
        "y": 0.9313527345657349,
        "z": 0.1428283005952835
    },
    "right_wrist": {
        "x": 0.5365963578224182,
        "y": 0.9559083580970764,
        "z": 0.1610744595527649
    },
    "left_pinky": {
        "x": 0.45711272954940796,
        "y": 0.9375807642936707,
        "z": 0.15055954456329346
    },
    "right_pinky": {
        "x": 0.5330876708030701,
        "y": 0.9706807732582092,
        "z": 0.17993922531604767
    },
    "left_index": {
        "x": 0.4709853231906891,
        "y": 0.9245546460151672,
        "z": 0.14894457161426544
    },
    "right_index": {
        "x": 0.5306740999221802,
        "y": 0.9533701539039612,
        "z": 0.1746266931295395
    },
    "left_thumb": {
        "x": 0.4713863134384155,
        "y": 0.922852098941803,
        "z": 0.14508436620235443
    },
    "right_thumb": {
        "x": 0.5279531478881836,
        "y": 0.9468732476234436,
        "z": 0.161392942070961
    },
    "left_hip": {
        "x": 0.4647020101547241,
        "y": 1.036622405052185,
        "z": -0.018760481849312782
    },
    "right_hip": {
        "x": 0.5110599994659424,
        "y": 1.0379639863967896,
        "z": 0.01889124885201454
    },
    "left_knee": {
        "x": 0.478938490152359,
        "y": 1.2056300640106201,
        "z": 0.12489990890026093
    },
    "right_knee": {
        "x": 0.5083276033401489,
        "y": 1.202523112297058,
        "z": 0.16179269552230835
    },
    "left_ankle": {
        "x": 0.48384952545166016,
        "y": 1.3853609561920166,
        "z": 0.2948679029941559
    },
    "right_ankle": {
        "x": 0.49316367506980896,
        "y": 1.368753433227539,
        "z": 0.32771971821784973
    },
    "left_heel": {
        "x": 0.48808392882347107,
        "y": 1.420737624168396,
        "z": 0.3117305338382721
    },
    "right_heel": {
        "x": 0.48745518922805786,
        "y": 1.4006718397140503,
        "z": 0.34496480226516724
    },
    "left_foot_index": {
        "x": 0.4831770956516266,
        "y": 1.3937350511550903,
        "z": 0.30346018075942993
    },
    "right_foot_index": {
        "x": 0.4950924813747406,
        "y": 1.3813613653182983,
        "z": 0.3316931426525116
    }
}