{
    "nose": {
        "x": 0.1388837695121765,
        "y": 0.5087696313858032,
        "z": -0.17679089307785034
    },
    "left_eye_inner": {
        "x": 0.13652446866035461,
        "y": 0.5142313241958618,
        "z": -0.1777632087469101
    },
    "left_eye": {
        "x": 0.1354941725730896,
        "y": 0.5141662359237671,
        "z": -0.177736297249794
    },
    "left_eye_outer": {
        "x": 0.1344570815563202,
        "y": 0.5140331983566284,
        "z": -0.17775002121925354
    },
    "right_eye_inner": {
        "x": 0.13965703547000885,
        "y": 0.5162312984466553,
        "z": -0.18720890581607819
    },
    "right_eye": {
        "x": 0.14093247056007385,
        "y": 0.5177551507949829,
        "z": -0.1872788965702057
    },
    "right_eye_outer": {
        "x": 0.14219149947166443,
        "y": 0.5192874670028687,
        "z": -0.1873282939195633
    },
    "left_ear": {
        "x": 0.1331152766942978,
        "y": 0.5203292965888977,
        "z": -0.14288443326950073
    },
    "right_ear": {
        "x": 0.1442328691482544,
        "y": 0.5290767550468445,
        "z": -0.1870451420545578
    },
    "mouth_left": {
        "x": 0.13855767250061035,
        "y": 0.5080391764640808,
        "z": -0.15896032750606537
    },
    "mouth_right": {
        "x": 0.14166301488876343,
        "y": 0.5096763372421265,
        "z": -0.17195290327072144
    },
    "left_shoulder": {
        "x": 0.12553170323371887,
        "y": 0.5020239353179932,
        "z": -0.08940484374761581
    },
    "right_shoulder": {
        "x": 0.15568038821220398,
        "y": 0.5396813750267029,
        "z": -0.16582712531089783
    },
    "left_elbow": {
        "x": 0.12881982326507568,
        "y": 0.4457860589027405,
        "z": -0.056082140654325485
    },
    "right_elbow": {
        "x": 0.151969313621521,
        "y": 0.5211355090141296,
        "z": -0.19968688488006592
    },
    "left_wrist": {
        "x": 0.13104359805583954,
        "y": 0.39967575669288635,
        "z": -0.057070743292570114
    },
    "right_wrist": {
        "x": 0.13382278382778168,
        "y": 0.5090508460998535,
        "z": -0.20849065482616425
    },
    "left_pinky": {
        "x": 0.12990295886993408,
        "y": 0.3861025273799896,
        "z": -0.05031992867588997
    },
    "right_pinky": {
        "x": 0.13111472129821777,
        "y": 0.5064023733139038,
        "z": -0.2128138542175293
    },
    "left_index": {
        "x": 0.13085180521011353,
        "y": 0.38700684905052185,
        "z": -0.06333646178245544
    },
    "right_index": {
        "x": 0.12865230441093445,
        "y": 0.5053197145462036,
        "z": -0.2067468762397766
    },
    "left_thumb": {
        "x": 0.13257426023483276,
        "y": 0.3915245831012726,
        "z": -0.060989003628492355
    },
    "right_thumb": {
        "x": 0.12914614379405975,
        "y": 0.5047865509986877,
        "z": -0.2049494981765747
    },
    "left_hip": {
        "x": 0.16728483140468597,
        "y": 0.4296467900276184,
        "z": 0.018247196450829506
    },
    "right_hip": {
        "x": 0.19026066362857819,
        "y": 0.45089519023895264,
        "z": -0.018401000648736954
    },
    "left_knee": {
        "x": 0.14992660284042358,
        "y": 0.40382951498031616,
        "z": -0.011727018281817436
    },
    "right_knee": {
        "x": 0.21755118668079376,
        "y": 0.44951868057250977,
        "z": -0.021625742316246033
    },
    "left_ankle": {
        "x": 0.1419810652732849,
        "y": 0.39856910705566406,
        "z": 0.005340958945453167
    },
    "right_ankle": {
        "x": 0.23911160230636597,
        "y": 0.4947810769081116,
        "z": 0.028046054765582085
    },
    "left_heel": {
        "x": 0.14315268397331238,
        "y": 0.3970277011394501,
        "z": 0.00862165354192257
    },
    "right_heel": {
        "x": 0.24116218090057373,
        "y": 0.49830305576324463,
        "z": 0.03430255502462387
    },
    "left_foot_index": {
        "x": 0.13408654928207397,
        "y": 0.3931194543838501,
        "z": 0.005575619172304869
    },
    "right_foot_index": {
        "x": 0.2602289915084839,
        "y": 0.5075668096542358,
        "z": 0.03392041474580765
    }
}