{
    "nose": {
        "x": 0.4421536326408386,
        "y": 0.48281770944595337,
        "z": -0.013896896503865719
    },
    "left_eye_inner": {
        "x": 0.4429103434085846,
        "y": 0.4729540944099426,
        "z": -0.01622232422232628
    },
    "left_eye": {
        "x": 0.4420062005519867,
        "y": 0.47093361616134644,
        "z": -0.016232434660196304
    },
    "left_eye_outer": {
        "x": 0.4410768747329712,
        "y": 0.468858927488327,
        "z": -0.016229452565312386
    },
    "right_eye_inner": {
        "x": 0.44447487592697144,
        "y": 0.475801944732666,
        "z": -0.03195636719465256
    },
    "right_eye": {
        "x": 0.44468700885772705,
        "y": 0.4758254289627075,
        "z": -0.03201457858085632
    },
    "right_eye_outer": {
        "x": 0.4448901414871216,
        "y": 0.47578877210617065,
        "z": -0.032076433300971985
    },
    "left_ear": {
        "x": 0.4357670545578003,
        "y": 0.4629663825035095,
        "z": -0.016159988939762115
    },
    "right_ear": {
        "x": 0.4407350420951843,
        "y": 0.4719889760017395,
        "z": -0.08677124977111816
    },
    "mouth_left": {
        "x": 0.43625354766845703,
        "y": 0.48370906710624695,
        "z": -0.010244209319353104
    },
    "mouth_right": {
        "x": 0.43761971592903137,
        "y": 0.4871906042098999,
        "z": -0.030703479424118996
    },
    "left_shoulder": {
        "x": 0.3918607234954834,
        "y": 0.4762432873249054,
        "z": 0.02327611669898033
    },
    "right_shoulder": {
        "x": 0.42735758423805237,
        "y": 0.5081641674041748,
        "z": -0.11619683355093002
    },
    "left_elbow": {
        "x": 0.37737056612968445,
        "y": 0.5200911164283752,
        "z": 0.11638493835926056
    },
    "right_elbow": {
        "x": 0.40749645233154297,
        "y": 0.5801998972892761,
        "z": -0.0771946832537651
    },
    "left_wrist": {
        "x": 0.4036462903022766,
        "y": 0.5313966870307922,
        "z": 0.1874001920223236
    },
    "right_wrist": {
        "x": 0.4086536765098572,
        "y": 0.6035985946655273,
        "z": 0.015688933432102203
    },
    "left_pinky": {
        "x": 0.40754619240760803,
        "y": 0.5330662727355957,
        "z": 0.19773223996162415
    },
    "right_pinky": {
        "x": 0.4093721807003021,
        "y": 0.6093034148216248,
        "z": 0.013857567682862282
    },
    "left_index": {
        "x": 0.41239193081855774,
        "y": 0.5318165421485901,
        "z": 0.18492546677589417
    },
    "right_index": {
        "x": 0.4089948534965515,
        "y": 0.6010079979896545,
        "z": 0.010174988768994808
    },
    "left_thumb": {
        "x": 0.4119442105293274,
        "y": 0.5323545336723328,
        "z": 0.18317833542823792
    },
    "right_thumb": {
        "x": 0.4079383611679077,
        "y": 0.5974477529525757,
        "z": 0.016528315842151642
    },
    "left_hip": {
        "x": 0.3736666142940521,
        "y": 0.6210652589797974,
        "z": 0.04920179396867752
    },
    "right_hip": {
        "x": 0.39970457553863525,
        "y": 0.6236693859100342,
        "z": -0.049329694360494614
    },
    "left_knee": {
        "x": 0.4068468511104584,
        "y": 0.5738808512687683,
        "z": 0.1819503903388977
    },
    "right_knee": {
        "x": 0.4487319588661194,
        "y": 0.5891273617744446,
        "z": 0.05799439921975136
    },
    "left_ankle": {
        "x": 0.40436285734176636,
        "y": 0.6495331525802612,
        "z": 0.2887791097164154
    },
    "right_ankle": {
        "x": 0.4555056691169739,
        "y": 0.6444113850593567,
        "z": 0.19802169501781464
    },
    "left_heel": {
        "x": 0.4021996557712555,
        "y": 0.6568403244018555,
        "z": 0.2995995283126831
    },
    "right_heel": {
        "x": 0.45172318816185,
        "y": 0.6597659587860107,
        "z": 0.2143452763557434
    },
    "left_foot_index": {
        "x": 0.4108978509902954,
        "y": 0.6530712246894836,
        "z": 0.30877983570098877
    },
    "right_foot_index": {
        "x": 0.47072651982307434,
        "y": 0.643785834312439,
        "z": 0.23763054609298706
    }
}