{
    "nose": {
        "x": 0.39065974950790405,
        "y": 0.45346516370773315,
        "z": -0.13187311589717865
    },
    "left_eye_inner": {
        "x": 0.38985806703567505,
        "y": 0.44263026118278503,
        "z": -0.12794610857963562
    },
    "left_eye": {
        "x": 0.38954997062683105,
        "y": 0.44140273332595825,
        "z": -0.127964586019516
    },
    "left_eye_outer": {
        "x": 0.38918954133987427,
        "y": 0.4399239718914032,
        "z": -0.1280280202627182
    },
    "right_eye_inner": {
        "x": 0.38904130458831787,
        "y": 0.4443392753601074,
        "z": -0.14687931537628174
    },
    "right_eye": {
        "x": 0.3881908357143402,
        "y": 0.4445250928401947,
        "z": -0.14692839980125427
    },
    "right_eye_outer": {
        "x": 0.3873622417449951,
        "y": 0.4446547329425812,
        "z": -0.1469268798828125
    },
    "left_ear": {
        "x": 0.3819669783115387,
        "y": 0.44044989347457886,
        "z": -0.0875491201877594
    },
    "right_ear": {
        "x": 0.3819485604763031,
        "y": 0.44793587923049927,
        "z": -0.17324745655059814
    },
    "mouth_left": {
        "x": 0.3885241746902466,
        "y": 0.4622592329978943,
        "z": -0.11242450028657913
    },
    "mouth_right": {
        "x": 0.38683414459228516,
        "y": 0.4638323187828064,
        "z": -0.13736672699451447
    },
    "left_shoulder": {
        "x": 0.36123934388160706,
        "y": 0.47705718874931335,
        "z": -0.001401314395479858
    },
    "right_shoulder": {
        "x": 0.3814200460910797,
        "y": 0.5067530274391174,
        "z": -0.18787293136119843
    },
    "left_elbow": {
        "x": 0.37224501371383667,
        "y": 0.5135025978088379,
        "z": 0.11314348876476288
    },
    "right_elbow": {
        "x": 0.41537803411483765,
        "y": 0.5733945369720459,
        "z": -0.15432672202587128
    },
    "left_wrist": {
        "x": 0.40091702342033386,
        "y": 0.5082477331161499,
        "z": 0.15004248917102814
    },
    "right_wrist": {
        "x": 0.4420747756958008,
        "y": 0.5401093363761902,
        "z": -0.06991744041442871
    },
    "left_pinky": {
        "x": 0.40796250104904175,
        "y": 0.5046014189720154,
        "z": 0.15869201719760895
    },
    "right_pinky": {
        "x": 0.4497431516647339,
        "y": 0.5373377203941345,
        "z": -0.0810222178697586
    },
    "left_index": {
        "x": 0.40908777713775635,
        "y": 0.5048664808273315,
        "z": 0.13366925716400146
    },
    "right_index": {
        "x": 0.4460381269454956,
        "y": 0.5303002595901489,
        "z": -0.08462604880332947
    },
    "left_thumb": {
        "x": 0.4072931706905365,
        "y": 0.5076150894165039,
        "z": 0.14029502868652344
    },
    "right_thumb": {
        "x": 0.4433155059814453,
        "y": 0.5314327478408813,
        "z": -0.06917767226696014
    },
    "left_hip": {
        "x": 0.3696821630001068,
        "y": 0.6031767725944519,
        "z": 0.05985913798213005
    },
    "right_hip": {
        "x": 0.38791415095329285,
        "y": 0.6305570602416992,
        "z": -0.05973385274410248
    },
    "left_knee": {
        "x": 0.41365423798561096,
        "y": 0.5212662220001221,
        "z": 0.13715900480747223
    },
    "right_knee": {
        "x": 0.4442801773548126,
        "y": 0.5799480080604553,
        "z": -0.03050977550446987
    },
    "left_ankle": {
        "x": 0.42484912276268005,
        "y": 0.5702125430107117,
        "z": 0.2428636997938156
    },
    "right_ankle": {
        "x": 0.47436028718948364,
        "y": 0.573377251625061,
        "z": 0.11980383843183517
    },
    "left_heel": {
        "x": 0.4233786463737488,
        "y": 0.5816739797592163,
        "z": 0.25331974029541016
    },
    "right_heel": {
        "x": 0.47711825370788574,
        "y": 0.5775514245033264,
        "z": 0.13718603551387787
    },
    "left_foot_index": {
        "x": 0.4366057515144348,
        "y": 0.561806321144104,
        "z": 0.25316718220710754
    },
    "right_foot_index": {
        "x": 0.48945122957229614,
        "y": 0.5492839813232422,
        "z": 0.1456383764743805
    }
}