{
    "nose": {
        "x": 0.392354816198349,
        "y": 0.45445507764816284,
        "z": -0.08168470114469528
    },
    "left_eye_inner": {
        "x": 0.39052119851112366,
        "y": 0.44391027092933655,
        "z": -0.08648435771465302
    },
    "left_eye": {
        "x": 0.38957512378692627,
        "y": 0.44259265065193176,
        "z": -0.08650794625282288
    },
    "left_eye_outer": {
        "x": 0.3885749578475952,
        "y": 0.44123515486717224,
        "z": -0.0865696370601654
    },
    "right_eye_inner": {
        "x": 0.3923271596431732,
        "y": 0.446219265460968,
        "z": -0.10521990805864334
    },
    "right_eye": {
        "x": 0.392630934715271,
        "y": 0.44662055373191833,
        "z": -0.10529197007417679
    },
    "right_eye_outer": {
        "x": 0.3930724859237671,
        "y": 0.4470065236091614,
        "z": -0.1053241640329361
    },
    "left_ear": {
        "x": 0.3851701319217682,
        "y": 0.4413049519062042,
        "z": -0.08323837071657181
    },
    "right_ear": {
        "x": 0.3923424482345581,
        "y": 0.44865351915359497,
        "z": -0.16773967444896698
    },
    "mouth_left": {
        "x": 0.39019185304641724,
        "y": 0.4601695239543915,
        "z": -0.07471050322055817
    },
    "mouth_right": {
        "x": 0.39163634181022644,
        "y": 0.4625200033187866,
        "z": -0.09953869134187698
    },
    "left_shoulder": {
        "x": 0.3631032705307007,
        "y": 0.4767764210700989,
        "z": -0.013026783242821693
    },
    "right_shoulder": {
        "x": 0.38897714018821716,
        "y": 0.5073570013046265,
        "z": -0.19470523297786713
    },
    "left_elbow": {
        "x": 0.38239434361457825,
        "y": 0.5036098957061768,
        "z": 0.09805390983819962
    },
    "right_elbow": {
        "x": 0.42964115738868713,
        "y": 0.5753331780433655,
        "z": -0.1490272879600525
    },
    "left_wrist": {
        "x": 0.4190366864204407,
        "y": 0.48341014981269836,
        "z": 0.13474664092063904
    },
    "right_wrist": {
        "x": 0.4554896652698517,
        "y": 0.5276815891265869,
        "z": -0.051399458199739456
    },
    "left_pinky": {
        "x": 0.4257054626941681,
        "y": 0.47956913709640503,
        "z": 0.1442514806985855
    },
    "right_pinky": {
        "x": 0.4607900381088257,
        "y": 0.5217863321304321,
        "z": -0.062312789261341095
    },
    "left_index": {
        "x": 0.4302417039871216,
        "y": 0.48022377490997314,
        "z": 0.11726676672697067
    },
    "right_index": {
        "x": 0.45670345425605774,
        "y": 0.5120547413825989,
        "z": -0.06329958885908127
    },
    "left_thumb": {
        "x": 0.42706385254859924,
        "y": 0.48327934741973877,
        "z": 0.12453892827033997
    },
    "right_thumb": {
        "x": 0.45388612151145935,
        "y": 0.5134170055389404,
        "z": -0.04935111477971077
    },
    "left_hip": {
        "x": 0.37847405672073364,
        "y": 0.6115856170654297,
        "z": 0.06635697185993195
    },
    "right_hip": {
        "x": 0.397207647562027,
        "y": 0.6310340166091919,
        "z": -0.06616397202014923
    },
    "left_knee": {
        "x": 0.4240244925022125,
        "y": 0.5616133809089661,
        "z": 0.14458727836608887
    },
    "right_knee": {
        "x": 0.46195054054260254,
        "y": 0.6024605631828308,
        "z": -0.0023887217976152897
    },
    "left_ankle": {
        "x": 0.4482649564743042,
        "y": 0.623938798904419,
        "z": 0.26303061842918396
    },
    "right_ankle": {
        "x": 0.5206830501556396,
        "y": 0.6033099889755249,
        "z": 0.08708634227514267
    },
    "left_heel": {
        "x": 0.45063453912734985,
        "y": 0.6374721527099609,
        "z": 0.27466344833374023
    },
    "right_heel": {
        "x": 0.5301578044891357,
        "y": 0.6123424172401428,
        "z": 0.09653852134943008
    },
    "left_foot_index": {
        "x": 0.45832961797714233,
        "y": 0.6156298518180847,
        "z": 0.26497042179107666
    },
    "right_foot_index": {
        "x": 0.5425106883049011,
        "y": 0.574443519115448,
        "z": 0.07611608505249023
    }
}