{
    "nose": {
        "x": 0.8340570330619812,
        "y": 0.5483301281929016,
        "z": -0.0876307561993599
    },
    "left_eye_inner": {
        "x": 0.8312788605690002,
        "y": 0.5335546135902405,
        "z": -0.07841643691062927
    },
    "left_eye": {
        "x": 0.8307493329048157,
        "y": 0.5329327583312988,
        "z": -0.0784403532743454
    },
    "left_eye_outer": {
        "x": 0.8302453756332397,
        "y": 0.5324594974517822,
        "z": -0.07841703295707703
    },
    "right_eye_inner": {
        "x": 0.8296975493431091,
        "y": 0.5336748361587524,
        "z": -0.09738490730524063
    },
    "right_eye": {
        "x": 0.8287866115570068,
        "y": 0.5331779718399048,
        "z": -0.09743182361125946
    },
    "right_eye_outer": {
        "x": 0.827826738357544,
        "y": 0.5327460765838623,
        "z": -0.09746210277080536
    },
    "left_ear": {
        "x": 0.822166919708252,
        "y": 0.5315533876419067,
        "z": -0.033198028802871704
    },
    "right_ear": {
        "x": 0.8186457753181458,
        "y": 0.5324050188064575,
        "z": -0.1198723316192627
    },
    "mouth_left": {
        "x": 0.8304840326309204,
        "y": 0.5562497973442078,
        "z": -0.06944697350263596
    },
    "mouth_right": {
        "x": 0.8298256397247314,
        "y": 0.5564486384391785,
        "z": -0.0942356139421463
    },
    "left_shoulder": {
        "x": 0.8159323334693909,
        "y": 0.5909672975540161,
        "z": 0.01358371414244175
    },
    "right_shoulder": {
        "x": 0.7836140394210815,
        "y": 0.5982188582420349,
        "z": -0.14007627964019775
    },
    "left_elbow": {
        "x": 0.8100709319114685,
        "y": 0.6807163953781128,
        "z": 0.018819576129317284
    },
    "right_elbow": {
        "x": 0.7689970135688782,
        "y": 0.7005674839019775,
        "z": -0.16002875566482544
    },
    "left_wrist": {
        "x": 0.8045412302017212,
        "y": 0.7295351624488831,
        "z": -0.023433448746800423
    },
    "right_wrist": {
        "x": 0.751471757888794,
        "y": 0.7871745228767395,
        "z": -0.16325406730175018
    },
    "left_pinky": {
        "x": 0.8040270805358887,
        "y": 0.7435784935951233,
        "z": -0.026466120034456253
    },
    "right_pinky": {
        "x": 0.7422748804092407,
        "y": 0.8074800372123718,
        "z": -0.17924551665782928
    },
    "left_index": {
        "x": 0.803794801235199,
        "y": 0.7378939390182495,
        "z": -0.039424456655979156
    },
    "right_index": {
        "x": 0.7476783990859985,
        "y": 0.8093904256820679,
        "z": -0.18068335950374603
    },
    "left_thumb": {
        "x": 0.8030937314033508,
        "y": 0.7342296838760376,
        "z": -0.030307840555906296
    },
    "right_thumb": {
        "x": 0.7517554759979248,
        "y": 0.8019802570343018,
        "z": -0.16416384279727936
    },
    "left_hip": {
        "x": 0.8072391748428345,
        "y": 0.7466834187507629,
        "z": 0.04704921320080757
    },
    "right_hip": {
        "x": 0.7859281301498413,
        "y": 0.7520774602890015,
        "z": -0.047002099454402924
    },
    "left_knee": {
        "x": 0.8007737994194031,
        "y": 0.8307195901870728,
        "z": 0.0217705387622118
    },
    "right_knee": {
        "x": 0.7660037875175476,
        "y": 0.8267225623130798,
        "z": -0.10874637961387634
    },
    "left_ankle": {
        "x": 0.7489492297172546,
        "y": 0.883148193359375,
        "z": 0.05486327037215233
    },
    "right_ankle": {
        "x": 0.719876229763031,
        "y": 0.9130865335464478,
        "z": -0.06755026429891586
    },
    "left_heel": {
        "x": 0.7384634613990784,
        "y": 0.8848659992218018,
        "z": 0.05670255795121193
    },
    "right_heel": {
        "x": 0.7106248736381531,
        "y": 0.9158667325973511,
        "z": -0.06492872536182404
    },
    "left_foot_index": {
        "x": 0.7464469075202942,
        "y": 0.921856701374054,
        "z": 0.033930521458387375
    },
    "right_foot_index": {
        "x": 0.7151225805282593,
        "y": 0.9693925976753235,
        "z": -0.10035863518714905
    }
}