{
    "nose": {
        "x": 0.8047393560409546,
        "y": 0.8446210622787476,
        "z": -0.12433873116970062
    },
    "left_eye_inner": {
        "x": 0.8022508025169373,
        "y": 0.833526074886322,
        "z": -0.1308274120092392
    },
    "left_eye": {
        "x": 0.8024946451187134,
        "y": 0.8289371728897095,
        "z": -0.130869060754776
    },
    "left_eye_outer": {
        "x": 0.8024912476539612,
        "y": 0.825149655342102,
        "z": -0.13095954060554504
    },
    "right_eye_inner": {
        "x": 0.7970731258392334,
        "y": 0.8437642455101013,
        "z": -0.12264236807823181
    },
    "right_eye": {
        "x": 0.7967607378959656,
        "y": 0.8454329967498779,
        "z": -0.12270710617303848
    },
    "right_eye_outer": {
        "x": 0.8014139533042908,
        "y": 0.8482526540756226,
        "z": -0.12281212210655212
    },
    "left_ear": {
        "x": 0.8051369190216064,
        "y": 0.8194181323051453,
        "z": -0.11932234466075897
    },
    "right_ear": {
        "x": 0.8035961389541626,
        "y": 0.8425095081329346,
        "z": -0.08629955351352692
    },
    "mouth_left": {
        "x": 0.8112924695014954,
        "y": 0.8394628167152405,
        "z": -0.11569437384605408
    },
    "mouth_right": {
        "x": 0.8107836246490479,
        "y": 0.8550296425819397,
        "z": -0.10645940154790878
    },
    "left_shoulder": {
        "x": 0.8325121998786926,
        "y": 0.797165036201477,
        "z": -0.0999731570482254
    },
    "right_shoulder": {
        "x": 0.8297840356826782,
        "y": 0.8465723395347595,
        "z": -0.03415320813655853
    },
    "left_elbow": {
        "x": 0.8804506659507751,
        "y": 0.7463909387588501,
        "z": -0.07794343680143356
    },
    "right_elbow": {
        "x": 0.8627374768257141,
        "y": 0.8569424748420715,
        "z": -0.057812608778476715
    },
    "left_wrist": {
        "x": 0.8965598940849304,
        "y": 0.7476020455360413,
        "z": -0.06847232580184937
    },
    "right_wrist": {
        "x": 0.840792179107666,
        "y": 0.851099967956543,
        "z": -0.12629829347133636
    },
    "left_pinky": {
        "x": 0.9036478400230408,
        "y": 0.7491621375083923,
        "z": -0.07375514507293701
    },
    "right_pinky": {
        "x": 0.8341903686523438,
        "y": 0.8475093245506287,
        "z": -0.13431191444396973
    },
    "left_index": {
        "x": 0.8960296511650085,
        "y": 0.7502453327178955,
        "z": -0.07758060842752457
    },
    "right_index": {
        "x": 0.8303196430206299,
        "y": 0.8532475233078003,
        "z": -0.13578499853610992
    },
    "left_thumb": {
        "x": 0.8939970135688782,
        "y": 0.7520348429679871,
        "z": -0.06865126639604568
    },
    "right_thumb": {
        "x": 0.8338042497634888,
        "y": 0.8519874811172485,
        "z": -0.12895631790161133
    },
    "left_hip": {
        "x": 0.9169261455535889,
        "y": 0.774736762046814,
        "z": -0.027867471799254417
    },
    "right_hip": {
        "x": 0.9181135296821594,
        "y": 0.8088580369949341,
        "z": 0.02787245251238346
    },
    "left_knee": {
        "x": 0.9872187972068787,
        "y": 0.7618930339813232,
        "z": 0.027692077681422234
    },
    "right_knee": {
        "x": 0.9899340867996216,
        "y": 0.7848289608955383,
        "z": 0.07652880996465683
    },
    "left_ankle": {
        "x": 1.0481947660446167,
        "y": 0.7288175225257874,
        "z": 0.12964321672916412
    },
    "right_ankle": {
        "x": 1.0605579614639282,
        "y": 0.7550418376922607,
        "z": 0.15542350709438324
    },
    "left_heel": {
        "x": 1.0573190450668335,
        "y": 0.7196467518806458,
        "z": 0.13793756067752838
    },
    "right_heel": {
        "x": 1.0696499347686768,
        "y": 0.7462676763534546,
        "z": 0.16178850829601288
    },
    "left_foot_index": {
        "x": 1.063247799873352,
        "y": 0.7330900430679321,
        "z": 0.09049460291862488
    },
    "right_foot_index": {
        "x": 1.0803428888320923,
        "y": 0.7661489248275757,
        "z": 0.1049766093492508
    }
}