{
    "nose": {
        "x": 0.8237220048904419,
        "y": 0.8547337055206299,
        "z": 0.07217559218406677
    },
    "left_eye_inner": {
        "x": 0.8276765942573547,
        "y": 0.8613954782485962,
        "z": 0.09019365906715393
    },
    "left_eye": {
        "x": 0.8273032307624817,
        "y": 0.8633961081504822,
        "z": 0.0901617556810379
    },
    "left_eye_outer": {
        "x": 0.826917827129364,
        "y": 0.8653512597084045,
        "z": 0.09013138711452484
    },
    "right_eye_inner": {
        "x": 0.828012228012085,
        "y": 0.8542718887329102,
        "z": 0.08691706508398056
    },
    "right_eye": {
        "x": 0.8278467655181885,
        "y": 0.8518121242523193,
        "z": 0.08690690994262695
    },
    "right_eye_outer": {
        "x": 0.8279136419296265,
        "y": 0.849185585975647,
        "z": 0.08683191984891891
    },
    "left_ear": {
        "x": 0.823855996131897,
        "y": 0.8608071208000183,
        "z": 0.15823392570018768
    },
    "right_ear": {
        "x": 0.826474666595459,
        "y": 0.8438061475753784,
        "z": 0.1457379013299942
    },
    "mouth_left": {
        "x": 0.8190141916275024,
        "y": 0.8545944094657898,
        "z": 0.09555434435606003
    },
    "mouth_right": {
        "x": 0.8191729784011841,
        "y": 0.8457058668136597,
        "z": 0.09150125831365585
    },
    "left_shoulder": {
        "x": 0.7944396138191223,
        "y": 0.8657874464988708,
        "z": 0.14994476735591888
    },
    "right_shoulder": {
        "x": 0.807453989982605,
        "y": 0.7964500188827515,
        "z": 0.11762703210115433
    },
    "left_elbow": {
        "x": 0.7810567617416382,
        "y": 0.8751004338264465,
        "z": 0.030197257176041603
    },
    "right_elbow": {
        "x": 0.7947371602058411,
        "y": 0.7778239846229553,
        "z": 0.02700810506939888
    },
    "left_wrist": {
        "x": 0.8114204406738281,
        "y": 0.8602425456047058,
        "z": -0.056842051446437836
    },
    "right_wrist": {
        "x": 0.8053805828094482,
        "y": 0.8494924902915955,
        "z": -0.007350113242864609
    },
    "left_pinky": {
        "x": 0.8191328644752502,
        "y": 0.85535728931427,
        "z": -0.06779719889163971
    },
    "right_pinky": {
        "x": 0.810133695602417,
        "y": 0.8624678254127502,
        "z": -0.015876544639468193
    },
    "left_index": {
        "x": 0.8202178478240967,
        "y": 0.8555180430412292,
        "z": -0.05383811518549919
    },
    "right_index": {
        "x": 0.8145068883895874,
        "y": 0.8627969622612,
        "z": -0.006212921347469091
    },
    "left_thumb": {
        "x": 0.819031834602356,
        "y": 0.854839026927948,
        "z": -0.05328914523124695
    },
    "right_thumb": {
        "x": 0.8127500414848328,
        "y": 0.8543893098831177,
        "z": -0.0034144679084420204
    },
    "left_hip": {
        "x": 0.7324039936065674,
        "y": 0.7936939001083374,
        "z": -0.0036515796091407537
    },
    "right_hip": {
        "x": 0.7420942783355713,
        "y": 0.7312091588973999,
        "z": 0.003651732811704278
    },
    "left_knee": {
        "x": 0.773837685585022,
        "y": 0.8642875552177429,
        "z": -0.15545576810836792
    },
    "right_knee": {
        "x": 0.7497962713241577,
        "y": 0.6762683391571045,
        "z": -0.15810264647006989
    },
    "left_ankle": {
        "x": 0.7116378545761108,
        "y": 0.8381255865097046,
        "z": -0.2781444489955902
    },
    "right_ankle": {
        "x": 0.6932991743087769,
        "y": 0.6973413825035095,
        "z": -0.26004067063331604
    },
    "left_heel": {
        "x": 0.6974366903305054,
        "y": 0.825643002986908,
        "z": -0.29294103384017944
    },
    "right_heel": {
        "x": 0.6845305562019348,
        "y": 0.7060748338699341,
        "z": -0.27093273401260376
    },
    "left_foot_index": {
        "x": 0.7051309943199158,
        "y": 0.8467451930046082,
        "z": -0.3555993139743805
    },
    "right_foot_index": {
        "x": 0.6788731217384338,
        "y": 0.6918752193450928,
        "z": -0.3343842625617981
    }
}