{
    "nose": {
        "x": 0.8348052501678467,
        "y": 0.8827608823776245,
        "z": -0.04343995079398155
    },
    "left_eye_inner": {
        "x": 0.8425861597061157,
        "y": 0.8782471418380737,
        "z": -0.03468819335103035
    },
    "left_eye": {
        "x": 0.8428639769554138,
        "y": 0.8779839277267456,
        "z": -0.03477390483021736
    },
    "left_eye_outer": {
        "x": 0.8432447910308838,
        "y": 0.877828061580658,
        "z": -0.03486144170165062
    },
    "right_eye_inner": {
        "x": 0.8424528241157532,
        "y": 0.8758843541145325,
        "z": -0.056035853922367096
    },
    "right_eye": {
        "x": 0.8426199555397034,
        "y": 0.8737978339195251,
        "z": -0.056090325117111206
    },
    "right_eye_outer": {
        "x": 0.842854917049408,
        "y": 0.8717004656791687,
        "z": -0.056122053414583206
    },
    "left_ear": {
        "x": 0.8400720953941345,
        "y": 0.865634560585022,
        "z": 0.015755826607346535
    },
    "right_ear": {
        "x": 0.8385099768638611,
        "y": 0.8578279614448547,
        "z": -0.0812675729393959
    },
    "mouth_left": {
        "x": 0.8280791640281677,
        "y": 0.8783267140388489,
        "z": -0.022427037358283997
    },
    "mouth_right": {
        "x": 0.8277925252914429,
        "y": 0.8754923343658447,
        "z": -0.05100102722644806
    },
    "left_shoulder": {
        "x": 0.8016307353973389,
        "y": 0.8508507013320923,
        "z": 0.0748414695262909
    },
    "right_shoulder": {
        "x": 0.8061596751213074,
        "y": 0.8223183751106262,
        "z": -0.11224306374788284
    },
    "left_elbow": {
        "x": 0.7696182131767273,
        "y": 0.862142026424408,
        "z": 0.1033577248454094
    },
    "right_elbow": {
        "x": 0.7748714685440063,
        "y": 0.836303174495697,
        "z": -0.20841334760189056
    },
    "left_wrist": {
        "x": 0.79761803150177,
        "y": 0.870072066783905,
        "z": 0.07652977854013443
    },
    "right_wrist": {
        "x": 0.8070962429046631,
        "y": 0.8886748552322388,
        "z": -0.25285840034484863
    },
    "left_pinky": {
        "x": 0.8050104379653931,
        "y": 0.8688538074493408,
        "z": 0.07759003341197968
    },
    "right_pinky": {
        "x": 0.8087866902351379,
        "y": 0.8982425332069397,
        "z": -0.27260997891426086
    },
    "left_index": {
        "x": 0.8097615838050842,
        "y": 0.8679971098899841,
        "z": 0.07770276069641113
    },
    "right_index": {
        "x": 0.8210204839706421,
        "y": 0.8850491642951965,
        "z": -0.26409924030303955
    },
    "left_thumb": {
        "x": 0.8086538910865784,
        "y": 0.868439257144928,
        "z": 0.07545021921396255
    },
    "right_thumb": {
        "x": 0.8165256977081299,
        "y": 0.8835831880569458,
        "z": -0.24982906877994537
    },
    "left_hip": {
        "x": 0.7088401317596436,
        "y": 0.8412258625030518,
        "z": 0.06571125239133835
    },
    "right_hip": {
        "x": 0.7027100324630737,
        "y": 0.8132752776145935,
        "z": -0.06549344211816788
    },
    "left_knee": {
        "x": 0.7047273516654968,
        "y": 0.9641915559768677,
        "z": 0.028700174763798714
    },
    "right_knee": {
        "x": 0.6797786951065063,
        "y": 0.9112681746482849,
        "z": -0.19219134747982025
    },
    "left_ankle": {
        "x": 0.637023389339447,
        "y": 0.9465852975845337,
        "z": 0.08150025457143784
    },
    "right_ankle": {
        "x": 0.6014801263809204,
        "y": 0.9454880952835083,
        "z": -0.21749314665794373
    },
    "left_heel": {
        "x": 0.6251968145370483,
        "y": 0.9336493611335754,
        "z": 0.08503761142492294
    },
    "right_heel": {
        "x": 0.5807286500930786,
        "y": 0.9424608945846558,
        "z": -0.22105181217193604
    },
    "left_foot_index": {
        "x": 0.624549388885498,
        "y": 0.9667158126831055,
        "z": 0.053951676934957504
    },
    "right_foot_index": {
        "x": 0.6009083390235901,
        "y": 0.9860192537307739,
        "z": -0.28277480602264404
    }
}