{
    "nose": {
        "x": 0.3224867582321167,
        "y": 0.09095055609941483,
        "z": 0.09282498061656952
    },
    "left_eye_inner": {
        "x": 0.31805306673049927,
        "y": 0.07362198829650879,
        "z": 0.07409097254276276
    },
    "left_eye": {
        "x": 0.3154796361923218,
        "y": 0.07276144623756409,
        "z": 0.0740431696176529
    },
    "left_eye_outer": {
        "x": 0.3128109574317932,
        "y": 0.07225305587053299,
        "z": 0.07396713644266129
    },
    "right_eye_inner": {
        "x": 0.3235560357570648,
        "y": 0.07572576403617859,
        "z": 0.06541886925697327
    },
    "right_eye": {
        "x": 0.32495081424713135,
        "y": 0.07615368813276291,
        "z": 0.06548702716827393
    },
    "right_eye_outer": {
        "x": 0.32634681463241577,
        "y": 0.07673731446266174,
        "z": 0.06540845334529877
    },
    "left_ear": {
        "x": 0.30450722575187683,
        "y": 0.07805830985307693,
        "z": 0.012753459624946117
    },
    "right_ear": {
        "x": 0.324275940656662,
        "y": 0.08222243189811707,
        "z": -0.02580813691020012
    },
    "mouth_left": {
        "x": 0.31761404871940613,
        "y": 0.10267373919487,
        "z": 0.07792738825082779
    },
    "mouth_right": {
        "x": 0.32292938232421875,
        "y": 0.1039324477314949,
        "z": 0.06672472506761551
    },
    "left_shoulder": {
        "x": 0.247866690158844,
        "y": 0.15232008695602417,
        "z": 0.0066918497905135155
    },
    "right_shoulder": {
        "x": 0.34047913551330566,
        "y": 0.16371573507785797,
        "z": -0.07408569753170013
    },
    "left_elbow": {
        "x": 0.2374739795923233,
        "y": 0.27061426639556885,
        "z": 0.05812995508313179
    },
    "right_elbow": {
        "x": 0.3448586165904999,
        "y": 0.3016074001789093,
        "z": -0.05805022269487381
    },
    "left_wrist": {
        "x": 0.25549450516700745,
        "y": 0.34251752495765686,
        "z": 0.1372816562652588
    },
    "right_wrist": {
        "x": 0.35103902220726013,
        "y": 0.4051553010940552,
        "z": 0.0036266602110117674
    },
    "left_pinky": {
        "x": 0.2575376629829407,
        "y": 0.3632815480232239,
        "z": 0.1514786332845688
    },
    "right_pinky": {
        "x": 0.35278475284576416,
        "y": 0.43353408575057983,
        "z": 0.006128227338194847
    },
    "left_index": {
        "x": 0.26203620433807373,
        "y": 0.35420361161231995,
        "z": 0.14713099598884583
    },
    "right_index": {
        "x": 0.34971505403518677,
        "y": 0.4316719174385071,
        "z": 0.008949476294219494
    },
    "left_thumb": {
        "x": 0.2622922956943512,
        "y": 0.3492409884929657,
        "z": 0.13768890500068665
    },
    "right_thumb": {
        "x": 0.34809139370918274,
        "y": 0.422041118144989,
        "z": 0.006578308530151844
    },
    "left_hip": {
        "x": 0.26404568552970886,
        "y": 0.3881356418132782,
        "z": 0.01863567717373371
    },
    "right_hip": {
        "x": 0.30959099531173706,
        "y": 0.38964366912841797,
        "z": -0.018751194700598717
    },
    "left_knee": {
        "x": 0.2709850072860718,
        "y": 0.54697585105896,
        "z": 0.1262659877538681
    },
    "right_knee": {
        "x": 0.31172025203704834,
        "y": 0.5594854354858398,
        "z": 0.10349344462156296
    },
    "left_ankle": {
        "x": 0.2746284604072571,
        "y": 0.67799973487854,
        "z": 0.24045704305171967
    },
    "right_ankle": {
        "x": 0.3076256215572357,
        "y": 0.7012908458709717,
        "z": 0.20782476663589478
    },
    "left_heel": {
        "x": 0.2719021141529083,
        "y": 0.7022178173065186,
        "z": 0.25168275833129883
    },
    "right_heel": {
        "x": 0.30282366275787354,
        "y": 0.7356138825416565,
        "z": 0.2196705937385559
    },
    "left_foot_index": {
        "x": 0.27422550320625305,
        "y": 0.6878474950790405,
        "z": 0.24659542739391327
    },
    "right_foot_index": {
        "x": 0.3269747197628021,
        "y": 0.7054253220558167,
        "z": 0.20415669679641724
    }
}