{
    "nose": {
        "x": 0.29066476225852966,
        "y": 0.10556137561798096,
        "z": 0.10225184261798859
    },
    "left_eye_inner": {
        "x": 0.28792500495910645,
        "y": 0.08964664489030838,
        "z": 0.07632242143154144
    },
    "left_eye": {
        "x": 0.2847214341163635,
        "y": 0.08911183476448059,
        "z": 0.07627402245998383
    },
    "left_eye_outer": {
        "x": 0.2813774645328522,
        "y": 0.08888113498687744,
        "z": 0.07616857439279556
    },
    "right_eye_inner": {
        "x": 0.29666653275489807,
        "y": 0.09265702217817307,
        "z": 0.0719216987490654
    },
    "right_eye": {
        "x": 0.29943400621414185,
        "y": 0.09397414326667786,
        "z": 0.07201333343982697
    },
    "right_eye_outer": {
        "x": 0.30224165320396423,
        "y": 0.09535319358110428,
        "z": 0.07194700092077255
    },
    "left_ear": {
        "x": 0.2735784947872162,
        "y": 0.09899130463600159,
        "z": -0.010042678564786911
    },
    "right_ear": {
        "x": 0.3033396601676941,
        "y": 0.10492202639579773,
        "z": -0.030372869223356247
    },
    "mouth_left": {
        "x": 0.28402748703956604,
        "y": 0.11955278366804123,
        "z": 0.07904408127069473
    },
    "mouth_right": {
        "x": 0.2932492196559906,
        "y": 0.12256529927253723,
        "z": 0.07304155826568604
    },
    "left_shoulder": {
        "x": 0.21804243326187134,
        "y": 0.18481145799160004,
        "z": -0.034382108598947525
    },
    "right_shoulder": {
        "x": 0.32451048493385315,
        "y": 0.20257343351840973,
        "z": -0.07807430624961853
    },
    "left_elbow": {
        "x": 0.20357906818389893,
        "y": 0.3256905674934387,
        "z": 0.031012997031211853
    },
    "right_elbow": {
        "x": 0.3264918625354767,
        "y": 0.3616860508918762,
        "z": -0.0626625269651413
    },
    "left_wrist": {
        "x": 0.2355276495218277,
        "y": 0.3878299295902252,
        "z": 0.12654730677604675
    },
    "right_wrist": {
        "x": 0.32637640833854675,
        "y": 0.4814089238643646,
        "z": -0.010085737332701683
    },
    "left_pinky": {
        "x": 0.24271908402442932,
        "y": 0.4024306535720825,
        "z": 0.1413370817899704
    },
    "right_pinky": {
        "x": 0.3285040259361267,
        "y": 0.5110558271408081,
        "z": -0.005815299227833748
    },
    "left_index": {
        "x": 0.2531885504722595,
        "y": 0.3971821069717407,
        "z": 0.13648737967014313
    },
    "right_index": {
        "x": 0.32429754734039307,
        "y": 0.5098255276679993,
        "z": -0.004446098115295172
    },
    "left_thumb": {
        "x": 0.25219252705574036,
        "y": 0.3925769627094269,
        "z": 0.12720340490341187
    },
    "right_thumb": {
        "x": 0.3213491141796112,
        "y": 0.49862876534461975,
        "z": -0.008091796189546585
    },
    "left_hip": {
        "x": 0.23412317037582397,
        "y": 0.45661237835884094,
        "z": -0.0013232749188318849
    },
    "right_hip": {
        "x": 0.2833147644996643,
        "y": 0.46369773149490356,
        "z": 0.0012816303642466664
    },
    "left_knee": {
        "x": 0.2444632649421692,
        "y": 0.639378547668457,
        "z": 0.13976706564426422
    },
    "right_knee": {
        "x": 0.283022940158844,
        "y": 0.6430065035820007,
        "z": 0.17438675463199615
    },
    "left_ankle": {
        "x": 0.2520532011985779,
        "y": 0.78133225440979,
        "z": 0.27163127064704895
    },
    "right_ankle": {
        "x": 0.2881404161453247,
        "y": 0.7832651138305664,
        "z": 0.3117735981941223
    },
    "left_heel": {
        "x": 0.25344404578208923,
        "y": 0.8050421476364136,
        "z": 0.2857368290424347
    },
    "right_heel": {
        "x": 0.2843039333820343,
        "y": 0.8056456446647644,
        "z": 0.3286406397819519
    },
    "left_foot_index": {
        "x": 0.2510959804058075,
        "y": 0.7807615995407104,
        "z": 0.2841346859931946
    },
    "right_foot_index": {
        "x": 0.3023633360862732,
        "y": 0.7972398996353149,
        "z": 0.3298688530921936
    }
}