{
    "nose": {
        "x": 0.2971084415912628,
        "y": 0.10018816590309143,
        "z": 0.1021258607506752
    },
    "left_eye_inner": {
        "x": 0.294794499874115,
        "y": 0.08451256155967712,
        "z": 0.07473137229681015
    },
    "left_eye": {
        "x": 0.29222995042800903,
        "y": 0.08479344844818115,
        "z": 0.07467425614595413
    },
    "left_eye_outer": {
        "x": 0.28958630561828613,
        "y": 0.0854673683643341,
        "z": 0.07457895576953888
    },
    "right_eye_inner": {
        "x": 0.30117398500442505,
        "y": 0.08632877469062805,
        "z": 0.07264963537454605
    },
    "right_eye": {
        "x": 0.3031843602657318,
        "y": 0.08770811557769775,
        "z": 0.07271429896354675
    },
    "right_eye_outer": {
        "x": 0.30534613132476807,
        "y": 0.08934581279754639,
        "z": 0.07262587547302246
    },
    "left_ear": {
        "x": 0.282795250415802,
        "y": 0.09890139102935791,
        "z": -0.016790978610515594
    },
    "right_ear": {
        "x": 0.3070030212402344,
        "y": 0.10140013694763184,
        "z": -0.02495400235056877
    },
    "mouth_left": {
        "x": 0.29211851954460144,
        "y": 0.11682415008544922,
        "z": 0.07724418491125107
    },
    "mouth_right": {
        "x": 0.2995826005935669,
        "y": 0.11863908171653748,
        "z": 0.07489743083715439
    },
    "left_shoulder": {
        "x": 0.22881144285202026,
        "y": 0.18076205253601074,
        "z": -0.03809364512562752
    },
    "right_shoulder": {
        "x": 0.33302319049835205,
        "y": 0.19989517331123352,
        "z": -0.07256536930799484
    },
    "left_elbow": {
        "x": 0.20625823736190796,
        "y": 0.315628319978714,
        "z": 0.018984906375408173
    },
    "right_elbow": {
        "x": 0.33892112970352173,
        "y": 0.3493845760822296,
        "z": -0.041123971343040466
    },
    "left_wrist": {
        "x": 0.2225266396999359,
        "y": 0.39568275213241577,
        "z": 0.1163119375705719
    },
    "right_wrist": {
        "x": 0.33507364988327026,
        "y": 0.4601811468601227,
        "z": 0.040502339601516724
    },
    "left_pinky": {
        "x": 0.22501856088638306,
        "y": 0.4134026765823364,
        "z": 0.13045795261859894
    },
    "right_pinky": {
        "x": 0.3349980115890503,
        "y": 0.4920540153980255,
        "z": 0.04842763394117355
    },
    "left_index": {
        "x": 0.22753125429153442,
        "y": 0.40703514218330383,
        "z": 0.12922294437885284
    },
    "right_index": {
        "x": 0.33038902282714844,
        "y": 0.49043264985084534,
        "z": 0.048533178865909576
    },
    "left_thumb": {
        "x": 0.2280474305152893,
        "y": 0.4008851647377014,
        "z": 0.11839152127504349
    },
    "right_thumb": {
        "x": 0.3273351788520813,
        "y": 0.4782099425792694,
        "z": 0.04257621616125107
    },
    "left_hip": {
        "x": 0.24307824671268463,
        "y": 0.4364805519580841,
        "z": -0.00032913900213316083
    },
    "right_hip": {
        "x": 0.289264976978302,
        "y": 0.4443614184856415,
        "z": 0.00025889548123814166
    },
    "left_knee": {
        "x": 0.248399555683136,
        "y": 0.6216611266136169,
        "z": 0.11575549095869064
    },
    "right_knee": {
        "x": 0.2860303521156311,
        "y": 0.6239298582077026,
        "z": 0.14167049527168274
    },
    "left_ankle": {
        "x": 0.25418534874916077,
        "y": 0.7698067426681519,
        "z": 0.23650875687599182
    },
    "right_ankle": {
        "x": 0.2886382043361664,
        "y": 0.7785367965698242,
        "z": 0.2598649859428406
    },
    "left_heel": {
        "x": 0.25136637687683105,
        "y": 0.8026800751686096,
        "z": 0.24865774810314178
    },
    "right_heel": {
        "x": 0.2849070429801941,
        "y": 0.8023448586463928,
        "z": 0.27374890446662903
    },
    "left_foot_index": {
        "x": 0.2524263560771942,
        "y": 0.7684549689292908,
        "z": 0.24237272143363953
    },
    "right_foot_index": {
        "x": 0.3048050105571747,
        "y": 0.7914957404136658,
        "z": 0.2644127905368805
    }
}