{
    "nose": {
        "x": 0.13703685998916626,
        "y": 0.2216172218322754,
        "z": 0.1040324941277504
    },
    "left_eye_inner": {
        "x": 0.1354830116033554,
        "y": 0.21168452501296997,
        "z": 0.09074040502309799
    },
    "left_eye": {
        "x": 0.13425078988075256,
        "y": 0.2122017741203308,
        "z": 0.09072687476873398
    },
    "left_eye_outer": {
        "x": 0.13183927536010742,
        "y": 0.21388188004493713,
        "z": 0.09073710441589355
    },
    "right_eye_inner": {
        "x": 0.13859137892723083,
        "y": 0.21060022711753845,
        "z": 0.08490273356437683
    },
    "right_eye": {
        "x": 0.1391039490699768,
        "y": 0.21065309643745422,
        "z": 0.08493193984031677
    },
    "right_eye_outer": {
        "x": 0.13964714109897614,
        "y": 0.21078869700431824,
        "z": 0.0848608911037445
    },
    "left_ear": {
        "x": 0.12678325176239014,
        "y": 0.22444327175617218,
        "z": 0.04163021594285965
    },
    "right_ear": {
        "x": 0.13808578252792358,
        "y": 0.22180041670799255,
        "z": 0.013516428880393505
    },
    "mouth_left": {
        "x": 0.13405641913414001,
        "y": 0.24019350111484528,
        "z": 0.08946587890386581
    },
    "mouth_right": {
        "x": 0.1364126205444336,
        "y": 0.23971247673034668,
        "z": 0.08113657683134079
    },
    "left_shoulder": {
        "x": 0.09787137061357498,
        "y": 0.2997247576713562,
        "z": 0.007722290698438883
    },
    "right_shoulder": {
        "x": 0.1391325145959854,
        "y": 0.2920646369457245,
        "z": -0.0011023050174117088
    },
    "left_elbow": {
        "x": 0.09805000573396683,
        "y": 0.30137115716934204,
        "z": -0.003226048545911908
    },
    "right_elbow": {
        "x": 0.13526932895183563,
        "y": 0.2768274247646332,
        "z": -0.01870906725525856
    },
    "left_wrist": {
        "x": 0.11614715307950974,
        "y": 0.27864572405815125,
        "z": -0.042921435087919235
    },
    "right_wrist": {
        "x": 0.1346697360277176,
        "y": 0.23517289757728577,
        "z": -0.008505803532898426
    },
    "left_pinky": {
        "x": 0.11829014122486115,
        "y": 0.2716030180454254,
        "z": -0.055808089673519135
    },
    "right_pinky": {
        "x": 0.1411638855934143,
        "y": 0.2234283834695816,
        "z": -0.011483397334814072
    },
    "left_index": {
        "x": 0.12226185947656631,
        "y": 0.26677626371383667,
        "z": -0.05927809327840805
    },
    "right_index": {
        "x": 0.1358896791934967,
        "y": 0.22022131085395813,
        "z": -0.01242238748818636
    },
    "left_thumb": {
        "x": 0.12379000335931778,
        "y": 0.2702324688434601,
        "z": -0.045652009546756744
    },
    "right_thumb": {
        "x": 0.13137346506118774,
        "y": 0.22780179977416992,
        "z": -0.008087439462542534
    },
    "left_hip": {
        "x": 0.15889516472816467,
        "y": 0.4993351697921753,
        "z": 0.0022722501307725906
    },
    "right_hip": {
        "x": 0.1876450479030609,
        "y": 0.48621517419815063,
        "z": -0.0024718313943594694
    },
    "left_knee": {
        "x": 0.17435304820537567,
        "y": 0.6658856272697449,
        "z": 0.0020698350854218006
    },
    "right_knee": {
        "x": 0.18832583725452423,
        "y": 0.6514440178871155,
        "z": 0.00363967870362103
    },
    "left_ankle": {
        "x": 0.20291650295257568,
        "y": 0.803313136100769,
        "z": 0.012329250574111938
    },
    "right_ankle": {
        "x": 0.20728909969329834,
        "y": 0.8040183782577515,
        "z": 0.016392840072512627
    },
    "left_heel": {
        "x": 0.20749512314796448,
        "y": 0.8258078098297119,
        "z": 0.012113059870898724
    },
    "right_heel": {
        "x": 0.20788487792015076,
        "y": 0.8292470574378967,
        "z": 0.017020758241415024
    },
    "left_foot_index": {
        "x": 0.21054548025131226,
        "y": 0.8283361792564392,
        "z": -0.03320178762078285
    },
    "right_foot_index": {
        "x": 0.21694879233837128,
        "y": 0.8386337757110596,
        "z": -0.03520306572318077
    }
}