{
    "nose": {
        "x": 0.2262900471687317,
        "y": 0.2107391059398651,
        "z": 0.02702385000884533
    },
    "left_eye_inner": {
        "x": 0.21999697387218475,
        "y": 0.18350206315517426,
        "z": 0.007021235767751932
    },
    "left_eye": {
        "x": 0.21670816838741302,
        "y": 0.18195754289627075,
        "z": 0.006992517039179802
    },
    "left_eye_outer": {
        "x": 0.21351979672908783,
        "y": 0.18086522817611694,
        "z": 0.006842689588665962
    },
    "right_eye_inner": {
        "x": 0.22621172666549683,
        "y": 0.18562477827072144,
        "z": -0.010379666462540627
    },
    "right_eye": {
        "x": 0.22724002599716187,
        "y": 0.18537317216396332,
        "z": -0.010332985781133175
    },
    "right_eye_outer": {
        "x": 0.22837276756763458,
        "y": 0.18535518646240234,
        "z": -0.010395807214081287
    },
    "left_ear": {
        "x": 0.20029185712337494,
        "y": 0.18655067682266235,
        "z": -0.03969477117061615
    },
    "right_ear": {
        "x": 0.2233860045671463,
        "y": 0.19141019880771637,
        "z": -0.11632745712995529
    },
    "mouth_left": {
        "x": 0.2183493822813034,
        "y": 0.22813591361045837,
        "z": 0.020658167079091072
    },
    "mouth_right": {
        "x": 0.22405120730400085,
        "y": 0.23088285326957703,
        "z": -0.0014520203694701195
    },
    "left_shoulder": {
        "x": 0.12756642699241638,
        "y": 0.2818182706832886,
        "z": 0.02588902972638607
    },
    "right_shoulder": {
        "x": 0.2372305989265442,
        "y": 0.31684398651123047,
        "z": -0.18669553101062775
    },
    "left_elbow": {
        "x": 0.12851999700069427,
        "y": 0.3815687894821167,
        "z": 0.2046096920967102
    },
    "right_elbow": {
        "x": 0.2461581826210022,
        "y": 0.5235683917999268,
        "z": -0.11587557196617126
    },
    "left_wrist": {
        "x": 0.19470417499542236,
        "y": 0.3207203447818756,
        "z": 0.4267364740371704
    },
    "right_wrist": {
        "x": 0.2602537274360657,
        "y": 0.662100613117218,
        "z": 0.03055291809141636
    },
    "left_pinky": {
        "x": 0.2015196979045868,
        "y": 0.29914650321006775,
        "z": 0.46196451783180237
    },
    "right_pinky": {
        "x": 0.2688828706741333,
        "y": 0.6976086497306824,
        "z": 0.03900684416294098
    },
    "left_index": {
        "x": 0.2126741260290146,
        "y": 0.28810685873031616,
        "z": 0.4582398533821106
    },
    "right_index": {
        "x": 0.2679196000099182,
        "y": 0.6872270107269287,
        "z": 0.030832815915346146
    },
    "left_thumb": {
        "x": 0.21323424577713013,
        "y": 0.3019847273826599,
        "z": 0.4307985305786133
    },
    "right_thumb": {
        "x": 0.262906938791275,
        "y": 0.6760069131851196,
        "z": 0.032410357147455215
    },
    "left_hip": {
        "x": 0.13582229614257812,
        "y": 0.6579063534736633,
        "z": 0.08338352292776108
    },
    "right_hip": {
        "x": 0.20195353031158447,
        "y": 0.6689432859420776,
        "z": -0.08352014422416687
    },
    "left_knee": {
        "x": 0.15567050874233246,
        "y": 0.8473483324050903,
        "z": 0.2686416506767273
    },
    "right_knee": {
        "x": 0.20654277503490448,
        "y": 0.9010584950447083,
        "z": 0.10327301174402237
    },
    "left_ankle": {
        "x": 0.16866956651210785,
        "y": 1.03233003616333,
        "z": 0.4429495930671692
    },
    "right_ankle": {
        "x": 0.20620708167552948,
        "y": 1.0926272869110107,
        "z": 0.27043044567108154
    },
    "left_heel": {
        "x": 0.16002897918224335,
        "y": 1.0751533508300781,
        "z": 0.46028146147727966
    },
    "right_heel": {
        "x": 0.19139137864112854,
        "y": 1.1304360628128052,
        "z": 0.29096075892448425
    },
    "left_foot_index": {
        "x": 0.20656777918338776,
        "y": 1.0381914377212524,
        "z": 0.47283729910850525
    },
    "right_foot_index": {
        "x": 0.2582734227180481,
        "y": 1.109989881515503,
        "z": 0.29034075140953064
    }
}