{
    "nose": {
        "x": 0.2568802833557129,
        "y": 0.12492520362138748,
        "z": 0.07981744408607483
    },
    "left_eye_inner": {
        "x": 0.2522687613964081,
        "y": 0.10791993141174316,
        "z": 0.056166984140872955
    },
    "left_eye": {
        "x": 0.24836349487304688,
        "y": 0.10779864341020584,
        "z": 0.05610381439328194
    },
    "left_eye_outer": {
        "x": 0.24459384381771088,
        "y": 0.1077246367931366,
        "z": 0.055977851152420044
    },
    "right_eye_inner": {
        "x": 0.26161354780197144,
        "y": 0.1092287003993988,
        "z": 0.04988858848810196
    },
    "right_eye": {
        "x": 0.2639426290988922,
        "y": 0.11005765944719315,
        "z": 0.049963973462581635
    },
    "right_eye_outer": {
        "x": 0.26633211970329285,
        "y": 0.111005038022995,
        "z": 0.04987125098705292
    },
    "left_ear": {
        "x": 0.2372492253780365,
        "y": 0.116190604865551,
        "z": -0.02118375524878502
    },
    "right_ear": {
        "x": 0.2681306302547455,
        "y": 0.12315842509269714,
        "z": -0.05050262063741684
    },
    "mouth_left": {
        "x": 0.24888630211353302,
        "y": 0.1410577893257141,
        "z": 0.060080889612436295
    },
    "mouth_right": {
        "x": 0.2597810626029968,
        "y": 0.14312458038330078,
        "z": 0.05143774673342705
    },
    "left_shoulder": {
        "x": 0.17907369136810303,
        "y": 0.22456374764442444,
        "z": -0.026197001338005066
    },
    "right_shoulder": {
        "x": 0.28861111402511597,
        "y": 0.23438557982444763,
        "z": -0.09929194301366806
    },
    "left_elbow": {
        "x": 0.17538553476333618,
        "y": 0.36041343212127686,
        "z": 0.07365600019693375
    },
    "right_elbow": {
        "x": 0.2986797094345093,
        "y": 0.40813174843788147,
        "z": -0.053573500365018845
    },
    "left_wrist": {
        "x": 0.20205946266651154,
        "y": 0.4285648465156555,
        "z": 0.2185325175523758
    },
    "right_wrist": {
        "x": 0.3044355809688568,
        "y": 0.5230249762535095,
        "z": 0.043937619775533676
    },
    "left_pinky": {
        "x": 0.20744670927524567,
        "y": 0.44247549772262573,
        "z": 0.24333839118480682
    },
    "right_pinky": {
        "x": 0.3113991320133209,
        "y": 0.5548311471939087,
        "z": 0.052097536623477936
    },
    "left_index": {
        "x": 0.21537114679813385,
        "y": 0.43542635440826416,
        "z": 0.237208753824234
    },
    "right_index": {
        "x": 0.30909907817840576,
        "y": 0.5444555878639221,
        "z": 0.05640295892953873
    },
    "left_thumb": {
        "x": 0.2148885726928711,
        "y": 0.4317339062690735,
        "z": 0.22028759121894836
    },
    "right_thumb": {
        "x": 0.30540725588798523,
        "y": 0.5352120995521545,
        "z": 0.04819737747311592
    },
    "left_hip": {
        "x": 0.1996763050556183,
        "y": 0.5054611563682556,
        "z": 0.0051078940741717815
    },
    "right_hip": {
        "x": 0.2542516589164734,
        "y": 0.5046010613441467,
        "z": -0.00526262866333127
    },
    "left_knee": {
        "x": 0.21956756711006165,
        "y": 0.6795794367790222,
        "z": 0.15698395669460297
    },
    "right_knee": {
        "x": 0.2645938992500305,
        "y": 0.6690055131912231,
        "z": 0.18573608994483948
    },
    "left_ankle": {
        "x": 0.23059706389904022,
        "y": 0.830210268497467,
        "z": 0.29616597294807434
    },
    "right_ankle": {
        "x": 0.2745758891105652,
        "y": 0.8267058730125427,
        "z": 0.3345193862915039
    },
    "left_heel": {
        "x": 0.23280002176761627,
        "y": 0.8731429576873779,
        "z": 0.3119785189628601
    },
    "right_heel": {
        "x": 0.26958900690078735,
        "y": 0.8551059365272522,
        "z": 0.35315167903900146
    },
    "left_foot_index": {
        "x": 0.2273029386997223,
        "y": 0.8309803009033203,
        "z": 0.3256809711456299
    },
    "right_foot_index": {
        "x": 0.29056641459465027,
        "y": 0.8302724361419678,
        "z": 0.3725193738937378
    }
}