{
    "nose": {
        "x": 0.5031685829162598,
        "y": 0.3628179728984833,
        "z": 0.06857090443372726
    },
    "left_eye_inner": {
        "x": 0.500701904296875,
        "y": 0.3499179780483246,
        "z": 0.05160926654934883
    },
    "left_eye": {
        "x": 0.4980923533439636,
        "y": 0.34901946783065796,
        "z": 0.05152462422847748
    },
    "left_eye_outer": {
        "x": 0.4952121376991272,
        "y": 0.34810516238212585,
        "z": 0.05142749473452568
    },
    "right_eye_inner": {
        "x": 0.5071030855178833,
        "y": 0.35169947147369385,
        "z": 0.04215426743030548
    },
    "right_eye": {
        "x": 0.5089345574378967,
        "y": 0.35205528140068054,
        "z": 0.04220521077513695
    },
    "right_eye_outer": {
        "x": 0.5108324289321899,
        "y": 0.3525225818157196,
        "z": 0.04209759086370468
    },
    "left_ear": {
        "x": 0.4884331524372101,
        "y": 0.3499291241168976,
        "z": -0.003133579157292843
    },
    "right_ear": {
        "x": 0.5117002725601196,
        "y": 0.3577365279197693,
        "z": -0.044452816247940063
    },
    "mouth_left": {
        "x": 0.4982924163341522,
        "y": 0.3722130358219147,
        "z": 0.055743832141160965
    },
    "mouth_right": {
        "x": 0.5057146549224854,
        "y": 0.37384602427482605,
        "z": 0.04394702613353729
    },
    "left_shoulder": {
        "x": 0.4428368806838989,
        "y": 0.4070957899093628,
        "z": 0.026483064517378807
    },
    "right_shoulder": {
        "x": 0.5201513171195984,
        "y": 0.4187453091144562,
        "z": -0.11746498197317123
    },
    "left_elbow": {
        "x": 0.4125171899795532,
        "y": 0.5094015598297119,
        "z": 0.06902235001325607
    },
    "right_elbow": {
        "x": 0.51473468542099,
        "y": 0.5401750206947327,
        "z": -0.12898282706737518
    },
    "left_wrist": {
        "x": 0.4078347682952881,
        "y": 0.5881335735321045,
        "z": 0.10717722028493881
    },
    "right_wrist": {
        "x": 0.5309187173843384,
        "y": 0.6575397849082947,
        "z": -0.11198804527521133
    },
    "left_pinky": {
        "x": 0.40465840697288513,
        "y": 0.6172745227813721,
        "z": 0.11041407287120819
    },
    "right_pinky": {
        "x": 0.5333115458488464,
        "y": 0.6898770928382874,
        "z": -0.13168630003929138
    },
    "left_index": {
        "x": 0.4062494933605194,
        "y": 0.6206935048103333,
        "z": 0.10444726049900055
    },
    "right_index": {
        "x": 0.5366623401641846,
        "y": 0.6860561966896057,
        "z": -0.1265670508146286
    },
    "left_thumb": {
        "x": 0.40793097019195557,
        "y": 0.6142801642417908,
        "z": 0.1050080806016922
    },
    "right_thumb": {
        "x": 0.5350260138511658,
        "y": 0.6735190749168396,
        "z": -0.11108919978141785
    },
    "left_hip": {
        "x": 0.4207705557346344,
        "y": 0.5987074375152588,
        "z": 0.0507766529917717
    },
    "right_hip": {
        "x": 0.4643852114677429,
        "y": 0.6114726662635803,
        "z": -0.051070474088191986
    },
    "left_knee": {
        "x": 0.4331129491329193,
        "y": 0.6910009980201721,
        "z": 0.2747943699359894
    },
    "right_knee": {
        "x": 0.47117501497268677,
        "y": 0.7026828527450562,
        "z": 0.17751279473304749
    },
    "left_ankle": {
        "x": 0.43098753690719604,
        "y": 0.8022192120552063,
        "z": 0.4332999885082245
    },
    "right_ankle": {
        "x": 0.44101235270500183,
        "y": 0.7950368523597717,
        "z": 0.34388241171836853
    },
    "left_heel": {
        "x": 0.4302157461643219,
        "y": 0.8281064629554749,
        "z": 0.4495917856693268
    },
    "right_heel": {
        "x": 0.4399046301841736,
        "y": 0.8170696496963501,
        "z": 0.3631719946861267
    },
    "left_foot_index": {
        "x": 0.45001232624053955,
        "y": 0.8086756467819214,
        "z": 0.4435531497001648
    },
    "right_foot_index": {
        "x": 0.46980398893356323,
        "y": 0.8242358565330505,
        "z": 0.353262335062027
    }
}