{
    "nose": {
        "x": 0.1300422102212906,
        "y": 0.8198609948158264,
        "z": -0.06974448263645172
    },
    "left_eye_inner": {
        "x": 0.12691757082939148,
        "y": 0.8301970362663269,
        "z": -0.07974880188703537
    },
    "left_eye": {
        "x": 0.12352956831455231,
        "y": 0.8226616382598877,
        "z": -0.07973817735910416
    },
    "left_eye_outer": {
        "x": 0.1229562982916832,
        "y": 0.823945164680481,
        "z": -0.07979535311460495
    },
    "right_eye_inner": {
        "x": 0.1286804974079132,
        "y": 0.8311429619789124,
        "z": -0.06849069893360138
    },
    "right_eye": {
        "x": 0.12887915968894958,
        "y": 0.8312620520591736,
        "z": -0.06846816092729568
    },
    "right_eye_outer": {
        "x": 0.12904247641563416,
        "y": 0.8313226103782654,
        "z": -0.06850486248731613
    },
    "left_ear": {
        "x": 0.12171342223882675,
        "y": 0.8203443884849548,
        "z": -0.09326637536287308
    },
    "right_ear": {
        "x": 0.1262521594762802,
        "y": 0.8153047561645508,
        "z": -0.042054880410432816
    },
    "mouth_left": {
        "x": 0.11993668228387833,
        "y": 0.8026134967803955,
        "z": -0.07005748897790909
    },
    "mouth_right": {
        "x": 0.12199322879314423,
        "y": 0.8001269698143005,
        "z": -0.055469583719968796
    },
    "left_shoulder": {
        "x": 0.12306360900402069,
        "y": 0.775574803352356,
        "z": -0.09960035979747772
    },
    "right_shoulder": {
        "x": 0.12588143348693848,
        "y": 0.7660132050514221,
        "z": 0.0023305844515562057
    },
    "left_elbow": {
        "x": 0.15943527221679688,
        "y": 0.8005954027175903,
        "z": -0.07278936356306076
    },
    "right_elbow": {
        "x": 0.15282204747200012,
        "y": 0.807226836681366,
        "z": 0.02081233263015747
    },
    "left_wrist": {
        "x": 0.12298838794231415,
        "y": 0.8522706627845764,
        "z": 0.021481113508343697
    },
    "right_wrist": {
        "x": 0.12552984058856964,
        "y": 0.8495016694068909,
        "z": 0.009025770239531994
    },
    "left_pinky": {
        "x": 0.12033756077289581,
        "y": 0.867792010307312,
        "z": 0.025525664910674095
    },
    "right_pinky": {
        "x": 0.11926542222499847,
        "y": 0.852428674697876,
        "z": 0.014016837812960148
    },
    "left_index": {
        "x": 0.11581061035394669,
        "y": 0.855105996131897,
        "z": 0.032119132578372955
    },
    "right_index": {
        "x": 0.11690457165241241,
        "y": 0.852233350276947,
        "z": 0.006276580039411783
    },
    "left_thumb": {
        "x": 0.116513192653656,
        "y": 0.8521498441696167,
        "z": 0.02689657360315323
    },
    "right_thumb": {
        "x": 0.11796373128890991,
        "y": 0.8498043417930603,
        "z": 0.005873601883649826
    },
    "left_hip": {
        "x": 0.21680334210395813,
        "y": 0.6571102142333984,
        "z": -0.053349874913692474
    },
    "right_hip": {
        "x": 0.21132025122642517,
        "y": 0.6497454047203064,
        "z": 0.053405098617076874
    },
    "left_knee": {
        "x": 0.2581912577152252,
        "y": 0.6860159635543823,
        "z": -0.046677231788635254
    },
    "right_knee": {
        "x": 0.2557760775089264,
        "y": 0.6774675846099854,
        "z": 0.1041148379445076
    },
    "left_ankle": {
        "x": 0.3168764114379883,
        "y": 0.6509332060813904,
        "z": 0.015849746763706207
    },
    "right_ankle": {
        "x": 0.31224751472473145,
        "y": 0.6480118036270142,
        "z": 0.15226243436336517
    },
    "left_heel": {
        "x": 0.32284194231033325,
        "y": 0.6320825219154358,
        "z": 0.022313933819532394
    },
    "right_heel": {
        "x": 0.3196989893913269,
        "y": 0.6326716542243958,
        "z": 0.15793001651763916
    },
    "left_foot_index": {
        "x": 0.3343871831893921,
        "y": 0.6834146976470947,
        "z": 0.015279972925782204
    },
    "right_foot_index": {
        "x": 0.3317263424396515,
        "y": 0.6771553158760071,
        "z": 0.1548267900943756
    }
}