{
    "nose": {
        "x": 0.22953978180885315,
        "y": 0.448294997215271,
        "z": 0.25129514932632446
    },
    "left_eye_inner": {
        "x": 0.23087254166603088,
        "y": 0.4527362585067749,
        "z": 0.23702411353588104
    },
    "left_eye": {
        "x": 0.22887223958969116,
        "y": 0.4574875235557556,
        "z": 0.2369542121887207
    },
    "left_eye_outer": {
        "x": 0.22736746072769165,
        "y": 0.46091943979263306,
        "z": 0.23695403337478638
    },
    "right_eye_inner": {
        "x": 0.2344830334186554,
        "y": 0.4465383291244507,
        "z": 0.2337743639945984
    },
    "right_eye": {
        "x": 0.2354273796081543,
        "y": 0.4456292986869812,
        "z": 0.23375292122364044
    },
    "right_eye_outer": {
        "x": 0.23654824495315552,
        "y": 0.4436631202697754,
        "z": 0.2337394505739212
    },
    "left_ear": {
        "x": 0.22506599128246307,
        "y": 0.4734230041503906,
        "z": 0.17830973863601685
    },
    "right_ear": {
        "x": 0.2368425875902176,
        "y": 0.45100510120391846,
        "z": 0.16298817098140717
    },
    "mouth_left": {
        "x": 0.2263922542333603,
        "y": 0.46034297347068787,
        "z": 0.23327983915805817
    },
    "mouth_right": {
        "x": 0.23106986284255981,
        "y": 0.45137399435043335,
        "z": 0.2284037470817566
    },
    "left_shoulder": {
        "x": 0.22264665365219116,
        "y": 0.5449212193489075,
        "z": 0.11735668778419495
    },
    "right_shoulder": {
        "x": 0.2524220049381256,
        "y": 0.455972284078598,
        "z": 0.12053364515304565
    },
    "left_elbow": {
        "x": 0.21907518804073334,
        "y": 0.615671694278717,
        "z": 0.15248295664787292
    },
    "right_elbow": {
        "x": 0.2865876257419586,
        "y": 0.44978275895118713,
        "z": 0.14477050304412842
    },
    "left_wrist": {
        "x": 0.22779227793216705,
        "y": 0.634233295917511,
        "z": 0.26169225573539734
    },
    "right_wrist": {
        "x": 0.2903577387332916,
        "y": 0.4845365583896637,
        "z": 0.2290946990251541
    },
    "left_pinky": {
        "x": 0.2244500368833542,
        "y": 0.6520687937736511,
        "z": 0.26944825053215027
    },
    "right_pinky": {
        "x": 0.2958577871322632,
        "y": 0.49374496936798096,
        "z": 0.24600525200366974
    },
    "left_index": {
        "x": 0.22939492762088776,
        "y": 0.641410231590271,
        "z": 0.2758781313896179
    },
    "right_index": {
        "x": 0.2911437451839447,
        "y": 0.5046382546424866,
        "z": 0.24559329450130463
    },
    "left_thumb": {
        "x": 0.23101602494716644,
        "y": 0.6354561448097229,
        "z": 0.267618864774704
    },
    "right_thumb": {
        "x": 0.28949326276779175,
        "y": 0.5039643049240112,
        "z": 0.23299284279346466
    },
    "left_hip": {
        "x": 0.3316953778266907,
        "y": 0.6279767751693726,
        "z": 0.0034858074504882097
    },
    "right_hip": {
        "x": 0.3405342102050781,
        "y": 0.5855199098587036,
        "z": -0.003860177705064416
    },
    "left_knee": {
        "x": 0.42533618211746216,
        "y": 0.6111165285110474,
        "z": 0.01217547059059143
    },
    "right_knee": {
        "x": 0.42486706376075745,
        "y": 0.5811142325401306,
        "z": -0.0008860764792189002
    },
    "left_ankle": {
        "x": 0.44492030143737793,
        "y": 0.6372120976448059,
        "z": -0.07568740099668503
    },
    "right_ankle": {
        "x": 0.4509170651435852,
        "y": 0.6060081124305725,
        "z": -0.07133878767490387
    },
    "left_heel": {
        "x": 0.4463875889778137,
        "y": 0.6370265483856201,
        "z": -0.08407201617956161
    },
    "right_heel": {
        "x": 0.4504382014274597,
        "y": 0.6077291965484619,
        "z": -0.07559675723314285
    },
    "left_foot_index": {
        "x": 0.461342990398407,
        "y": 0.6577455401420593,
        "z": -0.0805760845541954
    },
    "right_foot_index": {
        "x": 0.48001137375831604,
        "y": 0.625267744064331,
        "z": -0.06352193653583527
    }
}