{
    "nose": {
        "x": 0.1318528950214386,
        "y": 0.23526379466056824,
        "z": -0.11497767269611359
    },
    "left_eye_inner": {
        "x": 0.12219467014074326,
        "y": 0.22994054853916168,
        "z": -0.13699127733707428
    },
    "left_eye": {
        "x": 0.12004585564136505,
        "y": 0.2324296534061432,
        "z": -0.13691829144954681
    },
    "left_eye_outer": {
        "x": 0.11784250289201736,
        "y": 0.23444035649299622,
        "z": -0.1369474232196808
    },
    "right_eye_inner": {
        "x": 0.12841498851776123,
        "y": 0.2224334180355072,
        "z": -0.14246757328510284
    },
    "right_eye": {
        "x": 0.13037127256393433,
        "y": 0.22028303146362305,
        "z": -0.14250949025154114
    },
    "right_eye_outer": {
        "x": 0.13222134113311768,
        "y": 0.2181064486503601,
        "z": -0.1425989866256714
    },
    "left_ear": {
        "x": 0.11740003526210785,
        "y": 0.2434820830821991,
        "z": -0.18208099901676178
    },
    "right_ear": {
        "x": 0.13641583919525146,
        "y": 0.22372201085090637,
        "z": -0.2073337435722351
    },
    "mouth_left": {
        "x": 0.13082951307296753,
        "y": 0.2537427544593811,
        "z": -0.12331898510456085
    },
    "mouth_right": {
        "x": 0.13646310567855835,
        "y": 0.24521788954734802,
        "z": -0.13071781396865845
    },
    "left_shoulder": {
        "x": 0.11764134466648102,
        "y": 0.33780595660209656,
        "z": -0.13125237822532654
    },
    "right_shoulder": {
        "x": 0.19350175559520721,
        "y": 0.2548116445541382,
        "z": -0.23860856890678406
    },
    "left_elbow": {
        "x": 0.13422414660453796,
        "y": 0.3807196021080017,
        "z": -0.04093967378139496
    },
    "right_elbow": {
        "x": 0.2530602216720581,
        "y": 0.2129330039024353,
        "z": -0.2722040116786957
    },
    "left_wrist": {
        "x": 0.15048733353614807,
        "y": 0.38337934017181396,
        "z": 0.0717882513999939
    },
    "right_wrist": {
        "x": 0.2759837508201599,
        "y": 0.17268365621566772,
        "z": -0.30409371852874756
    },
    "left_pinky": {
        "x": 0.14820007979869843,
        "y": 0.3898782730102539,
        "z": 0.08015512675046921
    },
    "right_pinky": {
        "x": 0.28577667474746704,
        "y": 0.16361775994300842,
        "z": -0.3351396322250366
    },
    "left_index": {
        "x": 0.1519782543182373,
        "y": 0.38061225414276123,
        "z": 0.07006001472473145
    },
    "right_index": {
        "x": 0.28207477927207947,
        "y": 0.16013219952583313,
        "z": -0.3304060101509094
    },
    "left_thumb": {
        "x": 0.1561577469110489,
        "y": 0.37697261571884155,
        "z": 0.07124235481023788
    },
    "right_thumb": {
        "x": 0.2797096073627472,
        "y": 0.16561847925186157,
        "z": -0.30389681458473206
    },
    "left_hip": {
        "x": 0.18303042650222778,
        "y": 0.48039597272872925,
        "z": 0.026104776188731194
    },
    "right_hip": {
        "x": 0.2326638400554657,
        "y": 0.4545804560184479,
        "z": -0.026335347443819046
    },
    "left_knee": {
        "x": 0.1793890744447708,
        "y": 0.5852723717689514,
        "z": 0.21261921525001526
    },
    "right_knee": {
        "x": 0.25773513317108154,
        "y": 0.5582628846168518,
        "z": 0.13378924131393433
    },
    "left_ankle": {
        "x": 0.18674872815608978,
        "y": 0.7092128396034241,
        "z": 0.3979377746582031
    },
    "right_ankle": {
        "x": 0.2768597900867462,
        "y": 0.6930220127105713,
        "z": 0.29850515723228455
    },
    "left_heel": {
        "x": 0.19320492446422577,
        "y": 0.7444940209388733,
        "z": 0.41715171933174133
    },
    "right_heel": {
        "x": 0.2771978974342346,
        "y": 0.7311952114105225,
        "z": 0.3149281442165375
    },
    "left_foot_index": {
        "x": 0.18655870854854584,
        "y": 0.7201200723648071,
        "z": 0.40320101380348206
    },
    "right_foot_index": {
        "x": 0.2908399999141693,
        "y": 0.684912383556366,
        "z": 0.2837417721748352
    }
}