{
    "nose": {
        "x": 0.14789792895317078,
        "y": 0.4545038938522339,
        "z": -0.018073532730340958
    },
    "left_eye_inner": {
        "x": 0.14136864244937897,
        "y": 0.4543006122112274,
        "z": -0.0077009378001093864
    },
    "left_eye": {
        "x": 0.1414095014333725,
        "y": 0.45515012741088867,
        "z": -0.007737315725535154
    },
    "left_eye_outer": {
        "x": 0.14146313071250916,
        "y": 0.4560072124004364,
        "z": -0.007790789008140564
    },
    "right_eye_inner": {
        "x": 0.14018213748931885,
        "y": 0.45565271377563477,
        "z": -0.0305290799587965
    },
    "right_eye": {
        "x": 0.13936558365821838,
        "y": 0.45733314752578735,
        "z": -0.03050997667014599
    },
    "right_eye_outer": {
        "x": 0.1386030912399292,
        "y": 0.45896512269973755,
        "z": -0.030554089695215225
    },
    "left_ear": {
        "x": 0.14024633169174194,
        "y": 0.46943241357803345,
        "z": 0.04972405359148979
    },
    "right_ear": {
        "x": 0.13673651218414307,
        "y": 0.474494993686676,
        "z": -0.05430462956428528
    },
    "mouth_left": {
        "x": 0.15312449634075165,
        "y": 0.46280014514923096,
        "z": 0.006959904916584492
    },
    "mouth_right": {
        "x": 0.1513615846633911,
        "y": 0.46449315547943115,
        "z": -0.023346075788140297
    },
    "left_shoulder": {
        "x": 0.1616714894771576,
        "y": 0.5007450580596924,
        "z": 0.11320996284484863
    },
    "right_shoulder": {
        "x": 0.16044029593467712,
        "y": 0.5031927824020386,
        "z": -0.10829411447048187
    },
    "left_elbow": {
        "x": 0.19746842980384827,
        "y": 0.48587340116500854,
        "z": 0.1601148247718811
    },
    "right_elbow": {
        "x": 0.19790644943714142,
        "y": 0.45047566294670105,
        "z": -0.1642284393310547
    },
    "left_wrist": {
        "x": 0.21635478734970093,
        "y": 0.45738038420677185,
        "z": 0.12939685583114624
    },
    "right_wrist": {
        "x": 0.2102583944797516,
        "y": 0.35749348998069763,
        "z": -0.13760222494602203
    },
    "left_pinky": {
        "x": 0.21817688643932343,
        "y": 0.45368242263793945,
        "z": 0.13253940641880035
    },
    "right_pinky": {
        "x": 0.21292372047901154,
        "y": 0.3354201316833496,
        "z": -0.1573076695203781
    },
    "left_index": {
        "x": 0.2163078486919403,
        "y": 0.45220568776130676,
        "z": 0.11119621247053146
    },
    "right_index": {
        "x": 0.20802536606788635,
        "y": 0.33404138684272766,
        "z": -0.1469232439994812
    },
    "left_thumb": {
        "x": 0.2166610211133957,
        "y": 0.45256465673446655,
        "z": 0.11973721534013748
    },
    "right_thumb": {
        "x": 0.20760592818260193,
        "y": 0.34143683314323425,
        "z": -0.13364288210868835
    },
    "left_hip": {
        "x": 0.21336326003074646,
        "y": 0.6632770299911499,
        "z": 0.07561059296131134
    },
    "right_hip": {
        "x": 0.2064385861158371,
        "y": 0.6615177392959595,
        "z": -0.0758555606007576
    },
    "left_knee": {
        "x": 0.26413843035697937,
        "y": 0.593133270740509,
        "z": 0.09243807196617126
    },
    "right_knee": {
        "x": 0.20277661085128784,
        "y": 0.5043503046035767,
        "z": -0.07056192308664322
    },
    "left_ankle": {
        "x": 0.2922784090042114,
        "y": 0.7006003856658936,
        "z": 0.11520984768867493
    },
    "right_ankle": {
        "x": 0.23248547315597534,
        "y": 0.4164432883262634,
        "z": -0.07031136751174927
    },
    "left_heel": {
        "x": 0.2867172360420227,
        "y": 0.7164162397384644,
        "z": 0.11869918555021286
    },
    "right_heel": {
        "x": 0.23591084778308868,
        "y": 0.4192602038383484,
        "z": -0.06652039289474487
    },
    "left_foot_index": {
        "x": 0.3065059781074524,
        "y": 0.7293463349342346,
        "z": 0.09319782257080078
    },
    "right_foot_index": {
        "x": 0.23723167181015015,
        "y": 0.34591472148895264,
        "z": -0.09193374961614609
    }
}