{
    "nose": {
        "x": 0.47922247648239136,
        "y": 0.12738136947155,
        "z": -0.127960667014122
    },
    "left_eye_inner": {
        "x": 0.47990286350250244,
        "y": 0.11246425658464432,
        "z": -0.12211212515830994
    },
    "left_eye": {
        "x": 0.479168176651001,
        "y": 0.11097486317157745,
        "z": -0.12216050922870636
    },
    "left_eye_outer": {
        "x": 0.4784691333770752,
        "y": 0.10954434424638748,
        "z": -0.12224201112985611
    },
    "right_eye_inner": {
        "x": 0.47945499420166016,
        "y": 0.11363616585731506,
        "z": -0.15145708620548248
    },
    "right_eye": {
        "x": 0.4783085584640503,
        "y": 0.11294043064117432,
        "z": -0.15151041746139526
    },
    "right_eye_outer": {
        "x": 0.477123498916626,
        "y": 0.11227498948574066,
        "z": -0.1515454798936844
    },
    "left_ear": {
        "x": 0.4652976989746094,
        "y": 0.10271532833576202,
        "z": -0.07748530805110931
    },
    "right_ear": {
        "x": 0.4637470543384552,
        "y": 0.10580798983573914,
        "z": -0.20907817780971527
    },
    "mouth_left": {
        "x": 0.4710502624511719,
        "y": 0.13593830168247223,
        "z": -0.10613454133272171
    },
    "mouth_right": {
        "x": 0.4697542190551758,
        "y": 0.13698752224445343,
        "z": -0.14432576298713684
    },
    "left_shoulder": {
        "x": 0.4198242425918579,
        "y": 0.13892221450805664,
        "z": 0.010748196393251419
    },
    "right_shoulder": {
        "x": 0.4315558671951294,
        "y": 0.1835220903158188,
        "z": -0.23740626871585846
    },
    "left_elbow": {
        "x": 0.4161728620529175,
        "y": 0.23041099309921265,
        "z": 0.11439521610736847
    },
    "right_elbow": {
        "x": 0.39918407797813416,
        "y": 0.3008359372615814,
        "z": -0.2292211502790451
    },
    "left_wrist": {
        "x": 0.461419016122818,
        "y": 0.2691936194896698,
        "z": 0.13701121509075165
    },
    "right_wrist": {
        "x": 0.44481438398361206,
        "y": 0.35567185282707214,
        "z": -0.1940893977880478
    },
    "left_pinky": {
        "x": 0.4729068875312805,
        "y": 0.27658748626708984,
        "z": 0.13847218453884125
    },
    "right_pinky": {
        "x": 0.4527205526828766,
        "y": 0.3796059489250183,
        "z": -0.21645332872867584
    },
    "left_index": {
        "x": 0.4807591140270233,
        "y": 0.2715677320957184,
        "z": 0.11667623370885849
    },
    "right_index": {
        "x": 0.4685016870498657,
        "y": 0.3623644709587097,
        "z": -0.21470004320144653
    },
    "left_thumb": {
        "x": 0.47608429193496704,
        "y": 0.27158573269844055,
        "z": 0.12683650851249695
    },
    "right_thumb": {
        "x": 0.45873892307281494,
        "y": 0.3538115322589874,
        "z": -0.1919388771057129
    },
    "left_hip": {
        "x": 0.3830234408378601,
        "y": 0.3300214111804962,
        "z": 0.07577627152204514
    },
    "right_hip": {
        "x": 0.3870459794998169,
        "y": 0.35409650206565857,
        "z": -0.0756930410861969
    },
    "left_knee": {
        "x": 0.4066622257232666,
        "y": 0.47641897201538086,
        "z": 0.15047049522399902
    },
    "right_knee": {
        "x": 0.40077662467956543,
        "y": 0.5071626901626587,
        "z": 0.01420530118048191
    },
    "left_ankle": {
        "x": 0.38757240772247314,
        "y": 0.6149568557739258,
        "z": 0.27152326703071594
    },
    "right_ankle": {
        "x": 0.39414066076278687,
        "y": 0.6488634347915649,
        "z": 0.12934370338916779
    },
    "left_heel": {
        "x": 0.37494173645973206,
        "y": 0.6345795392990112,
        "z": 0.28165698051452637
    },
    "right_heel": {
        "x": 0.37884438037872314,
        "y": 0.6674811244010925,
        "z": 0.13969576358795166
    },
    "left_foot_index": {
        "x": 0.4188302755355835,
        "y": 0.6593004465103149,
        "z": 0.25607022643089294
    },
    "right_foot_index": {
        "x": 0.4321688711643219,
        "y": 0.6837742328643799,
        "z": 0.09841156750917435
    }
}