{
    "nose": {
        "x": 0.5106732249259949,
        "y": 0.14913807809352875,
        "z": -0.11514793336391449
    },
    "left_eye_inner": {
        "x": 0.5145546793937683,
        "y": 0.13548244535923004,
        "z": -0.10728131979703903
    },
    "left_eye": {
        "x": 0.5141867995262146,
        "y": 0.1342848390340805,
        "z": -0.10734519362449646
    },
    "left_eye_outer": {
        "x": 0.5137369632720947,
        "y": 0.1329914629459381,
        "z": -0.10740470141172409
    },
    "right_eye_inner": {
        "x": 0.5134086608886719,
        "y": 0.13465362787246704,
        "z": -0.1391381323337555
    },
    "right_eye": {
        "x": 0.5123332738876343,
        "y": 0.13285498321056366,
        "z": -0.13914470374584198
    },
    "right_eye_outer": {
        "x": 0.5111046433448792,
        "y": 0.1308649331331253,
        "z": -0.13918286561965942
    },
    "left_ear": {
        "x": 0.5024495124816895,
        "y": 0.12135432660579681,
        "z": -0.05602044239640236
    },
    "right_ear": {
        "x": 0.5004088282585144,
        "y": 0.11983221024274826,
        "z": -0.19947569072246552
    },
    "mouth_left": {
        "x": 0.5016419887542725,
        "y": 0.15536174178123474,
        "z": -0.0914280116558075
    },
    "mouth_right": {
        "x": 0.5000764727592468,
        "y": 0.15410219132900238,
        "z": -0.13300208747386932
    },
    "left_shoulder": {
        "x": 0.4721909463405609,
        "y": 0.17499423027038574,
        "z": 0.03589152544736862
    },
    "right_shoulder": {
        "x": 0.45230352878570557,
        "y": 0.1814374178647995,
        "z": -0.24103900790214539
    },
    "left_elbow": {
        "x": 0.46271541714668274,
        "y": 0.26753875613212585,
        "z": 0.11231138557195663
    },
    "right_elbow": {
        "x": 0.4383658468723297,
        "y": 0.3045675456523895,
        "z": -0.2521863877773285
    },
    "left_wrist": {
        "x": 0.4916844069957733,
        "y": 0.32963132858276367,
        "z": 0.08630827814340591
    },
    "right_wrist": {
        "x": 0.4756927490234375,
        "y": 0.37293535470962524,
        "z": -0.24029918015003204
    },
    "left_pinky": {
        "x": 0.5049497485160828,
        "y": 0.3454996943473816,
        "z": 0.08321961760520935
    },
    "right_pinky": {
        "x": 0.4843937158584595,
        "y": 0.40124592185020447,
        "z": -0.26936808228492737
    },
    "left_index": {
        "x": 0.5102201104164124,
        "y": 0.34537121653556824,
        "z": 0.059837356209754944
    },
    "right_index": {
        "x": 0.49358540773391724,
        "y": 0.39126598834991455,
        "z": -0.26688531041145325
    },
    "left_thumb": {
        "x": 0.5037228465080261,
        "y": 0.34130150079727173,
        "z": 0.07442330569028854
    },
    "right_thumb": {
        "x": 0.49123650789260864,
        "y": 0.381451815366745,
        "z": -0.23874595761299133
    },
    "left_hip": {
        "x": 0.42033499479293823,
        "y": 0.3431296944618225,
        "z": 0.08176443725824356
    },
    "right_hip": {
        "x": 0.4051281213760376,
        "y": 0.3567737340927124,
        "z": -0.08172788470983505
    },
    "left_knee": {
        "x": 0.43828555941581726,
        "y": 0.4849594831466675,
        "z": 0.15309789776802063
    },
    "right_knee": {
        "x": 0.40824177861213684,
        "y": 0.5049781203269958,
        "z": -0.009367569349706173
    },
    "left_ankle": {
        "x": 0.4111943542957306,
        "y": 0.6160403490066528,
        "z": 0.26739639043807983
    },
    "right_ankle": {
        "x": 0.39602625370025635,
        "y": 0.6479579210281372,
        "z": 0.10433138161897659
    },
    "left_heel": {
        "x": 0.39625853300094604,
        "y": 0.633287787437439,
        "z": 0.27655985951423645
    },
    "right_heel": {
        "x": 0.381583034992218,
        "y": 0.650003969669342,
        "z": 0.11425022035837173
    },
    "left_foot_index": {
        "x": 0.4434618353843689,
        "y": 0.6666278839111328,
        "z": 0.2471642941236496
    },
    "right_foot_index": {
        "x": 0.43210116028785706,
        "y": 0.6832826137542725,
        "z": 0.06597520411014557
    }
}