{
    "nose": {
        "x": 0.5362616777420044,
        "y": 0.1679457277059555,
        "z": -0.11151079088449478
    },
    "left_eye_inner": {
        "x": 0.5391530394554138,
        "y": 0.15241090953350067,
        "z": -0.09976544976234436
    },
    "left_eye": {
        "x": 0.5387712717056274,
        "y": 0.1512669175863266,
        "z": -0.09986463189125061
    },
    "left_eye_outer": {
        "x": 0.5382956862449646,
        "y": 0.14992281794548035,
        "z": -0.09994881600141525
    },
    "right_eye_inner": {
        "x": 0.5379316210746765,
        "y": 0.15052475035190582,
        "z": -0.13250623643398285
    },
    "right_eye": {
        "x": 0.5367550849914551,
        "y": 0.14822489023208618,
        "z": -0.13252396881580353
    },
    "right_eye_outer": {
        "x": 0.5353677272796631,
        "y": 0.14557024836540222,
        "z": -0.13257767260074615
    },
    "left_ear": {
        "x": 0.5282143950462341,
        "y": 0.13960637152194977,
        "z": -0.03813495859503746
    },
    "right_ear": {
        "x": 0.5249242782592773,
        "y": 0.1354968100786209,
        "z": -0.1849183291196823
    },
    "mouth_left": {
        "x": 0.5260008573532104,
        "y": 0.17343786358833313,
        "z": -0.08448947966098785
    },
    "mouth_right": {
        "x": 0.5241958498954773,
        "y": 0.17158065736293793,
        "z": -0.12704089283943176
    },
    "left_shoulder": {
        "x": 0.4946178197860718,
        "y": 0.1961040198802948,
        "z": 0.047954853624105453
    },
    "right_shoulder": {
        "x": 0.47207972407341003,
        "y": 0.1888732612133026,
        "z": -0.22481344640254974
    },
    "left_elbow": {
        "x": 0.49432772397994995,
        "y": 0.29254084825515747,
        "z": 0.11961080878973007
    },
    "right_elbow": {
        "x": 0.42889153957366943,
        "y": 0.29483693838119507,
        "z": -0.24928921461105347
    },
    "left_wrist": {
        "x": 0.5293673276901245,
        "y": 0.3712853789329529,
        "z": 0.0668536052107811
    },
    "right_wrist": {
        "x": 0.46494486927986145,
        "y": 0.3677930235862732,
        "z": -0.25080206990242004
    },
    "left_pinky": {
        "x": 0.5408759117126465,
        "y": 0.39188337326049805,
        "z": 0.05925871804356575
    },
    "right_pinky": {
        "x": 0.4733203053474426,
        "y": 0.3917253613471985,
        "z": -0.2814871668815613
    },
    "left_index": {
        "x": 0.543328583240509,
        "y": 0.38977959752082825,
        "z": 0.034794293344020844
    },
    "right_index": {
        "x": 0.48019400238990784,
        "y": 0.3867509663105011,
        "z": -0.28069794178009033
    },
    "left_thumb": {
        "x": 0.5379942059516907,
        "y": 0.383964866399765,
        "z": 0.053635064512491226
    },
    "right_thumb": {
        "x": 0.47782859206199646,
        "y": 0.3755585551261902,
        "z": -0.2500968277454376
    },
    "left_hip": {
        "x": 0.4233916103839874,
        "y": 0.36219507455825806,
        "z": 0.0775589644908905
    },
    "right_hip": {
        "x": 0.40436050295829773,
        "y": 0.3660823106765747,
        "z": -0.0775199830532074
    },
    "left_knee": {
        "x": 0.42337122559547424,
        "y": 0.5018506646156311,
        "z": 0.17240042984485626
    },
    "right_knee": {
        "x": 0.4072219729423523,
        "y": 0.5037305951118469,
        "z": 0.02924853004515171
    },
    "left_ankle": {
        "x": 0.4037584662437439,
        "y": 0.6149691343307495,
        "z": 0.3018760085105896
    },
    "right_ankle": {
        "x": 0.3952535390853882,
        "y": 0.6366519927978516,
        "z": 0.16390423476696014
    },
    "left_heel": {
        "x": 0.3937944769859314,
        "y": 0.6438947916030884,
        "z": 0.31311237812042236
    },
    "right_heel": {
        "x": 0.37994492053985596,
        "y": 0.6530085802078247,
        "z": 0.17536479234695435
    },
    "left_foot_index": {
        "x": 0.4407762587070465,
        "y": 0.663019061088562,
        "z": 0.28191617131233215
    },
    "right_foot_index": {
        "x": 0.43148449063301086,
        "y": 0.6840978860855103,
        "z": 0.12532714009284973
    }
}