{
    "nose": {
        "x": 0.3583492338657379,
        "y": 0.11171826720237732,
        "z": -0.3971441686153412
    },
    "left_eye_inner": {
        "x": 0.36578837037086487,
        "y": 0.09649205207824707,
        "z": -0.39853641390800476
    },
    "left_eye": {
        "x": 0.3697468936443329,
        "y": 0.09677878022193909,
        "z": -0.39858609437942505
    },
    "left_eye_outer": {
        "x": 0.3741719126701355,
        "y": 0.09685475379228592,
        "z": -0.39869844913482666
    },
    "right_eye_inner": {
        "x": 0.35860419273376465,
        "y": 0.09370970726013184,
        "z": -0.3850851356983185
    },
    "right_eye": {
        "x": 0.3571223020553589,
        "y": 0.09213250130414963,
        "z": -0.38510948419570923
    },
    "right_eye_outer": {
        "x": 0.3555160462856293,
        "y": 0.09049919247627258,
        "z": -0.38517284393310547
    },
    "left_ear": {
        "x": 0.38660651445388794,
        "y": 0.09969723224639893,
        "z": -0.3316015303134918
    },
    "right_ear": {
        "x": 0.3615987300872803,
        "y": 0.09225347638130188,
        "z": -0.26792532205581665
    },
    "mouth_left": {
        "x": 0.36470112204551697,
        "y": 0.12792935967445374,
        "z": -0.3662306070327759
    },
    "mouth_right": {
        "x": 0.3560441732406616,
        "y": 0.12384295463562012,
        "z": -0.3481076955795288
    },
    "left_shoulder": {
        "x": 0.42337027192115784,
        "y": 0.1938174068927765,
        "z": -0.25501546263694763
    },
    "right_shoulder": {
        "x": 0.3266140818595886,
        "y": 0.15942731499671936,
        "z": -0.1520804762840271
    },
    "left_elbow": {
        "x": 0.43110382556915283,
        "y": 0.3068486750125885,
        "z": -0.24668832123279572
    },
    "right_elbow": {
        "x": 0.3079085052013397,
        "y": 0.26257389783859253,
        "z": -0.07884443551301956
    },
    "left_wrist": {
        "x": 0.40944981575012207,
        "y": 0.3860045373439789,
        "z": -0.3368218243122101
    },
    "right_wrist": {
        "x": 0.284822016954422,
        "y": 0.35012176632881165,
        "z": -0.16874989867210388
    },
    "left_pinky": {
        "x": 0.41054144501686096,
        "y": 0.4198371171951294,
        "z": -0.370280385017395
    },
    "right_pinky": {
        "x": 0.2736036777496338,
        "y": 0.37621286511421204,
        "z": -0.1928558349609375
    },
    "left_index": {
        "x": 0.40100616216659546,
        "y": 0.41495421528816223,
        "z": -0.39390018582344055
    },
    "right_index": {
        "x": 0.2781628370285034,
        "y": 0.375176340341568,
        "z": -0.2283538579940796
    },
    "left_thumb": {
        "x": 0.39915457367897034,
        "y": 0.4043423533439636,
        "z": -0.3458165228366852
    },
    "right_thumb": {
        "x": 0.28315091133117676,
        "y": 0.36682039499282837,
        "z": -0.1851445734500885
    },
    "left_hip": {
        "x": 0.37824782729148865,
        "y": 0.4037091135978699,
        "z": -0.025789331644773483
    },
    "right_hip": {
        "x": 0.32871073484420776,
        "y": 0.3842962384223938,
        "z": 0.025779912248253822
    },
    "left_knee": {
        "x": 0.37815868854522705,
        "y": 0.572918713092804,
        "z": -0.04345938563346863
    },
    "right_knee": {
        "x": 0.3205946683883667,
        "y": 0.5483725666999817,
        "z": 0.10748551040887833
    },
    "left_ankle": {
        "x": 0.3732905685901642,
        "y": 0.6864136457443237,
        "z": 0.21258921921253204
    },
    "right_ankle": {
        "x": 0.3314640522003174,
        "y": 0.6340214014053345,
        "z": 0.4468030035495758
    },
    "left_heel": {
        "x": 0.36932268738746643,
        "y": 0.6949776411056519,
        "z": 0.231856569647789
    },
    "right_heel": {
        "x": 0.33585819602012634,
        "y": 0.6428024172782898,
        "z": 0.47784674167633057
    },
    "left_foot_index": {
        "x": 0.37402021884918213,
        "y": 0.7509955167770386,
        "z": 0.11159122735261917
    },
    "right_foot_index": {
        "x": 0.31745877861976624,
        "y": 0.6930197477340698,
        "z": 0.39280328154563904
    }
}