{
    "nose": {
        "x": 0.5317530632019043,
        "y": 0.16413678228855133,
        "z": -0.11494262516498566
    },
    "left_eye_inner": {
        "x": 0.534095823764801,
        "y": 0.14835858345031738,
        "z": -0.10561149567365646
    },
    "left_eye": {
        "x": 0.5335267782211304,
        "y": 0.14689649641513824,
        "z": -0.10568798333406448
    },
    "left_eye_outer": {
        "x": 0.53289395570755,
        "y": 0.14535631239414215,
        "z": -0.1057528480887413
    },
    "right_eye_inner": {
        "x": 0.5333043932914734,
        "y": 0.14772038161754608,
        "z": -0.13787029683589935
    },
    "right_eye": {
        "x": 0.5322940349578857,
        "y": 0.14599823951721191,
        "z": -0.13790008425712585
    },
    "right_eye_outer": {
        "x": 0.5311301946640015,
        "y": 0.14410239458084106,
        "z": -0.13796038925647736
    },
    "left_ear": {
        "x": 0.5219674110412598,
        "y": 0.13470734655857086,
        "z": -0.050227608531713486
    },
    "right_ear": {
        "x": 0.5197963714599609,
        "y": 0.13346382975578308,
        "z": -0.1957584172487259
    },
    "mouth_left": {
        "x": 0.5223313570022583,
        "y": 0.16940750181674957,
        "z": -0.0899030938744545
    },
    "mouth_right": {
        "x": 0.5211490988731384,
        "y": 0.1687019318342209,
        "z": -0.1321222186088562
    },
    "left_shoulder": {
        "x": 0.4832633137702942,
        "y": 0.18664409220218658,
        "z": 0.03920096904039383
    },
    "right_shoulder": {
        "x": 0.4706698954105377,
        "y": 0.1878920942544937,
        "z": -0.23648956418037415
    },
    "left_elbow": {
        "x": 0.468074232339859,
        "y": 0.28062543272972107,
        "z": 0.10243725776672363
    },
    "right_elbow": {
        "x": 0.4304654002189636,
        "y": 0.2927064001560211,
        "z": -0.25605618953704834
    },
    "left_wrist": {
        "x": 0.4988495111465454,
        "y": 0.36070600152015686,
        "z": 0.060286059975624084
    },
    "right_wrist": {
        "x": 0.4686099886894226,
        "y": 0.3681834042072296,
        "z": -0.24330541491508484
    },
    "left_pinky": {
        "x": 0.5142317414283752,
        "y": 0.3846658766269684,
        "z": 0.054735325276851654
    },
    "right_pinky": {
        "x": 0.47774025797843933,
        "y": 0.39480817317962646,
        "z": -0.27176207304000854
    },
    "left_index": {
        "x": 0.5166199803352356,
        "y": 0.3803774416446686,
        "z": 0.03145008906722069
    },
    "right_index": {
        "x": 0.4860707223415375,
        "y": 0.3869639039039612,
        "z": -0.26779401302337646
    },
    "left_thumb": {
        "x": 0.5107162594795227,
        "y": 0.3748733699321747,
        "z": 0.047391775995492935
    },
    "right_thumb": {
        "x": 0.4835068881511688,
        "y": 0.37841206789016724,
        "z": -0.24088601768016815
    },
    "left_hip": {
        "x": 0.419739305973053,
        "y": 0.3535814881324768,
        "z": 0.07736305892467499
    },
    "right_hip": {
        "x": 0.4072256088256836,
        "y": 0.3598121404647827,
        "z": -0.07731592655181885
    },
    "left_knee": {
        "x": 0.4227580726146698,
        "y": 0.5019637942314148,
        "z": 0.16718325018882751
    },
    "right_knee": {
        "x": 0.40687739849090576,
        "y": 0.5017527937889099,
        "z": 0.02124635875225067
    },
    "left_ankle": {
        "x": 0.40290406346321106,
        "y": 0.6263281106948853,
        "z": 0.2914620637893677
    },
    "right_ankle": {
        "x": 0.39427781105041504,
        "y": 0.6380017995834351,
        "z": 0.14825944602489471
    },
    "left_heel": {
        "x": 0.3840883672237396,
        "y": 0.6289787292480469,
        "z": 0.3016567826271057
    },
    "right_heel": {
        "x": 0.37948286533355713,
        "y": 0.6510504484176636,
        "z": 0.15879781544208527
    },
    "left_foot_index": {
        "x": 0.4338656961917877,
        "y": 0.674803614616394,
        "z": 0.2656537890434265
    },
    "right_foot_index": {
        "x": 0.4265182614326477,
        "y": 0.6826344728469849,
        "z": 0.1043594628572464
    }
}