{
    "nose": {
        "x": 0.5142812728881836,
        "y": 0.1509024202823639,
        "z": -0.09960751235485077
    },
    "left_eye_inner": {
        "x": 0.5174919366836548,
        "y": 0.13761624693870544,
        "z": -0.09099385887384415
    },
    "left_eye": {
        "x": 0.5170745253562927,
        "y": 0.13644857704639435,
        "z": -0.09105589985847473
    },
    "left_eye_outer": {
        "x": 0.516604483127594,
        "y": 0.1350756287574768,
        "z": -0.09111049026250839
    },
    "right_eye_inner": {
        "x": 0.5164729356765747,
        "y": 0.13701513409614563,
        "z": -0.12409641593694687
    },
    "right_eye": {
        "x": 0.515390157699585,
        "y": 0.13544754683971405,
        "z": -0.12410645186901093
    },
    "right_eye_outer": {
        "x": 0.514236330986023,
        "y": 0.13366174697875977,
        "z": -0.12415502220392227
    },
    "left_ear": {
        "x": 0.5050145387649536,
        "y": 0.12373900413513184,
        "z": -0.03811092674732208
    },
    "right_ear": {
        "x": 0.5029836297035217,
        "y": 0.12268669903278351,
        "z": -0.1876107156276703
    },
    "mouth_left": {
        "x": 0.5050804615020752,
        "y": 0.15713386237621307,
        "z": -0.07531092315912247
    },
    "mouth_right": {
        "x": 0.503754198551178,
        "y": 0.15603062510490417,
        "z": -0.11864486336708069
    },
    "left_shoulder": {
        "x": 0.4688197076320648,
        "y": 0.17533151805400848,
        "z": 0.05546872690320015
    },
    "right_shoulder": {
        "x": 0.45556917786598206,
        "y": 0.18277888000011444,
        "z": -0.23369735479354858
    },
    "left_elbow": {
        "x": 0.4600972831249237,
        "y": 0.27116715908050537,
        "z": 0.13972964882850647
    },
    "right_elbow": {
        "x": 0.43579015135765076,
        "y": 0.3017968237400055,
        "z": -0.2534875273704529
    },
    "left_wrist": {
        "x": 0.49113500118255615,
        "y": 0.3288528025150299,
        "z": 0.12303031980991364
    },
    "right_wrist": {
        "x": 0.4750785529613495,
        "y": 0.36888524889945984,
        "z": -0.24600189924240112
    },
    "left_pinky": {
        "x": 0.5038776397705078,
        "y": 0.3396115005016327,
        "z": 0.12379248440265656
    },
    "right_pinky": {
        "x": 0.4832379221916199,
        "y": 0.39739784598350525,
        "z": -0.2760007977485657
    },
    "left_index": {
        "x": 0.509480357170105,
        "y": 0.3395500183105469,
        "z": 0.09975077956914902
    },
    "right_index": {
        "x": 0.49192455410957336,
        "y": 0.38795676827430725,
        "z": -0.27019745111465454
    },
    "left_thumb": {
        "x": 0.5034782290458679,
        "y": 0.3380039632320404,
        "z": 0.11111241579055786
    },
    "right_thumb": {
        "x": 0.4896150231361389,
        "y": 0.37740930914878845,
        "z": -0.24312910437583923
    },
    "left_hip": {
        "x": 0.41632893681526184,
        "y": 0.3485267460346222,
        "z": 0.08371519297361374
    },
    "right_hip": {
        "x": 0.4067774713039398,
        "y": 0.36389026045799255,
        "z": -0.08364560455083847
    },
    "left_knee": {
        "x": 0.423366516828537,
        "y": 0.4934438467025757,
        "z": 0.16396799683570862
    },
    "right_knee": {
        "x": 0.4078609049320221,
        "y": 0.506622314453125,
        "z": -0.002029527211561799
    },
    "left_ankle": {
        "x": 0.39628148078918457,
        "y": 0.6207436919212341,
        "z": 0.2831563949584961
    },
    "right_ankle": {
        "x": 0.39549368619918823,
        "y": 0.6398342847824097,
        "z": 0.11607549339532852
    },
    "left_heel": {
        "x": 0.3822789490222931,
        "y": 0.6372614502906799,
        "z": 0.2928306758403778
    },
    "right_heel": {
        "x": 0.3814624547958374,
        "y": 0.6533197164535522,
        "z": 0.12664516270160675
    },
    "left_foot_index": {
        "x": 0.42488667368888855,
        "y": 0.6698886752128601,
        "z": 0.26123034954071045
    },
    "right_foot_index": {
        "x": 0.4321218430995941,
        "y": 0.6804779767990112,
        "z": 0.07922576367855072
    }
}