{
    "nose": {
        "x": 0.5311545133590698,
        "y": 0.17144843935966492,
        "z": -0.0952863022685051
    },
    "left_eye_inner": {
        "x": 0.5349223017692566,
        "y": 0.15574313700199127,
        "z": -0.08643560111522675
    },
    "left_eye": {
        "x": 0.5343642830848694,
        "y": 0.15408338606357574,
        "z": -0.08652114123106003
    },
    "left_eye_outer": {
        "x": 0.533713698387146,
        "y": 0.15224909782409668,
        "z": -0.0865822583436966
    },
    "right_eye_inner": {
        "x": 0.5343054533004761,
        "y": 0.15528035163879395,
        "z": -0.11952599883079529
    },
    "right_eye": {
        "x": 0.5334141850471497,
        "y": 0.15352080762386322,
        "z": -0.119550921022892
    },
    "right_eye_outer": {
        "x": 0.532442569732666,
        "y": 0.1516154706478119,
        "z": -0.11961808800697327
    },
    "left_ear": {
        "x": 0.5232763886451721,
        "y": 0.14016005396842957,
        "z": -0.03311856836080551
    },
    "right_ear": {
        "x": 0.5217423439025879,
        "y": 0.13927526772022247,
        "z": -0.1823010891675949
    },
    "mouth_left": {
        "x": 0.5216163396835327,
        "y": 0.1748805046081543,
        "z": -0.07097406685352325
    },
    "mouth_right": {
        "x": 0.5208240151405334,
        "y": 0.17419131100177765,
        "z": -0.11429312080144882
    },
    "left_shoulder": {
        "x": 0.48681914806365967,
        "y": 0.19021198153495789,
        "z": 0.05605313926935196
    },
    "right_shoulder": {
        "x": 0.47092169523239136,
        "y": 0.1908903419971466,
        "z": -0.2268509715795517
    },
    "left_elbow": {
        "x": 0.478232741355896,
        "y": 0.2767556309700012,
        "z": 0.13027921319007874
    },
    "right_elbow": {
        "x": 0.43149852752685547,
        "y": 0.29135429859161377,
        "z": -0.2582513988018036
    },
    "left_wrist": {
        "x": 0.5097624659538269,
        "y": 0.3542007505893707,
        "z": 0.10845223069190979
    },
    "right_wrist": {
        "x": 0.4640866219997406,
        "y": 0.3647414445877075,
        "z": -0.25829678773880005
    },
    "left_pinky": {
        "x": 0.5270783305168152,
        "y": 0.3767101466655731,
        "z": 0.10961683094501495
    },
    "right_pinky": {
        "x": 0.4678691029548645,
        "y": 0.3871215581893921,
        "z": -0.287315309047699
    },
    "left_index": {
        "x": 0.5348659753799438,
        "y": 0.37656280398368835,
        "z": 0.08577383309602737
    },
    "right_index": {
        "x": 0.4766974151134491,
        "y": 0.38206595182418823,
        "z": -0.2824917435646057
    },
    "left_thumb": {
        "x": 0.5295053720474243,
        "y": 0.37203893065452576,
        "z": 0.09622753411531448
    },
    "right_thumb": {
        "x": 0.4767863154411316,
        "y": 0.3727385401725769,
        "z": -0.2560376524925232
    },
    "left_hip": {
        "x": 0.4189242422580719,
        "y": 0.355265349149704,
        "z": 0.07946017384529114
    },
    "right_hip": {
        "x": 0.40725603699684143,
        "y": 0.3600388765335083,
        "z": -0.07938157767057419
    },
    "left_knee": {
        "x": 0.4148366153240204,
        "y": 0.49644941091537476,
        "z": 0.15772616863250732
    },
    "right_knee": {
        "x": 0.4062204360961914,
        "y": 0.5060147643089294,
        "z": 0.01158524677157402
    },
    "left_ankle": {
        "x": 0.4004743695259094,
        "y": 0.6177789568901062,
        "z": 0.2698112428188324
    },
    "right_ankle": {
        "x": 0.3976176977157593,
        "y": 0.6432518362998962,
        "z": 0.12406066060066223
    },
    "left_heel": {
        "x": 0.386177659034729,
        "y": 0.633131742477417,
        "z": 0.27861839532852173
    },
    "right_heel": {
        "x": 0.38466015458106995,
        "y": 0.6580145359039307,
        "z": 0.13275200128555298
    },
    "left_foot_index": {
        "x": 0.43191996216773987,
        "y": 0.6717430353164673,
        "z": 0.2409408688545227
    },
    "right_foot_index": {
        "x": 0.4302484095096588,
        "y": 0.686174750328064,
        "z": 0.07765394449234009
    }
}