{
    "nose": {
        "x": 0.40385761857032776,
        "y": 0.11481326073408127,
        "z": -0.15574471652507782
    },
    "left_eye_inner": {
        "x": 0.4060180187225342,
        "y": 0.10115763545036316,
        "z": -0.15138281881809235
    },
    "left_eye": {
        "x": 0.4054451882839203,
        "y": 0.09970872849225998,
        "z": -0.1514020413160324
    },
    "left_eye_outer": {
        "x": 0.4048510789871216,
        "y": 0.0981350690126419,
        "z": -0.15139561891555786
    },
    "right_eye_inner": {
        "x": 0.4052930176258087,
        "y": 0.1014862209558487,
        "z": -0.18013408780097961
    },
    "right_eye": {
        "x": 0.40423887968063354,
        "y": 0.1004510372877121,
        "z": -0.18020270764827728
    },
    "right_eye_outer": {
        "x": 0.40312328934669495,
        "y": 0.09935037791728973,
        "z": -0.1802455186843872
    },
    "left_ear": {
        "x": 0.3925092816352844,
        "y": 0.08811081945896149,
        "z": -0.10699775815010071
    },
    "right_ear": {
        "x": 0.39040878415107727,
        "y": 0.08967506885528564,
        "z": -0.23776347935199738
    },
    "mouth_left": {
        "x": 0.3949856460094452,
        "y": 0.1202332079410553,
        "z": -0.13371612131595612
    },
    "mouth_right": {
        "x": 0.39376866817474365,
        "y": 0.1199866384267807,
        "z": -0.17170992493629456
    },
    "left_shoulder": {
        "x": 0.36582568287849426,
        "y": 0.13076242804527283,
        "z": -0.02229662425816059
    },
    "right_shoulder": {
        "x": 0.3543142080307007,
        "y": 0.16113588213920593,
        "z": -0.25546544790267944
    },
    "left_elbow": {
        "x": 0.344820111989975,
        "y": 0.23193025588989258,
        "z": 0.034991100430488586
    },
    "right_elbow": {
        "x": 0.3343700170516968,
        "y": 0.26910021901130676,
        "z": -0.23403726518154144
    },
    "left_wrist": {
        "x": 0.3621109127998352,
        "y": 0.2974713146686554,
        "z": -0.005042854696512222
    },
    "right_wrist": {
        "x": 0.37535378336906433,
        "y": 0.31609615683555603,
        "z": -0.1776246577501297
    },
    "left_pinky": {
        "x": 0.37307408452033997,
        "y": 0.3277058005332947,
        "z": -0.011232027783989906
    },
    "right_pinky": {
        "x": 0.38551095128059387,
        "y": 0.3351218104362488,
        "z": -0.19772407412528992
    },
    "left_index": {
        "x": 0.37760040163993835,
        "y": 0.32884278893470764,
        "z": -0.03327558934688568
    },
    "right_index": {
        "x": 0.3907214105129242,
        "y": 0.32565319538116455,
        "z": -0.19596458971500397
    },
    "left_thumb": {
        "x": 0.3735082745552063,
        "y": 0.32304760813713074,
        "z": -0.016810109838843346
    },
    "right_thumb": {
        "x": 0.3867928683757782,
        "y": 0.31791582703590393,
        "z": -0.17512398958206177
    },
    "left_hip": {
        "x": 0.33277344703674316,
        "y": 0.3186247944831848,
        "z": 0.07153390347957611
    },
    "right_hip": {
        "x": 0.3310801684856415,
        "y": 0.3394198417663574,
        "z": -0.07153491675853729
    },
    "left_knee": {
        "x": 0.35377779603004456,
        "y": 0.445295512676239,
        "z": 0.20988336205482483
    },
    "right_knee": {
        "x": 0.33044660091400146,
        "y": 0.4725044369697571,
        "z": 0.04654167592525482
    },
    "left_ankle": {
        "x": 0.36018380522727966,
        "y": 0.5564340949058533,
        "z": 0.3614615499973297
    },
    "right_ankle": {
        "x": 0.32116878032684326,
        "y": 0.5974434018135071,
        "z": 0.1799110472202301
    },
    "left_heel": {
        "x": 0.35367870330810547,
        "y": 0.5818634033203125,
        "z": 0.374703049659729
    },
    "right_heel": {
        "x": 0.3107989430427551,
        "y": 0.6161248683929443,
        "z": 0.1907409280538559
    },
    "left_foot_index": {
        "x": 0.3963400721549988,
        "y": 0.5709899663925171,
        "z": 0.35029879212379456
    },
    "right_foot_index": {
        "x": 0.34785139560699463,
        "y": 0.630013108253479,
        "z": 0.13992607593536377
    }
}