{
    "nose": {
        "x": 0.5074267387390137,
        "y": 0.14776770770549774,
        "z": -0.10316866636276245
    },
    "left_eye_inner": {
        "x": 0.510648787021637,
        "y": 0.13480381667613983,
        "z": -0.09563981741666794
    },
    "left_eye": {
        "x": 0.5103724598884583,
        "y": 0.13362029194831848,
        "z": -0.09570986777544022
    },
    "left_eye_outer": {
        "x": 0.5100195407867432,
        "y": 0.13223637640476227,
        "z": -0.09576226025819778
    },
    "right_eye_inner": {
        "x": 0.5094688534736633,
        "y": 0.13417018949985504,
        "z": -0.12760452926158905
    },
    "right_eye": {
        "x": 0.50834721326828,
        "y": 0.13252247869968414,
        "z": -0.12762387096881866
    },
    "right_eye_outer": {
        "x": 0.5070953369140625,
        "y": 0.13061115145683289,
        "z": -0.12766459584236145
    },
    "left_ear": {
        "x": 0.49844563007354736,
        "y": 0.11983714997768402,
        "z": -0.046793222427368164
    },
    "right_ear": {
        "x": 0.49622029066085815,
        "y": 0.12017001211643219,
        "z": -0.19109201431274414
    },
    "mouth_left": {
        "x": 0.4995689392089844,
        "y": 0.15442369878292084,
        "z": -0.0802929624915123
    },
    "mouth_right": {
        "x": 0.4978135824203491,
        "y": 0.15368862450122833,
        "z": -0.12209150195121765
    },
    "left_shoulder": {
        "x": 0.46464303135871887,
        "y": 0.16767941415309906,
        "z": 0.043768368661403656
    },
    "right_shoulder": {
        "x": 0.45247095823287964,
        "y": 0.19213077425956726,
        "z": -0.23514977097511292
    },
    "left_elbow": {
        "x": 0.4640887975692749,
        "y": 0.2714602053165436,
        "z": 0.11791114509105682
    },
    "right_elbow": {
        "x": 0.4495971202850342,
        "y": 0.3103407621383667,
        "z": -0.24088159203529358
    },
    "left_wrist": {
        "x": 0.48572707176208496,
        "y": 0.34025487303733826,
        "z": 0.09846463799476624
    },
    "right_wrist": {
        "x": 0.48240581154823303,
        "y": 0.38119858503341675,
        "z": -0.213544100522995
    },
    "left_pinky": {
        "x": 0.4938231408596039,
        "y": 0.35115623474121094,
        "z": 0.09837031364440918
    },
    "right_pinky": {
        "x": 0.49122050404548645,
        "y": 0.4043760895729065,
        "z": -0.24177183210849762
    },
    "left_index": {
        "x": 0.4978221654891968,
        "y": 0.3554605543613434,
        "z": 0.07470948994159698
    },
    "right_index": {
        "x": 0.49732935428619385,
        "y": 0.39658576250076294,
        "z": -0.238078311085701
    },
    "left_thumb": {
        "x": 0.4925183057785034,
        "y": 0.35084035992622375,
        "z": 0.08673933148384094
    },
    "right_thumb": {
        "x": 0.4926513433456421,
        "y": 0.38908451795578003,
        "z": -0.21146778762340546
    },
    "left_hip": {
        "x": 0.41220352053642273,
        "y": 0.35062864422798157,
        "z": 0.08083134889602661
    },
    "right_hip": {
        "x": 0.4073217511177063,
        "y": 0.36325111985206604,
        "z": -0.08084426820278168
    },
    "left_knee": {
        "x": 0.42036107182502747,
        "y": 0.48809814453125,
        "z": 0.16016578674316406
    },
    "right_knee": {
        "x": 0.4069589376449585,
        "y": 0.5071315765380859,
        "z": 0.0056045763194561005
    },
    "left_ankle": {
        "x": 0.3933509588241577,
        "y": 0.6184090375900269,
        "z": 0.2814466953277588
    },
    "right_ankle": {
        "x": 0.39693236351013184,
        "y": 0.6389415264129639,
        "z": 0.12631753087043762
    },
    "left_heel": {
        "x": 0.3825896978378296,
        "y": 0.6296008229255676,
        "z": 0.2919141352176666
    },
    "right_heel": {
        "x": 0.38267216086387634,
        "y": 0.6511037945747375,
        "z": 0.13696151971817017
    },
    "left_foot_index": {
        "x": 0.42347005009651184,
        "y": 0.6652305126190186,
        "z": 0.2622796893119812
    },
    "right_foot_index": {
        "x": 0.4332372546195984,
        "y": 0.6812679767608643,
        "z": 0.09000363945960999
    }
}