{
    "nose": {
        "x": 0.41381800174713135,
        "y": 0.0712147057056427,
        "z": -0.3137548565864563
    },
    "left_eye_inner": {
        "x": 0.41944122314453125,
        "y": 0.058728694915771484,
        "z": -0.2973942458629608
    },
    "left_eye": {
        "x": 0.42246636748313904,
        "y": 0.059195637702941895,
        "z": -0.29743221402168274
    },
    "left_eye_outer": {
        "x": 0.4252820312976837,
        "y": 0.059748325496912,
        "z": -0.29746806621551514
    },
    "right_eye_inner": {
        "x": 0.4100702404975891,
        "y": 0.05630326271057129,
        "z": -0.3060774505138397
    },
    "right_eye": {
        "x": 0.4071730375289917,
        "y": 0.05533355474472046,
        "z": -0.30611497163772583
    },
    "right_eye_outer": {
        "x": 0.4045007824897766,
        "y": 0.054817140102386475,
        "z": -0.30617454648017883
    },
    "left_ear": {
        "x": 0.427595317363739,
        "y": 0.06400588154792786,
        "z": -0.1823476403951645
    },
    "right_ear": {
        "x": 0.3996891677379608,
        "y": 0.0576908253133297,
        "z": -0.2221013903617859
    },
    "mouth_left": {
        "x": 0.41797637939453125,
        "y": 0.08614589273929596,
        "z": -0.2676582634449005
    },
    "mouth_right": {
        "x": 0.4071663022041321,
        "y": 0.08328782021999359,
        "z": -0.2790655195713043
    },
    "left_shoulder": {
        "x": 0.4304010272026062,
        "y": 0.13656312227249146,
        "z": -0.0337548702955246
    },
    "right_shoulder": {
        "x": 0.37010782957077026,
        "y": 0.12450739741325378,
        "z": -0.20159822702407837
    },
    "left_elbow": {
        "x": 0.42806607484817505,
        "y": 0.23282429575920105,
        "z": 0.03002280555665493
    },
    "right_elbow": {
        "x": 0.33743417263031006,
        "y": 0.2382616400718689,
        "z": -0.21358589828014374
    },
    "left_wrist": {
        "x": 0.4563695788383484,
        "y": 0.2899480164051056,
        "z": -0.07403489947319031
    },
    "right_wrist": {
        "x": 0.3713529706001282,
        "y": 0.3219922184944153,
        "z": -0.2774703800678253
    },
    "left_pinky": {
        "x": 0.4708830714225769,
        "y": 0.3096834719181061,
        "z": -0.09453632682561874
    },
    "right_pinky": {
        "x": 0.3758012652397156,
        "y": 0.35279881954193115,
        "z": -0.3091358244419098
    },
    "left_index": {
        "x": 0.47168612480163574,
        "y": 0.3079444169998169,
        "z": -0.12614090740680695
    },
    "right_index": {
        "x": 0.3861422836780548,
        "y": 0.3447805643081665,
        "z": -0.3188250958919525
    },
    "left_thumb": {
        "x": 0.4663769006729126,
        "y": 0.30241236090660095,
        "z": -0.08997079730033875
    },
    "right_thumb": {
        "x": 0.3855682611465454,
        "y": 0.33606407046318054,
        "z": -0.280510276556015
    },
    "left_hip": {
        "x": 0.39202558994293213,
        "y": 0.32690346240997314,
        "z": 0.06447378545999527
    },
    "right_hip": {
        "x": 0.35818716883659363,
        "y": 0.3267441987991333,
        "z": -0.06449112296104431
    },
    "left_knee": {
        "x": 0.41098034381866455,
        "y": 0.4549137353897095,
        "z": 0.09222632646560669
    },
    "right_knee": {
        "x": 0.36635082960128784,
        "y": 0.4817580282688141,
        "z": -0.046748485416173935
    },
    "left_ankle": {
        "x": 0.3758900463581085,
        "y": 0.5832082629203796,
        "z": 0.24515508115291595
    },
    "right_ankle": {
        "x": 0.3461252450942993,
        "y": 0.6209409236907959,
        "z": 0.06743545830249786
    },
    "left_heel": {
        "x": 0.36607620120048523,
        "y": 0.5999596118927002,
        "z": 0.2557629942893982
    },
    "right_heel": {
        "x": 0.33877259492874146,
        "y": 0.6386850476264954,
        "z": 0.07433804124593735
    },
    "left_foot_index": {
        "x": 0.40928325057029724,
        "y": 0.6139192581176758,
        "z": 0.19153113663196564
    },
    "right_foot_index": {
        "x": 0.3637850284576416,
        "y": 0.6800649166107178,
        "z": -0.032895527780056
    }
}