{
    "nose": {
        "x": 0.62977534532547,
        "y": 0.5658321380615234,
        "z": -0.07938610762357712
    },
    "left_eye_inner": {
        "x": 0.6344430446624756,
        "y": 0.5544294714927673,
        "z": -0.0743979662656784
    },
    "left_eye": {
        "x": 0.6343103051185608,
        "y": 0.5517421364784241,
        "z": -0.07441617548465729
    },
    "left_eye_outer": {
        "x": 0.6342102289199829,
        "y": 0.5490328073501587,
        "z": -0.0743914544582367
    },
    "right_eye_inner": {
        "x": 0.6343899369239807,
        "y": 0.5579296350479126,
        "z": -0.09886563569307327
    },
    "right_eye": {
        "x": 0.634139358997345,
        "y": 0.558000922203064,
        "z": -0.09891866892576218
    },
    "right_eye_outer": {
        "x": 0.6339192390441895,
        "y": 0.5580857396125793,
        "z": -0.09901396930217743
    },
    "left_ear": {
        "x": 0.6300781965255737,
        "y": 0.5350395441055298,
        "z": -0.046172305941581726
    },
    "right_ear": {
        "x": 0.6293646097183228,
        "y": 0.5487703680992126,
        "z": -0.15655100345611572
    },
    "mouth_left": {
        "x": 0.6235696077346802,
        "y": 0.5638315677642822,
        "z": -0.06521786004304886
    },
    "mouth_right": {
        "x": 0.6233037114143372,
        "y": 0.5670312643051147,
        "z": -0.09730362892150879
    },
    "left_shoulder": {
        "x": 0.5964809060096741,
        "y": 0.5276085734367371,
        "z": 0.028806131333112717
    },
    "right_shoulder": {
        "x": 0.597933292388916,
        "y": 0.584839403629303,
        "z": -0.20534472167491913
    },
    "left_elbow": {
        "x": 0.5541665554046631,
        "y": 0.5845711827278137,
        "z": 0.08917136490345001
    },
    "right_elbow": {
        "x": 0.5591467022895813,
        "y": 0.6713785529136658,
        "z": -0.21349339187145233
    },
    "left_wrist": {
        "x": 0.5397488474845886,
        "y": 0.645338773727417,
        "z": 0.09111901372671127
    },
    "right_wrist": {
        "x": 0.5434578657150269,
        "y": 0.7374536991119385,
        "z": -0.1743345707654953
    },
    "left_pinky": {
        "x": 0.5352022647857666,
        "y": 0.6601687073707581,
        "z": 0.09957554191350937
    },
    "right_pinky": {
        "x": 0.5408027172088623,
        "y": 0.7553216218948364,
        "z": -0.197384312748909
    },
    "left_index": {
        "x": 0.5373112559318542,
        "y": 0.66431725025177,
        "z": 0.07917968183755875
    },
    "right_index": {
        "x": 0.5467052459716797,
        "y": 0.7539539337158203,
        "z": -0.19548086822032928
    },
    "left_thumb": {
        "x": 0.5388112664222717,
        "y": 0.661297619342804,
        "z": 0.0828162357211113
    },
    "right_thumb": {
        "x": 0.5468670725822449,
        "y": 0.7456297278404236,
        "z": -0.17322887480258942
    },
    "left_hip": {
        "x": 0.5454449653625488,
        "y": 0.6652631759643555,
        "z": 0.08109879493713379
    },
    "right_hip": {
        "x": 0.5443676114082336,
        "y": 0.7037748694419861,
        "z": -0.08139535039663315
    },
    "left_knee": {
        "x": 0.6264477968215942,
        "y": 0.6574596166610718,
        "z": 0.15480750799179077
    },
    "right_knee": {
        "x": 0.6169041991233826,
        "y": 0.708747148513794,
        "z": -0.08915477991104126
    },
    "left_ankle": {
        "x": 0.6053083539009094,
        "y": 0.7734362483024597,
        "z": 0.22787734866142273
    },
    "right_ankle": {
        "x": 0.6112782955169678,
        "y": 0.7977079749107361,
        "z": 0.10402694344520569
    },
    "left_heel": {
        "x": 0.5981241464614868,
        "y": 0.7969957590103149,
        "z": 0.23513200879096985
    },
    "right_heel": {
        "x": 0.6021923422813416,
        "y": 0.8069716095924377,
        "z": 0.12660616636276245
    },
    "left_foot_index": {
        "x": 0.6355463266372681,
        "y": 0.7973352670669556,
        "z": 0.2429172843694687
    },
    "right_foot_index": {
        "x": 0.6385201811790466,
        "y": 0.8056955933570862,
        "z": 0.15765182673931122
    }
}