{
    "nose": {
        "x": 0.15592670440673828,
        "y": 0.25329381227493286,
        "z": -0.1013687252998352
    },
    "left_eye_inner": {
        "x": 0.15520299971103668,
        "y": 0.24321015179157257,
        "z": -0.09706500172615051
    },
    "left_eye": {
        "x": 0.15673857927322388,
        "y": 0.2412123829126358,
        "z": -0.09710594266653061
    },
    "left_eye_outer": {
        "x": 0.15827441215515137,
        "y": 0.23922647535800934,
        "z": -0.09716443717479706
    },
    "right_eye_inner": {
        "x": 0.1504681408405304,
        "y": 0.2481134533882141,
        "z": -0.09955275803804398
    },
    "right_eye": {
        "x": 0.14850756525993347,
        "y": 0.2497275471687317,
        "z": -0.09960398077964783
    },
    "right_eye_outer": {
        "x": 0.14655746519565582,
        "y": 0.25133705139160156,
        "z": -0.09969183057546616
    },
    "left_ear": {
        "x": 0.15835347771644592,
        "y": 0.23842163383960724,
        "z": -0.0548851452767849
    },
    "right_ear": {
        "x": 0.14223062992095947,
        "y": 0.2545197308063507,
        "z": -0.06687390059232712
    },
    "mouth_left": {
        "x": 0.1596662998199463,
        "y": 0.25654980540275574,
        "z": -0.08298445492982864
    },
    "mouth_right": {
        "x": 0.1538654863834381,
        "y": 0.2624494731426239,
        "z": -0.08662189543247223
    },
    "left_shoulder": {
        "x": 0.17520175874233246,
        "y": 0.2434011846780777,
        "z": -0.030737686902284622
    },
    "right_shoulder": {
        "x": 0.1386023759841919,
        "y": 0.3014217019081116,
        "z": -0.03547732159495354
    },
    "left_elbow": {
        "x": 0.20050659775733948,
        "y": 0.27720415592193604,
        "z": -0.04530291631817818
    },
    "right_elbow": {
        "x": 0.16090238094329834,
        "y": 0.35965436697006226,
        "z": -0.038293011486530304
    },
    "left_wrist": {
        "x": 0.2143314778804779,
        "y": 0.2964072823524475,
        "z": -0.10070261359214783
    },
    "right_wrist": {
        "x": 0.18476447463035583,
        "y": 0.38442596793174744,
        "z": -0.0599614754319191
    },
    "left_pinky": {
        "x": 0.21730995178222656,
        "y": 0.3001993000507355,
        "z": -0.11332353949546814
    },
    "right_pinky": {
        "x": 0.19065970182418823,
        "y": 0.3962341845035553,
        "z": -0.06598241627216339
    },
    "left_index": {
        "x": 0.2141736000776291,
        "y": 0.2999809682369232,
        "z": -0.11831306666135788
    },
    "right_index": {
        "x": 0.19224613904953003,
        "y": 0.3900132179260254,
        "z": -0.07553102821111679
    },
    "left_thumb": {
        "x": 0.21507158875465393,
        "y": 0.3006240129470825,
        "z": -0.1039627268910408
    },
    "right_thumb": {
        "x": 0.19103583693504333,
        "y": 0.38426437973976135,
        "z": -0.0632271021604538
    },
    "left_hip": {
        "x": 0.20782189071178436,
        "y": 0.33358219265937805,
        "z": -0.0010073418961837888
    },
    "right_hip": {
        "x": 0.18556466698646545,
        "y": 0.3649049699306488,
        "z": 0.0010537725174799562
    },
    "left_knee": {
        "x": 0.21148498356342316,
        "y": 0.33414241671562195,
        "z": -0.15880921483039856
    },
    "right_knee": {
        "x": 0.17886048555374146,
        "y": 0.3833748996257782,
        "z": -0.07408038526773453
    },
    "left_ankle": {
        "x": 0.2551661431789398,
        "y": 0.396840900182724,
        "z": -0.10610190033912659
    },
    "right_ankle": {
        "x": 0.19483111798763275,
        "y": 0.4401165843009949,
        "z": 0.0064069307409226894
    },
    "left_heel": {
        "x": 0.25859153270721436,
        "y": 0.4085453748703003,
        "z": -0.10189566016197205
    },
    "right_heel": {
        "x": 0.19928580522537231,
        "y": 0.44596317410469055,
        "z": 0.013166090473532677
    },
    "left_foot_index": {
        "x": 0.2774249315261841,
        "y": 0.41239267587661743,
        "z": -0.15148328244686127
    },
    "right_foot_index": {
        "x": 0.19730031490325928,
        "y": 0.4703431725502014,
        "z": -0.03287797048687935
    }
}