{
    "nose": {
        "x": 0.15201200544834137,
        "y": 0.5347859263420105,
        "z": 0.0728360190987587
    },
    "left_eye_inner": {
        "x": 0.14488831162452698,
        "y": 0.5365201830863953,
        "z": 0.0452415905892849
    },
    "left_eye": {
        "x": 0.14480701088905334,
        "y": 0.537364661693573,
        "z": 0.04516031593084335
    },
    "left_eye_outer": {
        "x": 0.14481404423713684,
        "y": 0.5381963849067688,
        "z": 0.04510650783777237
    },
    "right_eye_inner": {
        "x": 0.1440190225839615,
        "y": 0.5317413806915283,
        "z": 0.061341043561697006
    },
    "right_eye": {
        "x": 0.143313467502594,
        "y": 0.5290563702583313,
        "z": 0.06130851432681084
    },
    "right_eye_outer": {
        "x": 0.14258220791816711,
        "y": 0.5262246131896973,
        "z": 0.06121041625738144
    },
    "left_ear": {
        "x": 0.1455562263727188,
        "y": 0.5309149026870728,
        "z": -0.045948829501867294
    },
    "right_ear": {
        "x": 0.14115718007087708,
        "y": 0.5116379857063293,
        "z": 0.02736801840364933
    },
    "mouth_left": {
        "x": 0.15691614151000977,
        "y": 0.5307892560958862,
        "z": 0.04462984576821327
    },
    "mouth_right": {
        "x": 0.15609842538833618,
        "y": 0.5238301753997803,
        "z": 0.06574279069900513
    },
    "left_shoulder": {
        "x": 0.17707128822803497,
        "y": 0.5338279008865356,
        "z": -0.10842768847942352
    },
    "right_shoulder": {
        "x": 0.16425703465938568,
        "y": 0.4303888976573944,
        "z": 0.0717640072107315
    },
    "left_elbow": {
        "x": 0.2006552517414093,
        "y": 0.6021401882171631,
        "z": -0.06790989637374878
    },
    "right_elbow": {
        "x": 0.18278412520885468,
        "y": 0.4142111837863922,
        "z": 0.22069081664085388
    },
    "left_wrist": {
        "x": 0.21723806858062744,
        "y": 0.686893880367279,
        "z": 0.08186914771795273
    },
    "right_wrist": {
        "x": 0.1799537092447281,
        "y": 0.4754806458950043,
        "z": 0.39075714349746704
    },
    "left_pinky": {
        "x": 0.22346073389053345,
        "y": 0.7061567306518555,
        "z": 0.08291637152433395
    },
    "right_pinky": {
        "x": 0.17856761813163757,
        "y": 0.48775118589401245,
        "z": 0.4202096462249756
    },
    "left_index": {
        "x": 0.21868757903575897,
        "y": 0.7070133686065674,
        "z": 0.08746015280485153
    },
    "right_index": {
        "x": 0.1771305799484253,
        "y": 0.4956977963447571,
        "z": 0.4093352258205414
    },
    "left_thumb": {
        "x": 0.21640968322753906,
        "y": 0.7000173926353455,
        "z": 0.08912400901317596
    },
    "right_thumb": {
        "x": 0.17828911542892456,
        "y": 0.49412381649017334,
        "z": 0.39076632261276245
    },
    "left_hip": {
        "x": 0.275852769613266,
        "y": 0.48190051317214966,
        "z": -0.061684802174568176
    },
    "right_hip": {
        "x": 0.28175878524780273,
        "y": 0.4208821952342987,
        "z": 0.06140585243701935
    },
    "left_knee": {
        "x": 0.22534818947315216,
        "y": 0.606791079044342,
        "z": 0.03250616043806076
    },
    "right_knee": {
        "x": 0.2830437421798706,
        "y": 0.4339359402656555,
        "z": 0.2420024424791336
    },
    "left_ankle": {
        "x": 0.2830246686935425,
        "y": 0.7067258358001709,
        "z": 0.12748627364635468
    },
    "right_ankle": {
        "x": 0.32681411504745483,
        "y": 0.413088321685791,
        "z": 0.38627737760543823
    },
    "left_heel": {
        "x": 0.2985492944717407,
        "y": 0.7115700244903564,
        "z": 0.14137092232704163
    },
    "right_heel": {
        "x": 0.33423951268196106,
        "y": 0.4069739580154419,
        "z": 0.4041869640350342
    },
    "left_foot_index": {
        "x": 0.28065767884254456,
        "y": 0.7514103651046753,
        "z": 0.16000007092952728
    },
    "right_foot_index": {
        "x": 0.33455273509025574,
        "y": 0.4236993193626404,
        "z": 0.4297146499156952
    }
}