{
    "nose": {
        "x": 0.16175132989883423,
        "y": 0.3077039122581482,
        "z": 0.20830398797988892
    },
    "left_eye_inner": {
        "x": 0.15751880407333374,
        "y": 0.29813259840011597,
        "z": 0.18604767322540283
    },
    "left_eye": {
        "x": 0.1571219116449356,
        "y": 0.29787689447402954,
        "z": 0.1860317587852478
    },
    "left_eye_outer": {
        "x": 0.15675917267799377,
        "y": 0.29775336384773254,
        "z": 0.18602678179740906
    },
    "right_eye_inner": {
        "x": 0.15921035408973694,
        "y": 0.29615384340286255,
        "z": 0.20839440822601318
    },
    "right_eye": {
        "x": 0.16000530123710632,
        "y": 0.29441410303115845,
        "z": 0.20839232206344604
    },
    "right_eye_outer": {
        "x": 0.16088096797466278,
        "y": 0.29267942905426025,
        "z": 0.20833514630794525
    },
    "left_ear": {
        "x": 0.16155971586704254,
        "y": 0.29349029064178467,
        "z": 0.1025252416729927
    },
    "right_ear": {
        "x": 0.16780857741832733,
        "y": 0.2852952182292938,
        "z": 0.2042347490787506
    },
    "mouth_left": {
        "x": 0.1656871736049652,
        "y": 0.3122522234916687,
        "z": 0.18122871220111847
    },
    "mouth_right": {
        "x": 0.16785964369773865,
        "y": 0.3100222051143646,
        "z": 0.2107277363538742
    },
    "left_shoulder": {
        "x": 0.17607615888118744,
        "y": 0.3268263638019562,
        "z": -0.009919348172843456
    },
    "right_shoulder": {
        "x": 0.2153530865907669,
        "y": 0.29913976788520813,
        "z": 0.24956876039505005
    },
    "left_elbow": {
        "x": 0.1920117884874344,
        "y": 0.41484907269477844,
        "z": -0.09289226680994034
    },
    "right_elbow": {
        "x": 0.24130131304264069,
        "y": 0.39189663529396057,
        "z": 0.30955421924591064
    },
    "left_wrist": {
        "x": 0.18525779247283936,
        "y": 0.49434158205986023,
        "z": -0.1087786927819252
    },
    "right_wrist": {
        "x": 0.22657033801078796,
        "y": 0.4754352867603302,
        "z": 0.33718976378440857
    },
    "left_pinky": {
        "x": 0.17913347482681274,
        "y": 0.5082036256790161,
        "z": -0.1312616765499115
    },
    "right_pinky": {
        "x": 0.22560030221939087,
        "y": 0.4921087324619293,
        "z": 0.35556918382644653
    },
    "left_index": {
        "x": 0.17760221660137177,
        "y": 0.5043554902076721,
        "z": -0.11060082167387009
    },
    "right_index": {
        "x": 0.22121822834014893,
        "y": 0.49471837282180786,
        "z": 0.33482056856155396
    },
    "left_thumb": {
        "x": 0.1801404356956482,
        "y": 0.49921756982803345,
        "z": -0.09996151924133301
    },
    "right_thumb": {
        "x": 0.21995487809181213,
        "y": 0.48940518498420715,
        "z": 0.32926979660987854
    },
    "left_hip": {
        "x": 0.26116788387298584,
        "y": 0.4637547433376312,
        "z": -0.08086332678794861
    },
    "right_hip": {
        "x": 0.2835197150707245,
        "y": 0.4436188340187073,
        "z": 0.0807146281003952
    },
    "left_knee": {
        "x": 0.2433113157749176,
        "y": 0.5980943441390991,
        "z": -0.048307180404663086
    },
    "right_knee": {
        "x": 0.2635088860988617,
        "y": 0.5717939734458923,
        "z": 0.16395631432533264
    },
    "left_ankle": {
        "x": 0.28326934576034546,
        "y": 0.7125244140625,
        "z": -0.02823524922132492
    },
    "right_ankle": {
        "x": 0.2917517125606537,
        "y": 0.6836726069450378,
        "z": 0.20735053718090057
    },
    "left_heel": {
        "x": 0.2972266972064972,
        "y": 0.7320496439933777,
        "z": -0.02629685588181019
    },
    "right_heel": {
        "x": 0.3039892017841339,
        "y": 0.7053241729736328,
        "z": 0.2120770961046219
    },
    "left_foot_index": {
        "x": 0.25245729088783264,
        "y": 0.7426522374153137,
        "z": -0.04737614467740059
    },
    "right_foot_index": {
        "x": 0.27205467224121094,
        "y": 0.7108286023139954,
        "z": 0.20545242726802826
    }
}