{
    "nose": {
        "x": 0.250654399394989,
        "y": 0.31543901562690735,
        "z": 0.02980620227754116
    },
    "left_eye_inner": {
        "x": 0.24585109949111938,
        "y": 0.3010725975036621,
        "z": 0.003991871606558561
    },
    "left_eye": {
        "x": 0.2455468326807022,
        "y": 0.300589919090271,
        "z": 0.00393689377233386
    },
    "left_eye_outer": {
        "x": 0.2452867329120636,
        "y": 0.3001940846443176,
        "z": 0.0039003300480544567
    },
    "right_eye_inner": {
        "x": 0.24790455400943756,
        "y": 0.29814833402633667,
        "z": 0.03148234635591507
    },
    "right_eye": {
        "x": 0.24896419048309326,
        "y": 0.29556170105934143,
        "z": 0.0315227173268795
    },
    "right_eye_outer": {
        "x": 0.2500785291194916,
        "y": 0.2928205728530884,
        "z": 0.03144067898392677
    },
    "left_ear": {
        "x": 0.2519797086715698,
        "y": 0.29469090700149536,
        "z": -0.08382603526115417
    },
    "right_ear": {
        "x": 0.2590823769569397,
        "y": 0.2827067971229553,
        "z": 0.03939507156610489
    },
    "mouth_left": {
        "x": 0.2565496861934662,
        "y": 0.32006341218948364,
        "z": 0.0012978081358596683
    },
    "mouth_right": {
        "x": 0.25923195481300354,
        "y": 0.31642580032348633,
        "z": 0.03704805672168732
    },
    "left_shoulder": {
        "x": 0.271220862865448,
        "y": 0.3502148985862732,
        "z": -0.180090069770813
    },
    "right_shoulder": {
        "x": 0.32479140162467957,
        "y": 0.3082387149333954,
        "z": 0.10118654370307922
    },
    "left_elbow": {
        "x": 0.28737354278564453,
        "y": 0.4666357934474945,
        "z": -0.20350369811058044
    },
    "right_elbow": {
        "x": 0.3571433126926422,
        "y": 0.4007469415664673,
        "z": 0.15179762244224548
    },
    "left_wrist": {
        "x": 0.2840401530265808,
        "y": 0.5722500681877136,
        "z": -0.12500928342342377
    },
    "right_wrist": {
        "x": 0.35531654953956604,
        "y": 0.4970068037509918,
        "z": 0.17074401676654816
    },
    "left_pinky": {
        "x": 0.2795143127441406,
        "y": 0.5929889678955078,
        "z": -0.14211775362491608
    },
    "right_pinky": {
        "x": 0.3560754656791687,
        "y": 0.5160696506500244,
        "z": 0.18416331708431244
    },
    "left_index": {
        "x": 0.2768232226371765,
        "y": 0.5913349986076355,
        "z": -0.13206835091114044
    },
    "right_index": {
        "x": 0.35095420479774475,
        "y": 0.5227418541908264,
        "z": 0.1668897420167923
    },
    "left_thumb": {
        "x": 0.2801739573478699,
        "y": 0.5857326984405518,
        "z": -0.11860337108373642
    },
    "right_thumb": {
        "x": 0.3500603139400482,
        "y": 0.5172039866447449,
        "z": 0.162493497133255
    },
    "left_hip": {
        "x": 0.3471149206161499,
        "y": 0.5290689468383789,
        "z": -0.08935573697090149
    },
    "right_hip": {
        "x": 0.3775191009044647,
        "y": 0.5084330439567566,
        "z": 0.08913938701152802
    },
    "left_knee": {
        "x": 0.34500911831855774,
        "y": 0.6724913716316223,
        "z": 0.03199531510472298
    },
    "right_knee": {
        "x": 0.3624579608440399,
        "y": 0.6441325545310974,
        "z": 0.23779864609241486
    },
    "left_ankle": {
        "x": 0.3830746114253998,
        "y": 0.8000214099884033,
        "z": 0.14778241515159607
    },
    "right_ankle": {
        "x": 0.38483288884162903,
        "y": 0.7669355869293213,
        "z": 0.386093407869339
    },
    "left_heel": {
        "x": 0.3972187936306,
        "y": 0.8294476270675659,
        "z": 0.1583453118801117
    },
    "right_heel": {
        "x": 0.4006306529045105,
        "y": 0.790088951587677,
        "z": 0.4009743630886078
    },
    "left_foot_index": {
        "x": 0.3490636348724365,
        "y": 0.815453290939331,
        "z": 0.12667998671531677
    },
    "right_foot_index": {
        "x": 0.35693246126174927,
        "y": 0.7827702164649963,
        "z": 0.3809875547885895
    }
}