{
    "nose": {
        "x": 0.14742517471313477,
        "y": 0.4978075623512268,
        "z": 0.12478474527597427
    },
    "left_eye_inner": {
        "x": 0.14293357729911804,
        "y": 0.49653181433677673,
        "z": 0.10032720863819122
    },
    "left_eye": {
        "x": 0.14257840812206268,
        "y": 0.4976566731929779,
        "z": 0.10030195862054825
    },
    "left_eye_outer": {
        "x": 0.14204448461532593,
        "y": 0.4990663528442383,
        "z": 0.10029986500740051
    },
    "right_eye_inner": {
        "x": 0.1402059644460678,
        "y": 0.49300968647003174,
        "z": 0.11180201172828674
    },
    "right_eye": {
        "x": 0.13954593241214752,
        "y": 0.49025946855545044,
        "z": 0.11179766803979874
    },
    "right_eye_outer": {
        "x": 0.13894641399383545,
        "y": 0.4872855246067047,
        "z": 0.1116955578327179
    },
    "left_ear": {
        "x": 0.14371123909950256,
        "y": 0.49389001727104187,
        "z": 0.016611294820904732
    },
    "right_ear": {
        "x": 0.13847680389881134,
        "y": 0.47579482197761536,
        "z": 0.06936003267765045
    },
    "mouth_left": {
        "x": 0.15519073605537415,
        "y": 0.49676862359046936,
        "z": 0.10037419199943542
    },
    "mouth_right": {
        "x": 0.15379157662391663,
        "y": 0.4897499084472656,
        "z": 0.11539754271507263
    },
    "left_shoulder": {
        "x": 0.16737769544124603,
        "y": 0.5113136172294617,
        "z": -0.05757474899291992
    },
    "right_shoulder": {
        "x": 0.17501835525035858,
        "y": 0.41880667209625244,
        "z": 0.1152874156832695
    },
    "left_elbow": {
        "x": 0.19422344863414764,
        "y": 0.5945603847503662,
        "z": -0.04492205008864403
    },
    "right_elbow": {
        "x": 0.19620078802108765,
        "y": 0.44463226199150085,
        "z": 0.22442999482154846
    },
    "left_wrist": {
        "x": 0.20994490385055542,
        "y": 0.6791191101074219,
        "z": 0.06774773448705673
    },
    "right_wrist": {
        "x": 0.1850728988647461,
        "y": 0.5110659003257751,
        "z": 0.32499635219573975
    },
    "left_pinky": {
        "x": 0.21260923147201538,
        "y": 0.6966774463653564,
        "z": 0.06477590650320053
    },
    "right_pinky": {
        "x": 0.1802598536014557,
        "y": 0.5171619653701782,
        "z": 0.3485928475856781
    },
    "left_index": {
        "x": 0.20939354598522186,
        "y": 0.6955327391624451,
        "z": 0.07592711597681046
    },
    "right_index": {
        "x": 0.17736157774925232,
        "y": 0.5262656211853027,
        "z": 0.34353020787239075
    },
    "left_thumb": {
        "x": 0.20869772136211395,
        "y": 0.6894479393959045,
        "z": 0.07547931373119354
    },
    "right_thumb": {
        "x": 0.17946141958236694,
        "y": 0.5275888442993164,
        "z": 0.32549849152565
    },
    "left_hip": {
        "x": 0.2655486762523651,
        "y": 0.5075097680091858,
        "z": -0.0696936845779419
    },
    "right_hip": {
        "x": 0.2810724973678589,
        "y": 0.4671591818332672,
        "z": 0.06944706290960312
    },
    "left_knee": {
        "x": 0.2311471700668335,
        "y": 0.6020790338516235,
        "z": -0.010576861910521984
    },
    "right_knee": {
        "x": 0.2586165964603424,
        "y": 0.5756076574325562,
        "z": 0.1990121603012085
    },
    "left_ankle": {
        "x": 0.2764253318309784,
        "y": 0.7085762619972229,
        "z": 0.09377169609069824
    },
    "right_ankle": {
        "x": 0.2911936044692993,
        "y": 0.6788842678070068,
        "z": 0.3380897641181946
    },
    "left_heel": {
        "x": 0.2938305735588074,
        "y": 0.7180720567703247,
        "z": 0.10797321051359177
    },
    "right_heel": {
        "x": 0.30540576577186584,
        "y": 0.6927005052566528,
        "z": 0.35425740480422974
    },
    "left_foot_index": {
        "x": 0.25697416067123413,
        "y": 0.736070990562439,
        "z": 0.12202982604503632
    },
    "right_foot_index": {
        "x": 0.275143027305603,
        "y": 0.7015599608421326,
        "z": 0.3669716715812683
    }
}