{
    "nose": {
        "x": 0.706925630569458,
        "y": 0.5573598742485046,
        "z": 0.22315748035907745
    },
    "left_eye_inner": {
        "x": 0.7024586200714111,
        "y": 0.5537306070327759,
        "z": 0.20984958112239838
    },
    "left_eye": {
        "x": 0.701113760471344,
        "y": 0.5553366541862488,
        "z": 0.20984165370464325
    },
    "left_eye_outer": {
        "x": 0.6998102068901062,
        "y": 0.556876003742218,
        "z": 0.20985594391822815
    },
    "right_eye_inner": {
        "x": 0.7062299251556396,
        "y": 0.5492604970932007,
        "z": 0.21490877866744995
    },
    "right_eye": {
        "x": 0.7076133489608765,
        "y": 0.5476995706558228,
        "z": 0.21490056812763214
    },
    "right_eye_outer": {
        "x": 0.7089506387710571,
        "y": 0.5460771918296814,
        "z": 0.21485115587711334
    },
    "left_ear": {
        "x": 0.7001875042915344,
        "y": 0.5580019354820251,
        "z": 0.14939133822917938
    },
    "right_ear": {
        "x": 0.7124712467193604,
        "y": 0.5435804128646851,
        "z": 0.17358848452568054
    },
    "mouth_left": {
        "x": 0.707267165184021,
        "y": 0.5638623833656311,
        "z": 0.20220090448856354
    },
    "mouth_right": {
        "x": 0.7120228409767151,
        "y": 0.55690997838974,
        "z": 0.2095651477575302
    },
    "left_shoulder": {
        "x": 0.7017508149147034,
        "y": 0.6022729277610779,
        "z": 0.10186617821455002
    },
    "right_shoulder": {
        "x": 0.7539066076278687,
        "y": 0.5488145351409912,
        "z": 0.11788144707679749
    },
    "left_elbow": {
        "x": 0.7131956219673157,
        "y": 0.6731335520744324,
        "z": 0.028928197920322418
    },
    "right_elbow": {
        "x": 0.7919366359710693,
        "y": 0.6068249344825745,
        "z": 0.07045405358076096
    },
    "left_wrist": {
        "x": 0.7185668349266052,
        "y": 0.6590406894683838,
        "z": -0.006057607010006905
    },
    "right_wrist": {
        "x": 0.7877359986305237,
        "y": 0.6431777477264404,
        "z": 0.0462077334523201
    },
    "left_pinky": {
        "x": 0.7166961431503296,
        "y": 0.6567359566688538,
        "z": -0.0034444101620465517
    },
    "right_pinky": {
        "x": 0.7859545350074768,
        "y": 0.6481201648712158,
        "z": 0.051973115652799606
    },
    "left_index": {
        "x": 0.7224676012992859,
        "y": 0.64537513256073,
        "z": 0.00858059898018837
    },
    "right_index": {
        "x": 0.7791875600814819,
        "y": 0.6549910306930542,
        "z": 0.05632638558745384
    },
    "left_thumb": {
        "x": 0.7245644330978394,
        "y": 0.6471335887908936,
        "z": -0.00024964584736153483
    },
    "right_thumb": {
        "x": 0.779143214225769,
        "y": 0.6552709341049194,
        "z": 0.047833219170570374
    },
    "left_hip": {
        "x": 0.7456985712051392,
        "y": 0.7009432911872864,
        "z": 0.0013403651537373662
    },
    "right_hip": {
        "x": 0.7822434902191162,
        "y": 0.6854922771453857,
        "z": -0.0018698601052165031
    },
    "left_knee": {
        "x": 0.7302877306938171,
        "y": 0.7487956285476685,
        "z": 0.104956716299057
    },
    "right_knee": {
        "x": 0.7843729257583618,
        "y": 0.7548237442970276,
        "z": 0.08295835554599762
    },
    "left_ankle": {
        "x": 0.7663776874542236,
        "y": 0.7863765358924866,
        "z": -0.23053020238876343
    },
    "right_ankle": {
        "x": 0.789226233959198,
        "y": 0.8212540745735168,
        "z": -0.25129029154777527
    },
    "left_heel": {
        "x": 0.770972490310669,
        "y": 0.7846099138259888,
        "z": -0.2656841576099396
    },
    "right_heel": {
        "x": 0.7837275862693787,
        "y": 0.8060598373413086,
        "z": -0.28602614998817444
    },
    "left_foot_index": {
        "x": 0.7741460204124451,
        "y": 0.8380470275878906,
        "z": -0.26794567704200745
    },
    "right_foot_index": {
        "x": 0.8024184703826904,
        "y": 0.8754377365112305,
        "z": -0.2998702824115753
    }
}