{
    "nose": {
        "x": 0.7072751522064209,
        "y": 0.5556963682174683,
        "z": 0.19908003509044647
    },
    "left_eye_inner": {
        "x": 0.7027892470359802,
        "y": 0.5523603558540344,
        "z": 0.18503990769386292
    },
    "left_eye": {
        "x": 0.7015941143035889,
        "y": 0.5539000630378723,
        "z": 0.18504546582698822
    },
    "left_eye_outer": {
        "x": 0.7002457976341248,
        "y": 0.5555915832519531,
        "z": 0.18507331609725952
    },
    "right_eye_inner": {
        "x": 0.7063461542129517,
        "y": 0.5478986501693726,
        "z": 0.18852299451828003
    },
    "right_eye": {
        "x": 0.7076372504234314,
        "y": 0.5463669300079346,
        "z": 0.18849386274814606
    },
    "right_eye_outer": {
        "x": 0.7088852524757385,
        "y": 0.5447297692298889,
        "z": 0.1884346902370453
    },
    "left_ear": {
        "x": 0.7006264328956604,
        "y": 0.5572007894515991,
        "z": 0.12704400718212128
    },
    "right_ear": {
        "x": 0.7122587561607361,
        "y": 0.5425225496292114,
        "z": 0.14353013038635254
    },
    "mouth_left": {
        "x": 0.7077620625495911,
        "y": 0.5617017149925232,
        "z": 0.17966489493846893
    },
    "mouth_right": {
        "x": 0.7122012376785278,
        "y": 0.5555135011672974,
        "z": 0.18470248579978943
    },
    "left_shoulder": {
        "x": 0.7019482254981995,
        "y": 0.6021955013275146,
        "z": 0.08597813546657562
    },
    "right_shoulder": {
        "x": 0.7536503672599792,
        "y": 0.5476587414741516,
        "z": 0.09576327353715897
    },
    "left_elbow": {
        "x": 0.7129696011543274,
        "y": 0.6736047267913818,
        "z": 0.03665162995457649
    },
    "right_elbow": {
        "x": 0.7899091243743896,
        "y": 0.6037209630012512,
        "z": 0.07464396953582764
    },
    "left_wrist": {
        "x": 0.7156019806861877,
        "y": 0.6430108547210693,
        "z": 0.02989252842962742
    },
    "right_wrist": {
        "x": 0.7791993021965027,
        "y": 0.6241335272789001,
        "z": 0.0827316865324974
    },
    "left_pinky": {
        "x": 0.7138288617134094,
        "y": 0.6364368796348572,
        "z": 0.03593752905726433
    },
    "right_pinky": {
        "x": 0.7760240435600281,
        "y": 0.6255460977554321,
        "z": 0.09383507072925568
    },
    "left_index": {
        "x": 0.7185628414154053,
        "y": 0.626093327999115,
        "z": 0.04631157964468002
    },
    "right_index": {
        "x": 0.7697913646697998,
        "y": 0.6310408711433411,
        "z": 0.0966937243938446
    },
    "left_thumb": {
        "x": 0.7203373908996582,
        "y": 0.6293824911117554,
        "z": 0.03566649183630943
    },
    "right_thumb": {
        "x": 0.7704278826713562,
        "y": 0.6325352191925049,
        "z": 0.08526160567998886
    },
    "left_hip": {
        "x": 0.7467108368873596,
        "y": 0.7005873918533325,
        "z": -0.0016428377712145448
    },
    "right_hip": {
        "x": 0.7816150784492493,
        "y": 0.6857214570045471,
        "z": 0.0011271740077063441
    },
    "left_knee": {
        "x": 0.7245736718177795,
        "y": 0.7457441091537476,
        "z": 0.10159502178430557
    },
    "right_knee": {
        "x": 0.7726906538009644,
        "y": 0.7393265962600708,
        "z": 0.0740002989768982
    },
    "left_ankle": {
        "x": 0.7654291391372681,
        "y": 0.786169707775116,
        "z": -0.2101660519838333
    },
    "right_ankle": {
        "x": 0.7798271179199219,
        "y": 0.8130312561988831,
        "z": -0.23713628947734833
    },
    "left_heel": {
        "x": 0.7723211646080017,
        "y": 0.7829576730728149,
        "z": -0.24197982251644135
    },
    "right_heel": {
        "x": 0.7807058095932007,
        "y": 0.8027632832527161,
        "z": -0.2688031792640686
    },
    "left_foot_index": {
        "x": 0.7730468511581421,
        "y": 0.8397606611251831,
        "z": -0.23731747269630432
    },
    "right_foot_index": {
        "x": 0.7904598712921143,
        "y": 0.864939272403717,
        "z": -0.2811112701892853
    }
}