{
    "nose": {
        "x": 0.25566762685775757,
        "y": 0.39337682723999023,
        "z": -0.19136960804462433
    },
    "left_eye_inner": {
        "x": 0.2590045928955078,
        "y": 0.3797019422054291,
        "z": -0.18455718457698822
    },
    "left_eye": {
        "x": 0.2590614855289459,
        "y": 0.379189670085907,
        "z": -0.18458612263202667
    },
    "left_eye_outer": {
        "x": 0.25904688239097595,
        "y": 0.3787047266960144,
        "z": -0.1846134513616562
    },
    "right_eye_inner": {
        "x": 0.2559913992881775,
        "y": 0.37710025906562805,
        "z": -0.21229401230812073
    },
    "right_eye": {
        "x": 0.25375235080718994,
        "y": 0.37449946999549866,
        "z": -0.2122984379529953
    },
    "right_eye_outer": {
        "x": 0.2512737512588501,
        "y": 0.3716014623641968,
        "z": -0.21232357621192932
    },
    "left_ear": {
        "x": 0.24808605015277863,
        "y": 0.3700888454914093,
        "z": -0.12908558547496796
    },
    "right_ear": {
        "x": 0.2376115918159485,
        "y": 0.360324889421463,
        "z": -0.2558116614818573
    },
    "mouth_left": {
        "x": 0.24796226620674133,
        "y": 0.40009012818336487,
        "z": -0.1658068597316742
    },
    "mouth_right": {
        "x": 0.242790088057518,
        "y": 0.39635172486305237,
        "z": -0.20266525447368622
    },
    "left_shoulder": {
        "x": 0.23080268502235413,
        "y": 0.408618301153183,
        "z": -0.05941873416304588
    },
    "right_shoulder": {
        "x": 0.18336781859397888,
        "y": 0.41296884417533875,
        "z": -0.25354933738708496
    },
    "left_elbow": {
        "x": 0.23010040819644928,
        "y": 0.4923544228076935,
        "z": 0.023659272119402885
    },
    "right_elbow": {
        "x": 0.1654185801744461,
        "y": 0.5465731024742126,
        "z": -0.26088282465934753
    },
    "left_wrist": {
        "x": 0.23894335329532623,
        "y": 0.5628882646560669,
        "z": 0.001483928062953055
    },
    "right_wrist": {
        "x": 0.17612236738204956,
        "y": 0.6465639472007751,
        "z": -0.260643869638443
    },
    "left_pinky": {
        "x": 0.2464464008808136,
        "y": 0.578407883644104,
        "z": -0.004521893337368965
    },
    "right_pinky": {
        "x": 0.17846059799194336,
        "y": 0.6777886152267456,
        "z": -0.28500014543533325
    },
    "left_index": {
        "x": 0.2473258376121521,
        "y": 0.5790292024612427,
        "z": -0.027130814269185066
    },
    "right_index": {
        "x": 0.18761491775512695,
        "y": 0.6723500490188599,
        "z": -0.2922248840332031
    },
    "left_thumb": {
        "x": 0.2439272105693817,
        "y": 0.5749086737632751,
        "z": -0.009000771678984165
    },
    "right_thumb": {
        "x": 0.18790873885154724,
        "y": 0.6621672511100769,
        "z": -0.2625574469566345
    },
    "left_hip": {
        "x": 0.20220965147018433,
        "y": 0.5959802269935608,
        "z": 0.050490595400333405
    },
    "right_hip": {
        "x": 0.16623027622699738,
        "y": 0.6070216298103333,
        "z": -0.05047469213604927
    },
    "left_knee": {
        "x": 0.23118804395198822,
        "y": 0.7105361819267273,
        "z": 0.08126252889633179
    },
    "right_knee": {
        "x": 0.19306296110153198,
        "y": 0.7199897766113281,
        "z": -0.011625733226537704
    },
    "left_ankle": {
        "x": 0.2398267239332199,
        "y": 0.840728223323822,
        "z": 0.200306236743927
    },
    "right_ankle": {
        "x": 0.1915617138147354,
        "y": 0.8438759446144104,
        "z": 0.12493853271007538
    },
    "left_heel": {
        "x": 0.23271837830543518,
        "y": 0.859596848487854,
        "z": 0.20853248238563538
    },
    "right_heel": {
        "x": 0.1872672438621521,
        "y": 0.8583202362060547,
        "z": 0.13482622802257538
    },
    "left_foot_index": {
        "x": 0.26448971033096313,
        "y": 0.8837299346923828,
        "z": 0.15327264368534088
    },
    "right_foot_index": {
        "x": 0.2163425236940384,
        "y": 0.8881122469902039,
        "z": 0.06579264998435974
    }
}