{
    "nose": {
        "x": 0.38465040922164917,
        "y": 0.4547933340072632,
        "z": -0.3518734276294708
    },
    "left_eye_inner": {
        "x": 0.38914430141448975,
        "y": 0.44070953130722046,
        "z": -0.3480064272880554
    },
    "left_eye": {
        "x": 0.39018094539642334,
        "y": 0.43916603922843933,
        "z": -0.3480226397514343
    },
    "left_eye_outer": {
        "x": 0.3913213610649109,
        "y": 0.437511146068573,
        "z": -0.3481209874153137
    },
    "right_eye_inner": {
        "x": 0.38408222794532776,
        "y": 0.4408172369003296,
        "z": -0.3715534508228302
    },
    "right_eye": {
        "x": 0.3814673125743866,
        "y": 0.4393368363380432,
        "z": -0.37165915966033936
    },
    "right_eye_outer": {
        "x": 0.37880831956863403,
        "y": 0.43770626187324524,
        "z": -0.37169206142425537
    },
    "left_ear": {
        "x": 0.3833369016647339,
        "y": 0.425150990486145,
        "z": -0.28707820177078247
    },
    "right_ear": {
        "x": 0.36546096205711365,
        "y": 0.42400139570236206,
        "z": -0.3924030065536499
    },
    "mouth_left": {
        "x": 0.38045090436935425,
        "y": 0.4598357081413269,
        "z": -0.32202017307281494
    },
    "mouth_right": {
        "x": 0.3753412365913391,
        "y": 0.45849111676216125,
        "z": -0.3528629243373871
    },
    "left_shoulder": {
        "x": 0.3748919367790222,
        "y": 0.44486626982688904,
        "z": -0.18911999464035034
    },
    "right_shoulder": {
        "x": 0.30745720863342285,
        "y": 0.47554630041122437,
        "z": -0.361505389213562
    },
    "left_elbow": {
        "x": 0.3683105707168579,
        "y": 0.5443088412284851,
        "z": -0.07361149787902832
    },
    "right_elbow": {
        "x": 0.28475818037986755,
        "y": 0.6040766835212708,
        "z": -0.3459171950817108
    },
    "left_wrist": {
        "x": 0.37637728452682495,
        "y": 0.6292696595191956,
        "z": -0.04980209469795227
    },
    "right_wrist": {
        "x": 0.296676367521286,
        "y": 0.7094518542289734,
        "z": -0.3378433883190155
    },
    "left_pinky": {
        "x": 0.3855538070201874,
        "y": 0.6455320119857788,
        "z": -0.049550604075193405
    },
    "right_pinky": {
        "x": 0.29751870036125183,
        "y": 0.7392987012863159,
        "z": -0.3654042184352875
    },
    "left_index": {
        "x": 0.3840543031692505,
        "y": 0.6480053663253784,
        "z": -0.07384030520915985
    },
    "right_index": {
        "x": 0.309673547744751,
        "y": 0.733354926109314,
        "z": -0.3722272217273712
    },
    "left_thumb": {
        "x": 0.37944018840789795,
        "y": 0.6436212062835693,
        "z": -0.058509089052677155
    },
    "right_thumb": {
        "x": 0.3098886013031006,
        "y": 0.725670576095581,
        "z": -0.34006232023239136
    },
    "left_hip": {
        "x": 0.32280978560447693,
        "y": 0.6015446186065674,
        "z": 0.05351581424474716
    },
    "right_hip": {
        "x": 0.27793216705322266,
        "y": 0.6192901730537415,
        "z": -0.053534530103206635
    },
    "left_knee": {
        "x": 0.3474525511264801,
        "y": 0.7382797002792358,
        "z": 0.07874248176813126
    },
    "right_knee": {
        "x": 0.293243944644928,
        "y": 0.7499773502349854,
        "z": -0.0005328760016709566
    },
    "left_ankle": {
        "x": 0.3434006869792938,
        "y": 0.8363718390464783,
        "z": 0.2620093524456024
    },
    "right_ankle": {
        "x": 0.2831147015094757,
        "y": 0.8750945925712585,
        "z": 0.15480928122997284
    },
    "left_heel": {
        "x": 0.33331581950187683,
        "y": 0.8488892316818237,
        "z": 0.27896344661712646
    },
    "right_heel": {
        "x": 0.2759644091129303,
        "y": 0.8872061967849731,
        "z": 0.16756612062454224
    },
    "left_foot_index": {
        "x": 0.3655797243118286,
        "y": 0.8978543877601624,
        "z": 0.2521956264972687
    },
    "right_foot_index": {
        "x": 0.30885615944862366,
        "y": 0.9320695400238037,
        "z": 0.11263342946767807
    }
}