{
    "nose": {
        "x": 0.44912269711494446,
        "y": 0.4634995460510254,
        "z": -0.24713705480098724
    },
    "left_eye_inner": {
        "x": 0.4525443911552429,
        "y": 0.450672447681427,
        "z": -0.24244184792041779
    },
    "left_eye": {
        "x": 0.4524306058883667,
        "y": 0.44901397824287415,
        "z": -0.2425033152103424
    },
    "left_eye_outer": {
        "x": 0.4523744285106659,
        "y": 0.44745633006095886,
        "z": -0.24264708161354065
    },
    "right_eye_inner": {
        "x": 0.44994819164276123,
        "y": 0.45145219564437866,
        "z": -0.2684168517589569
    },
    "right_eye": {
        "x": 0.44814833998680115,
        "y": 0.4502677619457245,
        "z": -0.2685122489929199
    },
    "right_eye_outer": {
        "x": 0.44634637236595154,
        "y": 0.44910839200019836,
        "z": -0.268554151058197
    },
    "left_ear": {
        "x": 0.43857529759407043,
        "y": 0.4371969401836395,
        "z": -0.19434808194637299
    },
    "right_ear": {
        "x": 0.42979294061660767,
        "y": 0.43612462282180786,
        "z": -0.31069183349609375
    },
    "mouth_left": {
        "x": 0.4400116801261902,
        "y": 0.46929028630256653,
        "z": -0.22279267013072968
    },
    "mouth_right": {
        "x": 0.4364653527736664,
        "y": 0.4688269793987274,
        "z": -0.2567148208618164
    },
    "left_shoulder": {
        "x": 0.40860602259635925,
        "y": 0.469609797000885,
        "z": -0.09984016418457031
    },
    "right_shoulder": {
        "x": 0.3644976019859314,
        "y": 0.5001474618911743,
        "z": -0.31739819049835205
    },
    "left_elbow": {
        "x": 0.3978213369846344,
        "y": 0.5751966238021851,
        "z": 0.003352300263941288
    },
    "right_elbow": {
        "x": 0.33317404985427856,
        "y": 0.636013925075531,
        "z": -0.305678129196167
    },
    "left_wrist": {
        "x": 0.4119455814361572,
        "y": 0.6608057022094727,
        "z": 0.02634393610060215
    },
    "right_wrist": {
        "x": 0.3432543873786926,
        "y": 0.7490120530128479,
        "z": -0.2879579961299896
    },
    "left_pinky": {
        "x": 0.422585666179657,
        "y": 0.6805420517921448,
        "z": 0.028746100142598152
    },
    "right_pinky": {
        "x": 0.342497318983078,
        "y": 0.7780923843383789,
        "z": -0.31716400384902954
    },
    "left_index": {
        "x": 0.4217907786369324,
        "y": 0.6809231042861938,
        "z": 0.004093497060239315
    },
    "right_index": {
        "x": 0.35451021790504456,
        "y": 0.7734487056732178,
        "z": -0.32111069560050964
    },
    "left_thumb": {
        "x": 0.4171220064163208,
        "y": 0.6766585111618042,
        "z": 0.01667075976729393
    },
    "right_thumb": {
        "x": 0.3553529977798462,
        "y": 0.7658663988113403,
        "z": -0.2894608974456787
    },
    "left_hip": {
        "x": 0.34823471307754517,
        "y": 0.6192092895507812,
        "z": 0.05971749126911163
    },
    "right_hip": {
        "x": 0.31350675225257874,
        "y": 0.6447498202323914,
        "z": -0.05969058349728584
    },
    "left_knee": {
        "x": 0.3644391894340515,
        "y": 0.7736055254936218,
        "z": 0.0961768627166748
    },
    "right_knee": {
        "x": 0.34870755672454834,
        "y": 0.7905674576759338,
        "z": -0.008178717456758022
    },
    "left_ankle": {
        "x": 0.34727925062179565,
        "y": 0.8898219466209412,
        "z": 0.2512611150741577
    },
    "right_ankle": {
        "x": 0.33535680174827576,
        "y": 0.9185373783111572,
        "z": 0.14595083892345428
    },
    "left_heel": {
        "x": 0.3349057137966156,
        "y": 0.9020575881004333,
        "z": 0.2660600543022156
    },
    "right_heel": {
        "x": 0.32234418392181396,
        "y": 0.9349005818367004,
        "z": 0.16089867055416107
    },
    "left_foot_index": {
        "x": 0.3755267262458801,
        "y": 0.9539792537689209,
        "z": 0.25014567375183105
    },
    "right_foot_index": {
        "x": 0.3632045090198517,
        "y": 0.9722402691841125,
        "z": 0.13250373303890228
    }
}