{
    "nose": {
        "x": 0.49005135893821716,
        "y": 0.17502520978450775,
        "z": -0.45198315382003784
    },
    "left_eye_inner": {
        "x": 0.49183809757232666,
        "y": 0.1631503701210022,
        "z": -0.4393017888069153
    },
    "left_eye": {
        "x": 0.4921180009841919,
        "y": 0.16201813519001007,
        "z": -0.43933066725730896
    },
    "left_eye_outer": {
        "x": 0.4924279749393463,
        "y": 0.1607665866613388,
        "z": -0.43946242332458496
    },
    "right_eye_inner": {
        "x": 0.48896297812461853,
        "y": 0.16324907541275024,
        "z": -0.46122294664382935
    },
    "right_eye": {
        "x": 0.48699212074279785,
        "y": 0.16218344867229462,
        "z": -0.46128571033477783
    },
    "right_eye_outer": {
        "x": 0.4849187731742859,
        "y": 0.16092056035995483,
        "z": -0.4613755941390991
    },
    "left_ear": {
        "x": 0.4837201237678528,
        "y": 0.1531635969877243,
        "z": -0.3341059982776642
    },
    "right_ear": {
        "x": 0.4737465977668762,
        "y": 0.15366075932979584,
        "z": -0.430909126996994
    },
    "mouth_left": {
        "x": 0.4859864413738251,
        "y": 0.18128205835819244,
        "z": -0.40616339445114136
    },
    "mouth_right": {
        "x": 0.481794536113739,
        "y": 0.18016590178012848,
        "z": -0.4345727562904358
    },
    "left_shoulder": {
        "x": 0.477417916059494,
        "y": 0.17194800078868866,
        "z": -0.1882953643798828
    },
    "right_shoulder": {
        "x": 0.4332239627838135,
        "y": 0.20501455664634705,
        "z": -0.37676092982292175
    },
    "left_elbow": {
        "x": 0.4783586263656616,
        "y": 0.22895178198814392,
        "z": -0.041726626455783844
    },
    "right_elbow": {
        "x": 0.4352450668811798,
        "y": 0.30755943059921265,
        "z": -0.38579073548316956
    },
    "left_wrist": {
        "x": 0.4934656023979187,
        "y": 0.26970720291137695,
        "z": -0.047657452523708344
    },
    "right_wrist": {
        "x": 0.482504665851593,
        "y": 0.36809036135673523,
        "z": -0.43755996227264404
    },
    "left_pinky": {
        "x": 0.5009484887123108,
        "y": 0.2749158442020416,
        "z": -0.058066416531801224
    },
    "right_pinky": {
        "x": 0.4929589331150055,
        "y": 0.3855743110179901,
        "z": -0.4819488525390625
    },
    "left_index": {
        "x": 0.501209020614624,
        "y": 0.27517154812812805,
        "z": -0.08642008900642395
    },
    "right_index": {
        "x": 0.4970458745956421,
        "y": 0.37869521975517273,
        "z": -0.48949283361434937
    },
    "left_thumb": {
        "x": 0.4967796206474304,
        "y": 0.2736359238624573,
        "z": -0.0594489686191082
    },
    "right_thumb": {
        "x": 0.49432599544525146,
        "y": 0.37315618991851807,
        "z": -0.4409433603286743
    },
    "left_hip": {
        "x": 0.4418557286262512,
        "y": 0.319566547870636,
        "z": 0.04408932849764824
    },
    "right_hip": {
        "x": 0.415892094373703,
        "y": 0.3367983400821686,
        "z": -0.044107332825660706
    },
    "left_knee": {
        "x": 0.4688127040863037,
        "y": 0.41072604060173035,
        "z": 0.13780993223190308
    },
    "right_knee": {
        "x": 0.41768431663513184,
        "y": 0.4380875527858734,
        "z": 0.09478317946195602
    },
    "left_ankle": {
        "x": 0.45314159989356995,
        "y": 0.49204742908477783,
        "z": 0.38445332646369934
    },
    "right_ankle": {
        "x": 0.4013221859931946,
        "y": 0.5148603320121765,
        "z": 0.33941709995269775
    },
    "left_heel": {
        "x": 0.44533127546310425,
        "y": 0.4999026656150818,
        "z": 0.4084577262401581
    },
    "right_heel": {
        "x": 0.39352643489837646,
        "y": 0.5263484120368958,
        "z": 0.36262446641921997
    },
    "left_foot_index": {
        "x": 0.4685909152030945,
        "y": 0.5318634510040283,
        "z": 0.36254891753196716
    },
    "right_foot_index": {
        "x": 0.41125357151031494,
        "y": 0.5524964928627014,
        "z": 0.29572755098342896
    }
}