{
    "nose": {
        "x": 0.5106907486915588,
        "y": 0.2607686221599579,
        "z": -0.33666884899139404
    },
    "left_eye_inner": {
        "x": 0.515105128288269,
        "y": 0.2482963502407074,
        "z": -0.3214920163154602
    },
    "left_eye": {
        "x": 0.5175417065620422,
        "y": 0.2486737072467804,
        "z": -0.32156503200531006
    },
    "left_eye_outer": {
        "x": 0.5197219252586365,
        "y": 0.24863624572753906,
        "z": -0.3216715157032013
    },
    "right_eye_inner": {
        "x": 0.5072759985923767,
        "y": 0.2458401769399643,
        "z": -0.3274693191051483
    },
    "right_eye": {
        "x": 0.504299521446228,
        "y": 0.24463723599910736,
        "z": -0.3275150954723358
    },
    "right_eye_outer": {
        "x": 0.5014128088951111,
        "y": 0.2433103621006012,
        "z": -0.327549546957016
    },
    "left_ear": {
        "x": 0.5217067003250122,
        "y": 0.2483007311820984,
        "z": -0.20383258163928986
    },
    "right_ear": {
        "x": 0.4960106909275055,
        "y": 0.24179746210575104,
        "z": -0.22792671620845795
    },
    "mouth_left": {
        "x": 0.5132678747177124,
        "y": 0.2738892436027527,
        "z": -0.2888638377189636
    },
    "mouth_right": {
        "x": 0.5041818022727966,
        "y": 0.2712949514389038,
        "z": -0.2958340048789978
    },
    "left_shoulder": {
        "x": 0.534877598285675,
        "y": 0.2873900234699249,
        "z": -0.07674680650234222
    },
    "right_shoulder": {
        "x": 0.4696826934814453,
        "y": 0.2824719250202179,
        "z": -0.16858133673667908
    },
    "left_elbow": {
        "x": 0.5487768054008484,
        "y": 0.37002766132354736,
        "z": -0.09710590541362762
    },
    "right_elbow": {
        "x": 0.45005932450294495,
        "y": 0.35499972105026245,
        "z": -0.20645661652088165
    },
    "left_wrist": {
        "x": 0.5273389220237732,
        "y": 0.3874136805534363,
        "z": -0.2662542760372162
    },
    "right_wrist": {
        "x": 0.48224952816963196,
        "y": 0.39382389187812805,
        "z": -0.30533480644226074
    },
    "left_pinky": {
        "x": 0.5222987532615662,
        "y": 0.40211737155914307,
        "z": -0.3052499294281006
    },
    "right_pinky": {
        "x": 0.4923561215400696,
        "y": 0.40383875370025635,
        "z": -0.33810755610466003
    },
    "left_index": {
        "x": 0.5184083580970764,
        "y": 0.38736775517463684,
        "z": -0.30974826216697693
    },
    "right_index": {
        "x": 0.4969416558742523,
        "y": 0.39076414704322815,
        "z": -0.3465893268585205
    },
    "left_thumb": {
        "x": 0.5185775756835938,
        "y": 0.38059136271476746,
        "z": -0.2724320888519287
    },
    "right_thumb": {
        "x": 0.49412572383880615,
        "y": 0.3862331509590149,
        "z": -0.3087155520915985
    },
    "left_hip": {
        "x": 0.4931252598762512,
        "y": 0.43516623973846436,
        "z": 0.02989795245230198
    },
    "right_hip": {
        "x": 0.45506659150123596,
        "y": 0.42326733469963074,
        "z": -0.02976403385400772
    },
    "left_knee": {
        "x": 0.5220557451248169,
        "y": 0.5464982986450195,
        "z": -0.08372809737920761
    },
    "right_knee": {
        "x": 0.48151475191116333,
        "y": 0.5162051916122437,
        "z": -0.12334375083446503
    },
    "left_ankle": {
        "x": 0.4999406039714813,
        "y": 0.6769481301307678,
        "z": -0.010022593662142754
    },
    "right_ankle": {
        "x": 0.4774952828884125,
        "y": 0.6504815220832825,
        "z": -0.03121887519955635
    },
    "left_heel": {
        "x": 0.49069511890411377,
        "y": 0.6883841753005981,
        "z": -0.006392225157469511
    },
    "right_heel": {
        "x": 0.4718629717826843,
        "y": 0.6640186309814453,
        "z": -0.023090850561857224
    },
    "left_foot_index": {
        "x": 0.5088388919830322,
        "y": 0.7338234186172485,
        "z": -0.08622166514396667
    },
    "right_foot_index": {
        "x": 0.49502089619636536,
        "y": 0.7109819650650024,
        "z": -0.10281587392091751
    }
}