{
    "nose": {
        "x": 0.5148226618766785,
        "y": 0.2744418978691101,
        "z": -0.399321973323822
    },
    "left_eye_inner": {
        "x": 0.518734335899353,
        "y": 0.2627533972263336,
        "z": -0.3895932137966156
    },
    "left_eye": {
        "x": 0.520561158657074,
        "y": 0.2625311017036438,
        "z": -0.3896598517894745
    },
    "left_eye_outer": {
        "x": 0.522345781326294,
        "y": 0.26221853494644165,
        "z": -0.389786034822464
    },
    "right_eye_inner": {
        "x": 0.5123891830444336,
        "y": 0.26089799404144287,
        "z": -0.394118070602417
    },
    "right_eye": {
        "x": 0.5095522999763489,
        "y": 0.2591681182384491,
        "z": -0.3941699266433716
    },
    "right_eye_outer": {
        "x": 0.5066730976104736,
        "y": 0.25719714164733887,
        "z": -0.3942139744758606
    },
    "left_ear": {
        "x": 0.5229957103729248,
        "y": 0.2588319182395935,
        "z": -0.285453736782074
    },
    "right_ear": {
        "x": 0.49977824091911316,
        "y": 0.2507740259170532,
        "z": -0.3043103814125061
    },
    "mouth_left": {
        "x": 0.5157226920127869,
        "y": 0.2835600674152374,
        "z": -0.3551945984363556
    },
    "mouth_right": {
        "x": 0.508604884147644,
        "y": 0.28175392746925354,
        "z": -0.36077553033828735
    },
    "left_shoulder": {
        "x": 0.5349234938621521,
        "y": 0.2933058738708496,
        "z": -0.17180031538009644
    },
    "right_shoulder": {
        "x": 0.4691436290740967,
        "y": 0.288230299949646,
        "z": -0.21655933558940887
    },
    "left_elbow": {
        "x": 0.5355936884880066,
        "y": 0.37972337007522583,
        "z": -0.1564929187297821
    },
    "right_elbow": {
        "x": 0.4340011477470398,
        "y": 0.3537675142288208,
        "z": -0.1990516632795334
    },
    "left_wrist": {
        "x": 0.5454025268554688,
        "y": 0.4435892701148987,
        "z": -0.26814332604408264
    },
    "right_wrist": {
        "x": 0.4339786171913147,
        "y": 0.428251713514328,
        "z": -0.2526661455631256
    },
    "left_pinky": {
        "x": 0.5513756275177002,
        "y": 0.46037647128105164,
        "z": -0.29602953791618347
    },
    "right_pinky": {
        "x": 0.433879554271698,
        "y": 0.44706791639328003,
        "z": -0.27585458755493164
    },
    "left_index": {
        "x": 0.5502932667732239,
        "y": 0.45987850427627563,
        "z": -0.31886351108551025
    },
    "right_index": {
        "x": 0.4391229748725891,
        "y": 0.4425390958786011,
        "z": -0.29804348945617676
    },
    "left_thumb": {
        "x": 0.5454031825065613,
        "y": 0.4538082480430603,
        "z": -0.28065311908721924
    },
    "right_thumb": {
        "x": 0.4439440965652466,
        "y": 0.4345890283584595,
        "z": -0.2619466483592987
    },
    "left_hip": {
        "x": 0.49888476729393005,
        "y": 0.435930997133255,
        "z": 0.01676604337990284
    },
    "right_hip": {
        "x": 0.46324622631073,
        "y": 0.4240950644016266,
        "z": -0.016627570614218712
    },
    "left_knee": {
        "x": 0.4892960488796234,
        "y": 0.5558853149414062,
        "z": -0.07354892790317535
    },
    "right_knee": {
        "x": 0.4636189937591553,
        "y": 0.5281299352645874,
        "z": -0.10984794795513153
    },
    "left_ankle": {
        "x": 0.47413352131843567,
        "y": 0.6803971529006958,
        "z": 0.04120262712240219
    },
    "right_ankle": {
        "x": 0.4502979516983032,
        "y": 0.6455042362213135,
        "z": 0.02812160924077034
    },
    "left_heel": {
        "x": 0.46803829073905945,
        "y": 0.6950427293777466,
        "z": 0.04677300155162811
    },
    "right_heel": {
        "x": 0.44579413533210754,
        "y": 0.6602032780647278,
        "z": 0.037739261984825134
    },
    "left_foot_index": {
        "x": 0.47814854979515076,
        "y": 0.7263544201850891,
        "z": -0.058343905955553055
    },
    "right_foot_index": {
        "x": 0.4575801491737366,
        "y": 0.6907892823219299,
        "z": -0.0716061219573021
    }
}