{
    "nose": {
        "x": 0.5108183026313782,
        "y": 0.2526559829711914,
        "z": -0.33991026878356934
    },
    "left_eye_inner": {
        "x": 0.5140038132667542,
        "y": 0.24102702736854553,
        "z": -0.3296778202056885
    },
    "left_eye": {
        "x": 0.5161241888999939,
        "y": 0.24061094224452972,
        "z": -0.32971999049186707
    },
    "left_eye_outer": {
        "x": 0.5180656313896179,
        "y": 0.239860400557518,
        "z": -0.3298015594482422
    },
    "right_eye_inner": {
        "x": 0.5076137781143188,
        "y": 0.23973646759986877,
        "z": -0.333861768245697
    },
    "right_eye": {
        "x": 0.5047639608383179,
        "y": 0.2384398728609085,
        "z": -0.33388829231262207
    },
    "right_eye_outer": {
        "x": 0.5019479990005493,
        "y": 0.2369624674320221,
        "z": -0.3338838815689087
    },
    "left_ear": {
        "x": 0.5195895433425903,
        "y": 0.2368774712085724,
        "z": -0.22719058394432068
    },
    "right_ear": {
        "x": 0.49608543515205383,
        "y": 0.23262201249599457,
        "z": -0.244808629155159
    },
    "mouth_left": {
        "x": 0.512603759765625,
        "y": 0.2620542645454407,
        "z": -0.2968975603580475
    },
    "mouth_right": {
        "x": 0.5058481693267822,
        "y": 0.26148849725723267,
        "z": -0.3020387291908264
    },
    "left_shoulder": {
        "x": 0.5316004753112793,
        "y": 0.2746780812740326,
        "z": -0.1262897253036499
    },
    "right_shoulder": {
        "x": 0.46781501173973083,
        "y": 0.27621790766716003,
        "z": -0.1675211787223816
    },
    "left_elbow": {
        "x": 0.5523346066474915,
        "y": 0.3291112184524536,
        "z": -0.16629040241241455
    },
    "right_elbow": {
        "x": 0.42883625626564026,
        "y": 0.33779585361480713,
        "z": -0.20072421431541443
    },
    "left_wrist": {
        "x": 0.5563355088233948,
        "y": 0.3651692271232605,
        "z": -0.3501180410385132
    },
    "right_wrist": {
        "x": 0.4675410985946655,
        "y": 0.37288230657577515,
        "z": -0.3282463550567627
    },
    "left_pinky": {
        "x": 0.5631129145622253,
        "y": 0.3843129575252533,
        "z": -0.39520251750946045
    },
    "right_pinky": {
        "x": 0.4744281470775604,
        "y": 0.3854535222053528,
        "z": -0.36410900950431824
    },
    "left_index": {
        "x": 0.5537530183792114,
        "y": 0.3819607198238373,
        "z": -0.4097211956977844
    },
    "right_index": {
        "x": 0.48080679774284363,
        "y": 0.37567776441574097,
        "z": -0.3753550052642822
    },
    "left_thumb": {
        "x": 0.5498393177986145,
        "y": 0.3762974441051483,
        "z": -0.36063826084136963
    },
    "right_thumb": {
        "x": 0.4792480766773224,
        "y": 0.3689905107021332,
        "z": -0.3336861729621887
    },
    "left_hip": {
        "x": 0.5020424723625183,
        "y": 0.4272761642932892,
        "z": 0.01453117374330759
    },
    "right_hip": {
        "x": 0.4626252353191376,
        "y": 0.4226517081260681,
        "z": -0.014447293244302273
    },
    "left_knee": {
        "x": 0.489132285118103,
        "y": 0.5493564009666443,
        "z": -0.009962151758372784
    },
    "right_knee": {
        "x": 0.46050339937210083,
        "y": 0.547447919845581,
        "z": -0.021956568583846092
    },
    "left_ankle": {
        "x": 0.4771882891654968,
        "y": 0.6574143171310425,
        "z": 0.10933879017829895
    },
    "right_ankle": {
        "x": 0.45315587520599365,
        "y": 0.6602500081062317,
        "z": 0.10516107827425003
    },
    "left_heel": {
        "x": 0.47254449129104614,
        "y": 0.6697490215301514,
        "z": 0.11667608469724655
    },
    "right_heel": {
        "x": 0.4509275555610657,
        "y": 0.6750497221946716,
        "z": 0.11380390077829361
    },
    "left_foot_index": {
        "x": 0.48133304715156555,
        "y": 0.7002080082893372,
        "z": 0.020534304901957512
    },
    "right_foot_index": {
        "x": 0.4640046954154968,
        "y": 0.7047023773193359,
        "z": 0.0069396658800542355
    }
}