{
    "nose": {
        "x": 0.510800838470459,
        "y": 0.26446548104286194,
        "z": -0.3822401762008667
    },
    "left_eye_inner": {
        "x": 0.5152863264083862,
        "y": 0.2519838809967041,
        "z": -0.36876651644706726
    },
    "left_eye": {
        "x": 0.5175967812538147,
        "y": 0.25191760063171387,
        "z": -0.36883050203323364
    },
    "left_eye_outer": {
        "x": 0.5196788907051086,
        "y": 0.25153279304504395,
        "z": -0.368943989276886
    },
    "right_eye_inner": {
        "x": 0.5076829791069031,
        "y": 0.24971714615821838,
        "z": -0.373848557472229
    },
    "right_eye": {
        "x": 0.5049291849136353,
        "y": 0.24832312762737274,
        "z": -0.3738964796066284
    },
    "right_eye_outer": {
        "x": 0.5020334720611572,
        "y": 0.24652309715747833,
        "z": -0.37390750646591187
    },
    "left_ear": {
        "x": 0.5219541788101196,
        "y": 0.2498091757297516,
        "z": -0.25044727325439453
    },
    "right_ear": {
        "x": 0.4958759546279907,
        "y": 0.2415335774421692,
        "z": -0.2707597017288208
    },
    "mouth_left": {
        "x": 0.513249933719635,
        "y": 0.2757076621055603,
        "z": -0.3335220217704773
    },
    "mouth_right": {
        "x": 0.5044220089912415,
        "y": 0.2739936113357544,
        "z": -0.33942288160324097
    },
    "left_shoulder": {
        "x": 0.5357377529144287,
        "y": 0.2862408757209778,
        "z": -0.1295645833015442
    },
    "right_shoulder": {
        "x": 0.46786490082740784,
        "y": 0.2813091278076172,
        "z": -0.1949484646320343
    },
    "left_elbow": {
        "x": 0.5493984818458557,
        "y": 0.3677454888820648,
        "z": -0.16609720885753632
    },
    "right_elbow": {
        "x": 0.4479410648345947,
        "y": 0.3551686406135559,
        "z": -0.2453865110874176
    },
    "left_wrist": {
        "x": 0.5228317975997925,
        "y": 0.38330668210983276,
        "z": -0.34172526001930237
    },
    "right_wrist": {
        "x": 0.48028260469436646,
        "y": 0.3919980227947235,
        "z": -0.3641221225261688
    },
    "left_pinky": {
        "x": 0.5162662863731384,
        "y": 0.39700058102607727,
        "z": -0.38434791564941406
    },
    "right_pinky": {
        "x": 0.4904227554798126,
        "y": 0.4029730558395386,
        "z": -0.400938481092453
    },
    "left_index": {
        "x": 0.5127303004264832,
        "y": 0.38048264384269714,
        "z": -0.38855963945388794
    },
    "right_index": {
        "x": 0.49454134702682495,
        "y": 0.3872036337852478,
        "z": -0.4074736535549164
    },
    "left_thumb": {
        "x": 0.5137425661087036,
        "y": 0.37434837222099304,
        "z": -0.3478509485721588
    },
    "right_thumb": {
        "x": 0.4922228753566742,
        "y": 0.3824646770954132,
        "z": -0.36758118867874146
    },
    "left_hip": {
        "x": 0.49799785017967224,
        "y": 0.43567055463790894,
        "z": 0.01717614382505417
    },
    "right_hip": {
        "x": 0.456510990858078,
        "y": 0.42138156294822693,
        "z": -0.017020830884575844
    },
    "left_knee": {
        "x": 0.5205047130584717,
        "y": 0.5522204041481018,
        "z": -0.10811614245176315
    },
    "right_knee": {
        "x": 0.469275563955307,
        "y": 0.5101914405822754,
        "z": -0.14734308421611786
    },
    "left_ankle": {
        "x": 0.4955917298793793,
        "y": 0.6841670274734497,
        "z": -0.008879083208739758
    },
    "right_ankle": {
        "x": 0.4717087149620056,
        "y": 0.6458882093429565,
        "z": -0.03271063044667244
    },
    "left_heel": {
        "x": 0.4869624972343445,
        "y": 0.6957105994224548,
        "z": -0.003310559317469597
    },
    "right_heel": {
        "x": 0.47043001651763916,
        "y": 0.6593570709228516,
        "z": -0.02272982895374298
    },
    "left_foot_index": {
        "x": 0.4988326132297516,
        "y": 0.7418569922447205,
        "z": -0.09598471969366074
    },
    "right_foot_index": {
        "x": 0.48068636655807495,
        "y": 0.7065911889076233,
        "z": -0.11196079850196838
    }
}