{
    "nose": {
        "x": 0.5286251902580261,
        "y": 0.35948771238327026,
        "z": -0.3092259466648102
    },
    "left_eye_inner": {
        "x": 0.5344266891479492,
        "y": 0.3557666540145874,
        "z": -0.3120027780532837
    },
    "left_eye": {
        "x": 0.5354772806167603,
        "y": 0.35467827320098877,
        "z": -0.31198468804359436
    },
    "left_eye_outer": {
        "x": 0.5363878011703491,
        "y": 0.35357576608657837,
        "z": -0.3120405972003937
    },
    "right_eye_inner": {
        "x": 0.531438946723938,
        "y": 0.35442304611206055,
        "z": -0.33231911063194275
    },
    "right_eye": {
        "x": 0.5299494862556458,
        "y": 0.352249413728714,
        "z": -0.33240777254104614
    },
    "right_eye_outer": {
        "x": 0.52890545129776,
        "y": 0.35052555799484253,
        "z": -0.33245763182640076
    },
    "left_ear": {
        "x": 0.5345948934555054,
        "y": 0.3377569019794464,
        "z": -0.2696458697319031
    },
    "right_ear": {
        "x": 0.5255792140960693,
        "y": 0.33546122908592224,
        "z": -0.36139872670173645
    },
    "mouth_left": {
        "x": 0.5295438766479492,
        "y": 0.3573908507823944,
        "z": -0.28464069962501526
    },
    "mouth_right": {
        "x": 0.5213154554367065,
        "y": 0.350835919380188,
        "z": -0.31168827414512634
    },
    "left_shoulder": {
        "x": 0.5297275185585022,
        "y": 0.30514293909072876,
        "z": -0.17195168137550354
    },
    "right_shoulder": {
        "x": 0.4833298921585083,
        "y": 0.31310251355171204,
        "z": -0.31744012236595154
    },
    "left_elbow": {
        "x": 0.5314508676528931,
        "y": 0.3658112585544586,
        "z": -0.03694257140159607
    },
    "right_elbow": {
        "x": 0.44979384541511536,
        "y": 0.3737582862377167,
        "z": -0.29060983657836914
    },
    "left_wrist": {
        "x": 0.5324968695640564,
        "y": 0.38397008180618286,
        "z": 0.011814846657216549
    },
    "right_wrist": {
        "x": 0.49229052662849426,
        "y": 0.39342746138572693,
        "z": -0.24624502658843994
    },
    "left_pinky": {
        "x": 0.5335891246795654,
        "y": 0.38658326864242554,
        "z": 0.015408443287014961
    },
    "right_pinky": {
        "x": 0.5017654299736023,
        "y": 0.3997494578361511,
        "z": -0.26029226183891296
    },
    "left_index": {
        "x": 0.5325461626052856,
        "y": 0.3877207338809967,
        "z": 0.006246461067348719
    },
    "right_index": {
        "x": 0.5066384077072144,
        "y": 0.38768088817596436,
        "z": -0.2597392201423645
    },
    "left_thumb": {
        "x": 0.5307582020759583,
        "y": 0.3871292471885681,
        "z": 0.009594354778528214
    },
    "right_thumb": {
        "x": 0.5029723644256592,
        "y": 0.3830046057701111,
        "z": -0.2437966763973236
    },
    "left_hip": {
        "x": 0.47096070647239685,
        "y": 0.4080185890197754,
        "z": 0.042521651834249496
    },
    "right_hip": {
        "x": 0.44488584995269775,
        "y": 0.41334712505340576,
        "z": -0.042392708361148834
    },
    "left_knee": {
        "x": 0.48025989532470703,
        "y": 0.4993671178817749,
        "z": 0.1639285534620285
    },
    "right_knee": {
        "x": 0.4534952938556671,
        "y": 0.5058501362800598,
        "z": 0.1075497567653656
    },
    "left_ankle": {
        "x": 0.4275898337364197,
        "y": 0.5233104228973389,
        "z": 0.3744538128376007
    },
    "right_ankle": {
        "x": 0.4217225909233093,
        "y": 0.5546908974647522,
        "z": 0.3048272132873535
    },
    "left_heel": {
        "x": 0.4184868633747101,
        "y": 0.5176736116409302,
        "z": 0.39617010951042175
    },
    "right_heel": {
        "x": 0.41383370757102966,
        "y": 0.554404079914093,
        "z": 0.3256964385509491
    },
    "left_foot_index": {
        "x": 0.4204453229904175,
        "y": 0.5614328384399414,
        "z": 0.37561148405075073
    },
    "right_foot_index": {
        "x": 0.42538148164749146,
        "y": 0.5797616839408875,
        "z": 0.300036758184433
    }
}