{
    "nose": {
        "x": 0.2885095477104187,
        "y": 0.5954764485359192,
        "z": -0.35394230484962463
    },
    "left_eye_inner": {
        "x": 0.289676308631897,
        "y": 0.5821764469146729,
        "z": -0.3592429757118225
    },
    "left_eye": {
        "x": 0.2909089922904968,
        "y": 0.5812897086143494,
        "z": -0.35922732949256897
    },
    "left_eye_outer": {
        "x": 0.291931688785553,
        "y": 0.580470860004425,
        "z": -0.35932958126068115
    },
    "right_eye_inner": {
        "x": 0.28592580556869507,
        "y": 0.5809066891670227,
        "z": -0.3461143374443054
    },
    "right_eye": {
        "x": 0.28498029708862305,
        "y": 0.577699601650238,
        "z": -0.3461901843547821
    },
    "right_eye_outer": {
        "x": 0.28452467918395996,
        "y": 0.576323926448822,
        "z": -0.34620627760887146
    },
    "left_ear": {
        "x": 0.29951563477516174,
        "y": 0.5749455094337463,
        "z": -0.32315149903297424
    },
    "right_ear": {
        "x": 0.28767895698547363,
        "y": 0.5686966776847839,
        "z": -0.2624780535697937
    },
    "mouth_left": {
        "x": 0.29670363664627075,
        "y": 0.5987771153450012,
        "z": -0.33487969636917114
    },
    "mouth_right": {
        "x": 0.2850468158721924,
        "y": 0.5976505279541016,
        "z": -0.3173307180404663
    },
    "left_shoulder": {
        "x": 0.3209131956100464,
        "y": 0.6208604574203491,
        "z": -0.2733074426651001
    },
    "right_shoulder": {
        "x": 0.2924692630767822,
        "y": 0.583534300327301,
        "z": -0.13833004236221313
    },
    "left_elbow": {
        "x": 0.32295334339141846,
        "y": 0.7023727893829346,
        "z": -0.2643318474292755
    },
    "right_elbow": {
        "x": 0.2880361080169678,
        "y": 0.6507982015609741,
        "z": -0.11655218154191971
    },
    "left_wrist": {
        "x": 0.3056677281856537,
        "y": 0.7554983496665955,
        "z": -0.2718808054924011
    },
    "right_wrist": {
        "x": 0.2831202745437622,
        "y": 0.7290842533111572,
        "z": -0.1893734335899353
    },
    "left_pinky": {
        "x": 0.3016311526298523,
        "y": 0.7697985172271729,
        "z": -0.302746057510376
    },
    "right_pinky": {
        "x": 0.2777096629142761,
        "y": 0.7407225370407104,
        "z": -0.20014195144176483
    },
    "left_index": {
        "x": 0.2940352261066437,
        "y": 0.754269540309906,
        "z": -0.3042300045490265
    },
    "right_index": {
        "x": 0.28431326150894165,
        "y": 0.749577522277832,
        "z": -0.2315310686826706
    },
    "left_thumb": {
        "x": 0.3006373941898346,
        "y": 0.7569252848625183,
        "z": -0.27386021614074707
    },
    "right_thumb": {
        "x": 0.28572845458984375,
        "y": 0.7461621165275574,
        "z": -0.2032061517238617
    },
    "left_hip": {
        "x": 0.3718940317630768,
        "y": 0.6154301762580872,
        "z": -0.04873525723814964
    },
    "right_hip": {
        "x": 0.3568636178970337,
        "y": 0.6067565083503723,
        "z": 0.04870166629552841
    },
    "left_knee": {
        "x": 0.34643790125846863,
        "y": 0.6798812747001648,
        "z": -0.20143184065818787
    },
    "right_knee": {
        "x": 0.34969818592071533,
        "y": 0.6689879894256592,
        "z": -0.0535578690469265
    },
    "left_ankle": {
        "x": 0.31810301542282104,
        "y": 0.7474061846733093,
        "z": -0.16172634065151215
    },
    "right_ankle": {
        "x": 0.31131482124328613,
        "y": 0.7490804195404053,
        "z": -0.038804490119218826
    },
    "left_heel": {
        "x": 0.3183416724205017,
        "y": 0.7550079822540283,
        "z": -0.16180801391601562
    },
    "right_heel": {
        "x": 0.31263309717178345,
        "y": 0.7653261423110962,
        "z": -0.03952142223715782
    },
    "left_foot_index": {
        "x": 0.29022789001464844,
        "y": 0.7697458267211914,
        "z": -0.21979756653308868
    },
    "right_foot_index": {
        "x": 0.27797406911849976,
        "y": 0.759428083896637,
        "z": -0.09171665459871292
    }
}