{
    "nose": {
        "x": 0.299657940864563,
        "y": 0.5692561864852905,
        "z": -0.1711607575416565
    },
    "left_eye_inner": {
        "x": 0.30283063650131226,
        "y": 0.5591500401496887,
        "z": -0.1815681904554367
    },
    "left_eye": {
        "x": 0.3044251501560211,
        "y": 0.5587285161018372,
        "z": -0.18155595660209656
    },
    "left_eye_outer": {
        "x": 0.3061765432357788,
        "y": 0.5579845905303955,
        "z": -0.18162080645561218
    },
    "right_eye_inner": {
        "x": 0.30082446336746216,
        "y": 0.5582199692726135,
        "z": -0.1615094244480133
    },
    "right_eye": {
        "x": 0.30089882016181946,
        "y": 0.5573139190673828,
        "z": -0.16155485808849335
    },
    "right_eye_outer": {
        "x": 0.30107805132865906,
        "y": 0.5562610626220703,
        "z": -0.16164301335811615
    },
    "left_ear": {
        "x": 0.3218223452568054,
        "y": 0.5541543364524841,
        "z": -0.19645120203495026
    },
    "right_ear": {
        "x": 0.3138062655925751,
        "y": 0.5525133013725281,
        "z": -0.1037987619638443
    },
    "mouth_left": {
        "x": 0.3053795099258423,
        "y": 0.5801984071731567,
        "z": -0.1737317591905594
    },
    "mouth_right": {
        "x": 0.3028471767902374,
        "y": 0.5787699222564697,
        "z": -0.14686830341815948
    },
    "left_shoulder": {
        "x": 0.35948413610458374,
        "y": 0.6083737015724182,
        "z": -0.20343005657196045
    },
    "right_shoulder": {
        "x": 0.30790814757347107,
        "y": 0.5854881405830383,
        "z": -0.038260381668806076
    },
    "left_elbow": {
        "x": 0.36609625816345215,
        "y": 0.7212042212486267,
        "z": -0.24302682280540466
    },
    "right_elbow": {
        "x": 0.27860215306282043,
        "y": 0.6507171392440796,
        "z": -0.02073848992586136
    },
    "left_wrist": {
        "x": 0.3048182427883148,
        "y": 0.7174104452133179,
        "z": -0.2785275876522064
    },
    "right_wrist": {
        "x": 0.22986286878585815,
        "y": 0.6830281615257263,
        "z": -0.07100033015012741
    },
    "left_pinky": {
        "x": 0.293228417634964,
        "y": 0.7330651879310608,
        "z": -0.3043791353702545
    },
    "right_pinky": {
        "x": 0.21498966217041016,
        "y": 0.6980960369110107,
        "z": -0.07640177011489868
    },
    "left_index": {
        "x": 0.28951311111450195,
        "y": 0.7222409844398499,
        "z": -0.295162558555603
    },
    "right_index": {
        "x": 0.21522612869739532,
        "y": 0.6973241567611694,
        "z": -0.09856771677732468
    },
    "left_thumb": {
        "x": 0.2923320233821869,
        "y": 0.7146449685096741,
        "z": -0.2749679684638977
    },
    "right_thumb": {
        "x": 0.22164398431777954,
        "y": 0.6925519704818726,
        "z": -0.08206534385681152
    },
    "left_hip": {
        "x": 0.33408161997795105,
        "y": 0.7505581974983215,
        "z": -0.05931569263339043
    },
    "right_hip": {
        "x": 0.304802805185318,
        "y": 0.7205229997634888,
        "z": 0.059382542967796326
    },
    "left_knee": {
        "x": 0.2539157271385193,
        "y": 0.7595272064208984,
        "z": -0.15320098400115967
    },
    "right_knee": {
        "x": 0.2388995885848999,
        "y": 0.73985356092453,
        "z": 0.00539336958900094
    },
    "left_ankle": {
        "x": 0.2230348140001297,
        "y": 0.7954188585281372,
        "z": 0.0422571524977684
    },
    "right_ankle": {
        "x": 0.21890532970428467,
        "y": 0.7876077890396118,
        "z": 0.1034393310546875
    },
    "left_heel": {
        "x": 0.22479280829429626,
        "y": 0.8022487163543701,
        "z": 0.06339750438928604
    },
    "right_heel": {
        "x": 0.22060446441173553,
        "y": 0.7966236472129822,
        "z": 0.11372353881597519
    },
    "left_foot_index": {
        "x": 0.1971830427646637,
        "y": 0.8043835163116455,
        "z": 0.06209076568484306
    },
    "right_foot_index": {
        "x": 0.1962995082139969,
        "y": 0.8007023334503174,
        "z": 0.09791010618209839
    }
}