{
    "nose": {
        "x": 0.30367302894592285,
        "y": 0.5650907754898071,
        "z": -0.12459563463926315
    },
    "left_eye_inner": {
        "x": 0.3082352578639984,
        "y": 0.5529603958129883,
        "z": -0.13733719289302826
    },
    "left_eye": {
        "x": 0.31028416752815247,
        "y": 0.5531073212623596,
        "z": -0.13730326294898987
    },
    "left_eye_outer": {
        "x": 0.3124460279941559,
        "y": 0.5530957579612732,
        "z": -0.13734212517738342
    },
    "right_eye_inner": {
        "x": 0.3055098056793213,
        "y": 0.5506470799446106,
        "z": -0.1153038889169693
    },
    "right_eye": {
        "x": 0.3054907023906708,
        "y": 0.5493091344833374,
        "z": -0.11534270644187927
    },
    "right_eye_outer": {
        "x": 0.30559882521629333,
        "y": 0.5479857921600342,
        "z": -0.11541309207677841
    },
    "left_ear": {
        "x": 0.32531628012657166,
        "y": 0.5517958402633667,
        "z": -0.16191092133522034
    },
    "right_ear": {
        "x": 0.318015456199646,
        "y": 0.5467361211776733,
        "z": -0.06086338683962822
    },
    "mouth_left": {
        "x": 0.309410035610199,
        "y": 0.5758005380630493,
        "z": -0.13054507970809937
    },
    "mouth_right": {
        "x": 0.3060891926288605,
        "y": 0.5739535093307495,
        "z": -0.10130081325769424
    },
    "left_shoulder": {
        "x": 0.36205893754959106,
        "y": 0.6127632856369019,
        "z": -0.17730174958705902
    },
    "right_shoulder": {
        "x": 0.31218814849853516,
        "y": 0.5796823501586914,
        "z": 0.0042580305598676205
    },
    "left_elbow": {
        "x": 0.3699274957180023,
        "y": 0.728108823299408,
        "z": -0.1970142424106598
    },
    "right_elbow": {
        "x": 0.27717986702919006,
        "y": 0.653613805770874,
        "z": 0.042891308665275574
    },
    "left_wrist": {
        "x": 0.30615776777267456,
        "y": 0.7246755361557007,
        "z": -0.2173072248697281
    },
    "right_wrist": {
        "x": 0.226951465010643,
        "y": 0.6886805891990662,
        "z": -0.005004530772566795
    },
    "left_pinky": {
        "x": 0.2933315336704254,
        "y": 0.7341336011886597,
        "z": -0.2391505092382431
    },
    "right_pinky": {
        "x": 0.2101331204175949,
        "y": 0.7025024890899658,
        "z": -0.008390212431550026
    },
    "left_index": {
        "x": 0.29162031412124634,
        "y": 0.7186391353607178,
        "z": -0.23033760488033295
    },
    "right_index": {
        "x": 0.2110649049282074,
        "y": 0.7024857997894287,
        "z": -0.03155018761754036
    },
    "left_thumb": {
        "x": 0.29501616954803467,
        "y": 0.7126002907752991,
        "z": -0.2128988802433014
    },
    "right_thumb": {
        "x": 0.21735863387584686,
        "y": 0.7014656066894531,
        "z": -0.016296952962875366
    },
    "left_hip": {
        "x": 0.32950863242149353,
        "y": 0.7707522511482239,
        "z": -0.06185846030712128
    },
    "right_hip": {
        "x": 0.30486997961997986,
        "y": 0.7315341234207153,
        "z": 0.061941906809806824
    },
    "left_knee": {
        "x": 0.24461406469345093,
        "y": 0.7920932769775391,
        "z": -0.09846906363964081
    },
    "right_knee": {
        "x": 0.23381957411766052,
        "y": 0.7471343874931335,
        "z": 0.04172660782933235
    },
    "left_ankle": {
        "x": 0.1999872922897339,
        "y": 0.8550170660018921,
        "z": 0.03292223811149597
    },
    "right_ankle": {
        "x": 0.17024381458759308,
        "y": 0.8061655759811401,
        "z": 0.08440270274877548
    },
    "left_heel": {
        "x": 0.20179948210716248,
        "y": 0.8696925640106201,
        "z": 0.04778445139527321
    },
    "right_heel": {
        "x": 0.16588900983333588,
        "y": 0.8271009922027588,
        "z": 0.08835127204656601
    },
    "left_foot_index": {
        "x": 0.16367703676223755,
        "y": 0.8571798801422119,
        "z": 0.04349004849791527
    },
    "right_foot_index": {
        "x": 0.1323787271976471,
        "y": 0.7952905297279358,
        "z": 0.06776203215122223
    }
}