{
    "nose": {
        "x": 0.750197172164917,
        "y": 0.7215577960014343,
        "z": -0.15646050870418549
    },
    "left_eye_inner": {
        "x": 0.7555751800537109,
        "y": 0.7190869450569153,
        "z": -0.14993086457252502
    },
    "left_eye": {
        "x": 0.7568692564964294,
        "y": 0.7212249040603638,
        "z": -0.14996856451034546
    },
    "left_eye_outer": {
        "x": 0.7581504583358765,
        "y": 0.7232493162155151,
        "z": -0.1500345915555954
    },
    "right_eye_inner": {
        "x": 0.7524659037590027,
        "y": 0.7123442888259888,
        "z": -0.15127624571323395
    },
    "right_eye": {
        "x": 0.7515140771865845,
        "y": 0.7097792029380798,
        "z": -0.1512872725725174
    },
    "right_eye_outer": {
        "x": 0.7506476640701294,
        "y": 0.7073289752006531,
        "z": -0.1513100117444992
    },
    "left_ear": {
        "x": 0.7593046426773071,
        "y": 0.7259256839752197,
        "z": -0.08150705695152283
    },
    "right_ear": {
        "x": 0.7493383884429932,
        "y": 0.7041186690330505,
        "z": -0.08708995580673218
    },
    "mouth_left": {
        "x": 0.747925877571106,
        "y": 0.7295824289321899,
        "z": -0.12759019434452057
    },
    "mouth_right": {
        "x": 0.744610071182251,
        "y": 0.7222909927368164,
        "z": -0.12926261126995087
    },
    "left_shoulder": {
        "x": 0.7522214651107788,
        "y": 0.7676965594291687,
        "z": -0.006804618984460831
    },
    "right_shoulder": {
        "x": 0.7253668308258057,
        "y": 0.7048879265785217,
        "z": -0.044434841722249985
    },
    "left_elbow": {
        "x": 0.7344781756401062,
        "y": 0.8173752427101135,
        "z": 0.039331477135419846
    },
    "right_elbow": {
        "x": 0.6929368376731873,
        "y": 0.7056521773338318,
        "z": -0.05102589726448059
    },
    "left_wrist": {
        "x": 0.7197256684303284,
        "y": 0.8632827997207642,
        "z": -0.016482044011354446
    },
    "right_wrist": {
        "x": 0.6778673529624939,
        "y": 0.7088537216186523,
        "z": -0.1442703753709793
    },
    "left_pinky": {
        "x": 0.7186194062232971,
        "y": 0.878316342830658,
        "z": -0.02590324357151985
    },
    "right_pinky": {
        "x": 0.669497549533844,
        "y": 0.7148767113685608,
        "z": -0.1616424322128296
    },
    "left_index": {
        "x": 0.7179265022277832,
        "y": 0.8757426738739014,
        "z": -0.04637156054377556
    },
    "right_index": {
        "x": 0.672539472579956,
        "y": 0.720248281955719,
        "z": -0.1750325709581375
    },
    "left_thumb": {
        "x": 0.7177013158798218,
        "y": 0.8701288104057312,
        "z": -0.02491091750562191
    },
    "right_thumb": {
        "x": 0.6758087277412415,
        "y": 0.7202954888343811,
        "z": -0.15124672651290894
    },
    "left_hip": {
        "x": 0.6796290874481201,
        "y": 0.8204790353775024,
        "z": 0.028054017573595047
    },
    "right_hip": {
        "x": 0.6632850170135498,
        "y": 0.7849974036216736,
        "z": -0.02797953598201275
    },
    "left_knee": {
        "x": 0.6704384684562683,
        "y": 0.9021474123001099,
        "z": -0.07189031690359116
    },
    "right_knee": {
        "x": 0.6555564403533936,
        "y": 0.8678063750267029,
        "z": -0.12263443320989609
    },
    "left_ankle": {
        "x": 0.6233111619949341,
        "y": 0.863240659236908,
        "z": 0.05307198688387871
    },
    "right_ankle": {
        "x": 0.6077668070793152,
        "y": 0.8550502061843872,
        "z": -0.013319584541022778
    },
    "left_heel": {
        "x": 0.6192000508308411,
        "y": 0.8491236567497253,
        "z": 0.0653989315032959
    },
    "right_heel": {
        "x": 0.6038932800292969,
        "y": 0.8402130603790283,
        "z": -0.001732844510115683
    },
    "left_foot_index": {
        "x": 0.6026784181594849,
        "y": 0.8821885585784912,
        "z": 0.04411759972572327
    },
    "right_foot_index": {
        "x": 0.5876587629318237,
        "y": 0.884569525718689,
        "z": -0.030401065945625305
    }
}