{
    "nose": {
        "x": 0.7636654376983643,
        "y": 0.7288569808006287,
        "z": -0.015291440300643444
    },
    "left_eye_inner": {
        "x": 0.7688896656036377,
        "y": 0.7297228574752808,
        "z": -0.002452761633321643
    },
    "left_eye": {
        "x": 0.7696306109428406,
        "y": 0.7325690388679504,
        "z": -0.0024775119964033365
    },
    "left_eye_outer": {
        "x": 0.7703123688697815,
        "y": 0.7352376580238342,
        "z": -0.0025207200087606907
    },
    "right_eye_inner": {
        "x": 0.7663509845733643,
        "y": 0.7210482358932495,
        "z": -0.006194168236106634
    },
    "right_eye": {
        "x": 0.7653629183769226,
        "y": 0.7181560397148132,
        "z": -0.006199982017278671
    },
    "right_eye_outer": {
        "x": 0.7644090056419373,
        "y": 0.715485692024231,
        "z": -0.006205606274306774
    },
    "left_ear": {
        "x": 0.7691289782524109,
        "y": 0.7391809225082397,
        "z": 0.06612609326839447
    },
    "right_ear": {
        "x": 0.7602745294570923,
        "y": 0.713361382484436,
        "z": 0.0491318479180336
    },
    "mouth_left": {
        "x": 0.7601202130317688,
        "y": 0.7393937706947327,
        "z": 0.010258537717163563
    },
    "mouth_right": {
        "x": 0.757311224937439,
        "y": 0.727634608745575,
        "z": 0.0054383897222578526
    },
    "left_shoulder": {
        "x": 0.7513594627380371,
        "y": 0.780396044254303,
        "z": 0.11177537590265274
    },
    "right_shoulder": {
        "x": 0.73096764087677,
        "y": 0.7109416723251343,
        "z": 0.05750853195786476
    },
    "left_elbow": {
        "x": 0.7285251021385193,
        "y": 0.8225395679473877,
        "z": 0.09699190407991409
    },
    "right_elbow": {
        "x": 0.696001410484314,
        "y": 0.710431694984436,
        "z": -0.024319691583514214
    },
    "left_wrist": {
        "x": 0.7227423787117004,
        "y": 0.8625313639640808,
        "z": -0.012393409386277199
    },
    "right_wrist": {
        "x": 0.7171663641929626,
        "y": 0.7049039006233215,
        "z": -0.1455277055501938
    },
    "left_pinky": {
        "x": 0.7240068912506104,
        "y": 0.8777655959129333,
        "z": -0.028796976432204247
    },
    "right_pinky": {
        "x": 0.7209017276763916,
        "y": 0.7049983739852905,
        "z": -0.16775405406951904
    },
    "left_index": {
        "x": 0.7253109216690063,
        "y": 0.8788883090019226,
        "z": -0.044872742146253586
    },
    "right_index": {
        "x": 0.7255432605743408,
        "y": 0.70644211769104,
        "z": -0.16599155962467194
    },
    "left_thumb": {
        "x": 0.7243995070457458,
        "y": 0.8724413514137268,
        "z": -0.0213868897408247
    },
    "right_thumb": {
        "x": 0.7239933013916016,
        "y": 0.7089230418205261,
        "z": -0.14730753004550934
    },
    "left_hip": {
        "x": 0.6826542615890503,
        "y": 0.8293262124061584,
        "z": 0.03936144709587097
    },
    "right_hip": {
        "x": 0.6712661981582642,
        "y": 0.7883724570274353,
        "z": -0.03932903707027435
    },
    "left_knee": {
        "x": 0.6788926124572754,
        "y": 0.9133917093276978,
        "z": -0.11816971749067307
    },
    "right_knee": {
        "x": 0.6813533306121826,
        "y": 0.8571190237998962,
        "z": -0.16674518585205078
    },
    "left_ankle": {
        "x": 0.6227208375930786,
        "y": 0.8761501908302307,
        "z": -0.06273096054792404
    },
    "right_ankle": {
        "x": 0.6156206130981445,
        "y": 0.8273946046829224,
        "z": -0.12884368002414703
    },
    "left_heel": {
        "x": 0.6171694993972778,
        "y": 0.8554821610450745,
        "z": -0.057992707937955856
    },
    "right_heel": {
        "x": 0.6106972098350525,
        "y": 0.809183657169342,
        "z": -0.12467134743928909
    },
    "left_foot_index": {
        "x": 0.5906173586845398,
        "y": 0.8863617181777954,
        "z": -0.09022202342748642
    },
    "right_foot_index": {
        "x": 0.5851912498474121,
        "y": 0.8397235870361328,
        "z": -0.15651753544807434
    }
}