{
    "nose": {
        "x": 0.6538021564483643,
        "y": 0.6387621164321899,
        "z": -0.29536494612693787
    },
    "left_eye_inner": {
        "x": 0.658965528011322,
        "y": 0.6355926394462585,
        "z": -0.3036046028137207
    },
    "left_eye": {
        "x": 0.661119818687439,
        "y": 0.6368114352226257,
        "z": -0.3035966753959656
    },
    "left_eye_outer": {
        "x": 0.6637327075004578,
        "y": 0.6381531953811646,
        "z": -0.3036937415599823
    },
    "right_eye_inner": {
        "x": 0.6544165015220642,
        "y": 0.6281383633613586,
        "z": -0.30155619978904724
    },
    "right_eye": {
        "x": 0.6535767912864685,
        "y": 0.625085175037384,
        "z": -0.3016107678413391
    },
    "right_eye_outer": {
        "x": 0.6528217792510986,
        "y": 0.6217005252838135,
        "z": -0.30159032344818115
    },
    "left_ear": {
        "x": 0.6692197322845459,
        "y": 0.6333513855934143,
        "z": -0.27989834547042847
    },
    "right_ear": {
        "x": 0.6556662917137146,
        "y": 0.6119720339775085,
        "z": -0.26944929361343384
    },
    "mouth_left": {
        "x": 0.6560192108154297,
        "y": 0.6454297304153442,
        "z": -0.28043654561042786
    },
    "mouth_right": {
        "x": 0.6505465507507324,
        "y": 0.6372014880180359,
        "z": -0.27745309472084045
    },
    "left_shoulder": {
        "x": 0.6833980083465576,
        "y": 0.66756272315979,
        "z": -0.21844382584095
    },
    "right_shoulder": {
        "x": 0.6362205147743225,
        "y": 0.6044073700904846,
        "z": -0.2041611224412918
    },
    "left_elbow": {
        "x": 0.6871575713157654,
        "y": 0.7473803758621216,
        "z": -0.21417926251888275
    },
    "right_elbow": {
        "x": 0.5998419523239136,
        "y": 0.6009759902954102,
        "z": -0.1110900342464447
    },
    "left_wrist": {
        "x": 0.6833818554878235,
        "y": 0.8164640069007874,
        "z": -0.26667189598083496
    },
    "right_wrist": {
        "x": 0.5826667547225952,
        "y": 0.6085478067398071,
        "z": -0.05372769013047218
    },
    "left_pinky": {
        "x": 0.6869347095489502,
        "y": 0.83563631772995,
        "z": -0.27809372544288635
    },
    "right_pinky": {
        "x": 0.5740613341331482,
        "y": 0.6086441874504089,
        "z": -0.04638673737645149
    },
    "left_index": {
        "x": 0.685351550579071,
        "y": 0.8368864059448242,
        "z": -0.29627352952957153
    },
    "right_index": {
        "x": 0.5775449275970459,
        "y": 0.6155626177787781,
        "z": -0.06405331194400787
    },
    "left_thumb": {
        "x": 0.6827254295349121,
        "y": 0.8298826217651367,
        "z": -0.2749846875667572
    },
    "right_thumb": {
        "x": 0.5808737874031067,
        "y": 0.6182435750961304,
        "z": -0.05786094069480896
    },
    "left_hip": {
        "x": 0.6304245591163635,
        "y": 0.7249903082847595,
        "z": -0.008145532570779324
    },
    "right_hip": {
        "x": 0.6072860360145569,
        "y": 0.6818512082099915,
        "z": 0.008181034587323666
    },
    "left_knee": {
        "x": 0.5882174968719482,
        "y": 0.791481077671051,
        "z": 0.02194051817059517
    },
    "right_knee": {
        "x": 0.5600324273109436,
        "y": 0.7053178548812866,
        "z": 0.009059764444828033
    },
    "left_ankle": {
        "x": 0.5936667919158936,
        "y": 0.7919323444366455,
        "z": 0.20898492634296417
    },
    "right_ankle": {
        "x": 0.5682840943336487,
        "y": 0.7157260179519653,
        "z": 0.21268905699253082
    },
    "left_heel": {
        "x": 0.5969271659851074,
        "y": 0.7883832454681396,
        "z": 0.2297077625989914
    },
    "right_heel": {
        "x": 0.5735490918159485,
        "y": 0.7135083675384521,
        "z": 0.23576059937477112
    },
    "left_foot_index": {
        "x": 0.586384117603302,
        "y": 0.8082212805747986,
        "z": 0.2254956066608429
    },
    "right_foot_index": {
        "x": 0.5595120191574097,
        "y": 0.7387516498565674,
        "z": 0.2417016476392746
    }
}