{
    "nose": {
        "x": 0.809410035610199,
        "y": 0.3532547652721405,
        "z": -0.13108062744140625
    },
    "left_eye_inner": {
        "x": 0.8130760788917542,
        "y": 0.34341394901275635,
        "z": -0.1239890456199646
    },
    "left_eye": {
        "x": 0.8138700723648071,
        "y": 0.34350746870040894,
        "z": -0.12394778430461884
    },
    "left_eye_outer": {
        "x": 0.8146302103996277,
        "y": 0.34345656633377075,
        "z": -0.12391314655542374
    },
    "right_eye_inner": {
        "x": 0.808957576751709,
        "y": 0.33888283371925354,
        "z": -0.14179977774620056
    },
    "right_eye": {
        "x": 0.8068330883979797,
        "y": 0.3356385827064514,
        "z": -0.14180782437324524
    },
    "right_eye_outer": {
        "x": 0.8046032190322876,
        "y": 0.33231979608535767,
        "z": -0.1418488472700119
    },
    "left_ear": {
        "x": 0.8097497820854187,
        "y": 0.3385036289691925,
        "z": -0.05554480850696564
    },
    "right_ear": {
        "x": 0.7966464161872864,
        "y": 0.3259759545326233,
        "z": -0.13690081238746643
    },
    "mouth_left": {
        "x": 0.8062343001365662,
        "y": 0.3605828285217285,
        "z": -0.10194070637226105
    },
    "mouth_right": {
        "x": 0.8009811639785767,
        "y": 0.35643523931503296,
        "z": -0.12557686865329742
    },
    "left_shoulder": {
        "x": 0.8084081411361694,
        "y": 0.3822530210018158,
        "z": 0.002037941012531519
    },
    "right_shoulder": {
        "x": 0.7608501315116882,
        "y": 0.3632056415081024,
        "z": -0.12959933280944824
    },
    "left_elbow": {
        "x": 0.8123056292533875,
        "y": 0.4568794369697571,
        "z": -0.06713543087244034
    },
    "right_elbow": {
        "x": 0.7680967450141907,
        "y": 0.4449760615825653,
        "z": -0.0895119309425354
    },
    "left_wrist": {
        "x": 0.7882615923881531,
        "y": 0.41177934408187866,
        "z": -0.22648505866527557
    },
    "right_wrist": {
        "x": 0.8023421764373779,
        "y": 0.41550546884536743,
        "z": 0.02725399285554886
    },
    "left_pinky": {
        "x": 0.7811077833175659,
        "y": 0.4009818434715271,
        "z": -0.2529743015766144
    },
    "right_pinky": {
        "x": 0.8132085204124451,
        "y": 0.4116176962852478,
        "z": 0.03326689451932907
    },
    "left_index": {
        "x": 0.7801638841629028,
        "y": 0.39456120133399963,
        "z": -0.23801074922084808
    },
    "right_index": {
        "x": 0.8006288409233093,
        "y": 0.38560718297958374,
        "z": 0.02562791109085083
    },
    "left_thumb": {
        "x": 0.7788681983947754,
        "y": 0.39826032519340515,
        "z": -0.22516077756881714
    },
    "right_thumb": {
        "x": 0.8038061261177063,
        "y": 0.4047618806362152,
        "z": 0.029522759839892387
    },
    "left_hip": {
        "x": 0.772258460521698,
        "y": 0.5298445820808411,
        "z": 0.03847949951887131
    },
    "right_hip": {
        "x": 0.7397758960723877,
        "y": 0.5174715518951416,
        "z": -0.03861177712678909
    },
    "left_knee": {
        "x": 0.7511954307556152,
        "y": 0.6284255981445312,
        "z": 0.10514317452907562
    },
    "right_knee": {
        "x": 0.723423182964325,
        "y": 0.6248052716255188,
        "z": -0.00711850868538022
    },
    "left_ankle": {
        "x": 0.7352201342582703,
        "y": 0.6937792897224426,
        "z": 0.2536829710006714
    },
    "right_ankle": {
        "x": 0.7028043270111084,
        "y": 0.7199923992156982,
        "z": 0.08427225053310394
    },
    "left_heel": {
        "x": 0.7244682312011719,
        "y": 0.7008410096168518,
        "z": 0.2677709460258484
    },
    "right_heel": {
        "x": 0.6995307207107544,
        "y": 0.7271093130111694,
        "z": 0.09006910026073456
    },
    "left_foot_index": {
        "x": 0.7458091974258423,
        "y": 0.7387064695358276,
        "z": 0.22839684784412384
    },
    "right_foot_index": {
        "x": 0.7047445178031921,
        "y": 0.7674515247344971,
        "z": 0.020562555640935898
    }
}