{
    "nose": {
        "x": 0.7217609882354736,
        "y": 0.4540010690689087,
        "z": 0.28816846013069153
    },
    "left_eye_inner": {
        "x": 0.7192113399505615,
        "y": 0.44766950607299805,
        "z": 0.27588674426078796
    },
    "left_eye": {
        "x": 0.7172129154205322,
        "y": 0.4475935399532318,
        "z": 0.27590373158454895
    },
    "left_eye_outer": {
        "x": 0.7150874137878418,
        "y": 0.44728443026542664,
        "z": 0.2758616507053375
    },
    "right_eye_inner": {
        "x": 0.7251229882240295,
        "y": 0.4466748535633087,
        "z": 0.2782459855079651
    },
    "right_eye": {
        "x": 0.7271819114685059,
        "y": 0.44587647914886475,
        "z": 0.27830830216407776
    },
    "right_eye_outer": {
        "x": 0.7290398478507996,
        "y": 0.4448201358318329,
        "z": 0.27822139859199524
    },
    "left_ear": {
        "x": 0.7130194902420044,
        "y": 0.44881993532180786,
        "z": 0.213819682598114
    },
    "right_ear": {
        "x": 0.7329354286193848,
        "y": 0.4467487931251526,
        "z": 0.22486931085586548
    },
    "mouth_left": {
        "x": 0.718777596950531,
        "y": 0.46122872829437256,
        "z": 0.26720964908599854
    },
    "mouth_right": {
        "x": 0.7256929874420166,
        "y": 0.45962458848953247,
        "z": 0.27035436034202576
    },
    "left_shoulder": {
        "x": 0.7005547881126404,
        "y": 0.4691600799560547,
        "z": 0.1452149748802185
    },
    "right_shoulder": {
        "x": 0.7580479979515076,
        "y": 0.4802405536174774,
        "z": 0.1572161316871643
    },
    "left_elbow": {
        "x": 0.6838699579238892,
        "y": 0.5425633192062378,
        "z": 0.15631411969661713
    },
    "right_elbow": {
        "x": 0.7601726055145264,
        "y": 0.5763992667198181,
        "z": 0.1406584233045578
    },
    "left_wrist": {
        "x": 0.7052009105682373,
        "y": 0.5830729603767395,
        "z": 0.21276125311851501
    },
    "right_wrist": {
        "x": 0.7416820526123047,
        "y": 0.6218031048774719,
        "z": 0.15383796393871307
    },
    "left_pinky": {
        "x": 0.706325352191925,
        "y": 0.5972750186920166,
        "z": 0.2146821767091751
    },
    "right_pinky": {
        "x": 0.7404555678367615,
        "y": 0.6325343251228333,
        "z": 0.15680840611457825
    },
    "left_index": {
        "x": 0.7153887748718262,
        "y": 0.5974211096763611,
        "z": 0.2214897871017456
    },
    "right_index": {
        "x": 0.7332521080970764,
        "y": 0.6305371522903442,
        "z": 0.15641407668590546
    },
    "left_thumb": {
        "x": 0.7162274122238159,
        "y": 0.5942162275314331,
        "z": 0.2162759155035019
    },
    "right_thumb": {
        "x": 0.7321175932884216,
        "y": 0.6249667406082153,
        "z": 0.15417326986789703
    },
    "left_hip": {
        "x": 0.6969324350357056,
        "y": 0.5997686982154846,
        "z": -0.007788326591253281
    },
    "right_hip": {
        "x": 0.7384215593338013,
        "y": 0.6135770678520203,
        "z": 0.007506838999688625
    },
    "left_knee": {
        "x": 0.684355616569519,
        "y": 0.693373441696167,
        "z": 0.029327144846320152
    },
    "right_knee": {
        "x": 0.7127874493598938,
        "y": 0.7091873288154602,
        "z": 0.050299886614084244
    },
    "left_ankle": {
        "x": 0.6680328845977783,
        "y": 0.8098435997962952,
        "z": 0.021024039015173912
    },
    "right_ankle": {
        "x": 0.686696469783783,
        "y": 0.8158234357833862,
        "z": 0.04516061395406723
    },
    "left_heel": {
        "x": 0.6651632189750671,
        "y": 0.8342870473861694,
        "z": 0.018637293949723244
    },
    "right_heel": {
        "x": 0.6801631450653076,
        "y": 0.8384486436843872,
        "z": 0.042871031910181046
    },
    "left_foot_index": {
        "x": 0.6661761999130249,
        "y": 0.7928992509841919,
        "z": 0.01292637549340725
    },
    "right_foot_index": {
        "x": 0.6898937821388245,
        "y": 0.8230269551277161,
        "z": 0.02506892941892147
    }
}