{
    "nose": {
        "x": 0.7231771945953369,
        "y": 0.35082679986953735,
        "z": 0.06102409213781357
    },
    "left_eye_inner": {
        "x": 0.7223471999168396,
        "y": 0.33790573477745056,
        "z": 0.04732717201113701
    },
    "left_eye": {
        "x": 0.7199780941009521,
        "y": 0.336126446723938,
        "z": 0.04729657247662544
    },
    "left_eye_outer": {
        "x": 0.717693030834198,
        "y": 0.3347911834716797,
        "z": 0.047240208834409714
    },
    "right_eye_inner": {
        "x": 0.728229284286499,
        "y": 0.3423630893230438,
        "z": 0.0367819145321846
    },
    "right_eye": {
        "x": 0.7299126386642456,
        "y": 0.34357964992523193,
        "z": 0.0368015393614769
    },
    "right_eye_outer": {
        "x": 0.7315409183502197,
        "y": 0.34494978189468384,
        "z": 0.03674556687474251
    },
    "left_ear": {
        "x": 0.7121840119361877,
        "y": 0.33727309107780457,
        "z": -0.0012923635076731443
    },
    "right_ear": {
        "x": 0.7305420637130737,
        "y": 0.35201406478881836,
        "z": -0.047597575932741165
    },
    "mouth_left": {
        "x": 0.7172143459320068,
        "y": 0.35621172189712524,
        "z": 0.04870717227458954
    },
    "mouth_right": {
        "x": 0.7237406373023987,
        "y": 0.3625708222389221,
        "z": 0.03510776162147522
    },
    "left_shoulder": {
        "x": 0.6665785312652588,
        "y": 0.39308518171310425,
        "z": 0.028452206403017044
    },
    "right_shoulder": {
        "x": 0.7248225212097168,
        "y": 0.42606934905052185,
        "z": -0.11871317774057388
    },
    "left_elbow": {
        "x": 0.6457456350326538,
        "y": 0.48008468747138977,
        "z": 0.06916782259941101
    },
    "right_elbow": {
        "x": 0.708540678024292,
        "y": 0.5303937196731567,
        "z": -0.10561633110046387
    },
    "left_wrist": {
        "x": 0.633158802986145,
        "y": 0.5581497550010681,
        "z": 0.10944658517837524
    },
    "right_wrist": {
        "x": 0.7065412998199463,
        "y": 0.634459912776947,
        "z": -0.044253572821617126
    },
    "left_pinky": {
        "x": 0.6279856562614441,
        "y": 0.577093243598938,
        "z": 0.12303012609481812
    },
    "right_pinky": {
        "x": 0.7090491652488708,
        "y": 0.6549924612045288,
        "z": -0.050686065107584
    },
    "left_index": {
        "x": 0.6314873099327087,
        "y": 0.575120210647583,
        "z": 0.11146923899650574
    },
    "right_index": {
        "x": 0.7075596451759338,
        "y": 0.654795229434967,
        "z": -0.045043300837278366
    },
    "left_thumb": {
        "x": 0.6327511072158813,
        "y": 0.5705886483192444,
        "z": 0.10600414127111435
    },
    "right_thumb": {
        "x": 0.7055308818817139,
        "y": 0.6467092037200928,
        "z": -0.04079923778772354
    },
    "left_hip": {
        "x": 0.6303017139434814,
        "y": 0.5818411111831665,
        "z": 0.05204641446471214
    },
    "right_hip": {
        "x": 0.6634936332702637,
        "y": 0.5989555716514587,
        "z": -0.05220453813672066
    },
    "left_knee": {
        "x": 0.6286427974700928,
        "y": 0.6999136805534363,
        "z": 0.1346956491470337
    },
    "right_knee": {
        "x": 0.6571469306945801,
        "y": 0.7225860357284546,
        "z": 0.06894370168447495
    },
    "left_ankle": {
        "x": 0.6068846583366394,
        "y": 0.8238387703895569,
        "z": 0.23159953951835632
    },
    "right_ankle": {
        "x": 0.6312686204910278,
        "y": 0.8394460678100586,
        "z": 0.17325380444526672
    },
    "left_heel": {
        "x": 0.6002016663551331,
        "y": 0.8450418710708618,
        "z": 0.2404148429632187
    },
    "right_heel": {
        "x": 0.6225137114524841,
        "y": 0.857886552810669,
        "z": 0.1836061030626297
    },
    "left_foot_index": {
        "x": 0.6275191307067871,
        "y": 0.8373960852622986,
        "z": 0.22548775374889374
    },
    "right_foot_index": {
        "x": 0.660416841506958,
        "y": 0.8457739353179932,
        "z": 0.16237479448318481
    }
}