{
    "nose": {
        "x": 0.7246719598770142,
        "y": 0.5000267624855042,
        "z": 0.3563458323478699
    },
    "left_eye_inner": {
        "x": 0.7221287488937378,
        "y": 0.49456262588500977,
        "z": 0.3508327007293701
    },
    "left_eye": {
        "x": 0.7199455499649048,
        "y": 0.4938492178916931,
        "z": 0.35088253021240234
    },
    "left_eye_outer": {
        "x": 0.7172293663024902,
        "y": 0.49245867133140564,
        "z": 0.3508988916873932
    },
    "right_eye_inner": {
        "x": 0.7279357314109802,
        "y": 0.4951673448085785,
        "z": 0.347623735666275
    },
    "right_eye": {
        "x": 0.7297760844230652,
        "y": 0.4949222803115845,
        "z": 0.3476722240447998
    },
    "right_eye_outer": {
        "x": 0.7315170764923096,
        "y": 0.49420881271362305,
        "z": 0.34754496812820435
    },
    "left_ear": {
        "x": 0.713409423828125,
        "y": 0.49180862307548523,
        "z": 0.30273205041885376
    },
    "right_ear": {
        "x": 0.736229658126831,
        "y": 0.49671390652656555,
        "z": 0.2880737781524658
    },
    "mouth_left": {
        "x": 0.7213563323020935,
        "y": 0.5035932064056396,
        "z": 0.33859679102897644
    },
    "mouth_right": {
        "x": 0.7271524667739868,
        "y": 0.5041790008544922,
        "z": 0.334285169839859
    },
    "left_shoulder": {
        "x": 0.6904945373535156,
        "y": 0.5060083270072937,
        "z": 0.21859680116176605
    },
    "right_shoulder": {
        "x": 0.7504401206970215,
        "y": 0.5068644285202026,
        "z": 0.2015531212091446
    },
    "left_elbow": {
        "x": 0.6865589022636414,
        "y": 0.5788865685462952,
        "z": 0.18458110094070435
    },
    "right_elbow": {
        "x": 0.7571027874946594,
        "y": 0.5873926877975464,
        "z": 0.14483994245529175
    },
    "left_wrist": {
        "x": 0.6999879479408264,
        "y": 0.6295710802078247,
        "z": 0.1774444431066513
    },
    "right_wrist": {
        "x": 0.7368276119232178,
        "y": 0.6351335644721985,
        "z": 0.11444710940122604
    },
    "left_pinky": {
        "x": 0.7001014947891235,
        "y": 0.6388599872589111,
        "z": 0.1691419631242752
    },
    "right_pinky": {
        "x": 0.7345000505447388,
        "y": 0.6455519795417786,
        "z": 0.10969970375299454
    },
    "left_index": {
        "x": 0.7081444263458252,
        "y": 0.6411691308021545,
        "z": 0.17745663225650787
    },
    "right_index": {
        "x": 0.7264038324356079,
        "y": 0.6440536975860596,
        "z": 0.11185094714164734
    },
    "left_thumb": {
        "x": 0.7098363637924194,
        "y": 0.6370775699615479,
        "z": 0.17891541123390198
    },
    "right_thumb": {
        "x": 0.7261227369308472,
        "y": 0.6382980942726135,
        "z": 0.11482814699411392
    },
    "left_hip": {
        "x": 0.6940014362335205,
        "y": 0.609021008014679,
        "z": 0.002637547440826893
    },
    "right_hip": {
        "x": 0.7353653907775879,
        "y": 0.6139363646507263,
        "z": -0.002890063915401697
    },
    "left_knee": {
        "x": 0.685316264629364,
        "y": 0.6890600919723511,
        "z": 0.019363410770893097
    },
    "right_knee": {
        "x": 0.7129569053649902,
        "y": 0.7065132856369019,
        "z": 0.01712450012564659
    },
    "left_ankle": {
        "x": 0.6683607697486877,
        "y": 0.8037179112434387,
        "z": -0.03927140310406685
    },
    "right_ankle": {
        "x": 0.6829004883766174,
        "y": 0.8230015635490417,
        "z": -0.036423612385988235
    },
    "left_heel": {
        "x": 0.6667705774307251,
        "y": 0.8319196701049805,
        "z": -0.04950619861483574
    },
    "right_heel": {
        "x": 0.6768403053283691,
        "y": 0.842266857624054,
        "z": -0.046195875853300095
    },
    "left_foot_index": {
        "x": 0.6560932993888855,
        "y": 0.8100235462188721,
        "z": -0.07208229601383209
    },
    "right_foot_index": {
        "x": 0.6878489851951599,
        "y": 0.807991087436676,
        "z": -0.08235182613134384
    }
}