{
    "nose": {
        "x": 0.7580456733703613,
        "y": 0.3707676827907562,
        "z": 0.09287957847118378
    },
    "left_eye_inner": {
        "x": 0.757508397102356,
        "y": 0.35887610912323,
        "z": 0.07878787815570831
    },
    "left_eye": {
        "x": 0.7558007836341858,
        "y": 0.3568281829357147,
        "z": 0.07876723259687424
    },
    "left_eye_outer": {
        "x": 0.7539423108100891,
        "y": 0.35489335656166077,
        "z": 0.07874248176813126
    },
    "right_eye_inner": {
        "x": 0.7618261575698853,
        "y": 0.36367034912109375,
        "z": 0.0671139508485794
    },
    "right_eye": {
        "x": 0.7630603313446045,
        "y": 0.36483606696128845,
        "z": 0.0670710876584053
    },
    "right_eye_outer": {
        "x": 0.7643402218818665,
        "y": 0.3661589026451111,
        "z": 0.06694889813661575
    },
    "left_ear": {
        "x": 0.7492878437042236,
        "y": 0.35357511043548584,
        "z": 0.030525606125593185
    },
    "right_ear": {
        "x": 0.7642005681991577,
        "y": 0.37044933438301086,
        "z": -0.021571151912212372
    },
    "mouth_left": {
        "x": 0.7531368136405945,
        "y": 0.3743891716003418,
        "z": 0.08041558414697647
    },
    "mouth_right": {
        "x": 0.7579730749130249,
        "y": 0.38012129068374634,
        "z": 0.06502445787191391
    },
    "left_shoulder": {
        "x": 0.7058542370796204,
        "y": 0.38475751876831055,
        "z": 0.05966251343488693
    },
    "right_shoulder": {
        "x": 0.7612242102622986,
        "y": 0.41948264837265015,
        "z": -0.10014310479164124
    },
    "left_elbow": {
        "x": 0.6902903914451599,
        "y": 0.47025489807128906,
        "z": 0.06444517523050308
    },
    "right_elbow": {
        "x": 0.744739830493927,
        "y": 0.5148202776908875,
        "z": -0.08095866441726685
    },
    "left_wrist": {
        "x": 0.6814897060394287,
        "y": 0.5403832197189331,
        "z": 0.0518687404692173
    },
    "right_wrist": {
        "x": 0.7375996112823486,
        "y": 0.6128065586090088,
        "z": 0.006272213067859411
    },
    "left_pinky": {
        "x": 0.6758013963699341,
        "y": 0.5597788691520691,
        "z": 0.05584493651986122
    },
    "right_pinky": {
        "x": 0.7395817041397095,
        "y": 0.6280799508094788,
        "z": 0.002887416398152709
    },
    "left_index": {
        "x": 0.6816529631614685,
        "y": 0.5608072280883789,
        "z": 0.04747208580374718
    },
    "right_index": {
        "x": 0.7405347228050232,
        "y": 0.6261377334594727,
        "z": 0.008270684629678726
    },
    "left_thumb": {
        "x": 0.6849196553230286,
        "y": 0.555663526058197,
        "z": 0.04726354777812958
    },
    "right_thumb": {
        "x": 0.7387561798095703,
        "y": 0.6204415559768677,
        "z": 0.010203168727457523
    },
    "left_hip": {
        "x": 0.6619638204574585,
        "y": 0.5619436502456665,
        "z": 0.07263350486755371
    },
    "right_hip": {
        "x": 0.6927105188369751,
        "y": 0.5822007060050964,
        "z": -0.07282910495996475
    },
    "left_knee": {
        "x": 0.6710513234138489,
        "y": 0.6634063124656677,
        "z": 0.23220016062259674
    },
    "right_knee": {
        "x": 0.6739377379417419,
        "y": 0.7053889036178589,
        "z": -0.0003192392468918115
    },
    "left_ankle": {
        "x": 0.6583439111709595,
        "y": 0.7575847506523132,
        "z": 0.37603291869163513
    },
    "right_ankle": {
        "x": 0.634606122970581,
        "y": 0.8290148973464966,
        "z": 0.05520595982670784
    },
    "left_heel": {
        "x": 0.6507508158683777,
        "y": 0.7776826024055481,
        "z": 0.38961437344551086
    },
    "right_heel": {
        "x": 0.6230698823928833,
        "y": 0.8477873206138611,
        "z": 0.059057291597127914
    },
    "left_foot_index": {
        "x": 0.6804438829421997,
        "y": 0.7826783657073975,
        "z": 0.3811607360839844
    },
    "right_foot_index": {
        "x": 0.6559876799583435,
        "y": 0.8464551568031311,
        "z": 0.014062022790312767
    }
}