{
    "nose": {
        "x": 0.3924791216850281,
        "y": 0.17981606721878052,
        "z": -0.03763890638947487
    },
    "left_eye_inner": {
        "x": 0.39638108015060425,
        "y": 0.16381925344467163,
        "z": -0.026748575270175934
    },
    "left_eye": {
        "x": 0.3960684835910797,
        "y": 0.16302213072776794,
        "z": -0.02680005319416523
    },
    "left_eye_outer": {
        "x": 0.39572370052337646,
        "y": 0.1621057689189911,
        "z": -0.026865756139159203
    },
    "right_eye_inner": {
        "x": 0.39550840854644775,
        "y": 0.16212105751037598,
        "z": -0.06352545320987701
    },
    "right_eye": {
        "x": 0.39461976289749146,
        "y": 0.16040587425231934,
        "z": -0.06346026062965393
    },
    "right_eye_outer": {
        "x": 0.3936602771282196,
        "y": 0.15865853428840637,
        "z": -0.06349431723356247
    },
    "left_ear": {
        "x": 0.386194109916687,
        "y": 0.15277191996574402,
        "z": 0.02493075281381607
    },
    "right_ear": {
        "x": 0.38390254974365234,
        "y": 0.14971348643302917,
        "z": -0.1419583112001419
    },
    "mouth_left": {
        "x": 0.3843995928764343,
        "y": 0.18561914563179016,
        "z": -0.014036975800991058
    },
    "mouth_right": {
        "x": 0.3828747570514679,
        "y": 0.18348929286003113,
        "z": -0.06288912147283554
    },
    "left_shoulder": {
        "x": 0.33741024136543274,
        "y": 0.2021080106496811,
        "z": 0.12442708760499954
    },
    "right_shoulder": {
        "x": 0.3408122658729553,
        "y": 0.1911880373954773,
        "z": -0.21614879369735718
    },
    "left_elbow": {
        "x": 0.31437161564826965,
        "y": 0.312918484210968,
        "z": 0.20167237520217896
    },
    "right_elbow": {
        "x": 0.329651415348053,
        "y": 0.31359371542930603,
        "z": -0.24658077955245972
    },
    "left_wrist": {
        "x": 0.3456708788871765,
        "y": 0.3726596534252167,
        "z": 0.18176385760307312
    },
    "right_wrist": {
        "x": 0.3975321054458618,
        "y": 0.37300825119018555,
        "z": -0.1736639440059662
    },
    "left_pinky": {
        "x": 0.35460731387138367,
        "y": 0.3899995684623718,
        "z": 0.1882532685995102
    },
    "right_pinky": {
        "x": 0.4024650454521179,
        "y": 0.38794681429862976,
        "z": -0.19363360106945038
    },
    "left_index": {
        "x": 0.3619445562362671,
        "y": 0.38534846901893616,
        "z": 0.1649795025587082
    },
    "right_index": {
        "x": 0.4054589867591858,
        "y": 0.3812122642993927,
        "z": -0.1795220971107483
    },
    "left_thumb": {
        "x": 0.3582754135131836,
        "y": 0.37984269857406616,
        "z": 0.16978803277015686
    },
    "right_thumb": {
        "x": 0.40193411707878113,
        "y": 0.37514886260032654,
        "z": -0.1649858057498932
    },
    "left_hip": {
        "x": 0.3150753676891327,
        "y": 0.4218301475048065,
        "z": 0.10490551590919495
    },
    "right_hip": {
        "x": 0.31464827060699463,
        "y": 0.4297226071357727,
        "z": -0.10481374710798264
    },
    "left_knee": {
        "x": 0.3934231698513031,
        "y": 0.4402795732021332,
        "z": 0.17610208690166473
    },
    "right_knee": {
        "x": 0.3708614408969879,
        "y": 0.5455111265182495,
        "z": -0.06342798471450806
    },
    "left_ankle": {
        "x": 0.38826480507850647,
        "y": 0.5649709701538086,
        "z": 0.29261186718940735
    },
    "right_ankle": {
        "x": 0.3071330487728119,
        "y": 0.6658480167388916,
        "z": 0.09600207954645157
    },
    "left_heel": {
        "x": 0.37521570920944214,
        "y": 0.5883097052574158,
        "z": 0.3021388649940491
    },
    "right_heel": {
        "x": 0.28476881980895996,
        "y": 0.6773132085800171,
        "z": 0.11359599977731705
    },
    "left_foot_index": {
        "x": 0.42631348967552185,
        "y": 0.5924350619316101,
        "z": 0.3001561164855957
    },
    "right_foot_index": {
        "x": 0.33327969908714294,
        "y": 0.7196379899978638,
        "z": 0.09670525789260864
    }
}