{
    "nose": {
        "x": 0.38081055879592896,
        "y": 0.17998018860816956,
        "z": -0.06102495267987251
    },
    "left_eye_inner": {
        "x": 0.38404038548469543,
        "y": 0.165225550532341,
        "z": -0.04924636706709862
    },
    "left_eye": {
        "x": 0.38391199707984924,
        "y": 0.1646237075328827,
        "z": -0.04931605979800224
    },
    "left_eye_outer": {
        "x": 0.3837190866470337,
        "y": 0.16404908895492554,
        "z": -0.04937034472823143
    },
    "right_eye_inner": {
        "x": 0.38335463404655457,
        "y": 0.1638571321964264,
        "z": -0.08305562287569046
    },
    "right_eye": {
        "x": 0.3828120529651642,
        "y": 0.1625119149684906,
        "z": -0.08304599672555923
    },
    "right_eye_outer": {
        "x": 0.3822106420993805,
        "y": 0.16124051809310913,
        "z": -0.08308766037225723
    },
    "left_ear": {
        "x": 0.37661442160606384,
        "y": 0.1572585552930832,
        "z": 0.010781429708003998
    },
    "right_ear": {
        "x": 0.3738050162792206,
        "y": 0.15341028571128845,
        "z": -0.14372602105140686
    },
    "mouth_left": {
        "x": 0.3747621476650238,
        "y": 0.185185506939888,
        "z": -0.03565436974167824
    },
    "mouth_right": {
        "x": 0.3733980059623718,
        "y": 0.1834724247455597,
        "z": -0.08050503581762314
    },
    "left_shoulder": {
        "x": 0.3469153940677643,
        "y": 0.21223779022693634,
        "z": 0.10053563117980957
    },
    "right_shoulder": {
        "x": 0.3264169991016388,
        "y": 0.20106439292430878,
        "z": -0.20552153885364532
    },
    "left_elbow": {
        "x": 0.3557775020599365,
        "y": 0.3035268783569336,
        "z": 0.1691020131111145
    },
    "right_elbow": {
        "x": 0.3335874080657959,
        "y": 0.3216146230697632,
        "z": -0.23920093476772308
    },
    "left_wrist": {
        "x": 0.3962889611721039,
        "y": 0.36223000288009644,
        "z": 0.1301417499780655
    },
    "right_wrist": {
        "x": 0.3852337896823883,
        "y": 0.3835369944572449,
        "z": -0.22424712777137756
    },
    "left_pinky": {
        "x": 0.40772032737731934,
        "y": 0.37324658036231995,
        "z": 0.13044796884059906
    },
    "right_pinky": {
        "x": 0.3961241543292999,
        "y": 0.4051116108894348,
        "z": -0.2523941993713379
    },
    "left_index": {
        "x": 0.40960532426834106,
        "y": 0.3689812421798706,
        "z": 0.10550804436206818
    },
    "right_index": {
        "x": 0.4032959043979645,
        "y": 0.39054596424102783,
        "z": -0.24625518918037415
    },
    "left_thumb": {
        "x": 0.4065663516521454,
        "y": 0.3683447539806366,
        "z": 0.11758602410554886
    },
    "right_thumb": {
        "x": 0.3986116647720337,
        "y": 0.3827086091041565,
        "z": -0.22095760703086853
    },
    "left_hip": {
        "x": 0.3203660845756531,
        "y": 0.3946457803249359,
        "z": 0.0906539261341095
    },
    "right_hip": {
        "x": 0.30167463421821594,
        "y": 0.4094112515449524,
        "z": -0.09060559421777725
    },
    "left_knee": {
        "x": 0.3908146023750305,
        "y": 0.43188905715942383,
        "z": 0.10044807195663452
    },
    "right_knee": {
        "x": 0.3624385893344879,
        "y": 0.49746760725975037,
        "z": -0.1146959662437439
    },
    "left_ankle": {
        "x": 0.38532403111457825,
        "y": 0.5628572106361389,
        "z": 0.1828816533088684
    },
    "right_ankle": {
        "x": 0.341960072517395,
        "y": 0.6176949739456177,
        "z": 0.037932831794023514
    },
    "left_heel": {
        "x": 0.3727074861526489,
        "y": 0.5846372246742249,
        "z": 0.18900848925113678
    },
    "right_heel": {
        "x": 0.328575998544693,
        "y": 0.6297115087509155,
        "z": 0.0543036162853241
    },
    "left_foot_index": {
        "x": 0.4192226529121399,
        "y": 0.5997075438499451,
        "z": 0.1654800921678543
    },
    "right_foot_index": {
        "x": 0.3700687885284424,
        "y": 0.667175829410553,
        "z": 0.03303118422627449
    }
}