{
    "nose": {
        "x": 0.3992464542388916,
        "y": 0.2046041488647461,
        "z": 0.01869620382785797
    },
    "left_eye_inner": {
        "x": 0.40367060899734497,
        "y": 0.18994508683681488,
        "z": 0.012293661013245583
    },
    "left_eye": {
        "x": 0.4027973413467407,
        "y": 0.18873926997184753,
        "z": 0.012294949032366276
    },
    "left_eye_outer": {
        "x": 0.40197932720184326,
        "y": 0.18768548965454102,
        "z": 0.012265350669622421
    },
    "right_eye_inner": {
        "x": 0.4061906933784485,
        "y": 0.19071069359779358,
        "z": -0.010937180370092392
    },
    "right_eye": {
        "x": 0.4070481061935425,
        "y": 0.19033831357955933,
        "z": -0.010955886915326118
    },
    "right_eye_outer": {
        "x": 0.40791070461273193,
        "y": 0.1901906579732895,
        "z": -0.011049809865653515
    },
    "left_ear": {
        "x": 0.39531010389328003,
        "y": 0.1813945472240448,
        "z": -0.0018316588830202818
    },
    "right_ear": {
        "x": 0.40256989002227783,
        "y": 0.18728655576705933,
        "z": -0.1070181354880333
    },
    "mouth_left": {
        "x": 0.3915073275566101,
        "y": 0.20832201838493347,
        "z": 0.018987072631716728
    },
    "mouth_right": {
        "x": 0.3937132656574249,
        "y": 0.2096392661333084,
        "z": -0.011697351932525635
    },
    "left_shoulder": {
        "x": 0.32688575983047485,
        "y": 0.19993768632411957,
        "z": 0.049800969660282135
    },
    "right_shoulder": {
        "x": 0.37053555250167847,
        "y": 0.23582042753696442,
        "z": -0.17287348210811615
    },
    "left_elbow": {
        "x": 0.3093531131744385,
        "y": 0.29309383034706116,
        "z": 0.14914415776729584
    },
    "right_elbow": {
        "x": 0.3959459662437439,
        "y": 0.3451957106590271,
        "z": -0.15581463277339935
    },
    "left_wrist": {
        "x": 0.32292234897613525,
        "y": 0.36321836709976196,
        "z": 0.18726760149002075
    },
    "right_wrist": {
        "x": 0.4505651891231537,
        "y": 0.3993457555770874,
        "z": -0.07691147178411484
    },
    "left_pinky": {
        "x": 0.32396626472473145,
        "y": 0.3807717561721802,
        "z": 0.19883157312870026
    },
    "right_pinky": {
        "x": 0.4631693661212921,
        "y": 0.4053429067134857,
        "z": -0.08790841698646545
    },
    "left_index": {
        "x": 0.33129996061325073,
        "y": 0.3794317841529846,
        "z": 0.1833036094903946
    },
    "right_index": {
        "x": 0.4647132158279419,
        "y": 0.3930782973766327,
        "z": -0.08270063996315002
    },
    "left_thumb": {
        "x": 0.3316231071949005,
        "y": 0.374636709690094,
        "z": 0.18250355124473572
    },
    "right_thumb": {
        "x": 0.45812711119651794,
        "y": 0.3937947452068329,
        "z": -0.07116694748401642
    },
    "left_hip": {
        "x": 0.28988468647003174,
        "y": 0.4301726520061493,
        "z": 0.0738012045621872
    },
    "right_hip": {
        "x": 0.3153846263885498,
        "y": 0.4397793412208557,
        "z": -0.0740131288766861
    },
    "left_knee": {
        "x": 0.3088594079017639,
        "y": 0.534747838973999,
        "z": 0.27768686413764954
    },
    "right_knee": {
        "x": 0.31495651602745056,
        "y": 0.553180992603302,
        "z": 0.0901540219783783
    },
    "left_ankle": {
        "x": 0.3147517144680023,
        "y": 0.6085018515586853,
        "z": 0.3812597393989563
    },
    "right_ankle": {
        "x": 0.3077053427696228,
        "y": 0.623448371887207,
        "z": 0.24778972566127777
    },
    "left_heel": {
        "x": 0.30976682901382446,
        "y": 0.6233436465263367,
        "z": 0.39241084456443787
    },
    "right_heel": {
        "x": 0.29695165157318115,
        "y": 0.6338022947311401,
        "z": 0.26740336418151855
    },
    "left_foot_index": {
        "x": 0.33811554312705994,
        "y": 0.6229512095451355,
        "z": 0.38852545619010925
    },
    "right_foot_index": {
        "x": 0.33592215180397034,
        "y": 0.6515129804611206,
        "z": 0.2678584158420563
    }
}