{
    "nose": {
        "x": 0.375252902507782,
        "y": 0.16282516717910767,
        "z": -0.07082585245370865
    },
    "left_eye_inner": {
        "x": 0.3773566782474518,
        "y": 0.1501045525074005,
        "z": -0.059040557593107224
    },
    "left_eye": {
        "x": 0.3770528733730316,
        "y": 0.15014782547950745,
        "z": -0.059111788868904114
    },
    "left_eye_outer": {
        "x": 0.3767257332801819,
        "y": 0.15013204514980316,
        "z": -0.05920419842004776
    },
    "right_eye_inner": {
        "x": 0.37648096680641174,
        "y": 0.14757874608039856,
        "z": -0.0934784859418869
    },
    "right_eye": {
        "x": 0.37561237812042236,
        "y": 0.14615453779697418,
        "z": -0.09341534972190857
    },
    "right_eye_outer": {
        "x": 0.374662846326828,
        "y": 0.14477387070655823,
        "z": -0.0934516116976738
    },
    "left_ear": {
        "x": 0.36887669563293457,
        "y": 0.14548084139823914,
        "z": 0.002861347980797291
    },
    "right_ear": {
        "x": 0.36573857069015503,
        "y": 0.14005905389785767,
        "z": -0.1528751403093338
    },
    "mouth_left": {
        "x": 0.3692757785320282,
        "y": 0.17036420106887817,
        "z": -0.043538182973861694
    },
    "mouth_right": {
        "x": 0.36746370792388916,
        "y": 0.16748428344726562,
        "z": -0.08908258378505707
    },
    "left_shoulder": {
        "x": 0.33065181970596313,
        "y": 0.19921420514583588,
        "z": 0.09726433455944061
    },
    "right_shoulder": {
        "x": 0.3205684423446655,
        "y": 0.1800447404384613,
        "z": -0.21389427781105042
    },
    "left_elbow": {
        "x": 0.33064183592796326,
        "y": 0.3027598261833191,
        "z": 0.18247339129447937
    },
    "right_elbow": {
        "x": 0.3108486235141754,
        "y": 0.28576138615608215,
        "z": -0.2597033679485321
    },
    "left_wrist": {
        "x": 0.36535727977752686,
        "y": 0.34229224920272827,
        "z": 0.1555587351322174
    },
    "right_wrist": {
        "x": 0.36098748445510864,
        "y": 0.3468078076839447,
        "z": -0.24588726460933685
    },
    "left_pinky": {
        "x": 0.37552520632743835,
        "y": 0.35600656270980835,
        "z": 0.15659435093402863
    },
    "right_pinky": {
        "x": 0.372165709733963,
        "y": 0.3685471713542938,
        "z": -0.2752634882926941
    },
    "left_index": {
        "x": 0.3810041844844818,
        "y": 0.3468666672706604,
        "z": 0.13072584569454193
    },
    "right_index": {
        "x": 0.3794865906238556,
        "y": 0.3579839766025543,
        "z": -0.2637708783149719
    },
    "left_thumb": {
        "x": 0.3772260546684265,
        "y": 0.343192458152771,
        "z": 0.14218297600746155
    },
    "right_thumb": {
        "x": 0.37299641966819763,
        "y": 0.35097000002861023,
        "z": -0.23996680974960327
    },
    "left_hip": {
        "x": 0.3149265646934509,
        "y": 0.40618669986724854,
        "z": 0.09375898540019989
    },
    "right_hip": {
        "x": 0.30408066511154175,
        "y": 0.41444242000579834,
        "z": -0.09361276775598526
    },
    "left_knee": {
        "x": 0.3863457441329956,
        "y": 0.43059590458869934,
        "z": 0.18573804199695587
    },
    "right_knee": {
        "x": 0.3262711763381958,
        "y": 0.5638294219970703,
        "z": -0.024493424221873283
    },
    "left_ankle": {
        "x": 0.38774916529655457,
        "y": 0.5290096402168274,
        "z": 0.36149758100509644
    },
    "right_ankle": {
        "x": 0.296127051115036,
        "y": 0.6903327703475952,
        "z": 0.12319187074899673
    },
    "left_heel": {
        "x": 0.3778029680252075,
        "y": 0.547588050365448,
        "z": 0.377587229013443
    },
    "right_heel": {
        "x": 0.2830025553703308,
        "y": 0.7064380645751953,
        "z": 0.13712270557880402
    },
    "left_foot_index": {
        "x": 0.42484891414642334,
        "y": 0.5585547685623169,
        "z": 0.3673628866672516
    },
    "right_foot_index": {
        "x": 0.32509881258010864,
        "y": 0.7422666549682617,
        "z": 0.07598581910133362
    }
}