{
    "nose": {
        "x": 0.37376031279563904,
        "y": 0.16484740376472473,
        "z": -0.09473859518766403
    },
    "left_eye_inner": {
        "x": 0.3762832283973694,
        "y": 0.15010181069374084,
        "z": -0.0830371156334877
    },
    "left_eye": {
        "x": 0.3760127127170563,
        "y": 0.14993511140346527,
        "z": -0.083077572286129
    },
    "left_eye_outer": {
        "x": 0.375739187002182,
        "y": 0.14974337816238403,
        "z": -0.08311313390731812
    },
    "right_eye_inner": {
        "x": 0.37555694580078125,
        "y": 0.14797309041023254,
        "z": -0.11877485364675522
    },
    "right_eye": {
        "x": 0.37473660707473755,
        "y": 0.146589457988739,
        "z": -0.11873780936002731
    },
    "right_eye_outer": {
        "x": 0.37379515171051025,
        "y": 0.14520621299743652,
        "z": -0.11878848075866699
    },
    "left_ear": {
        "x": 0.36759060621261597,
        "y": 0.14466160535812378,
        "z": -0.017667517066001892
    },
    "right_ear": {
        "x": 0.36351221799850464,
        "y": 0.13894394040107727,
        "z": -0.17980080842971802
    },
    "mouth_left": {
        "x": 0.36694812774658203,
        "y": 0.17256063222885132,
        "z": -0.06606309860944748
    },
    "mouth_right": {
        "x": 0.36541473865509033,
        "y": 0.1696498692035675,
        "z": -0.11333651840686798
    },
    "left_shoulder": {
        "x": 0.3310399353504181,
        "y": 0.202057883143425,
        "z": 0.07969188690185547
    },
    "right_shoulder": {
        "x": 0.316865473985672,
        "y": 0.18034948408603668,
        "z": -0.24137981235980988
    },
    "left_elbow": {
        "x": 0.3232939541339874,
        "y": 0.30714595317840576,
        "z": 0.14336346089839935
    },
    "right_elbow": {
        "x": 0.3143596351146698,
        "y": 0.2937682271003723,
        "z": -0.2847926914691925
    },
    "left_wrist": {
        "x": 0.34978407621383667,
        "y": 0.359806627035141,
        "z": 0.09579804539680481
    },
    "right_wrist": {
        "x": 0.36516883969306946,
        "y": 0.36442652344703674,
        "z": -0.27212315797805786
    },
    "left_pinky": {
        "x": 0.3575122356414795,
        "y": 0.3771117031574249,
        "z": 0.09177416563034058
    },
    "right_pinky": {
        "x": 0.3764786422252655,
        "y": 0.38791462779045105,
        "z": -0.30275189876556396
    },
    "left_index": {
        "x": 0.3628937900066376,
        "y": 0.36918726563453674,
        "z": 0.06680738925933838
    },
    "right_index": {
        "x": 0.38402533531188965,
        "y": 0.3787497580051422,
        "z": -0.2925897240638733
    },
    "left_thumb": {
        "x": 0.3596607446670532,
        "y": 0.3628010153770447,
        "z": 0.08173073083162308
    },
    "right_thumb": {
        "x": 0.3778945803642273,
        "y": 0.37067022919654846,
        "z": -0.26664304733276367
    },
    "left_hip": {
        "x": 0.32404980063438416,
        "y": 0.4095151126384735,
        "z": 0.09604369848966599
    },
    "right_hip": {
        "x": 0.3069154918193817,
        "y": 0.41345229744911194,
        "z": -0.09589327126741409
    },
    "left_knee": {
        "x": 0.3816099464893341,
        "y": 0.4800812005996704,
        "z": 0.15802112221717834
    },
    "right_knee": {
        "x": 0.32679909467697144,
        "y": 0.5641579031944275,
        "z": -0.03689481317996979
    },
    "left_ankle": {
        "x": 0.35537710785865784,
        "y": 0.6048573851585388,
        "z": 0.3177926540374756
    },
    "right_ankle": {
        "x": 0.30220991373062134,
        "y": 0.7117703557014465,
        "z": 0.10942410677671432
    },
    "left_heel": {
        "x": 0.3410395383834839,
        "y": 0.6229461431503296,
        "z": 0.33083733916282654
    },
    "right_heel": {
        "x": 0.28884920477867126,
        "y": 0.7349940538406372,
        "z": 0.12110990285873413
    },
    "left_foot_index": {
        "x": 0.38569337129592896,
        "y": 0.649535059928894,
        "z": 0.30009937286376953
    },
    "right_foot_index": {
        "x": 0.3326452374458313,
        "y": 0.7594555616378784,
        "z": 0.042936455458402634
    }
}