{
    "nose": {
        "x": 0.38123446702957153,
        "y": 0.15968967974185944,
        "z": -0.029017439112067223
    },
    "left_eye_inner": {
        "x": 0.3817460536956787,
        "y": 0.13988277316093445,
        "z": -0.022550230845808983
    },
    "left_eye": {
        "x": 0.3802357614040375,
        "y": 0.13847869634628296,
        "z": -0.022593386471271515
    },
    "left_eye_outer": {
        "x": 0.37838757038116455,
        "y": 0.13695639371871948,
        "z": -0.02260211668908596
    },
    "right_eye_inner": {
        "x": 0.38326752185821533,
        "y": 0.13975867629051208,
        "z": -0.04871354252099991
    },
    "right_eye": {
        "x": 0.3828229010105133,
        "y": 0.13857725262641907,
        "z": -0.04873552918434143
    },
    "right_eye_outer": {
        "x": 0.382091760635376,
        "y": 0.13720133900642395,
        "z": -0.048837680369615555
    },
    "left_ear": {
        "x": 0.3680833578109741,
        "y": 0.13475266098976135,
        "z": 0.009584137238562107
    },
    "right_ear": {
        "x": 0.3705485165119171,
        "y": 0.13404104113578796,
        "z": -0.11114036291837692
    },
    "mouth_left": {
        "x": 0.36846718192100525,
        "y": 0.16959090530872345,
        "z": -0.014455456286668777
    },
    "mouth_right": {
        "x": 0.3708045482635498,
        "y": 0.1697002798318863,
        "z": -0.04932648316025734
    },
    "left_shoulder": {
        "x": 0.3371918797492981,
        "y": 0.20980678498744965,
        "z": 0.05838208273053169
    },
    "right_shoulder": {
        "x": 0.32886189222335815,
        "y": 0.19713085889816284,
        "z": -0.15275642275810242
    },
    "left_elbow": {
        "x": 0.3399200439453125,
        "y": 0.3302880823612213,
        "z": 0.11861167848110199
    },
    "right_elbow": {
        "x": 0.3292538821697235,
        "y": 0.3385368585586548,
        "z": -0.1559036821126938
    },
    "left_wrist": {
        "x": 0.3557063937187195,
        "y": 0.3812919855117798,
        "z": 0.13512620329856873
    },
    "right_wrist": {
        "x": 0.3608056902885437,
        "y": 0.39350223541259766,
        "z": -0.10235489904880524
    },
    "left_pinky": {
        "x": 0.35873299837112427,
        "y": 0.39854779839515686,
        "z": 0.14025095105171204
    },
    "right_pinky": {
        "x": 0.3693598508834839,
        "y": 0.4110991656780243,
        "z": -0.11242645978927612
    },
    "left_index": {
        "x": 0.36273685097694397,
        "y": 0.38754627108573914,
        "z": 0.12822656333446503
    },
    "right_index": {
        "x": 0.3734798729419708,
        "y": 0.40167030692100525,
        "z": -0.10266730934381485
    },
    "left_thumb": {
        "x": 0.3620418906211853,
        "y": 0.3813801407814026,
        "z": 0.12986154854297638
    },
    "right_thumb": {
        "x": 0.3687078356742859,
        "y": 0.3963433504104614,
        "z": -0.09612178802490234
    },
    "left_hip": {
        "x": 0.38989874720573425,
        "y": 0.41696199774742126,
        "z": 0.06925956904888153
    },
    "right_hip": {
        "x": 0.3808380365371704,
        "y": 0.4262741506099701,
        "z": -0.06936361640691757
    },
    "left_knee": {
        "x": 0.4408877193927765,
        "y": 0.4605473577976227,
        "z": 0.11517045646905899
    },
    "right_knee": {
        "x": 0.40360841155052185,
        "y": 0.45878562331199646,
        "z": -0.05114755779504776
    },
    "left_ankle": {
        "x": 0.417875736951828,
        "y": 0.5012123584747314,
        "z": 0.3020903468132019
    },
    "right_ankle": {
        "x": 0.3999018371105194,
        "y": 0.5455881357192993,
        "z": 0.152599036693573
    },
    "left_heel": {
        "x": 0.4105655550956726,
        "y": 0.504967212677002,
        "z": 0.3215511441230774
    },
    "right_heel": {
        "x": 0.38891398906707764,
        "y": 0.5575100183486938,
        "z": 0.17656654119491577
    },
    "left_foot_index": {
        "x": 0.42230042815208435,
        "y": 0.5161992311477661,
        "z": 0.333793044090271
    },
    "right_foot_index": {
        "x": 0.42492350935935974,
        "y": 0.5721904039382935,
        "z": 0.1923631876707077
    }
}