{
    "nose": {
        "x": 0.3938246965408325,
        "y": 0.1664985716342926,
        "z": -0.039910465478897095
    },
    "left_eye_inner": {
        "x": 0.39724090695381165,
        "y": 0.1530221551656723,
        "z": -0.028003038838505745
    },
    "left_eye": {
        "x": 0.396811306476593,
        "y": 0.15255096554756165,
        "z": -0.02806626819074154
    },
    "left_eye_outer": {
        "x": 0.3964025378227234,
        "y": 0.151911199092865,
        "z": -0.028115272521972656
    },
    "right_eye_inner": {
        "x": 0.3970208764076233,
        "y": 0.15105202794075012,
        "z": -0.06301609426736832
    },
    "right_eye": {
        "x": 0.3963693380355835,
        "y": 0.14944392442703247,
        "z": -0.06299030035734177
    },
    "right_eye_outer": {
        "x": 0.39560195803642273,
        "y": 0.1477254331111908,
        "z": -0.06305353343486786
    },
    "left_ear": {
        "x": 0.387533962726593,
        "y": 0.14302676916122437,
        "z": 0.024304687976837158
    },
    "right_ear": {
        "x": 0.38573378324508667,
        "y": 0.13942986726760864,
        "z": -0.13481472432613373
    },
    "mouth_left": {
        "x": 0.38593003153800964,
        "y": 0.1720586121082306,
        "z": -0.016585975885391235
    },
    "mouth_right": {
        "x": 0.38494420051574707,
        "y": 0.16973242163658142,
        "z": -0.06312340497970581
    },
    "left_shoulder": {
        "x": 0.33630362153053284,
        "y": 0.18921449780464172,
        "z": 0.10923534631729126
    },
    "right_shoulder": {
        "x": 0.34019744396209717,
        "y": 0.18098150193691254,
        "z": -0.20226188004016876
    },
    "left_elbow": {
        "x": 0.32236313819885254,
        "y": 0.2950512170791626,
        "z": 0.14429022371768951
    },
    "right_elbow": {
        "x": 0.33737146854400635,
        "y": 0.3021693229675293,
        "z": -0.2227926105260849
    },
    "left_wrist": {
        "x": 0.35667428374290466,
        "y": 0.3634030520915985,
        "z": 0.08819606155157089
    },
    "right_wrist": {
        "x": 0.3817673623561859,
        "y": 0.36554810404777527,
        "z": -0.14858368039131165
    },
    "left_pinky": {
        "x": 0.3668913245201111,
        "y": 0.3811207413673401,
        "z": 0.08592025935649872
    },
    "right_pinky": {
        "x": 0.39337414503097534,
        "y": 0.3828638195991516,
        "z": -0.16572532057762146
    },
    "left_index": {
        "x": 0.3733915388584137,
        "y": 0.37983453273773193,
        "z": 0.06595426052808762
    },
    "right_index": {
        "x": 0.40048718452453613,
        "y": 0.3759918212890625,
        "z": -0.1531270444393158
    },
    "left_thumb": {
        "x": 0.3691907823085785,
        "y": 0.3747795820236206,
        "z": 0.0761236622929573
    },
    "right_thumb": {
        "x": 0.39423632621765137,
        "y": 0.3705098330974579,
        "z": -0.1401626169681549
    },
    "left_hip": {
        "x": 0.329128623008728,
        "y": 0.4027438461780548,
        "z": 0.09352198243141174
    },
    "right_hip": {
        "x": 0.32900065183639526,
        "y": 0.4040190875530243,
        "z": -0.09353972226381302
    },
    "left_knee": {
        "x": 0.39490655064582825,
        "y": 0.45453059673309326,
        "z": 0.16337628662586212
    },
    "right_knee": {
        "x": 0.35336458683013916,
        "y": 0.511482834815979,
        "z": 0.004746949765831232
    },
    "left_ankle": {
        "x": 0.4076894521713257,
        "y": 0.5587915778160095,
        "z": 0.2698797583580017
    },
    "right_ankle": {
        "x": 0.31540951132774353,
        "y": 0.6169732809066772,
        "z": 0.2052614837884903
    },
    "left_heel": {
        "x": 0.399198979139328,
        "y": 0.5813027620315552,
        "z": 0.27932873368263245
    },
    "right_heel": {
        "x": 0.29955601692199707,
        "y": 0.6303148865699768,
        "z": 0.2264813780784607
    },
    "left_foot_index": {
        "x": 0.44384121894836426,
        "y": 0.5716288089752197,
        "z": 0.2641347348690033
    },
    "right_foot_index": {
        "x": 0.3455020785331726,
        "y": 0.657018780708313,
        "z": 0.20804427564144135
    }
}