{
    "nose": {
        "x": 0.1622011959552765,
        "y": 0.15497146546840668,
        "z": -0.2724294662475586
    },
    "left_eye_inner": {
        "x": 0.16711433231830597,
        "y": 0.14679020643234253,
        "z": -0.2720673680305481
    },
    "left_eye": {
        "x": 0.16976980865001678,
        "y": 0.14732900261878967,
        "z": -0.2720455527305603
    },
    "left_eye_outer": {
        "x": 0.17231084406375885,
        "y": 0.14761807024478912,
        "z": -0.27212393283843994
    },
    "right_eye_inner": {
        "x": 0.16117459535598755,
        "y": 0.14347882568836212,
        "z": -0.2598297894001007
    },
    "right_eye": {
        "x": 0.1598556637763977,
        "y": 0.14195095002651215,
        "z": -0.25987279415130615
    },
    "right_eye_outer": {
        "x": 0.15866944193840027,
        "y": 0.14052851498126984,
        "z": -0.2598932087421417
    },
    "left_ear": {
        "x": 0.17724494636058807,
        "y": 0.14639593660831451,
        "z": -0.22046895325183868
    },
    "right_ear": {
        "x": 0.16061197221279144,
        "y": 0.13727129995822906,
        "z": -0.16536077857017517
    },
    "mouth_left": {
        "x": 0.1667742282152176,
        "y": 0.1652410477399826,
        "z": -0.24932441115379333
    },
    "mouth_right": {
        "x": 0.1597522795200348,
        "y": 0.1607176661491394,
        "z": -0.23346354067325592
    },
    "left_shoulder": {
        "x": 0.18837647140026093,
        "y": 0.19801677763462067,
        "z": -0.2022729367017746
    },
    "right_shoulder": {
        "x": 0.15866915881633759,
        "y": 0.1601298302412033,
        "z": -0.041533783078193665
    },
    "left_elbow": {
        "x": 0.1807084083557129,
        "y": 0.29088881611824036,
        "z": -0.2118111103773117
    },
    "right_elbow": {
        "x": 0.13912975788116455,
        "y": 0.1970067024230957,
        "z": 0.025816619396209717
    },
    "left_wrist": {
        "x": 0.13600504398345947,
        "y": 0.2948016822338104,
        "z": -0.24296461045742035
    },
    "right_wrist": {
        "x": 0.1104700118303299,
        "y": 0.22430075705051422,
        "z": -0.01493788044899702
    },
    "left_pinky": {
        "x": 0.12415420264005661,
        "y": 0.3039693534374237,
        "z": -0.26701587438583374
    },
    "right_pinky": {
        "x": 0.10321302711963654,
        "y": 0.23002785444259644,
        "z": -0.01756303384900093
    },
    "left_index": {
        "x": 0.1221226155757904,
        "y": 0.2918160557746887,
        "z": -0.2689249813556671
    },
    "right_index": {
        "x": 0.10379226505756378,
        "y": 0.23201575875282288,
        "z": -0.043061137199401855
    },
    "left_thumb": {
        "x": 0.12615247070789337,
        "y": 0.2881142497062683,
        "z": -0.2433774620294571
    },
    "right_thumb": {
        "x": 0.10715317726135254,
        "y": 0.2326011061668396,
        "z": -0.025522999465465546
    },
    "left_hip": {
        "x": 0.1808510273694992,
        "y": 0.3256237804889679,
        "z": -0.06501591205596924
    },
    "right_hip": {
        "x": 0.16494017839431763,
        "y": 0.3026011884212494,
        "z": 0.06502459943294525
    },
    "left_knee": {
        "x": 0.11214248836040497,
        "y": 0.3629443943500519,
        "z": -0.1672656238079071
    },
    "right_knee": {
        "x": 0.11150331795215607,
        "y": 0.3221524655818939,
        "z": 0.029019804671406746
    },
    "left_ankle": {
        "x": 0.14039404690265656,
        "y": 0.4848115146160126,
        "z": -0.13267871737480164
    },
    "right_ankle": {
        "x": 0.12920662760734558,
        "y": 0.4291539192199707,
        "z": 0.13686998188495636
    },
    "left_heel": {
        "x": 0.1548893004655838,
        "y": 0.5027564764022827,
        "z": -0.12925711274147034
    },
    "right_heel": {
        "x": 0.13832518458366394,
        "y": 0.44209223985671997,
        "z": 0.14648734033107758
    },
    "left_foot_index": {
        "x": 0.11550678312778473,
        "y": 0.5176059007644653,
        "z": -0.15994076430797577
    },
    "right_foot_index": {
        "x": 0.11064624786376953,
        "y": 0.46401986479759216,
        "z": 0.13282769918441772
    }
}