{
    "nose": {
        "x": 0.16588638722896576,
        "y": 0.15455874800682068,
        "z": -0.26995962858200073
    },
    "left_eye_inner": {
        "x": 0.1711023449897766,
        "y": 0.14659100770950317,
        "z": -0.2709142863750458
    },
    "left_eye": {
        "x": 0.17374712228775024,
        "y": 0.14710411429405212,
        "z": -0.2708760201931
    },
    "left_eye_outer": {
        "x": 0.17635856568813324,
        "y": 0.1473308503627777,
        "z": -0.2709483206272125
    },
    "right_eye_inner": {
        "x": 0.16520577669143677,
        "y": 0.14309033751487732,
        "z": -0.25913310050964355
    },
    "right_eye": {
        "x": 0.163885235786438,
        "y": 0.14136196672916412,
        "z": -0.2591838240623474
    },
    "right_eye_outer": {
        "x": 0.16278354823589325,
        "y": 0.13970932364463806,
        "z": -0.2592119872570038
    },
    "left_ear": {
        "x": 0.18165211379528046,
        "y": 0.14650817215442657,
        "z": -0.22349300980567932
    },
    "right_ear": {
        "x": 0.16513273119926453,
        "y": 0.13618451356887817,
        "z": -0.17112259566783905
    },
    "mouth_left": {
        "x": 0.17043665051460266,
        "y": 0.16470102965831757,
        "z": -0.24836456775665283
    },
    "mouth_right": {
        "x": 0.1635013073682785,
        "y": 0.16029903292655945,
        "z": -0.23330016434192657
    },
    "left_shoulder": {
        "x": 0.19266855716705322,
        "y": 0.1977967619895935,
        "z": -0.20599795877933502
    },
    "right_shoulder": {
        "x": 0.15913572907447815,
        "y": 0.16149505972862244,
        "z": -0.051344677805900574
    },
    "left_elbow": {
        "x": 0.18606285750865936,
        "y": 0.28368932008743286,
        "z": -0.21367378532886505
    },
    "right_elbow": {
        "x": 0.13758957386016846,
        "y": 0.19306659698486328,
        "z": 0.015652377158403397
    },
    "left_wrist": {
        "x": 0.14258044958114624,
        "y": 0.29657217860221863,
        "z": -0.24465709924697876
    },
    "right_wrist": {
        "x": 0.10856250673532486,
        "y": 0.215449258685112,
        "z": -0.02022404409945011
    },
    "left_pinky": {
        "x": 0.13209572434425354,
        "y": 0.3059816360473633,
        "z": -0.2681032419204712
    },
    "right_pinky": {
        "x": 0.10048297047615051,
        "y": 0.21995232999324799,
        "z": -0.022794295102357864
    },
    "left_index": {
        "x": 0.12836188077926636,
        "y": 0.29411694407463074,
        "z": -0.26967862248420715
    },
    "right_index": {
        "x": 0.10026165097951889,
        "y": 0.22079242765903473,
        "z": -0.04658817872405052
    },
    "left_thumb": {
        "x": 0.13180887699127197,
        "y": 0.2905586063861847,
        "z": -0.24491390585899353
    },
    "right_thumb": {
        "x": 0.1039448231458664,
        "y": 0.22130049765110016,
        "z": -0.030089177191257477
    },
    "left_hip": {
        "x": 0.18464356660842896,
        "y": 0.3215996026992798,
        "z": -0.06360967457294464
    },
    "right_hip": {
        "x": 0.1659916490316391,
        "y": 0.30007225275039673,
        "z": 0.06359351426362991
    },
    "left_knee": {
        "x": 0.11135605722665787,
        "y": 0.36618128418922424,
        "z": -0.15885059535503387
    },
    "right_knee": {
        "x": 0.107204869389534,
        "y": 0.33561256527900696,
        "z": 0.02846558578312397
    },
    "left_ankle": {
        "x": 0.1398031860589981,
        "y": 0.4849773645401001,
        "z": -0.12377993762493134
    },
    "right_ankle": {
        "x": 0.12681858241558075,
        "y": 0.4322211444377899,
        "z": 0.140787735581398
    },
    "left_heel": {
        "x": 0.15277701616287231,
        "y": 0.500459611415863,
        "z": -0.12010523676872253
    },
    "right_heel": {
        "x": 0.13654345273971558,
        "y": 0.4434018135070801,
        "z": 0.15104424953460693
    },
    "left_foot_index": {
        "x": 0.11775326728820801,
        "y": 0.5210443139076233,
        "z": -0.1483897864818573
    },
    "right_foot_index": {
        "x": 0.10869158059358597,
        "y": 0.47012585401535034,
        "z": 0.13854438066482544
    }
}