{
    "nose": {
        "x": 0.141867533326149,
        "y": 0.16015788912773132,
        "z": -0.1891614943742752
    },
    "left_eye_inner": {
        "x": 0.14449934661388397,
        "y": 0.1494978815317154,
        "z": -0.19587092101573944
    },
    "left_eye": {
        "x": 0.14640694856643677,
        "y": 0.14848197996616364,
        "z": -0.1958501636981964
    },
    "left_eye_outer": {
        "x": 0.1484575867652893,
        "y": 0.14737389981746674,
        "z": -0.19590893387794495
    },
    "right_eye_inner": {
        "x": 0.14108331501483917,
        "y": 0.14956480264663696,
        "z": -0.17945155501365662
    },
    "right_eye": {
        "x": 0.14048929512500763,
        "y": 0.1486968994140625,
        "z": -0.1794746071100235
    },
    "right_eye_outer": {
        "x": 0.13990169763565063,
        "y": 0.14779718220233917,
        "z": -0.17950880527496338
    },
    "left_ear": {
        "x": 0.15613627433776855,
        "y": 0.14371027052402496,
        "z": -0.1799323707818985
    },
    "right_ear": {
        "x": 0.14585737884044647,
        "y": 0.14293032884597778,
        "z": -0.10673636198043823
    },
    "mouth_left": {
        "x": 0.1481529176235199,
        "y": 0.16735132038593292,
        "z": -0.17995725572109222
    },
    "mouth_right": {
        "x": 0.14368170499801636,
        "y": 0.16620796918869019,
        "z": -0.15882104635238647
    },
    "left_shoulder": {
        "x": 0.1767231523990631,
        "y": 0.1873878836631775,
        "z": -0.18503397703170776
    },
    "right_shoulder": {
        "x": 0.15026290714740753,
        "y": 0.16600407660007477,
        "z": -0.008627532981336117
    },
    "left_elbow": {
        "x": 0.17623429000377655,
        "y": 0.2808518707752228,
        "z": -0.1957501471042633
    },
    "right_elbow": {
        "x": 0.14158377051353455,
        "y": 0.22755521535873413,
        "z": 0.04220205172896385
    },
    "left_wrist": {
        "x": 0.1317387819290161,
        "y": 0.2924911379814148,
        "z": -0.1963132917881012
    },
    "right_wrist": {
        "x": 0.12232919037342072,
        "y": 0.26976534724235535,
        "z": 0.00013155140914022923
    },
    "left_pinky": {
        "x": 0.12272869050502777,
        "y": 0.3037723898887634,
        "z": -0.21750062704086304
    },
    "right_pinky": {
        "x": 0.11390611529350281,
        "y": 0.285889208316803,
        "z": -0.003786139888688922
    },
    "left_index": {
        "x": 0.12043499946594238,
        "y": 0.2932204604148865,
        "z": -0.21544162929058075
    },
    "right_index": {
        "x": 0.11449231207370758,
        "y": 0.2832546830177307,
        "z": -0.025407232344150543
    },
    "left_thumb": {
        "x": 0.12444265186786652,
        "y": 0.28729304671287537,
        "z": -0.1946890652179718
    },
    "right_thumb": {
        "x": 0.11863743513822556,
        "y": 0.2783445417881012,
        "z": -0.009787607938051224
    },
    "left_hip": {
        "x": 0.1808173954486847,
        "y": 0.3179975748062134,
        "z": -0.06531402468681335
    },
    "right_hip": {
        "x": 0.1618323177099228,
        "y": 0.29893162846565247,
        "z": 0.06533469259738922
    },
    "left_knee": {
        "x": 0.11180602759122849,
        "y": 0.3768332898616791,
        "z": -0.1265586018562317
    },
    "right_knee": {
        "x": 0.10898613184690475,
        "y": 0.35125911235809326,
        "z": 0.012034446932375431
    },
    "left_ankle": {
        "x": 0.14039431512355804,
        "y": 0.4857199788093567,
        "z": -0.06711670756340027
    },
    "right_ankle": {
        "x": 0.12681370973587036,
        "y": 0.45856553316116333,
        "z": 0.09636995196342468
    },
    "left_heel": {
        "x": 0.1535816341638565,
        "y": 0.5033977031707764,
        "z": -0.06015215441584587
    },
    "right_heel": {
        "x": 0.13775691390037537,
        "y": 0.4690229296684265,
        "z": 0.10377678275108337
    },
    "left_foot_index": {
        "x": 0.11742652207612991,
        "y": 0.5219290256500244,
        "z": -0.07395285367965698
    },
    "right_foot_index": {
        "x": 0.10778708755970001,
        "y": 0.48731738328933716,
        "z": 0.08858874440193176
    }
}