{
    "nose": {
        "x": 0.7730231285095215,
        "y": 0.89009690284729,
        "z": -0.2481594830751419
    },
    "left_eye_inner": {
        "x": 0.778140664100647,
        "y": 0.8724729418754578,
        "z": -0.24737603962421417
    },
    "left_eye": {
        "x": 0.7777273058891296,
        "y": 0.8701540231704712,
        "z": -0.24735823273658752
    },
    "left_eye_outer": {
        "x": 0.7773518562316895,
        "y": 0.868157148361206,
        "z": -0.2474307119846344
    },
    "right_eye_inner": {
        "x": 0.7771850824356079,
        "y": 0.8783863186836243,
        "z": -0.26061174273490906
    },
    "right_eye": {
        "x": 0.7763349413871765,
        "y": 0.8793325424194336,
        "z": -0.2606617510318756
    },
    "right_eye_outer": {
        "x": 0.7750136852264404,
        "y": 0.8802298903465271,
        "z": -0.2607501745223999
    },
    "left_ear": {
        "x": 0.768143892288208,
        "y": 0.8642120361328125,
        "z": -0.20736560225486755
    },
    "right_ear": {
        "x": 0.7656933069229126,
        "y": 0.8770428895950317,
        "z": -0.2669764757156372
    },
    "mouth_left": {
        "x": 0.7637665271759033,
        "y": 0.8940556049346924,
        "z": -0.22790923714637756
    },
    "mouth_right": {
        "x": 0.7618228793144226,
        "y": 0.9000766277313232,
        "z": -0.24520912766456604
    },
    "left_shoulder": {
        "x": 0.7458417415618896,
        "y": 0.849687933921814,
        "z": -0.1347028762102127
    },
    "right_shoulder": {
        "x": 0.6843829154968262,
        "y": 0.9375368356704712,
        "z": -0.24475154280662537
    },
    "left_elbow": {
        "x": 0.7109867930412292,
        "y": 0.8589143753051758,
        "z": -0.023558318614959717
    },
    "right_elbow": {
        "x": 0.6146327257156372,
        "y": 0.9370649456977844,
        "z": -0.25270795822143555
    },
    "left_wrist": {
        "x": 0.7096104621887207,
        "y": 0.9370449185371399,
        "z": 0.05006732791662216
    },
    "right_wrist": {
        "x": 0.5316236019134521,
        "y": 0.9861520528793335,
        "z": -0.27508682012557983
    },
    "left_pinky": {
        "x": 0.7152715921401978,
        "y": 0.9500738382339478,
        "z": 0.06474410742521286
    },
    "right_pinky": {
        "x": 0.5287750363349915,
        "y": 0.9667924642562866,
        "z": -0.30206242203712463
    },
    "left_index": {
        "x": 0.7106552124023438,
        "y": 0.9613502621650696,
        "z": 0.04154851287603378
    },
    "right_index": {
        "x": 0.5273547768592834,
        "y": 0.9706700444221497,
        "z": -0.3024808168411255
    },
    "left_thumb": {
        "x": 0.7034205794334412,
        "y": 0.9584839940071106,
        "z": 0.04425640404224396
    },
    "right_thumb": {
        "x": 0.5327153205871582,
        "y": 0.9716859459877014,
        "z": -0.2779240906238556
    },
    "left_hip": {
        "x": 0.6512014269828796,
        "y": 0.8762580752372742,
        "z": 0.04913003370165825
    },
    "right_hip": {
        "x": 0.6127578020095825,
        "y": 0.9182257056236267,
        "z": -0.0491010919213295
    },
    "left_knee": {
        "x": 0.6741516590118408,
        "y": 0.9488281011581421,
        "z": 0.1761341542005539
    },
    "right_knee": {
        "x": 0.6042144298553467,
        "y": 0.9718406200408936,
        "z": 0.06886639446020126
    },
    "left_ankle": {
        "x": 0.6501826643943787,
        "y": 0.9595579504966736,
        "z": 0.3391803801059723
    },
    "right_ankle": {
        "x": 0.5701254606246948,
        "y": 0.9674890041351318,
        "z": 0.23074328899383545
    },
    "left_heel": {
        "x": 0.6418427228927612,
        "y": 0.9550161361694336,
        "z": 0.3579966425895691
    },
    "right_heel": {
        "x": 0.5634943246841431,
        "y": 0.9542509317398071,
        "z": 0.24944238364696503
    },
    "left_foot_index": {
        "x": 0.663789689540863,
        "y": 0.9881201386451721,
        "z": 0.38566163182258606
    },
    "right_foot_index": {
        "x": 0.5752902030944824,
        "y": 1.0128800868988037,
        "z": 0.26067185401916504
    }
}