{
    "nose": {
        "x": 0.6292732954025269,
        "y": 0.7508828043937683,
        "z": 0.1453125923871994
    },
    "left_eye_inner": {
        "x": 0.6310926079750061,
        "y": 0.7544307708740234,
        "z": 0.16730590164661407
    },
    "left_eye": {
        "x": 0.6318070888519287,
        "y": 0.7569341063499451,
        "z": 0.16732114553451538
    },
    "left_eye_outer": {
        "x": 0.6324891448020935,
        "y": 0.7592946290969849,
        "z": 0.1673147976398468
    },
    "right_eye_inner": {
        "x": 0.6271530389785767,
        "y": 0.748643696308136,
        "z": 0.15761826932430267
    },
    "right_eye": {
        "x": 0.6251214742660522,
        "y": 0.7475603222846985,
        "z": 0.15755444765090942
    },
    "right_eye_outer": {
        "x": 0.6233744025230408,
        "y": 0.7456735968589783,
        "z": 0.15745878219604492
    },
    "left_ear": {
        "x": 0.6270688772201538,
        "y": 0.7633582949638367,
        "z": 0.23822709918022156
    },
    "right_ear": {
        "x": 0.6144702434539795,
        "y": 0.7471285462379456,
        "z": 0.19423414766788483
    },
    "mouth_left": {
        "x": 0.6275161504745483,
        "y": 0.7601757049560547,
        "z": 0.1675451397895813
    },
    "mouth_right": {
        "x": 0.6224259734153748,
        "y": 0.7528469562530518,
        "z": 0.15448644757270813
    },
    "left_shoulder": {
        "x": 0.6190729141235352,
        "y": 0.8112964630126953,
        "z": 0.2526361346244812
    },
    "right_shoulder": {
        "x": 0.5839851498603821,
        "y": 0.751336932182312,
        "z": 0.14422766864299774
    },
    "left_elbow": {
        "x": 0.6589339971542358,
        "y": 0.8437328934669495,
        "z": 0.18266230821609497
    },
    "right_elbow": {
        "x": 0.541861891746521,
        "y": 0.7502884268760681,
        "z": 0.023865433409810066
    },
    "left_wrist": {
        "x": 0.6784529089927673,
        "y": 0.7893239855766296,
        "z": 0.09461769461631775
    },
    "right_wrist": {
        "x": 0.583992600440979,
        "y": 0.7501795291900635,
        "z": -0.059707824140787125
    },
    "left_pinky": {
        "x": 0.6853615045547485,
        "y": 0.7731725573539734,
        "z": 0.07934405654668808
    },
    "right_pinky": {
        "x": 0.5942063331604004,
        "y": 0.7514731287956238,
        "z": -0.07078059762716293
    },
    "left_index": {
        "x": 0.6817283630371094,
        "y": 0.7664575576782227,
        "z": 0.09480102360248566
    },
    "right_index": {
        "x": 0.6003038287162781,
        "y": 0.7502874732017517,
        "z": -0.05747538432478905
    },
    "left_thumb": {
        "x": 0.6773408651351929,
        "y": 0.7713162899017334,
        "z": 0.09709683060646057
    },
    "right_thumb": {
        "x": 0.5988897085189819,
        "y": 0.7511356472969055,
        "z": -0.05506632849574089
    },
    "left_hip": {
        "x": 0.5792732238769531,
        "y": 0.8984594345092773,
        "z": 0.05519119277596474
    },
    "right_hip": {
        "x": 0.5555623173713684,
        "y": 0.8549090027809143,
        "z": -0.055312465876340866
    },
    "left_knee": {
        "x": 0.6443895101547241,
        "y": 0.9197561740875244,
        "z": -0.049616649746894836
    },
    "right_knee": {
        "x": 0.6304873824119568,
        "y": 0.834879994392395,
        "z": -0.16521376371383667
    },
    "left_ankle": {
        "x": 0.578357994556427,
        "y": 0.9729544520378113,
        "z": -0.16056865453720093
    },
    "right_ankle": {
        "x": 0.6232877373695374,
        "y": 0.9727403521537781,
        "z": -0.2549709975719452
    },
    "left_heel": {
        "x": 0.5631362795829773,
        "y": 0.9739088416099548,
        "z": -0.17435318231582642
    },
    "right_heel": {
        "x": 0.6068004369735718,
        "y": 0.9973762035369873,
        "z": -0.2618562579154968
    },
    "left_foot_index": {
        "x": 0.577624499797821,
        "y": 0.9942482709884644,
        "z": -0.21963615715503693
    },
    "right_foot_index": {
        "x": 0.6638367176055908,
        "y": 1.016340970993042,
        "z": -0.3045857548713684
    }
}