{
    "nose": {
        "x": 0.21639233827590942,
        "y": 0.09017446637153625,
        "z": 0.07957091927528381
    },
    "left_eye_inner": {
        "x": 0.20981641113758087,
        "y": 0.07927000522613525,
        "z": 0.048049334436655045
    },
    "left_eye": {
        "x": 0.2063571810722351,
        "y": 0.07951202988624573,
        "z": 0.048015352338552475
    },
    "left_eye_outer": {
        "x": 0.20291003584861755,
        "y": 0.07975903153419495,
        "z": 0.04804631695151329
    },
    "right_eye_inner": {
        "x": 0.2195630818605423,
        "y": 0.07721829414367676,
        "z": 0.05100172013044357
    },
    "right_eye": {
        "x": 0.2226911038160324,
        "y": 0.07620017975568771,
        "z": 0.0511283241212368
    },
    "right_eye_outer": {
        "x": 0.22605778276920319,
        "y": 0.07529821991920471,
        "z": 0.05113108456134796
    },
    "left_ear": {
        "x": 0.19893936812877655,
        "y": 0.09388640522956848,
        "z": -0.03979778662323952
    },
    "right_ear": {
        "x": 0.2323494404554367,
        "y": 0.08213591575622559,
        "z": -0.024887006729841232
    },
    "mouth_left": {
        "x": 0.21254879236221313,
        "y": 0.10206253081560135,
        "z": 0.056403614580631256
    },
    "mouth_right": {
        "x": 0.22258910536766052,
        "y": 0.09970006346702576,
        "z": 0.060587190091609955
    },
    "left_shoulder": {
        "x": 0.18145963549613953,
        "y": 0.16988423466682434,
        "z": -0.08093313127756119
    },
    "right_shoulder": {
        "x": 0.2616759240627289,
        "y": 0.1584603637456894,
        "z": -0.06562241166830063
    },
    "left_elbow": {
        "x": 0.13398738205432892,
        "y": 0.13099710643291473,
        "z": -0.14567700028419495
    },
    "right_elbow": {
        "x": 0.2841838598251343,
        "y": 0.06451818346977234,
        "z": -0.12197104096412659
    },
    "left_wrist": {
        "x": 0.17663514614105225,
        "y": 0.0680035650730133,
        "z": -0.2335321605205536
    },
    "right_wrist": {
        "x": 0.2343682050704956,
        "y": 0.04513055086135864,
        "z": -0.21855826675891876
    },
    "left_pinky": {
        "x": 0.18152876198291779,
        "y": 0.04505127668380737,
        "z": -0.26500120759010315
    },
    "right_pinky": {
        "x": 0.2235414832830429,
        "y": 0.028273075819015503,
        "z": -0.2481359988451004
    },
    "left_index": {
        "x": 0.1849161982536316,
        "y": 0.056599199771881104,
        "z": -0.2691812217235565
    },
    "right_index": {
        "x": 0.225479394197464,
        "y": 0.04412868991494179,
        "z": -0.254014790058136
    },
    "left_thumb": {
        "x": 0.18605682253837585,
        "y": 0.06549245119094849,
        "z": -0.23805344104766846
    },
    "right_thumb": {
        "x": 0.22562532126903534,
        "y": 0.05750652775168419,
        "z": -0.2238485962152481
    },
    "left_hip": {
        "x": 0.20281030237674713,
        "y": 0.3896290063858032,
        "z": 0.004609385970979929
    },
    "right_hip": {
        "x": 0.24833890795707703,
        "y": 0.38918644189834595,
        "z": -0.005029912572354078
    },
    "left_knee": {
        "x": 0.19049717485904694,
        "y": 0.5068928003311157,
        "z": 0.11923611909151077
    },
    "right_knee": {
        "x": 0.24901077151298523,
        "y": 0.5321215391159058,
        "z": 0.12409229576587677
    },
    "left_ankle": {
        "x": 0.18537119030952454,
        "y": 0.6284885406494141,
        "z": 0.22210150957107544
    },
    "right_ankle": {
        "x": 0.25686290860176086,
        "y": 0.6782281994819641,
        "z": 0.20575828850269318
    },
    "left_heel": {
        "x": 0.18585912883281708,
        "y": 0.6552850008010864,
        "z": 0.23280075192451477
    },
    "right_heel": {
        "x": 0.2553158104419708,
        "y": 0.7056823968887329,
        "z": 0.21509946882724762
    },
    "left_foot_index": {
        "x": 0.18926849961280823,
        "y": 0.6179474592208862,
        "z": 0.22890596091747284
    },
    "right_foot_index": {
        "x": 0.265668660402298,
        "y": 0.6783380508422852,
        "z": 0.20057734847068787
    }
}