{
    "nose": {
        "x": 0.8146222829818726,
        "y": 0.3829679489135742,
        "z": -0.0545349083840847
    },
    "left_eye_inner": {
        "x": 0.8141186237335205,
        "y": 0.37176406383514404,
        "z": -0.06631188094615936
    },
    "left_eye": {
        "x": 0.812650740146637,
        "y": 0.37054553627967834,
        "z": -0.06629525125026703
    },
    "left_eye_outer": {
        "x": 0.811179518699646,
        "y": 0.36947953701019287,
        "z": -0.06629356741905212
    },
    "right_eye_inner": {
        "x": 0.8175961971282959,
        "y": 0.375655859708786,
        "z": -0.0756341740489006
    },
    "right_eye": {
        "x": 0.8185173273086548,
        "y": 0.3770049810409546,
        "z": -0.07561986148357391
    },
    "right_eye_outer": {
        "x": 0.8194490671157837,
        "y": 0.37844932079315186,
        "z": -0.07568211853504181
    },
    "left_ear": {
        "x": 0.8039181232452393,
        "y": 0.3720933198928833,
        "z": -0.08793368935585022
    },
    "right_ear": {
        "x": 0.8163767457008362,
        "y": 0.3842216730117798,
        "z": -0.1285248100757599
    },
    "mouth_left": {
        "x": 0.8090194463729858,
        "y": 0.39007529616355896,
        "z": -0.055959124118089676
    },
    "mouth_right": {
        "x": 0.8125545382499695,
        "y": 0.39342767000198364,
        "z": -0.06778322905302048
    },
    "left_shoulder": {
        "x": 0.7725149393081665,
        "y": 0.39400821924209595,
        "z": -0.043875403702259064
    },
    "right_shoulder": {
        "x": 0.8019988536834717,
        "y": 0.4367426037788391,
        "z": -0.15937215089797974
    },
    "left_elbow": {
        "x": 0.7541982531547546,
        "y": 0.4390811324119568,
        "z": 0.07805296033620834
    },
    "right_elbow": {
        "x": 0.7901673316955566,
        "y": 0.5291557312011719,
        "z": -0.1400989145040512
    },
    "left_wrist": {
        "x": 0.7724326252937317,
        "y": 0.4606577157974243,
        "z": 0.19227461516857147
    },
    "right_wrist": {
        "x": 0.7882289886474609,
        "y": 0.6106371283531189,
        "z": -0.07866483926773071
    },
    "left_pinky": {
        "x": 0.7721312642097473,
        "y": 0.4612833559513092,
        "z": 0.20842775702476501
    },
    "right_pinky": {
        "x": 0.7867526412010193,
        "y": 0.6303433775901794,
        "z": -0.08610237389802933
    },
    "left_index": {
        "x": 0.7761262655258179,
        "y": 0.463115394115448,
        "z": 0.19763538241386414
    },
    "right_index": {
        "x": 0.7891401648521423,
        "y": 0.6276865601539612,
        "z": -0.08929111808538437
    },
    "left_thumb": {
        "x": 0.7784751653671265,
        "y": 0.467506468296051,
        "z": 0.19120237231254578
    },
    "right_thumb": {
        "x": 0.7890923023223877,
        "y": 0.6195654273033142,
        "z": -0.07802235335111618
    },
    "left_hip": {
        "x": 0.7452609539031982,
        "y": 0.5667421817779541,
        "z": 0.04940276965498924
    },
    "right_hip": {
        "x": 0.7700497508049011,
        "y": 0.5925188660621643,
        "z": -0.04968292638659477
    },
    "left_knee": {
        "x": 0.7328434586524963,
        "y": 0.646024763584137,
        "z": 0.22389671206474304
    },
    "right_knee": {
        "x": 0.7503707408905029,
        "y": 0.6752374172210693,
        "z": 0.10615337640047073
    },
    "left_ankle": {
        "x": 0.7122194766998291,
        "y": 0.7335485816001892,
        "z": 0.39658260345458984
    },
    "right_ankle": {
        "x": 0.7323572039604187,
        "y": 0.783416748046875,
        "z": 0.2600296437740326
    },
    "left_heel": {
        "x": 0.7038468718528748,
        "y": 0.7479606866836548,
        "z": 0.4148833751678467
    },
    "right_heel": {
        "x": 0.7246091365814209,
        "y": 0.7994093298912048,
        "z": 0.2770196497440338
    },
    "left_foot_index": {
        "x": 0.7240848541259766,
        "y": 0.7441993951797485,
        "z": 0.4128113090991974
    },
    "right_foot_index": {
        "x": 0.7418279051780701,
        "y": 0.8012078404426575,
        "z": 0.264004647731781
    }
}