{
    "nose": {
        "x": 0.5780523419380188,
        "y": 0.775919497013092,
        "z": -0.18126386404037476
    },
    "left_eye_inner": {
        "x": 0.5820638537406921,
        "y": 0.7802019119262695,
        "z": -0.2107122242450714
    },
    "left_eye": {
        "x": 0.5832465887069702,
        "y": 0.7781938910484314,
        "z": -0.2106369435787201
    },
    "left_eye_outer": {
        "x": 0.5844363570213318,
        "y": 0.7761138677597046,
        "z": -0.2106260508298874
    },
    "right_eye_inner": {
        "x": 0.5771491527557373,
        "y": 0.7881344556808472,
        "z": -0.19790345430374146
    },
    "right_eye": {
        "x": 0.5750735998153687,
        "y": 0.7914055585861206,
        "z": -0.19794932007789612
    },
    "right_eye_outer": {
        "x": 0.5729195475578308,
        "y": 0.794704794883728,
        "z": -0.19798287749290466
    },
    "left_ear": {
        "x": 0.5803185701370239,
        "y": 0.7700938582420349,
        "z": -0.28179702162742615
    },
    "right_ear": {
        "x": 0.5621452331542969,
        "y": 0.7961145043373108,
        "z": -0.22329694032669067
    },
    "mouth_left": {
        "x": 0.5749831199645996,
        "y": 0.7663363218307495,
        "z": -0.199017733335495
    },
    "mouth_right": {
        "x": 0.5706266164779663,
        "y": 0.773798406124115,
        "z": -0.182152658700943
    },
    "left_shoulder": {
        "x": 0.5774614810943604,
        "y": 0.7196155190467834,
        "z": -0.28361836075782776
    },
    "right_shoulder": {
        "x": 0.5182883739471436,
        "y": 0.7895890474319458,
        "z": -0.1619311273097992
    },
    "left_elbow": {
        "x": 0.6183193325996399,
        "y": 0.7524996995925903,
        "z": -0.2577838599681854
    },
    "right_elbow": {
        "x": 0.5475070476531982,
        "y": 0.7651892900466919,
        "z": -0.044043008238077164
    },
    "left_wrist": {
        "x": 0.625094473361969,
        "y": 0.8433115482330322,
        "z": -0.22102755308151245
    },
    "right_wrist": {
        "x": 0.5805288553237915,
        "y": 0.7957171201705933,
        "z": 0.006945895962417126
    },
    "left_pinky": {
        "x": 0.6269083023071289,
        "y": 0.8705400824546814,
        "z": -0.252763569355011
    },
    "right_pinky": {
        "x": 0.5827381610870361,
        "y": 0.8026820421218872,
        "z": 0.004765923134982586
    },
    "left_index": {
        "x": 0.6217873692512512,
        "y": 0.8738880753517151,
        "z": -0.2646573483943939
    },
    "right_index": {
        "x": 0.5875134468078613,
        "y": 0.8016107082366943,
        "z": -0.020226042717695236
    },
    "left_thumb": {
        "x": 0.6195628046989441,
        "y": 0.865338921546936,
        "z": -0.22786584496498108
    },
    "right_thumb": {
        "x": 0.5888684988021851,
        "y": 0.7966883182525635,
        "z": -0.0014604165917262435
    },
    "left_hip": {
        "x": 0.5328636169433594,
        "y": 0.5819159150123596,
        "z": -0.0537874810397625
    },
    "right_hip": {
        "x": 0.4998941123485565,
        "y": 0.6221123337745667,
        "z": 0.053726986050605774
    },
    "left_knee": {
        "x": 0.5924067497253418,
        "y": 0.6299494504928589,
        "z": 0.0015813789796084166
    },
    "right_knee": {
        "x": 0.553760826587677,
        "y": 0.6726201772689819,
        "z": 0.17708520591259003
    },
    "left_ankle": {
        "x": 0.6071007251739502,
        "y": 0.5589013695716858,
        "z": 0.21517904102802277
    },
    "right_ankle": {
        "x": 0.5824592709541321,
        "y": 0.5774147510528564,
        "z": 0.35992223024368286
    },
    "left_heel": {
        "x": 0.6025601625442505,
        "y": 0.538347601890564,
        "z": 0.23676329851150513
    },
    "right_heel": {
        "x": 0.5817516446113586,
        "y": 0.5549567341804504,
        "z": 0.3787839114665985
    },
    "left_foot_index": {
        "x": 0.6333472728729248,
        "y": 0.5780059695243835,
        "z": 0.21888591349124908
    },
    "right_foot_index": {
        "x": 0.6115595698356628,
        "y": 0.5780715942382812,
        "z": 0.3683914840221405
    }
}