{
    "nose": {
        "x": 0.35048171877861023,
        "y": 0.425260454416275,
        "z": 0.03839566186070442
    },
    "left_eye_inner": {
        "x": 0.3470069169998169,
        "y": 0.4125466048717499,
        "z": 0.00013617775402963161
    },
    "left_eye": {
        "x": 0.3451748788356781,
        "y": 0.41036197543144226,
        "z": 5.7312430726597086e-05
    },
    "left_eye_outer": {
        "x": 0.3428722620010376,
        "y": 0.4096738398075104,
        "z": -5.196821439312771e-05
    },
    "right_eye_inner": {
        "x": 0.35366907715797424,
        "y": 0.40939125418663025,
        "z": 0.010046648792922497
    },
    "right_eye": {
        "x": 0.35670316219329834,
        "y": 0.4069191813468933,
        "z": 0.010035853832960129
    },
    "right_eye_outer": {
        "x": 0.36003077030181885,
        "y": 0.40411487221717834,
        "z": 0.009894012473523617
    },
    "left_ear": {
        "x": 0.34247490763664246,
        "y": 0.4091136157512665,
        "z": -0.10492465645074844
    },
    "right_ear": {
        "x": 0.3712257444858551,
        "y": 0.40056440234184265,
        "z": -0.06018906459212303
    },
    "mouth_left": {
        "x": 0.3480558395385742,
        "y": 0.43528592586517334,
        "z": 0.009859954006969929
    },
    "mouth_right": {
        "x": 0.35655421018600464,
        "y": 0.43234044313430786,
        "z": 0.022829687222838402
    },
    "left_shoulder": {
        "x": 0.3251509964466095,
        "y": 0.4403030276298523,
        "z": -0.138229101896286
    },
    "right_shoulder": {
        "x": 0.42371344566345215,
        "y": 0.4742833077907562,
        "z": -0.04739563167095184
    },
    "left_elbow": {
        "x": 0.2882717549800873,
        "y": 0.5694345831871033,
        "z": -0.013632473535835743
    },
    "right_elbow": {
        "x": 0.43020957708358765,
        "y": 0.596932590007782,
        "z": 0.1302514374256134
    },
    "left_wrist": {
        "x": 0.28689324855804443,
        "y": 0.5248918533325195,
        "z": 0.1775740087032318
    },
    "right_wrist": {
        "x": 0.4012819230556488,
        "y": 0.5897920727729797,
        "z": 0.3560599386692047
    },
    "left_pinky": {
        "x": 0.28156280517578125,
        "y": 0.521376371383667,
        "z": 0.19561919569969177
    },
    "right_pinky": {
        "x": 0.3961212933063507,
        "y": 0.5898517966270447,
        "z": 0.3849130868911743
    },
    "left_index": {
        "x": 0.2911761999130249,
        "y": 0.5152803659439087,
        "z": 0.1876630038022995
    },
    "right_index": {
        "x": 0.38940533995628357,
        "y": 0.5818398594856262,
        "z": 0.38002651929855347
    },
    "left_thumb": {
        "x": 0.2937484681606293,
        "y": 0.5170431137084961,
        "z": 0.18133644759655
    },
    "right_thumb": {
        "x": 0.3881469964981079,
        "y": 0.5812617540359497,
        "z": 0.35957562923431396
    },
    "left_hip": {
        "x": 0.3390408754348755,
        "y": 0.7414911389350891,
        "z": -0.02406740002334118
    },
    "right_hip": {
        "x": 0.41385364532470703,
        "y": 0.7369191646575928,
        "z": 0.023663068190217018
    },
    "left_knee": {
        "x": 0.34346896409988403,
        "y": 0.7608708739280701,
        "z": 0.24073530733585358
    },
    "right_knee": {
        "x": 0.3856022357940674,
        "y": 0.7692232131958008,
        "z": 0.31081458926200867
    },
    "left_ankle": {
        "x": 0.3563363552093506,
        "y": 0.9073873162269592,
        "z": 0.38812118768692017
    },
    "right_ankle": {
        "x": 0.3754183053970337,
        "y": 0.8706432580947876,
        "z": 0.48203757405281067
    },
    "left_heel": {
        "x": 0.3658849596977234,
        "y": 0.941540002822876,
        "z": 0.4102223515510559
    },
    "right_heel": {
        "x": 0.3785701394081116,
        "y": 0.9025453329086304,
        "z": 0.5044710636138916
    },
    "left_foot_index": {
        "x": 0.34121817350387573,
        "y": 0.9019788503646851,
        "z": 0.46504226326942444
    },
    "right_foot_index": {
        "x": 0.3650203347206116,
        "y": 0.8733620047569275,
        "z": 0.5611457228660583
    }
}