{
    "nose": {
        "x": 0.3779292404651642,
        "y": 0.436301052570343,
        "z": 0.173946812748909
    },
    "left_eye_inner": {
        "x": 0.3757752478122711,
        "y": 0.435111403465271,
        "z": 0.18539270758628845
    },
    "left_eye": {
        "x": 0.37522751092910767,
        "y": 0.4341961145401001,
        "z": 0.18529151380062103
    },
    "left_eye_outer": {
        "x": 0.3746913969516754,
        "y": 0.43323856592178345,
        "z": 0.18526825308799744
    },
    "right_eye_inner": {
        "x": 0.37882789969444275,
        "y": 0.43727174401283264,
        "z": 0.183649480342865
    },
    "right_eye": {
        "x": 0.3801824450492859,
        "y": 0.4378412961959839,
        "z": 0.18360599875450134
    },
    "right_eye_outer": {
        "x": 0.3815058767795563,
        "y": 0.4382927715778351,
        "z": 0.1835053265094757
    },
    "left_ear": {
        "x": 0.38078251481056213,
        "y": 0.4271525740623474,
        "z": 0.21570941805839539
    },
    "right_ear": {
        "x": 0.39167311787605286,
        "y": 0.43545180559158325,
        "z": 0.2091071903705597
    },
    "mouth_left": {
        "x": 0.3829078674316406,
        "y": 0.4310190975666046,
        "z": 0.18365301191806793
    },
    "mouth_right": {
        "x": 0.3860088288784027,
        "y": 0.4342819154262543,
        "z": 0.18124693632125854
    },
    "left_shoulder": {
        "x": 0.3906800448894501,
        "y": 0.4168103337287903,
        "z": 0.16390357911586761
    },
    "right_shoulder": {
        "x": 0.42620566487312317,
        "y": 0.421477735042572,
        "z": 0.19532203674316406
    },
    "left_elbow": {
        "x": 0.36344975233078003,
        "y": 0.42347097396850586,
        "z": 0.08264725655317307
    },
    "right_elbow": {
        "x": 0.4639948308467865,
        "y": 0.4433642327785492,
        "z": 0.1560344696044922
    },
    "left_wrist": {
        "x": 0.3563013970851898,
        "y": 0.46462196111679077,
        "z": 0.037948764860630035
    },
    "right_wrist": {
        "x": 0.4777683913707733,
        "y": 0.47144317626953125,
        "z": 0.11852113902568817
    },
    "left_pinky": {
        "x": 0.3522299826145172,
        "y": 0.4735698103904724,
        "z": 0.028929423540830612
    },
    "right_pinky": {
        "x": 0.4803065061569214,
        "y": 0.47816136479377747,
        "z": 0.11405593901872635
    },
    "left_index": {
        "x": 0.35639747977256775,
        "y": 0.4776282012462616,
        "z": 0.03290145471692085
    },
    "right_index": {
        "x": 0.4778234362602234,
        "y": 0.4822734296321869,
        "z": 0.10596147179603577
    },
    "left_thumb": {
        "x": 0.3583078384399414,
        "y": 0.47261831164360046,
        "z": 0.03880198299884796
    },
    "right_thumb": {
        "x": 0.47773993015289307,
        "y": 0.4809236526489258,
        "z": 0.11458390206098557
    },
    "left_hip": {
        "x": 0.4412742257118225,
        "y": 0.33816391229629517,
        "z": -0.011719072237610817
    },
    "right_hip": {
        "x": 0.4654329717159271,
        "y": 0.3432634770870209,
        "z": 0.011426007375121117
    },
    "left_knee": {
        "x": 0.38565436005592346,
        "y": 0.4330563545227051,
        "z": -0.042818885296583176
    },
    "right_knee": {
        "x": 0.4319353401660919,
        "y": 0.4453483521938324,
        "z": -0.0038763778284192085
    },
    "left_ankle": {
        "x": 0.3336762487888336,
        "y": 0.4399406611919403,
        "z": -0.13350075483322144
    },
    "right_ankle": {
        "x": 0.3639366030693054,
        "y": 0.4662307798862457,
        "z": -0.1268768161535263
    },
    "left_heel": {
        "x": 0.33061641454696655,
        "y": 0.42825978994369507,
        "z": -0.14429061114788055
    },
    "right_heel": {
        "x": 0.3527136743068695,
        "y": 0.4557230770587921,
        "z": -0.1406426876783371
    },
    "left_foot_index": {
        "x": 0.3155052959918976,
        "y": 0.46697723865509033,
        "z": -0.1842404156923294
    },
    "right_foot_index": {
        "x": 0.34262892603874207,
        "y": 0.4947085976600647,
        "z": -0.18762926757335663
    }
}