{
    "nose": {
        "x": 0.2690669894218445,
        "y": 0.28204891085624695,
        "z": -0.13844825327396393
    },
    "left_eye_inner": {
        "x": 0.2713279128074646,
        "y": 0.2698705494403839,
        "z": -0.13487111032009125
    },
    "left_eye": {
        "x": 0.2711331844329834,
        "y": 0.26914915442466736,
        "z": -0.13485918939113617
    },
    "left_eye_outer": {
        "x": 0.2708893418312073,
        "y": 0.268452912569046,
        "z": -0.13483701646327972
    },
    "right_eye_inner": {
        "x": 0.27031493186950684,
        "y": 0.2688405215740204,
        "z": -0.1613282561302185
    },
    "right_eye": {
        "x": 0.2695336937904358,
        "y": 0.2676810920238495,
        "z": -0.16132250428199768
    },
    "right_eye_outer": {
        "x": 0.26876693964004517,
        "y": 0.2666144073009491,
        "z": -0.1613699346780777
    },
    "left_ear": {
        "x": 0.2624923586845398,
        "y": 0.26575949788093567,
        "z": -0.09206797927618027
    },
    "right_ear": {
        "x": 0.2610771954059601,
        "y": 0.26450544595718384,
        "z": -0.21320079267024994
    },
    "mouth_left": {
        "x": 0.2629479765892029,
        "y": 0.2852979898452759,
        "z": -0.11676092445850372
    },
    "mouth_right": {
        "x": 0.261393278837204,
        "y": 0.2849528193473816,
        "z": -0.15201543271541595
    },
    "left_shoulder": {
        "x": 0.23236313462257385,
        "y": 0.3024948537349701,
        "z": -0.010887137614190578
    },
    "right_shoulder": {
        "x": 0.23414361476898193,
        "y": 0.3088732361793518,
        "z": -0.24072495102882385
    },
    "left_elbow": {
        "x": 0.23686587810516357,
        "y": 0.3979314863681793,
        "z": 0.04146657884120941
    },
    "right_elbow": {
        "x": 0.22654566168785095,
        "y": 0.39695411920547485,
        "z": -0.27792415022850037
    },
    "left_wrist": {
        "x": 0.24887128174304962,
        "y": 0.4571102559566498,
        "z": 0.01630922593176365
    },
    "right_wrist": {
        "x": 0.2335878610610962,
        "y": 0.4767407178878784,
        "z": -0.2874058783054352
    },
    "left_pinky": {
        "x": 0.24963025748729706,
        "y": 0.4710349142551422,
        "z": 0.017265867441892624
    },
    "right_pinky": {
        "x": 0.23469114303588867,
        "y": 0.49948254227638245,
        "z": -0.31422579288482666
    },
    "left_index": {
        "x": 0.2547060549259186,
        "y": 0.467641681432724,
        "z": -0.0028433387633413076
    },
    "right_index": {
        "x": 0.23822234570980072,
        "y": 0.496675580739975,
        "z": -0.3075820505619049
    },
    "left_thumb": {
        "x": 0.25464603304862976,
        "y": 0.46345871686935425,
        "z": 0.006152100395411253
    },
    "right_thumb": {
        "x": 0.23840618133544922,
        "y": 0.48914745450019836,
        "z": -0.28442975878715515
    },
    "left_hip": {
        "x": 0.2558739483356476,
        "y": 0.48419204354286194,
        "z": 0.0714041069149971
    },
    "right_hip": {
        "x": 0.25088027119636536,
        "y": 0.48803892731666565,
        "z": -0.07151396572589874
    },
    "left_knee": {
        "x": 0.2693461775779724,
        "y": 0.5638561844825745,
        "z": 0.18499594926834106
    },
    "right_knee": {
        "x": 0.26651430130004883,
        "y": 0.5684669017791748,
        "z": 0.03678612411022186
    },
    "left_ankle": {
        "x": 0.26942765712738037,
        "y": 0.6595926880836487,
        "z": 0.321941077709198
    },
    "right_ankle": {
        "x": 0.26674607396125793,
        "y": 0.6622644662857056,
        "z": 0.18740598857402802
    },
    "left_heel": {
        "x": 0.262971431016922,
        "y": 0.6791643500328064,
        "z": 0.3339598774909973
    },
    "right_heel": {
        "x": 0.2599472403526306,
        "y": 0.6797025203704834,
        "z": 0.2016727328300476
    },
    "left_foot_index": {
        "x": 0.2854223847389221,
        "y": 0.6736488342285156,
        "z": 0.31105339527130127
    },
    "right_foot_index": {
        "x": 0.287083238363266,
        "y": 0.6843540072441101,
        "z": 0.1632288098335266
    }
}