{
    "nose": {
        "x": 0.31754806637763977,
        "y": 0.36496150493621826,
        "z": 0.10227218270301819
    },
    "left_eye_inner": {
        "x": 0.318699449300766,
        "y": 0.35399550199508667,
        "z": 0.11969724297523499
    },
    "left_eye": {
        "x": 0.3195704519748688,
        "y": 0.3534284830093384,
        "z": 0.1197192594408989
    },
    "left_eye_outer": {
        "x": 0.32042860984802246,
        "y": 0.35272878408432007,
        "z": 0.11971808224916458
    },
    "right_eye_inner": {
        "x": 0.3148096799850464,
        "y": 0.35249096155166626,
        "z": 0.10629120469093323
    },
    "right_eye": {
        "x": 0.3129066228866577,
        "y": 0.35112494230270386,
        "z": 0.10629019141197205
    },
    "right_eye_outer": {
        "x": 0.3109089434146881,
        "y": 0.3497040569782257,
        "z": 0.10626180469989777
    },
    "left_ear": {
        "x": 0.3185023367404938,
        "y": 0.34941595792770386,
        "z": 0.19942767918109894
    },
    "right_ear": {
        "x": 0.30617964267730713,
        "y": 0.3476139307022095,
        "z": 0.13749414682388306
    },
    "mouth_left": {
        "x": 0.31777510046958923,
        "y": 0.37134039402008057,
        "z": 0.1320260912179947
    },
    "mouth_right": {
        "x": 0.31306514143943787,
        "y": 0.3697270154953003,
        "z": 0.11359500885009766
    },
    "left_shoulder": {
        "x": 0.3279946446418762,
        "y": 0.38625913858413696,
        "z": 0.19901569187641144
    },
    "right_shoulder": {
        "x": 0.27895626425743103,
        "y": 0.39250192046165466,
        "z": 0.11964848637580872
    },
    "left_elbow": {
        "x": 0.3278714120388031,
        "y": 0.45314276218414307,
        "z": 0.1326778382062912
    },
    "right_elbow": {
        "x": 0.26712310314178467,
        "y": 0.4526887536048889,
        "z": 0.026876775547862053
    },
    "left_wrist": {
        "x": 0.3188249468803406,
        "y": 0.45463457703590393,
        "z": 0.05846891552209854
    },
    "right_wrist": {
        "x": 0.29774346947669983,
        "y": 0.4613441526889801,
        "z": -0.01657428964972496
    },
    "left_pinky": {
        "x": 0.31485146284103394,
        "y": 0.4574888348579407,
        "z": 0.04150881618261337
    },
    "right_pinky": {
        "x": 0.31132447719573975,
        "y": 0.4608381688594818,
        "z": -0.025693627074360847
    },
    "left_index": {
        "x": 0.30809831619262695,
        "y": 0.44864749908447266,
        "z": 0.04547691345214844
    },
    "right_index": {
        "x": 0.31037986278533936,
        "y": 0.4585440754890442,
        "z": -0.017404278740286827
    },
    "left_thumb": {
        "x": 0.3085514008998871,
        "y": 0.44848114252090454,
        "z": 0.05740242451429367
    },
    "right_thumb": {
        "x": 0.3089703321456909,
        "y": 0.457587331533432,
        "z": -0.011091239750385284
    },
    "left_hip": {
        "x": 0.37087276577949524,
        "y": 0.5049023032188416,
        "z": 0.016587842255830765
    },
    "right_hip": {
        "x": 0.3440361022949219,
        "y": 0.5185932517051697,
        "z": -0.01663334108889103
    },
    "left_knee": {
        "x": 0.46736061573028564,
        "y": 0.4639398455619812,
        "z": -0.05332975089550018
    },
    "right_knee": {
        "x": 0.28663283586502075,
        "y": 0.5277497172355652,
        "z": -0.1344951093196869
    },
    "left_ankle": {
        "x": 0.46315088868141174,
        "y": 0.5516259670257568,
        "z": -0.09177461266517639
    },
    "right_ankle": {
        "x": 0.2710839807987213,
        "y": 0.6454983353614807,
        "z": -0.18619607388973236
    },
    "left_heel": {
        "x": 0.4564548134803772,
        "y": 0.567338228225708,
        "z": -0.0988239273428917
    },
    "right_heel": {
        "x": 0.28619086742401123,
        "y": 0.6724445223808289,
        "z": -0.19236955046653748
    },
    "left_foot_index": {
        "x": 0.4796852469444275,
        "y": 0.5831935405731201,
        "z": -0.14723294973373413
    },
    "right_foot_index": {
        "x": 0.26818251609802246,
        "y": 0.6792741417884827,
        "z": -0.23954248428344727
    }
}