{
    "nose": {
        "x": 0.2743770480155945,
        "y": 0.27774810791015625,
        "z": -0.11335049569606781
    },
    "left_eye_inner": {
        "x": 0.27595701813697815,
        "y": 0.26762813329696655,
        "z": -0.10664107650518417
    },
    "left_eye": {
        "x": 0.27566415071487427,
        "y": 0.26715439558029175,
        "z": -0.10662970691919327
    },
    "left_eye_outer": {
        "x": 0.27532026171684265,
        "y": 0.2664857804775238,
        "z": -0.10659629106521606
    },
    "right_eye_inner": {
        "x": 0.274883508682251,
        "y": 0.26571494340896606,
        "z": -0.13263234496116638
    },
    "right_eye": {
        "x": 0.2738425135612488,
        "y": 0.26409703493118286,
        "z": -0.13262441754341125
    },
    "right_eye_outer": {
        "x": 0.2727663516998291,
        "y": 0.26234564185142517,
        "z": -0.1326519101858139
    },
    "left_ear": {
        "x": 0.2668241262435913,
        "y": 0.2615518867969513,
        "z": -0.06020522117614746
    },
    "right_ear": {
        "x": 0.2646997272968292,
        "y": 0.258367121219635,
        "z": -0.17943450808525085
    },
    "mouth_left": {
        "x": 0.2684556245803833,
        "y": 0.2816781997680664,
        "z": -0.0919482484459877
    },
    "mouth_right": {
        "x": 0.2667021155357361,
        "y": 0.28000763058662415,
        "z": -0.1265822947025299
    },
    "left_shoulder": {
        "x": 0.23767639696598053,
        "y": 0.29929786920547485,
        "z": 0.01935562491416931
    },
    "right_shoulder": {
        "x": 0.2359788566827774,
        "y": 0.3037755787372589,
        "z": -0.20976534485816956
    },
    "left_elbow": {
        "x": 0.23543591797351837,
        "y": 0.377945214509964,
        "z": 0.08619663864374161
    },
    "right_elbow": {
        "x": 0.2235158383846283,
        "y": 0.39760807156562805,
        "z": -0.23632623255252838
    },
    "left_wrist": {
        "x": 0.2602613866329193,
        "y": 0.40881338715553284,
        "z": 0.08257690072059631
    },
    "right_wrist": {
        "x": 0.23890557885169983,
        "y": 0.47128725051879883,
        "z": -0.23657001554965973
    },
    "left_pinky": {
        "x": 0.26877614855766296,
        "y": 0.412577748298645,
        "z": 0.08829150348901749
    },
    "right_pinky": {
        "x": 0.2403898388147354,
        "y": 0.49005287885665894,
        "z": -0.25902798771858215
    },
    "left_index": {
        "x": 0.26980674266815186,
        "y": 0.40918242931365967,
        "z": 0.06969648599624634
    },
    "right_index": {
        "x": 0.24498215317726135,
        "y": 0.48645108938217163,
        "z": -0.2543056905269623
    },
    "left_thumb": {
        "x": 0.2674237787723541,
        "y": 0.4106205701828003,
        "z": 0.07377681136131287
    },
    "right_thumb": {
        "x": 0.24533960223197937,
        "y": 0.47977879643440247,
        "z": -0.23405492305755615
    },
    "left_hip": {
        "x": 0.2469351589679718,
        "y": 0.4646669328212738,
        "z": 0.07578601688146591
    },
    "right_hip": {
        "x": 0.24473389983177185,
        "y": 0.47387802600860596,
        "z": -0.07583359628915787
    },
    "left_knee": {
        "x": 0.2589859366416931,
        "y": 0.5558987259864807,
        "z": 0.18236450850963593
    },
    "right_knee": {
        "x": 0.2546508312225342,
        "y": 0.5750114917755127,
        "z": 0.02242390066385269
    },
    "left_ankle": {
        "x": 0.25279808044433594,
        "y": 0.6353421807289124,
        "z": 0.30083200335502625
    },
    "right_ankle": {
        "x": 0.2568688988685608,
        "y": 0.660355269908905,
        "z": 0.14912405610084534
    },
    "left_heel": {
        "x": 0.24447843432426453,
        "y": 0.6526504158973694,
        "z": 0.3108253479003906
    },
    "right_heel": {
        "x": 0.24870815873146057,
        "y": 0.6779129505157471,
        "z": 0.15910905599594116
    },
    "left_foot_index": {
        "x": 0.27829793095588684,
        "y": 0.6508563160896301,
        "z": 0.28904035687446594
    },
    "right_foot_index": {
        "x": 0.283686101436615,
        "y": 0.6785920262336731,
        "z": 0.11245512962341309
    }
}