{
    "nose": {
        "x": 0.3053687810897827,
        "y": 0.3427181541919708,
        "z": 0.05439957231283188
    },
    "left_eye_inner": {
        "x": 0.307285875082016,
        "y": 0.331444650888443,
        "z": 0.07392577081918716
    },
    "left_eye": {
        "x": 0.308979332447052,
        "y": 0.33108583092689514,
        "z": 0.07389523088932037
    },
    "left_eye_outer": {
        "x": 0.31077268719673157,
        "y": 0.33057987689971924,
        "z": 0.07383890450000763
    },
    "right_eye_inner": {
        "x": 0.3013504147529602,
        "y": 0.33087483048439026,
        "z": 0.06400852650403976
    },
    "right_eye": {
        "x": 0.29913169145584106,
        "y": 0.33019381761550903,
        "z": 0.06406654417514801
    },
    "right_eye_outer": {
        "x": 0.29696062207221985,
        "y": 0.32946938276290894,
        "z": 0.06401171535253525
    },
    "left_ear": {
        "x": 0.31162673234939575,
        "y": 0.3316830098628998,
        "z": 0.15717294812202454
    },
    "right_ear": {
        "x": 0.2921574115753174,
        "y": 0.3300947844982147,
        "z": 0.11167251318693161
    },
    "mouth_left": {
        "x": 0.3079758882522583,
        "y": 0.35084640979766846,
        "z": 0.08411218971014023
    },
    "mouth_right": {
        "x": 0.3018217384815216,
        "y": 0.349765419960022,
        "z": 0.07073725759983063
    },
    "left_shoulder": {
        "x": 0.3259042799472809,
        "y": 0.36946895718574524,
        "z": 0.16575631499290466
    },
    "right_shoulder": {
        "x": 0.27647125720977783,
        "y": 0.3805111050605774,
        "z": 0.09747853130102158
    },
    "left_elbow": {
        "x": 0.323846697807312,
        "y": 0.445681631565094,
        "z": 0.10997975617647171
    },
    "right_elbow": {
        "x": 0.2661295533180237,
        "y": 0.4428725838661194,
        "z": 0.05092727020382881
    },
    "left_wrist": {
        "x": 0.3005714416503906,
        "y": 0.44850030541419983,
        "z": 0.01992841437458992
    },
    "right_wrist": {
        "x": 0.294189453125,
        "y": 0.44824111461639404,
        "z": 0.03891734778881073
    },
    "left_pinky": {
        "x": 0.29529350996017456,
        "y": 0.45607173442840576,
        "z": -0.0036217302549630404
    },
    "right_pinky": {
        "x": 0.29998472332954407,
        "y": 0.4536225199699402,
        "z": 0.028018957003951073
    },
    "left_index": {
        "x": 0.28729403018951416,
        "y": 0.4448941946029663,
        "z": 0.002674034796655178
    },
    "right_index": {
        "x": 0.29158180952072144,
        "y": 0.44247329235076904,
        "z": 0.03202605992555618
    },
    "left_thumb": {
        "x": 0.28933820128440857,
        "y": 0.4451146423816681,
        "z": 0.018630720674991608
    },
    "right_thumb": {
        "x": 0.2897132635116577,
        "y": 0.4467654228210449,
        "z": 0.040413424372673035
    },
    "left_hip": {
        "x": 0.3568011522293091,
        "y": 0.5008370280265808,
        "z": 0.03522340953350067
    },
    "right_hip": {
        "x": 0.3311556875705719,
        "y": 0.5205821990966797,
        "z": -0.03522438183426857
    },
    "left_knee": {
        "x": 0.45199498534202576,
        "y": 0.4898431897163391,
        "z": -0.061322081834077835
    },
    "right_knee": {
        "x": 0.3676524758338928,
        "y": 0.5308453440666199,
        "z": -0.1767149418592453
    },
    "left_ankle": {
        "x": 0.47542858123779297,
        "y": 0.6070473194122314,
        "z": -0.0851651132106781
    },
    "right_ankle": {
        "x": 0.427354633808136,
        "y": 0.6396734118461609,
        "z": -0.1554858386516571
    },
    "left_heel": {
        "x": 0.46978092193603516,
        "y": 0.6297670602798462,
        "z": -0.08976154029369354
    },
    "right_heel": {
        "x": 0.43163245916366577,
        "y": 0.6600348949432373,
        "z": -0.1512216180562973
    },
    "left_foot_index": {
        "x": 0.5048334002494812,
        "y": 0.6352053880691528,
        "z": -0.14792419970035553
    },
    "right_foot_index": {
        "x": 0.4553016424179077,
        "y": 0.6690616011619568,
        "z": -0.1929611712694168
    }
}