{
    "nose": {
        "x": 0.2502782344818115,
        "y": 0.291765958070755,
        "z": -0.18745942413806915
    },
    "left_eye_inner": {
        "x": 0.25664523243904114,
        "y": 0.2844100296497345,
        "z": -0.18869081139564514
    },
    "left_eye": {
        "x": 0.2570316195487976,
        "y": 0.28495100140571594,
        "z": -0.18864601850509644
    },
    "left_eye_outer": {
        "x": 0.2573060691356659,
        "y": 0.2854432463645935,
        "z": -0.18861107528209686
    },
    "right_eye_inner": {
        "x": 0.25490808486938477,
        "y": 0.2815103530883789,
        "z": -0.19809193909168243
    },
    "right_eye": {
        "x": 0.2542952597141266,
        "y": 0.2803783714771271,
        "z": -0.19808556139469147
    },
    "right_eye_outer": {
        "x": 0.25352129340171814,
        "y": 0.2792651951313019,
        "z": -0.19812466204166412
    },
    "left_ear": {
        "x": 0.2531641721725464,
        "y": 0.2873840630054474,
        "z": -0.15415188670158386
    },
    "right_ear": {
        "x": 0.2495926320552826,
        "y": 0.2811223864555359,
        "z": -0.20172441005706787
    },
    "mouth_left": {
        "x": 0.2460104376077652,
        "y": 0.30089691281318665,
        "z": -0.1700006127357483
    },
    "mouth_right": {
        "x": 0.24378499388694763,
        "y": 0.2974792718887329,
        "z": -0.1839349865913391
    },
    "left_shoulder": {
        "x": 0.23168395459651947,
        "y": 0.3368964195251465,
        "z": -0.12094612419605255
    },
    "right_shoulder": {
        "x": 0.22972121834754944,
        "y": 0.3214392364025116,
        "z": -0.14628461003303528
    },
    "left_elbow": {
        "x": 0.24500946700572968,
        "y": 0.4222258925437927,
        "z": -0.08043967932462692
    },
    "right_elbow": {
        "x": 0.2241174727678299,
        "y": 0.3474465012550354,
        "z": -0.09536049515008926
    },
    "left_wrist": {
        "x": 0.26444369554519653,
        "y": 0.47205230593681335,
        "z": -0.10683450102806091
    },
    "right_wrist": {
        "x": 0.2237343192100525,
        "y": 0.35509559512138367,
        "z": -0.0329270213842392
    },
    "left_pinky": {
        "x": 0.26989638805389404,
        "y": 0.48040205240249634,
        "z": -0.12144839018583298
    },
    "right_pinky": {
        "x": 0.22467291355133057,
        "y": 0.3514477610588074,
        "z": -0.031107215210795403
    },
    "left_index": {
        "x": 0.272458016872406,
        "y": 0.4788775146007538,
        "z": -0.1324881911277771
    },
    "right_index": {
        "x": 0.2223074734210968,
        "y": 0.35625022649765015,
        "z": -0.04112572222948074
    },
    "left_thumb": {
        "x": 0.2695101797580719,
        "y": 0.47739678621292114,
        "z": -0.11273226886987686
    },
    "right_thumb": {
        "x": 0.22180913388729095,
        "y": 0.3605002760887146,
        "z": -0.034987542778253555
    },
    "left_hip": {
        "x": 0.27054375410079956,
        "y": 0.48119428753852844,
        "z": 0.012256917543709278
    },
    "right_hip": {
        "x": 0.27198731899261475,
        "y": 0.48120802640914917,
        "z": -0.012565436773002148
    },
    "left_knee": {
        "x": 0.28303518891334534,
        "y": 0.555919885635376,
        "z": 0.18347536027431488
    },
    "right_knee": {
        "x": 0.2709050178527832,
        "y": 0.555454671382904,
        "z": 0.13625696301460266
    },
    "left_ankle": {
        "x": 0.2899332344532013,
        "y": 0.6261662840843201,
        "z": 0.3421486020088196
    },
    "right_ankle": {
        "x": 0.27312496304512024,
        "y": 0.6396034955978394,
        "z": 0.309196799993515
    },
    "left_heel": {
        "x": 0.28971102833747864,
        "y": 0.6367815136909485,
        "z": 0.3588917851448059
    },
    "right_heel": {
        "x": 0.272200345993042,
        "y": 0.6496818661689758,
        "z": 0.32757118344306946
    },
    "left_foot_index": {
        "x": 0.2974696457386017,
        "y": 0.6416217088699341,
        "z": 0.33457663655281067
    },
    "right_foot_index": {
        "x": 0.2826377749443054,
        "y": 0.6658560633659363,
        "z": 0.2984541058540344
    }
}