{
    "nose": {
        "x": 0.274946004152298,
        "y": 0.27433541417121887,
        "z": -0.17228493094444275
    },
    "left_eye_inner": {
        "x": 0.27836164832115173,
        "y": 0.26561200618743896,
        "z": -0.16555629670619965
    },
    "left_eye": {
        "x": 0.27882903814315796,
        "y": 0.26588174700737,
        "z": -0.16555652022361755
    },
    "left_eye_outer": {
        "x": 0.27921050786972046,
        "y": 0.2660251557826996,
        "z": -0.16556543111801147
    },
    "right_eye_inner": {
        "x": 0.27563151717185974,
        "y": 0.2622525095939636,
        "z": -0.1902109980583191
    },
    "right_eye": {
        "x": 0.2741977572441101,
        "y": 0.2604854106903076,
        "z": -0.19017547369003296
    },
    "right_eye_outer": {
        "x": 0.27269265055656433,
        "y": 0.25866228342056274,
        "z": -0.19019944965839386
    },
    "left_ear": {
        "x": 0.2716798484325409,
        "y": 0.2619105279445648,
        "z": -0.10625426471233368
    },
    "right_ear": {
        "x": 0.26526975631713867,
        "y": 0.2552800178527832,
        "z": -0.2191138118505478
    },
    "mouth_left": {
        "x": 0.270309716463089,
        "y": 0.27926337718963623,
        "z": -0.1447126716375351
    },
    "mouth_right": {
        "x": 0.26663267612457275,
        "y": 0.27617207169532776,
        "z": -0.17755556106567383
    },
    "left_shoulder": {
        "x": 0.24084016680717468,
        "y": 0.29319632053375244,
        "z": -0.013073582202196121
    },
    "right_shoulder": {
        "x": 0.2401283085346222,
        "y": 0.2986662983894348,
        "z": -0.23232677578926086
    },
    "left_elbow": {
        "x": 0.24173498153686523,
        "y": 0.3688308000564575,
        "z": 0.07090142369270325
    },
    "right_elbow": {
        "x": 0.22310146689414978,
        "y": 0.38810569047927856,
        "z": -0.2571859359741211
    },
    "left_wrist": {
        "x": 0.264941930770874,
        "y": 0.400821715593338,
        "z": 0.062328413128852844
    },
    "right_wrist": {
        "x": 0.23215314745903015,
        "y": 0.4680995047092438,
        "z": -0.2733248472213745
    },
    "left_pinky": {
        "x": 0.271175354719162,
        "y": 0.4038470387458801,
        "z": 0.06417775899171829
    },
    "right_pinky": {
        "x": 0.2330673336982727,
        "y": 0.4891231954097748,
        "z": -0.29963061213493347
    },
    "left_index": {
        "x": 0.2734425663948059,
        "y": 0.4025346636772156,
        "z": 0.04405825957655907
    },
    "right_index": {
        "x": 0.2378261387348175,
        "y": 0.4855101704597473,
        "z": -0.2992144525051117
    },
    "left_thumb": {
        "x": 0.26939287781715393,
        "y": 0.40604257583618164,
        "z": 0.05255032703280449
    },
    "right_thumb": {
        "x": 0.23817728459835052,
        "y": 0.47759443521499634,
        "z": -0.27335694432258606
    },
    "left_hip": {
        "x": 0.25172001123428345,
        "y": 0.4679966866970062,
        "z": 0.07029401510953903
    },
    "right_hip": {
        "x": 0.24522897601127625,
        "y": 0.473991334438324,
        "z": -0.0703606903553009
    },
    "left_knee": {
        "x": 0.2660426199436188,
        "y": 0.5511582493782043,
        "z": 0.1978166699409485
    },
    "right_knee": {
        "x": 0.2563605308532715,
        "y": 0.5545631051063538,
        "z": 0.0586085170507431
    },
    "left_ankle": {
        "x": 0.2682977020740509,
        "y": 0.6407868266105652,
        "z": 0.3466605246067047
    },
    "right_ankle": {
        "x": 0.2644351124763489,
        "y": 0.6466537714004517,
        "z": 0.21673254668712616
    },
    "left_heel": {
        "x": 0.2618514895439148,
        "y": 0.6611977815628052,
        "z": 0.3603160083293915
    },
    "right_heel": {
        "x": 0.2565871477127075,
        "y": 0.6603553295135498,
        "z": 0.23075827956199646
    },
    "left_foot_index": {
        "x": 0.2936652600765228,
        "y": 0.6492484211921692,
        "z": 0.33538705110549927
    },
    "right_foot_index": {
        "x": 0.2882992923259735,
        "y": 0.6715154051780701,
        "z": 0.18558865785598755
    }
}