{
    "nose": {
        "x": 0.3045368194580078,
        "y": 0.3356161415576935,
        "z": 0.027886265888810158
    },
    "left_eye_inner": {
        "x": 0.3060467839241028,
        "y": 0.3229489028453827,
        "z": 0.04994271695613861
    },
    "left_eye": {
        "x": 0.30790624022483826,
        "y": 0.3223300874233246,
        "z": 0.049923352897167206
    },
    "left_eye_outer": {
        "x": 0.3096064627170563,
        "y": 0.32180100679397583,
        "z": 0.04988814890384674
    },
    "right_eye_inner": {
        "x": 0.2994179129600525,
        "y": 0.3238356411457062,
        "z": 0.03542054072022438
    },
    "right_eye": {
        "x": 0.2966839373111725,
        "y": 0.3238540589809418,
        "z": 0.03545644134283066
    },
    "right_eye_outer": {
        "x": 0.29388320446014404,
        "y": 0.32392147183418274,
        "z": 0.03542832285165787
    },
    "left_ear": {
        "x": 0.30849775671958923,
        "y": 0.3232736587524414,
        "z": 0.1520538032054901
    },
    "right_ear": {
        "x": 0.2893633246421814,
        "y": 0.32599908113479614,
        "z": 0.088213250041008
    },
    "mouth_left": {
        "x": 0.30704715847969055,
        "y": 0.34486353397369385,
        "z": 0.0660967230796814
    },
    "mouth_right": {
        "x": 0.2995438575744629,
        "y": 0.34404975175857544,
        "z": 0.04759165272116661
    },
    "left_shoulder": {
        "x": 0.3188028037548065,
        "y": 0.36597734689712524,
        "z": 0.20245257019996643
    },
    "right_shoulder": {
        "x": 0.27393269538879395,
        "y": 0.3907153904438019,
        "z": 0.06032169982790947
    },
    "left_elbow": {
        "x": 0.3138442933559418,
        "y": 0.4352172613143921,
        "z": 0.1454460620880127
    },
    "right_elbow": {
        "x": 0.2746478021144867,
        "y": 0.470844566822052,
        "z": 0.007027251645922661
    },
    "left_wrist": {
        "x": 0.28371328115463257,
        "y": 0.4409644305706024,
        "z": 0.02442188933491707
    },
    "right_wrist": {
        "x": 0.31974682211875916,
        "y": 0.4772114157676697,
        "z": -0.0023628755006939173
    },
    "left_pinky": {
        "x": 0.27664119005203247,
        "y": 0.4497830271720886,
        "z": -0.002852989826351404
    },
    "right_pinky": {
        "x": 0.3365231454372406,
        "y": 0.48863524198532104,
        "z": -0.014863989315927029
    },
    "left_index": {
        "x": 0.2751709818840027,
        "y": 0.4418566823005676,
        "z": 0.0033378698863089085
    },
    "right_index": {
        "x": 0.3387969732284546,
        "y": 0.4770263433456421,
        "z": -0.013840173371136189
    },
    "left_thumb": {
        "x": 0.277249276638031,
        "y": 0.44213607907295227,
        "z": 0.02140866592526436
    },
    "right_thumb": {
        "x": 0.3292452096939087,
        "y": 0.472034752368927,
        "z": 0.00030055324896238744
    },
    "left_hip": {
        "x": 0.36735671758651733,
        "y": 0.5109824538230896,
        "z": 0.06324299424886703
    },
    "right_hip": {
        "x": 0.3443411588668823,
        "y": 0.5361837148666382,
        "z": -0.06324496865272522
    },
    "left_knee": {
        "x": 0.4784643054008484,
        "y": 0.46207088232040405,
        "z": -0.017892984673380852
    },
    "right_knee": {
        "x": 0.41816988587379456,
        "y": 0.4946320950984955,
        "z": -0.16166630387306213
    },
    "left_ankle": {
        "x": 0.47222834825515747,
        "y": 0.6147084832191467,
        "z": -0.04280172660946846
    },
    "right_ankle": {
        "x": 0.44610336422920227,
        "y": 0.6366954445838928,
        "z": -0.1601850688457489
    },
    "left_heel": {
        "x": 0.45969608426094055,
        "y": 0.6396728754043579,
        "z": -0.04913893714547157
    },
    "right_heel": {
        "x": 0.4408787786960602,
        "y": 0.6608363389968872,
        "z": -0.15856577455997467
    },
    "left_foot_index": {
        "x": 0.5012646913528442,
        "y": 0.6642709970474243,
        "z": -0.09549221396446228
    },
    "right_foot_index": {
        "x": 0.48047691583633423,
        "y": 0.6848676204681396,
        "z": -0.19140625
    }
}