{
    "nose": {
        "x": 0.3989977538585663,
        "y": 0.42070069909095764,
        "z": 0.05956233665347099
    },
    "left_eye_inner": {
        "x": 0.3990209996700287,
        "y": 0.4084068536758423,
        "z": 0.03297996520996094
    },
    "left_eye": {
        "x": 0.397596538066864,
        "y": 0.4078020751476288,
        "z": 0.03294030949473381
    },
    "left_eye_outer": {
        "x": 0.39614298939704895,
        "y": 0.40736210346221924,
        "z": 0.0329352430999279
    },
    "right_eye_inner": {
        "x": 0.40468016266822815,
        "y": 0.40866926312446594,
        "z": 0.050621651113033295
    },
    "right_eye": {
        "x": 0.40722233057022095,
        "y": 0.40825799107551575,
        "z": 0.050592001527547836
    },
    "right_eye_outer": {
        "x": 0.4096631109714508,
        "y": 0.4079648554325104,
        "z": 0.05053183063864708
    },
    "left_ear": {
        "x": 0.39820754528045654,
        "y": 0.4112842381000519,
        "z": -0.048138443380594254
    },
    "right_ear": {
        "x": 0.4169207513332367,
        "y": 0.4124077558517456,
        "z": 0.02999049983918667
    },
    "mouth_left": {
        "x": 0.3971206545829773,
        "y": 0.42876720428466797,
        "z": 0.0346137136220932
    },
    "mouth_right": {
        "x": 0.40271222591400146,
        "y": 0.43081310391426086,
        "z": 0.056927356868982315
    },
    "left_shoulder": {
        "x": 0.3792519271373749,
        "y": 0.4658375382423401,
        "z": -0.12947708368301392
    },
    "right_shoulder": {
        "x": 0.4460504949092865,
        "y": 0.4867253601551056,
        "z": 0.09448523819446564
    },
    "left_elbow": {
        "x": 0.3308020532131195,
        "y": 0.4901576638221741,
        "z": -0.07440527528524399
    },
    "right_elbow": {
        "x": 0.4392138719558716,
        "y": 0.5226420760154724,
        "z": 0.25068894028663635
    },
    "left_wrist": {
        "x": 0.303571879863739,
        "y": 0.48141247034072876,
        "z": 0.10861430317163467
    },
    "right_wrist": {
        "x": 0.40055379271507263,
        "y": 0.5030506253242493,
        "z": 0.40609684586524963
    },
    "left_pinky": {
        "x": 0.29187828302383423,
        "y": 0.4746491312980652,
        "z": 0.1150018721818924
    },
    "right_pinky": {
        "x": 0.3905750513076782,
        "y": 0.5007917284965515,
        "z": 0.435522198677063
    },
    "left_index": {
        "x": 0.2949485182762146,
        "y": 0.46479079127311707,
        "z": 0.11369016766548157
    },
    "right_index": {
        "x": 0.3885608911514282,
        "y": 0.4961245357990265,
        "z": 0.426845908164978
    },
    "left_thumb": {
        "x": 0.29793399572372437,
        "y": 0.46854013204574585,
        "z": 0.11488928645849228
    },
    "right_thumb": {
        "x": 0.3910213112831116,
        "y": 0.49732500314712524,
        "z": 0.40716752409935
    },
    "left_hip": {
        "x": 0.3904086947441101,
        "y": 0.6896429657936096,
        "z": -0.08581819385290146
    },
    "right_hip": {
        "x": 0.4252470135688782,
        "y": 0.6913123726844788,
        "z": 0.08547064661979675
    },
    "left_knee": {
        "x": 0.3290773630142212,
        "y": 0.770901620388031,
        "z": -0.05802178010344505
    },
    "right_knee": {
        "x": 0.3853524923324585,
        "y": 0.7428598999977112,
        "z": 0.30348867177963257
    },
    "left_ankle": {
        "x": 0.3679913580417633,
        "y": 0.90959233045578,
        "z": -0.09760141372680664
    },
    "right_ankle": {
        "x": 0.39810189604759216,
        "y": 0.8451160192489624,
        "z": 0.3925725221633911
    },
    "left_heel": {
        "x": 0.3837489187717438,
        "y": 0.937292218208313,
        "z": -0.09652610123157501
    },
    "right_heel": {
        "x": 0.4069655239582062,
        "y": 0.8698373436927795,
        "z": 0.40356767177581787
    },
    "left_foot_index": {
        "x": 0.327567458152771,
        "y": 0.9523839950561523,
        "z": -0.09523601830005646
    },
    "right_foot_index": {
        "x": 0.3738880157470703,
        "y": 0.850213885307312,
        "z": 0.4343199133872986
    }
}