{
    "nose": {
        "x": 0.8089112639427185,
        "y": 0.45930230617523193,
        "z": -0.10649024695158005
    },
    "left_eye_inner": {
        "x": 0.8110160827636719,
        "y": 0.45275142788887024,
        "z": -0.12206938862800598
    },
    "left_eye": {
        "x": 0.8117403388023376,
        "y": 0.45344987511634827,
        "z": -0.12203695625066757
    },
    "left_eye_outer": {
        "x": 0.8124488592147827,
        "y": 0.4543628394603729,
        "z": -0.12203369289636612
    },
    "right_eye_inner": {
        "x": 0.8106435537338257,
        "y": 0.45071354508399963,
        "z": -0.10454968363046646
    },
    "right_eye": {
        "x": 0.8110451698303223,
        "y": 0.44989490509033203,
        "z": -0.10459962487220764
    },
    "right_eye_outer": {
        "x": 0.8114277124404907,
        "y": 0.44918256998062134,
        "z": -0.1046452447772026
    },
    "left_ear": {
        "x": 0.8184511065483093,
        "y": 0.4588397145271301,
        "z": -0.15356846153736115
    },
    "right_ear": {
        "x": 0.8173776865005493,
        "y": 0.45195573568344116,
        "z": -0.07550495862960815
    },
    "mouth_left": {
        "x": 0.8113845586776733,
        "y": 0.469065397977829,
        "z": -0.11440160125494003
    },
    "mouth_right": {
        "x": 0.8109014630317688,
        "y": 0.4664219617843628,
        "z": -0.09194697439670563
    },
    "left_shoulder": {
        "x": 0.8160036206245422,
        "y": 0.5126330256462097,
        "z": -0.17046548426151276
    },
    "right_shoulder": {
        "x": 0.8329603672027588,
        "y": 0.4843961298465729,
        "z": 0.004092835821211338
    },
    "left_elbow": {
        "x": 0.7878766655921936,
        "y": 0.5777291655540466,
        "z": -0.12974092364311218
    },
    "right_elbow": {
        "x": 0.8124706745147705,
        "y": 0.5241255164146423,
        "z": 0.14024688303470612
    },
    "left_wrist": {
        "x": 0.7614060044288635,
        "y": 0.5492963790893555,
        "z": -0.04856552928686142
    },
    "right_wrist": {
        "x": 0.782360851764679,
        "y": 0.5206111073493958,
        "z": 0.23606577515602112
    },
    "left_pinky": {
        "x": 0.7524360418319702,
        "y": 0.5493962168693542,
        "z": -0.05111824348568916
    },
    "right_pinky": {
        "x": 0.7747244834899902,
        "y": 0.521009087562561,
        "z": 0.2574174404144287
    },
    "left_index": {
        "x": 0.754649817943573,
        "y": 0.5416551232337952,
        "z": -0.05275385454297066
    },
    "right_index": {
        "x": 0.7742834687232971,
        "y": 0.5168941617012024,
        "z": 0.23992526531219482
    },
    "left_thumb": {
        "x": 0.760303795337677,
        "y": 0.5409071445465088,
        "z": -0.045755330473184586
    },
    "right_thumb": {
        "x": 0.7762438058853149,
        "y": 0.5179598927497864,
        "z": 0.23211669921875
    },
    "left_hip": {
        "x": 0.7877546548843384,
        "y": 0.6228560209274292,
        "z": -0.06848330050706863
    },
    "right_hip": {
        "x": 0.7927457690238953,
        "y": 0.5974494814872742,
        "z": 0.06853491812944412
    },
    "left_knee": {
        "x": 0.719683051109314,
        "y": 0.5879554748535156,
        "z": -0.07447649538516998
    },
    "right_knee": {
        "x": 0.7333788275718689,
        "y": 0.5692862868309021,
        "z": 0.11419448256492615
    },
    "left_ankle": {
        "x": 0.7134727239608765,
        "y": 0.6995182037353516,
        "z": -0.02904799021780491
    },
    "right_ankle": {
        "x": 0.7303303480148315,
        "y": 0.6458264589309692,
        "z": 0.22154513001441956
    },
    "left_heel": {
        "x": 0.7175790667533875,
        "y": 0.7226287126541138,
        "z": -0.022598693147301674
    },
    "right_heel": {
        "x": 0.7363595366477966,
        "y": 0.6608705520629883,
        "z": 0.23234041035175323
    },
    "left_foot_index": {
        "x": 0.6843228340148926,
        "y": 0.6957376003265381,
        "z": -0.02941093035042286
    },
    "right_foot_index": {
        "x": 0.7048452496528625,
        "y": 0.6536077260971069,
        "z": 0.23830105364322662
    }
}