{
    "nose": {
        "x": 0.2769010066986084,
        "y": 0.535218358039856,
        "z": -0.33293476700782776
    },
    "left_eye_inner": {
        "x": 0.28592735528945923,
        "y": 0.5216127634048462,
        "z": -0.3500875234603882
    },
    "left_eye": {
        "x": 0.2886875569820404,
        "y": 0.5203874707221985,
        "z": -0.3499263525009155
    },
    "left_eye_outer": {
        "x": 0.291126549243927,
        "y": 0.519172191619873,
        "z": -0.3499559760093689
    },
    "right_eye_inner": {
        "x": 0.2770763039588928,
        "y": 0.5208538174629211,
        "z": -0.3606225550174713
    },
    "right_eye": {
        "x": 0.27410945296287537,
        "y": 0.5227712392807007,
        "z": -0.3607119023799896
    },
    "right_eye_outer": {
        "x": 0.2720396816730499,
        "y": 0.5197863578796387,
        "z": -0.3608323931694031
    },
    "left_ear": {
        "x": 0.29262787103652954,
        "y": 0.4944491386413574,
        "z": -0.3288850784301758
    },
    "right_ear": {
        "x": 0.26477688550949097,
        "y": 0.48935553431510925,
        "z": -0.3817998766899109
    },
    "mouth_left": {
        "x": 0.27556872367858887,
        "y": 0.5239921808242798,
        "z": -0.31279540061950684
    },
    "mouth_right": {
        "x": 0.27064135670661926,
        "y": 0.5211930871009827,
        "z": -0.32883211970329285
    },
    "left_shoulder": {
        "x": 0.2990332543849945,
        "y": 0.45545488595962524,
        "z": -0.2339552342891693
    },
    "right_shoulder": {
        "x": 0.21753016114234924,
        "y": 0.44256678223609924,
        "z": -0.32369887828826904
    },
    "left_elbow": {
        "x": 0.3000783324241638,
        "y": 0.48358848690986633,
        "z": -0.03375715762376785
    },
    "right_elbow": {
        "x": 0.16129964590072632,
        "y": 0.4509950578212738,
        "z": -0.40282300114631653
    },
    "left_wrist": {
        "x": 0.3131900429725647,
        "y": 0.5197910070419312,
        "z": 0.15107430517673492
    },
    "right_wrist": {
        "x": 0.16893161833286285,
        "y": 0.5431280136108398,
        "z": -0.4787155091762543
    },
    "left_pinky": {
        "x": 0.31910941004753113,
        "y": 0.5324097871780396,
        "z": 0.18479573726654053
    },
    "right_pinky": {
        "x": 0.16616959869861603,
        "y": 0.5691713690757751,
        "z": -0.4967343509197235
    },
    "left_index": {
        "x": 0.3159327805042267,
        "y": 0.5340362787246704,
        "z": 0.17022822797298431
    },
    "right_index": {
        "x": 0.17772270739078522,
        "y": 0.5694063305854797,
        "z": -0.5007306337356567
    },
    "left_thumb": {
        "x": 0.31185653805732727,
        "y": 0.5325438976287842,
        "z": 0.15283288061618805
    },
    "right_thumb": {
        "x": 0.1806144267320633,
        "y": 0.5620023608207703,
        "z": -0.4806132912635803
    },
    "left_hip": {
        "x": 0.28020453453063965,
        "y": 0.6028607487678528,
        "z": 0.03219571337103844
    },
    "right_hip": {
        "x": 0.23336158692836761,
        "y": 0.622648298740387,
        "z": -0.03232578560709953
    },
    "left_knee": {
        "x": 0.31307506561279297,
        "y": 0.7476170659065247,
        "z": 0.07214172929525375
    },
    "right_knee": {
        "x": 0.26573389768600464,
        "y": 0.7953070402145386,
        "z": 0.002289952477440238
    },
    "left_ankle": {
        "x": 0.30769824981689453,
        "y": 0.8011670708656311,
        "z": 0.41309627890586853
    },
    "right_ankle": {
        "x": 0.26983869075775146,
        "y": 0.7719091176986694,
        "z": 0.3814072906970978
    },
    "left_heel": {
        "x": 0.3093705177307129,
        "y": 0.7914003729820251,
        "z": 0.4503542184829712
    },
    "right_heel": {
        "x": 0.2715165317058563,
        "y": 0.7519757151603699,
        "z": 0.4251469671726227
    },
    "left_foot_index": {
        "x": 0.31642571091651917,
        "y": 0.8586156368255615,
        "z": 0.44779282808303833
    },
    "right_foot_index": {
        "x": 0.2798672616481781,
        "y": 0.8248215913772583,
        "z": 0.4427564740180969
    }
}