{
    "nose": {
        "x": 0.20062585175037384,
        "y": 0.35483789443969727,
        "z": 0.09956112504005432
    },
    "left_eye_inner": {
        "x": 0.1955505758523941,
        "y": 0.3395746052265167,
        "z": 0.07919533550739288
    },
    "left_eye": {
        "x": 0.19289475679397583,
        "y": 0.3402445912361145,
        "z": 0.07916779071092606
    },
    "left_eye_outer": {
        "x": 0.19023315608501434,
        "y": 0.3411255180835724,
        "z": 0.07913155108690262
    },
    "right_eye_inner": {
        "x": 0.20186252892017365,
        "y": 0.33758634328842163,
        "z": 0.07233826816082001
    },
    "right_eye": {
        "x": 0.2033207267522812,
        "y": 0.3369072675704956,
        "z": 0.07238037139177322
    },
    "right_eye_outer": {
        "x": 0.20472194254398346,
        "y": 0.3365575671195984,
        "z": 0.07226607203483582
    },
    "left_ear": {
        "x": 0.1855623424053192,
        "y": 0.3494585156440735,
        "z": 0.014509623870253563
    },
    "right_ear": {
        "x": 0.2059324085712433,
        "y": 0.3448285758495331,
        "z": -0.01758546568453312
    },
    "mouth_left": {
        "x": 0.19732466340065002,
        "y": 0.3681494891643524,
        "z": 0.08238594979047775
    },
    "mouth_right": {
        "x": 0.2032092660665512,
        "y": 0.36751502752304077,
        "z": 0.07320086658000946
    },
    "left_shoulder": {
        "x": 0.1497826725244522,
        "y": 0.4306279420852661,
        "z": -0.004027503542602062
    },
    "right_shoulder": {
        "x": 0.22980040311813354,
        "y": 0.4149211645126343,
        "z": -0.07586269080638885
    },
    "left_elbow": {
        "x": 0.1401444971561432,
        "y": 0.5233797430992126,
        "z": 0.05508461594581604
    },
    "right_elbow": {
        "x": 0.265643835067749,
        "y": 0.4911155104637146,
        "z": -0.07074654847383499
    },
    "left_wrist": {
        "x": 0.15088748931884766,
        "y": 0.5637853145599365,
        "z": 0.13037674129009247
    },
    "right_wrist": {
        "x": 0.29045507311820984,
        "y": 0.543075680732727,
        "z": -0.036476269364356995
    },
    "left_pinky": {
        "x": 0.14969050884246826,
        "y": 0.5764951705932617,
        "z": 0.12890039384365082
    },
    "right_pinky": {
        "x": 0.29776787757873535,
        "y": 0.5625640749931335,
        "z": -0.05066065490245819
    },
    "left_index": {
        "x": 0.15450751781463623,
        "y": 0.5772494673728943,
        "z": 0.1310657262802124
    },
    "right_index": {
        "x": 0.29305869340896606,
        "y": 0.5628436207771301,
        "z": -0.04945971816778183
    },
    "left_thumb": {
        "x": 0.15668486058712006,
        "y": 0.5733540654182434,
        "z": 0.1321392059326172
    },
    "right_thumb": {
        "x": 0.28782033920288086,
        "y": 0.5584421753883362,
        "z": -0.03619746118783951
    },
    "left_hip": {
        "x": 0.17418214678764343,
        "y": 0.6106789708137512,
        "z": 0.020200977101922035
    },
    "right_hip": {
        "x": 0.21952638030052185,
        "y": 0.6055006384849548,
        "z": -0.0202151108533144
    },
    "left_knee": {
        "x": 0.18562406301498413,
        "y": 0.6618942618370056,
        "z": 0.23748642206192017
    },
    "right_knee": {
        "x": 0.23096518218517303,
        "y": 0.6516557931900024,
        "z": 0.20342570543289185
    },
    "left_ankle": {
        "x": 0.19629698991775513,
        "y": 0.7629953026771545,
        "z": 0.42986613512039185
    },
    "right_ankle": {
        "x": 0.22881454229354858,
        "y": 0.7571439743041992,
        "z": 0.4153827726840973
    },
    "left_heel": {
        "x": 0.19896815717220306,
        "y": 0.787940263748169,
        "z": 0.4510744512081146
    },
    "right_heel": {
        "x": 0.2213582992553711,
        "y": 0.7851678133010864,
        "z": 0.43963706493377686
    },
    "left_foot_index": {
        "x": 0.2011488974094391,
        "y": 0.7477386593818665,
        "z": 0.4633048176765442
    },
    "right_foot_index": {
        "x": 0.24248428642749786,
        "y": 0.7529733180999756,
        "z": 0.4528886675834656
    }
}