{
    "nose": {
        "x": 0.397220641374588,
        "y": 0.2218390852212906,
        "z": -0.052778806537389755
    },
    "left_eye_inner": {
        "x": 0.4018276333808899,
        "y": 0.21250098943710327,
        "z": -0.05523286387324333
    },
    "left_eye": {
        "x": 0.40131714940071106,
        "y": 0.20970319211483002,
        "z": -0.055316317826509476
    },
    "left_eye_outer": {
        "x": 0.40080034732818604,
        "y": 0.2069113701581955,
        "z": -0.05541996657848358
    },
    "right_eye_inner": {
        "x": 0.40307825803756714,
        "y": 0.2182931751012802,
        "z": -0.0768926590681076
    },
    "right_eye": {
        "x": 0.40327662229537964,
        "y": 0.21947994828224182,
        "z": -0.07691962271928787
    },
    "right_eye_outer": {
        "x": 0.4034275710582733,
        "y": 0.22063641250133514,
        "z": -0.07700240612030029
    },
    "left_ear": {
        "x": 0.39526236057281494,
        "y": 0.1984919011592865,
        "z": -0.04916764423251152
    },
    "right_ear": {
        "x": 0.39762550592422485,
        "y": 0.21556702256202698,
        "z": -0.14570879936218262
    },
    "mouth_left": {
        "x": 0.38957852125167847,
        "y": 0.2200036644935608,
        "z": -0.045092128217220306
    },
    "mouth_right": {
        "x": 0.390463650226593,
        "y": 0.22727461159229279,
        "z": -0.07371243834495544
    },
    "left_shoulder": {
        "x": 0.3510131537914276,
        "y": 0.18566282093524933,
        "z": 0.018042990937829018
    },
    "right_shoulder": {
        "x": 0.3556704819202423,
        "y": 0.2791644334793091,
        "z": -0.19212880730628967
    },
    "left_elbow": {
        "x": 0.3444650173187256,
        "y": 0.23036645352840424,
        "z": 0.17341811954975128
    },
    "right_elbow": {
        "x": 0.3808315396308899,
        "y": 0.37240734696388245,
        "z": -0.18290989100933075
    },
    "left_wrist": {
        "x": 0.37273138761520386,
        "y": 0.267499715089798,
        "z": 0.2972649931907654
    },
    "right_wrist": {
        "x": 0.4219975173473358,
        "y": 0.4547680914402008,
        "z": -0.1420007348060608
    },
    "left_pinky": {
        "x": 0.3777291178703308,
        "y": 0.2699505090713501,
        "z": 0.3160420358181
    },
    "right_pinky": {
        "x": 0.43089157342910767,
        "y": 0.47932612895965576,
        "z": -0.16727261245250702
    },
    "left_index": {
        "x": 0.3810203969478607,
        "y": 0.27349039912223816,
        "z": 0.2953203022480011
    },
    "right_index": {
        "x": 0.4348267614841461,
        "y": 0.47445476055145264,
        "z": -0.16604429483413696
    },
    "left_thumb": {
        "x": 0.37941133975982666,
        "y": 0.2777240574359894,
        "z": 0.29234579205513
    },
    "right_thumb": {
        "x": 0.43090203404426575,
        "y": 0.4657990634441376,
        "z": -0.14117541909217834
    },
    "left_hip": {
        "x": 0.3067103922367096,
        "y": 0.36382266879081726,
        "z": 0.07506386190652847
    },
    "right_hip": {
        "x": 0.29466643929481506,
        "y": 0.4061000943183899,
        "z": -0.07499805837869644
    },
    "left_knee": {
        "x": 0.35484957695007324,
        "y": 0.4541848599910736,
        "z": 0.23879413306713104
    },
    "right_knee": {
        "x": 0.338934063911438,
        "y": 0.5303165316581726,
        "z": 0.04155614227056503
    },
    "left_ankle": {
        "x": 0.3492981195449829,
        "y": 0.5566091537475586,
        "z": 0.4470529556274414
    },
    "right_ankle": {
        "x": 0.34012067317962646,
        "y": 0.6623367071151733,
        "z": 0.16588987410068512
    },
    "left_heel": {
        "x": 0.3417949378490448,
        "y": 0.5727995038032532,
        "z": 0.46835753321647644
    },
    "right_heel": {
        "x": 0.33208590745925903,
        "y": 0.6872840523719788,
        "z": 0.17752273380756378
    },
    "left_foot_index": {
        "x": 0.3735833764076233,
        "y": 0.5848153829574585,
        "z": 0.4615575671195984
    },
    "right_foot_index": {
        "x": 0.3766307532787323,
        "y": 0.6864124536514282,
        "z": 0.13712240755558014
    }
}