{
    "nose": {
        "x": 0.2543346881866455,
        "y": 0.6805490851402283,
        "z": -0.0719904899597168
    },
    "left_eye_inner": {
        "x": 0.250624418258667,
        "y": 0.68349289894104,
        "z": -0.08442454040050507
    },
    "left_eye": {
        "x": 0.25058111548423767,
        "y": 0.6831280589103699,
        "z": -0.08442961424589157
    },
    "left_eye_outer": {
        "x": 0.2506004869937897,
        "y": 0.6830736994743347,
        "z": -0.08442924171686172
    },
    "right_eye_inner": {
        "x": 0.25012707710266113,
        "y": 0.6832354068756104,
        "z": -0.06623546779155731
    },
    "right_eye": {
        "x": 0.2504941523075104,
        "y": 0.676724374294281,
        "z": -0.06626090407371521
    },
    "right_eye_outer": {
        "x": 0.2497398555278778,
        "y": 0.6760608553886414,
        "z": -0.06631673127412796
    },
    "left_ear": {
        "x": 0.2436497062444687,
        "y": 0.6666053533554077,
        "z": -0.12127716094255447
    },
    "right_ear": {
        "x": 0.24337878823280334,
        "y": 0.6662828326225281,
        "z": -0.038273271173238754
    },
    "mouth_left": {
        "x": 0.2553568184375763,
        "y": 0.6615564227104187,
        "z": -0.08350639045238495
    },
    "mouth_right": {
        "x": 0.25564685463905334,
        "y": 0.6614698767662048,
        "z": -0.059503041207790375
    },
    "left_shoulder": {
        "x": 0.25009891390800476,
        "y": 0.6218481659889221,
        "z": -0.15975555777549744
    },
    "right_shoulder": {
        "x": 0.24661096930503845,
        "y": 0.6155341267585754,
        "z": 0.015712255612015724
    },
    "left_elbow": {
        "x": 0.29575106501579285,
        "y": 0.61751788854599,
        "z": -0.18454092741012573
    },
    "right_elbow": {
        "x": 0.2862034738063812,
        "y": 0.6005904078483582,
        "z": 0.034575317054986954
    },
    "left_wrist": {
        "x": 0.3348280191421509,
        "y": 0.66460782289505,
        "z": -0.17406360805034637
    },
    "right_wrist": {
        "x": 0.32324469089508057,
        "y": 0.6184186935424805,
        "z": 0.003334331326186657
    },
    "left_pinky": {
        "x": 0.34472715854644775,
        "y": 0.6772692799568176,
        "z": -0.19497732818126678
    },
    "right_pinky": {
        "x": 0.3279414772987366,
        "y": 0.6244915723800659,
        "z": 0.0030153319239616394
    },
    "left_index": {
        "x": 0.3412826657295227,
        "y": 0.6867296099662781,
        "z": -0.1844291239976883
    },
    "right_index": {
        "x": 0.33051955699920654,
        "y": 0.6288430690765381,
        "z": -0.014263208024203777
    },
    "left_thumb": {
        "x": 0.3379884362220764,
        "y": 0.6802021265029907,
        "z": -0.16950330138206482
    },
    "right_thumb": {
        "x": 0.32921820878982544,
        "y": 0.6249000430107117,
        "z": -0.005054487381130457
    },
    "left_hip": {
        "x": 0.30663782358169556,
        "y": 0.5329591035842896,
        "z": -0.05516933277249336
    },
    "right_hip": {
        "x": 0.30194300413131714,
        "y": 0.5370626449584961,
        "z": 0.05503291264176369
    },
    "left_knee": {
        "x": 0.31437307596206665,
        "y": 0.5899023413658142,
        "z": -0.03526100143790245
    },
    "right_knee": {
        "x": 0.3042449951171875,
        "y": 0.5820306539535522,
        "z": 0.0986654981970787
    },
    "left_ankle": {
        "x": 0.3594730496406555,
        "y": 0.6059494018554688,
        "z": 0.06038393825292587
    },
    "right_ankle": {
        "x": 0.354607492685318,
        "y": 0.5996872186660767,
        "z": 0.17239756882190704
    },
    "left_heel": {
        "x": 0.36773625016212463,
        "y": 0.5991700291633606,
        "z": 0.06880035996437073
    },
    "right_heel": {
        "x": 0.3636435568332672,
        "y": 0.5939089059829712,
        "z": 0.17832298576831818
    },
    "left_foot_index": {
        "x": 0.3651919662952423,
        "y": 0.6425594091415405,
        "z": 0.04677555710077286
    },
    "right_foot_index": {
        "x": 0.36604681611061096,
        "y": 0.6366487741470337,
        "z": 0.16368722915649414
    }
}