{
    "nose": {
        "x": 0.6371804475784302,
        "y": 0.5797625780105591,
        "z": -0.07669306546449661
    },
    "left_eye_inner": {
        "x": 0.6324246525764465,
        "y": 0.5694124698638916,
        "z": -0.06749578565359116
    },
    "left_eye": {
        "x": 0.6323040127754211,
        "y": 0.5695149898529053,
        "z": -0.0675104632973671
    },
    "left_eye_outer": {
        "x": 0.6321882605552673,
        "y": 0.5695178508758545,
        "z": -0.06749838590621948
    },
    "right_eye_inner": {
        "x": 0.6307250261306763,
        "y": 0.5698044896125793,
        "z": -0.08640919625759125
    },
    "right_eye": {
        "x": 0.6295560598373413,
        "y": 0.5702717900276184,
        "z": -0.08644871413707733
    },
    "right_eye_outer": {
        "x": 0.6280330419540405,
        "y": 0.5706579089164734,
        "z": -0.08647320419549942
    },
    "left_ear": {
        "x": 0.6259059309959412,
        "y": 0.5776157975196838,
        "z": -0.02031710557639599
    },
    "right_ear": {
        "x": 0.6220556497573853,
        "y": 0.5779890418052673,
        "z": -0.10409994423389435
    },
    "mouth_left": {
        "x": 0.6357448697090149,
        "y": 0.5934441089630127,
        "z": -0.058373451232910156
    },
    "mouth_right": {
        "x": 0.6337311267852783,
        "y": 0.5939182043075562,
        "z": -0.08249501883983612
    },
    "left_shoulder": {
        "x": 0.6173225045204163,
        "y": 0.6405186057090759,
        "z": 0.04990214481949806
    },
    "right_shoulder": {
        "x": 0.6115455627441406,
        "y": 0.6413663029670715,
        "z": -0.15210652351379395
    },
    "left_elbow": {
        "x": 0.6287984848022461,
        "y": 0.7242875695228577,
        "z": 0.0478360541164875
    },
    "right_elbow": {
        "x": 0.6186222434043884,
        "y": 0.7275382876396179,
        "z": -0.1708334982395172
    },
    "left_wrist": {
        "x": 0.6341127753257751,
        "y": 0.7524896860122681,
        "z": -0.03273972496390343
    },
    "right_wrist": {
        "x": 0.6340637803077698,
        "y": 0.7568952441215515,
        "z": -0.12757547199726105
    },
    "left_pinky": {
        "x": 0.633662760257721,
        "y": 0.7526690363883972,
        "z": -0.04288198798894882
    },
    "right_pinky": {
        "x": 0.6381353735923767,
        "y": 0.7631798386573792,
        "z": -0.14718282222747803
    },
    "left_index": {
        "x": 0.6351536512374878,
        "y": 0.747052788734436,
        "z": -0.05700039491057396
    },
    "right_index": {
        "x": 0.6381713151931763,
        "y": 0.7523492574691772,
        "z": -0.14353279769420624
    },
    "left_thumb": {
        "x": 0.6356284022331238,
        "y": 0.7485756278038025,
        "z": -0.042293548583984375
    },
    "right_thumb": {
        "x": 0.6366056203842163,
        "y": 0.7505519986152649,
        "z": -0.12654238939285278
    },
    "left_hip": {
        "x": 0.5447819232940674,
        "y": 0.7152368426322937,
        "z": 0.0754077360033989
    },
    "right_hip": {
        "x": 0.5359491109848022,
        "y": 0.7215750217437744,
        "z": -0.07538925111293793
    },
    "left_knee": {
        "x": 0.6017876267433167,
        "y": 0.7716456651687622,
        "z": 0.050793007016181946
    },
    "right_knee": {
        "x": 0.5977422595024109,
        "y": 0.7966784238815308,
        "z": -0.11701572686433792
    },
    "left_ankle": {
        "x": 0.5667287707328796,
        "y": 0.8757321238517761,
        "z": 0.07314615696668625
    },
    "right_ankle": {
        "x": 0.5531541109085083,
        "y": 0.8878589868545532,
        "z": -0.060071107000112534
    },
    "left_heel": {
        "x": 0.5586025714874268,
        "y": 0.8844409584999084,
        "z": 0.07398145645856857
    },
    "right_heel": {
        "x": 0.5419819355010986,
        "y": 0.890590250492096,
        "z": -0.05285150557756424
    },
    "left_foot_index": {
        "x": 0.5684412717819214,
        "y": 0.9090883731842041,
        "z": 0.049223706126213074
    },
    "right_foot_index": {
        "x": 0.5597310066223145,
        "y": 0.9323135018348694,
        "z": -0.06205051764845848
    }
}