{
    "nose": {
        "x": 0.28658396005630493,
        "y": 0.11945942044258118,
        "z": -0.3685469925403595
    },
    "left_eye_inner": {
        "x": 0.29215312004089355,
        "y": 0.10151854157447815,
        "z": -0.35577592253685
    },
    "left_eye": {
        "x": 0.2956171929836273,
        "y": 0.09991252422332764,
        "z": -0.35577601194381714
    },
    "left_eye_outer": {
        "x": 0.29810360074043274,
        "y": 0.09874570369720459,
        "z": -0.35589200258255005
    },
    "right_eye_inner": {
        "x": 0.2800060212612152,
        "y": 0.10308820754289627,
        "z": -0.3508826196193695
    },
    "right_eye": {
        "x": 0.2762396037578583,
        "y": 0.10223838686943054,
        "z": -0.3509373962879181
    },
    "right_eye_outer": {
        "x": 0.27295106649398804,
        "y": 0.1017063558101654,
        "z": -0.35094740986824036
    },
    "left_ear": {
        "x": 0.3032442629337311,
        "y": 0.09887254238128662,
        "z": -0.2460084706544876
    },
    "right_ear": {
        "x": 0.2697834074497223,
        "y": 0.10403713583946228,
        "z": -0.2243034392595291
    },
    "mouth_left": {
        "x": 0.2939692437648773,
        "y": 0.13032227754592896,
        "z": -0.32489296793937683
    },
    "mouth_right": {
        "x": 0.27938076853752136,
        "y": 0.1336389183998108,
        "z": -0.31898099184036255
    },
    "left_shoulder": {
        "x": 0.33594849705696106,
        "y": 0.17598408460617065,
        "z": -0.1601741909980774
    },
    "right_shoulder": {
        "x": 0.2423933446407318,
        "y": 0.1798720359802246,
        "z": -0.1307557076215744
    },
    "left_elbow": {
        "x": 0.39514052867889404,
        "y": 0.2344243973493576,
        "z": -0.2966834008693695
    },
    "right_elbow": {
        "x": 0.17668426036834717,
        "y": 0.20615357160568237,
        "z": -0.22965119779109955
    },
    "left_wrist": {
        "x": 0.4044053554534912,
        "y": 0.16905686259269714,
        "z": -0.5051030516624451
    },
    "right_wrist": {
        "x": 0.18948155641555786,
        "y": 0.11310625076293945,
        "z": -0.4049896001815796
    },
    "left_pinky": {
        "x": 0.4119665026664734,
        "y": 0.14326211810112,
        "z": -0.5453924536705017
    },
    "right_pinky": {
        "x": 0.19474028050899506,
        "y": 0.0823255255818367,
        "z": -0.4417550563812256
    },
    "left_index": {
        "x": 0.40444228053092957,
        "y": 0.13404327630996704,
        "z": -0.5387303829193115
    },
    "right_index": {
        "x": 0.2011057734489441,
        "y": 0.07827123999595642,
        "z": -0.4248753786087036
    },
    "left_thumb": {
        "x": 0.4000242352485657,
        "y": 0.14308442175388336,
        "z": -0.507673978805542
    },
    "right_thumb": {
        "x": 0.2025592029094696,
        "y": 0.08778136223554611,
        "z": -0.4036404490470886
    },
    "left_hip": {
        "x": 0.3115249574184418,
        "y": 0.40357333421707153,
        "z": -0.00793831143528223
    },
    "right_hip": {
        "x": 0.26319026947021484,
        "y": 0.40490061044692993,
        "z": 0.007894700393080711
    },
    "left_knee": {
        "x": 0.30388012528419495,
        "y": 0.5498505234718323,
        "z": 0.036769527941942215
    },
    "right_knee": {
        "x": 0.2663359045982361,
        "y": 0.5637654662132263,
        "z": 0.06313912570476532
    },
    "left_ankle": {
        "x": 0.29856765270233154,
        "y": 0.6239129304885864,
        "z": 0.3923564851284027
    },
    "right_ankle": {
        "x": 0.26477083563804626,
        "y": 0.6612528562545776,
        "z": 0.33488377928733826
    },
    "left_heel": {
        "x": 0.29007861018180847,
        "y": 0.6342872381210327,
        "z": 0.4258684813976288
    },
    "right_heel": {
        "x": 0.2684602737426758,
        "y": 0.6677045822143555,
        "z": 0.3586271405220032
    },
    "left_foot_index": {
        "x": 0.314777672290802,
        "y": 0.6817836165428162,
        "z": 0.3463400602340698
    },
    "right_foot_index": {
        "x": 0.26279217004776,
        "y": 0.7284433841705322,
        "z": 0.2525358498096466
    }
}