{
    "nose": {
        "x": 0.5572982430458069,
        "y": 0.5247703194618225,
        "z": -0.04962946102023125
    },
    "left_eye_inner": {
        "x": 0.5598318576812744,
        "y": 0.5161716938018799,
        "z": -0.056982170790433884
    },
    "left_eye": {
        "x": 0.5618064999580383,
        "y": 0.5163768529891968,
        "z": -0.057016946375370026
    },
    "left_eye_outer": {
        "x": 0.5637421011924744,
        "y": 0.516603410243988,
        "z": -0.05704840272665024
    },
    "right_eye_inner": {
        "x": 0.5565376877784729,
        "y": 0.5162871479988098,
        "z": -0.046219997107982635
    },
    "right_eye": {
        "x": 0.5559558868408203,
        "y": 0.5163394212722778,
        "z": -0.04624079540371895
    },
    "right_eye_outer": {
        "x": 0.5553882718086243,
        "y": 0.5164148807525635,
        "z": -0.04631897434592247
    },
    "left_ear": {
        "x": 0.5730147361755371,
        "y": 0.5218568444252014,
        "z": -0.06283432245254517
    },
    "right_ear": {
        "x": 0.5615155696868896,
        "y": 0.520920991897583,
        "z": -0.01193334348499775
    },
    "mouth_left": {
        "x": 0.5640029311180115,
        "y": 0.535094141960144,
        "z": -0.048635248094797134
    },
    "mouth_right": {
        "x": 0.5599592924118042,
        "y": 0.5356277823448181,
        "z": -0.033910926431417465
    },
    "left_shoulder": {
        "x": 0.5951567888259888,
        "y": 0.5735273957252502,
        "z": -0.06972849369049072
    },
    "right_shoulder": {
        "x": 0.5660403966903687,
        "y": 0.5635470151901245,
        "z": 0.014313939958810806
    },
    "left_elbow": {
        "x": 0.5667059421539307,
        "y": 0.6308263540267944,
        "z": -0.12367119640111923
    },
    "right_elbow": {
        "x": 0.5328413844108582,
        "y": 0.6156794428825378,
        "z": -0.009812399744987488
    },
    "left_wrist": {
        "x": 0.5391554236412048,
        "y": 0.6048280000686646,
        "z": -0.16458144783973694
    },
    "right_wrist": {
        "x": 0.5263731479644775,
        "y": 0.63665771484375,
        "z": -0.07149244099855423
    },
    "left_pinky": {
        "x": 0.5312989354133606,
        "y": 0.6024965643882751,
        "z": -0.17415457963943481
    },
    "right_pinky": {
        "x": 0.5217668414115906,
        "y": 0.6475065350532532,
        "z": -0.07350476831197739
    },
    "left_index": {
        "x": 0.5330414772033691,
        "y": 0.5945677161216736,
        "z": -0.16177983582019806
    },
    "right_index": {
        "x": 0.5234512090682983,
        "y": 0.6381698250770569,
        "z": -0.07951398938894272
    },
    "left_thumb": {
        "x": 0.5348873734474182,
        "y": 0.5964248180389404,
        "z": -0.15850584208965302
    },
    "right_thumb": {
        "x": 0.5254595279693604,
        "y": 0.6351895928382874,
        "z": -0.07508756220340729
    },
    "left_hip": {
        "x": 0.532721757888794,
        "y": 0.712477445602417,
        "z": -0.022634517401456833
    },
    "right_hip": {
        "x": 0.5188757181167603,
        "y": 0.6929219961166382,
        "z": 0.022470131516456604
    },
    "left_knee": {
        "x": 0.5310064554214478,
        "y": 0.7439553141593933,
        "z": -0.09199194610118866
    },
    "right_knee": {
        "x": 0.5082364082336426,
        "y": 0.6982124447822571,
        "z": -0.04151461273431778
    },
    "left_ankle": {
        "x": 0.5143733620643616,
        "y": 0.7128193974494934,
        "z": -0.07801751047372818
    },
    "right_ankle": {
        "x": 0.5009111166000366,
        "y": 0.7108209133148193,
        "z": -0.05290897935628891
    },
    "left_heel": {
        "x": 0.518578290939331,
        "y": 0.7088578343391418,
        "z": -0.07373784482479095
    },
    "right_heel": {
        "x": 0.5036584138870239,
        "y": 0.7103214263916016,
        "z": -0.050372280180454254
    },
    "left_foot_index": {
        "x": 0.4969783425331116,
        "y": 0.7015767693519592,
        "z": -0.07171186059713364
    },
    "right_foot_index": {
        "x": 0.48615947365760803,
        "y": 0.7190565466880798,
        "z": -0.0441322959959507
    }
}