{
    "nose": {
        "x": 0.48624056577682495,
        "y": 0.5108165740966797,
        "z": 0.019057659432291985
    },
    "left_eye_inner": {
        "x": 0.4855418801307678,
        "y": 0.5009506940841675,
        "z": 0.002230200218036771
    },
    "left_eye": {
        "x": 0.48795247077941895,
        "y": 0.5069532990455627,
        "z": 0.0022006123326718807
    },
    "left_eye_outer": {
        "x": 0.487310528755188,
        "y": 0.5080406069755554,
        "z": 0.002235280117020011
    },
    "right_eye_inner": {
        "x": 0.48977896571159363,
        "y": 0.5050057172775269,
        "z": 0.017628615722060204
    },
    "right_eye": {
        "x": 0.4914851486682892,
        "y": 0.5048538446426392,
        "z": 0.017605911940336227
    },
    "right_eye_outer": {
        "x": 0.4901013672351837,
        "y": 0.49951523542404175,
        "z": 0.017545083537697792
    },
    "left_ear": {
        "x": 0.49025958776474,
        "y": 0.5124756097793579,
        "z": -0.05161566287279129
    },
    "right_ear": {
        "x": 0.4957776367664337,
        "y": 0.5099641680717468,
        "z": 0.019265437498688698
    },
    "mouth_left": {
        "x": 0.4890285134315491,
        "y": 0.5201528668403625,
        "z": 0.0026989802718162537
    },
    "mouth_right": {
        "x": 0.4909525215625763,
        "y": 0.519813060760498,
        "z": 0.023038296028971672
    },
    "left_shoulder": {
        "x": 0.4896257817745209,
        "y": 0.5498312711715698,
        "z": -0.0937841534614563
    },
    "right_shoulder": {
        "x": 0.527403712272644,
        "y": 0.5491592288017273,
        "z": 0.055612899363040924
    },
    "left_elbow": {
        "x": 0.4293581247329712,
        "y": 0.5734917521476746,
        "z": -0.14088036119937897
    },
    "right_elbow": {
        "x": 0.5171783566474915,
        "y": 0.5799991488456726,
        "z": 0.15228724479675293
    },
    "left_wrist": {
        "x": 0.38032054901123047,
        "y": 0.5495999455451965,
        "z": -0.15883037447929382
    },
    "right_wrist": {
        "x": 0.4892517328262329,
        "y": 0.5640010237693787,
        "z": 0.23806072771549225
    },
    "left_pinky": {
        "x": 0.3668875992298126,
        "y": 0.5423963665962219,
        "z": -0.17597319185733795
    },
    "right_pinky": {
        "x": 0.4865938127040863,
        "y": 0.5514268279075623,
        "z": 0.2587796449661255
    },
    "left_index": {
        "x": 0.3684675097465515,
        "y": 0.534164309501648,
        "z": -0.16433833539485931
    },
    "right_index": {
        "x": 0.48096421360969543,
        "y": 0.5495889186859131,
        "z": 0.24412545561790466
    },
    "left_thumb": {
        "x": 0.37241336703300476,
        "y": 0.5388443470001221,
        "z": -0.1536768227815628
    },
    "right_thumb": {
        "x": 0.4808503985404968,
        "y": 0.5547569990158081,
        "z": 0.2347223311662674
    },
    "left_hip": {
        "x": 0.5348503589630127,
        "y": 0.6902080178260803,
        "z": -0.034806545823812485
    },
    "right_hip": {
        "x": 0.5567659139633179,
        "y": 0.6863065361976624,
        "z": 0.03438102826476097
    },
    "left_knee": {
        "x": 0.5609046816825867,
        "y": 0.6983333230018616,
        "z": 0.07367552816867828
    },
    "right_knee": {
        "x": 0.5771346092224121,
        "y": 0.7257276177406311,
        "z": 0.13277897238731384
    },
    "left_ankle": {
        "x": 0.5934420228004456,
        "y": 0.6876731514930725,
        "z": 0.09420852363109589
    },
    "right_ankle": {
        "x": 0.6016902923583984,
        "y": 0.7142598628997803,
        "z": 0.13332700729370117
    },
    "left_heel": {
        "x": 0.5977017879486084,
        "y": 0.6858682036399841,
        "z": 0.09975366294384003
    },
    "right_heel": {
        "x": 0.6044744253158569,
        "y": 0.7098498940467834,
        "z": 0.1368008702993393
    },
    "left_foot_index": {
        "x": 0.6086258888244629,
        "y": 0.6839847564697266,
        "z": 0.11622503399848938
    },
    "right_foot_index": {
        "x": 0.6128281354904175,
        "y": 0.723648726940155,
        "z": 0.1527862846851349
    }
}