{
    "nose": {
        "x": 0.5395796298980713,
        "y": 0.5088160634040833,
        "z": 0.03734900429844856
    },
    "left_eye_inner": {
        "x": 0.5374924540519714,
        "y": 0.501370370388031,
        "z": 0.020427851006388664
    },
    "left_eye": {
        "x": 0.536685585975647,
        "y": 0.5036908984184265,
        "z": 0.02042555995285511
    },
    "left_eye_outer": {
        "x": 0.5345519781112671,
        "y": 0.5054423213005066,
        "z": 0.020420415326952934
    },
    "right_eye_inner": {
        "x": 0.5425863265991211,
        "y": 0.5013222694396973,
        "z": 0.024076152592897415
    },
    "right_eye": {
        "x": 0.54463130235672,
        "y": 0.5013002157211304,
        "z": 0.0240463986992836
    },
    "right_eye_outer": {
        "x": 0.5467437505722046,
        "y": 0.5013079643249512,
        "z": 0.02394874393939972
    },
    "left_ear": {
        "x": 0.5368043780326843,
        "y": 0.5080749988555908,
        "z": -0.02884732000529766
    },
    "right_ear": {
        "x": 0.5472882986068726,
        "y": 0.5046072006225586,
        "z": -0.012673492543399334
    },
    "mouth_left": {
        "x": 0.5390167832374573,
        "y": 0.5194529294967651,
        "z": 0.023741908371448517
    },
    "mouth_right": {
        "x": 0.5439033508300781,
        "y": 0.5163068771362305,
        "z": 0.02848401479423046
    },
    "left_shoulder": {
        "x": 0.5248115062713623,
        "y": 0.5499455332756042,
        "z": -0.05016253516077995
    },
    "right_shoulder": {
        "x": 0.5797860622406006,
        "y": 0.5554520487785339,
        "z": -0.015580730512738228
    },
    "left_elbow": {
        "x": 0.5137374997138977,
        "y": 0.6058247685432434,
        "z": -0.04846426844596863
    },
    "right_elbow": {
        "x": 0.5792496204376221,
        "y": 0.6108583807945251,
        "z": -0.011425917968153954
    },
    "left_wrist": {
        "x": 0.5093194842338562,
        "y": 0.5908476710319519,
        "z": -0.016948506236076355
    },
    "right_wrist": {
        "x": 0.5655037760734558,
        "y": 0.5851113200187683,
        "z": -0.0007553023751825094
    },
    "left_pinky": {
        "x": 0.5045661926269531,
        "y": 0.5890104174613953,
        "z": -0.023240305483341217
    },
    "right_pinky": {
        "x": 0.5661657452583313,
        "y": 0.5782744884490967,
        "z": 0.0010253095533698797
    },
    "left_index": {
        "x": 0.5104591846466064,
        "y": 0.5811262130737305,
        "z": -0.016218340024352074
    },
    "right_index": {
        "x": 0.5590605139732361,
        "y": 0.5745702981948853,
        "z": -0.0009698400390334427
    },
    "left_thumb": {
        "x": 0.5140825510025024,
        "y": 0.5830230712890625,
        "z": -0.013660767115652561
    },
    "right_thumb": {
        "x": 0.5581656098365784,
        "y": 0.5761029720306396,
        "z": -0.0016077545005828142
    },
    "left_hip": {
        "x": 0.5275896787643433,
        "y": 0.68885338306427,
        "z": -0.008397845551371574
    },
    "right_hip": {
        "x": 0.5588330030441284,
        "y": 0.6965893507003784,
        "z": 0.008138674311339855
    },
    "left_knee": {
        "x": 0.5208107233047485,
        "y": 0.6444761753082275,
        "z": 0.13810127973556519
    },
    "right_knee": {
        "x": 0.5509968400001526,
        "y": 0.6785933375358582,
        "z": 0.1296214461326599
    },
    "left_ankle": {
        "x": 0.5098419785499573,
        "y": 0.6776007413864136,
        "z": 0.27604860067367554
    },
    "right_ankle": {
        "x": 0.5199636220932007,
        "y": 0.6924954056739807,
        "z": 0.27845048904418945
    },
    "left_heel": {
        "x": 0.5094578862190247,
        "y": 0.6941918730735779,
        "z": 0.2910054922103882
    },
    "right_heel": {
        "x": 0.515309751033783,
        "y": 0.7029737830162048,
        "z": 0.29538995027542114
    },
    "left_foot_index": {
        "x": 0.5048856735229492,
        "y": 0.6519432663917542,
        "z": 0.2985643148422241
    },
    "right_foot_index": {
        "x": 0.5099780559539795,
        "y": 0.6710346341133118,
        "z": 0.30718711018562317
    }
}