{
    "nose": {
        "x": 0.5244191884994507,
        "y": 0.5182955265045166,
        "z": 0.04833501949906349
    },
    "left_eye_inner": {
        "x": 0.5240882039070129,
        "y": 0.5068134069442749,
        "z": 0.032816383987665176
    },
    "left_eye": {
        "x": 0.5240037441253662,
        "y": 0.5057610273361206,
        "z": 0.032790809869766235
    },
    "left_eye_outer": {
        "x": 0.5237288475036621,
        "y": 0.5049065351486206,
        "z": 0.03274083510041237
    },
    "right_eye_inner": {
        "x": 0.5259841680526733,
        "y": 0.5081153512001038,
        "z": 0.041945889592170715
    },
    "right_eye": {
        "x": 0.5239089727401733,
        "y": 0.5018747448921204,
        "z": 0.04198584705591202
    },
    "right_eye_outer": {
        "x": 0.5256612300872803,
        "y": 0.5021035671234131,
        "z": 0.04195164516568184
    },
    "left_ear": {
        "x": 0.528964102268219,
        "y": 0.5022462010383606,
        "z": -0.018976960331201553
    },
    "right_ear": {
        "x": 0.5329079627990723,
        "y": 0.5054423809051514,
        "z": 0.02316402457654476
    },
    "mouth_left": {
        "x": 0.527926504611969,
        "y": 0.5236654281616211,
        "z": 0.032908111810684204
    },
    "mouth_right": {
        "x": 0.5291167497634888,
        "y": 0.524429202079773,
        "z": 0.04516763985157013
    },
    "left_shoulder": {
        "x": 0.5298238396644592,
        "y": 0.5473864078521729,
        "z": -0.05563021078705788
    },
    "right_shoulder": {
        "x": 0.5694612860679626,
        "y": 0.5626446008682251,
        "z": 0.024895932525396347
    },
    "left_elbow": {
        "x": 0.5136440992355347,
        "y": 0.6004727482795715,
        "z": -0.07913932204246521
    },
    "right_elbow": {
        "x": 0.5678062438964844,
        "y": 0.6137794852256775,
        "z": 0.020228374749422073
    },
    "left_wrist": {
        "x": 0.5124173164367676,
        "y": 0.5796827673912048,
        "z": -0.05966736376285553
    },
    "right_wrist": {
        "x": 0.5517042279243469,
        "y": 0.6062988042831421,
        "z": 0.008538012392818928
    },
    "left_pinky": {
        "x": 0.5091720223426819,
        "y": 0.5734029412269592,
        "z": -0.06430714577436447
    },
    "right_pinky": {
        "x": 0.5505760908126831,
        "y": 0.6046208739280701,
        "z": 0.009115108288824558
    },
    "left_index": {
        "x": 0.5148851275444031,
        "y": 0.5670152306556702,
        "z": -0.054545678198337555
    },
    "right_index": {
        "x": 0.5462378859519958,
        "y": 0.5991758704185486,
        "z": 0.010332110337913036
    },
    "left_thumb": {
        "x": 0.5170775651931763,
        "y": 0.5714563727378845,
        "z": -0.05490393936634064
    },
    "right_thumb": {
        "x": 0.5455370545387268,
        "y": 0.5998665690422058,
        "z": 0.007787467911839485
    },
    "left_hip": {
        "x": 0.5038398504257202,
        "y": 0.6735082268714905,
        "z": -0.04159783199429512
    },
    "right_hip": {
        "x": 0.5283762216567993,
        "y": 0.6866010427474976,
        "z": 0.04121730476617813
    },
    "left_knee": {
        "x": 0.4896984100341797,
        "y": 0.6501071453094482,
        "z": 0.0920838862657547
    },
    "right_knee": {
        "x": 0.5086967349052429,
        "y": 0.6751428246498108,
        "z": 0.1949499249458313
    },
    "left_ankle": {
        "x": 0.4957205057144165,
        "y": 0.7319459915161133,
        "z": 0.10752718895673752
    },
    "right_ankle": {
        "x": 0.5037479996681213,
        "y": 0.734529435634613,
        "z": 0.19736240804195404
    },
    "left_heel": {
        "x": 0.5027014017105103,
        "y": 0.7482343912124634,
        "z": 0.11156684905290604
    },
    "right_heel": {
        "x": 0.507638156414032,
        "y": 0.7481564283370972,
        "z": 0.19915221631526947
    },
    "left_foot_index": {
        "x": 0.4786800444126129,
        "y": 0.7370883226394653,
        "z": 0.12425272911787033
    },
    "right_foot_index": {
        "x": 0.48591601848602295,
        "y": 0.7407916188240051,
        "z": 0.21360982954502106
    }
}