{
    "nose": {
        "x": 0.5753933191299438,
        "y": 0.46602413058280945,
        "z": -0.12761615216732025
    },
    "left_eye_inner": {
        "x": 0.5822834372520447,
        "y": 0.45663243532180786,
        "z": -0.1360493153333664
    },
    "left_eye": {
        "x": 0.5843274593353271,
        "y": 0.45725277066230774,
        "z": -0.13612765073776245
    },
    "left_eye_outer": {
        "x": 0.5863857269287109,
        "y": 0.45796191692352295,
        "z": -0.1362234503030777
    },
    "right_eye_inner": {
        "x": 0.5789421200752258,
        "y": 0.4560703635215759,
        "z": -0.11961857974529266
    },
    "right_eye": {
        "x": 0.5783203840255737,
        "y": 0.4560621380805969,
        "z": -0.1195530891418457
    },
    "right_eye_outer": {
        "x": 0.5776928067207336,
        "y": 0.4560755491256714,
        "z": -0.11958997696638107
    },
    "left_ear": {
        "x": 0.5934553146362305,
        "y": 0.4683813452720642,
        "z": -0.13598395884037018
    },
    "right_ear": {
        "x": 0.5825145244598389,
        "y": 0.4649426341056824,
        "z": -0.05891280993819237
    },
    "mouth_left": {
        "x": 0.5780835747718811,
        "y": 0.4805690050125122,
        "z": -0.12335151433944702
    },
    "mouth_right": {
        "x": 0.5733813643455505,
        "y": 0.4794398546218872,
        "z": -0.10151945054531097
    },
    "left_shoulder": {
        "x": 0.6058834791183472,
        "y": 0.5387531518936157,
        "z": -0.1593262106180191
    },
    "right_shoulder": {
        "x": 0.5673241019248962,
        "y": 0.523663341999054,
        "z": 0.0008197047282010317
    },
    "left_elbow": {
        "x": 0.6016879677772522,
        "y": 0.5513452887535095,
        "z": -0.2536613345146179
    },
    "right_elbow": {
        "x": 0.5700000524520874,
        "y": 0.5211578011512756,
        "z": 0.03619057685136795
    },
    "left_wrist": {
        "x": 0.5957360863685608,
        "y": 0.46345025300979614,
        "z": -0.29044410586357117
    },
    "right_wrist": {
        "x": 0.5903792977333069,
        "y": 0.46192666888237,
        "z": 0.05269235745072365
    },
    "left_pinky": {
        "x": 0.5967211127281189,
        "y": 0.4401358366012573,
        "z": -0.3168874979019165
    },
    "right_pinky": {
        "x": 0.5973431468009949,
        "y": 0.4456879496574402,
        "z": 0.042930539697408676
    },
    "left_index": {
        "x": 0.6007120609283447,
        "y": 0.4433033764362335,
        "z": -0.31010308861732483
    },
    "right_index": {
        "x": 0.597404420375824,
        "y": 0.4460223615169525,
        "z": 0.045393846929073334
    },
    "left_thumb": {
        "x": 0.5992699861526489,
        "y": 0.44951897859573364,
        "z": -0.28831130266189575
    },
    "right_thumb": {
        "x": 0.594517707824707,
        "y": 0.45637139678001404,
        "z": 0.05065857991576195
    },
    "left_hip": {
        "x": 0.5698322653770447,
        "y": 0.7474349737167358,
        "z": -0.050474368035793304
    },
    "right_hip": {
        "x": 0.5383550524711609,
        "y": 0.7249433994293213,
        "z": 0.05042557418346405
    },
    "left_knee": {
        "x": 0.5362697243690491,
        "y": 0.8607102632522583,
        "z": 0.021500742062926292
    },
    "right_knee": {
        "x": 0.5124150514602661,
        "y": 0.8373300433158875,
        "z": 0.14792189002037048
    },
    "left_ankle": {
        "x": 0.5343363881111145,
        "y": 0.9403845071792603,
        "z": 0.21829552948474884
    },
    "right_ankle": {
        "x": 0.5300476551055908,
        "y": 0.9275872707366943,
        "z": 0.3240426778793335
    },
    "left_heel": {
        "x": 0.5418029427528381,
        "y": 0.9631717205047607,
        "z": 0.23601233959197998
    },
    "right_heel": {
        "x": 0.5407710075378418,
        "y": 0.9418264627456665,
        "z": 0.33977022767066956
    },
    "left_foot_index": {
        "x": 0.5212008953094482,
        "y": 0.9967138171195984,
        "z": 0.17308863997459412
    },
    "right_foot_index": {
        "x": 0.4997583031654358,
        "y": 0.9396730661392212,
        "z": 0.2922821640968323
    }
}