{
    "nose": {
        "x": 0.6207233667373657,
        "y": 0.6972720623016357,
        "z": -0.18956764042377472
    },
    "left_eye_inner": {
        "x": 0.6267212629318237,
        "y": 0.6907961368560791,
        "z": -0.19013698399066925
    },
    "left_eye": {
        "x": 0.6296730637550354,
        "y": 0.6919566988945007,
        "z": -0.19017671048641205
    },
    "left_eye_outer": {
        "x": 0.6321724653244019,
        "y": 0.6930561065673828,
        "z": -0.19030095636844635
    },
    "right_eye_inner": {
        "x": 0.6218241453170776,
        "y": 0.6867934465408325,
        "z": -0.18724700808525085
    },
    "right_eye": {
        "x": 0.6211600303649902,
        "y": 0.685120701789856,
        "z": -0.1872522532939911
    },
    "right_eye_outer": {
        "x": 0.6201587915420532,
        "y": 0.6833038330078125,
        "z": -0.1872531771659851
    },
    "left_ear": {
        "x": 0.6381891965866089,
        "y": 0.6922310590744019,
        "z": -0.15342386066913605
    },
    "right_ear": {
        "x": 0.6252760887145996,
        "y": 0.6782447099685669,
        "z": -0.14051178097724915
    },
    "mouth_left": {
        "x": 0.6248724460601807,
        "y": 0.7059219479560852,
        "z": -0.1720876693725586
    },
    "mouth_right": {
        "x": 0.6192957758903503,
        "y": 0.7006349563598633,
        "z": -0.16843336820602417
    },
    "left_shoulder": {
        "x": 0.6520017981529236,
        "y": 0.7406923174858093,
        "z": -0.11224127560853958
    },
    "right_shoulder": {
        "x": 0.6004706621170044,
        "y": 0.7096472978591919,
        "z": -0.08098109066486359
    },
    "left_elbow": {
        "x": 0.6527562141418457,
        "y": 0.8371312022209167,
        "z": -0.10800296068191528
    },
    "right_elbow": {
        "x": 0.5804508328437805,
        "y": 0.7794805765151978,
        "z": -0.008423260413110256
    },
    "left_wrist": {
        "x": 0.6663424968719482,
        "y": 0.9237721562385559,
        "z": -0.12346328049898148
    },
    "right_wrist": {
        "x": 0.5714684128761292,
        "y": 0.8048123717308044,
        "z": 0.045567795634269714
    },
    "left_pinky": {
        "x": 0.6747761368751526,
        "y": 0.9345576167106628,
        "z": -0.1260821372270584
    },
    "right_pinky": {
        "x": 0.5704338550567627,
        "y": 0.8093417882919312,
        "z": 0.060333847999572754
    },
    "left_index": {
        "x": 0.6737423539161682,
        "y": 0.9343999028205872,
        "z": -0.13820570707321167
    },
    "right_index": {
        "x": 0.5674955248832703,
        "y": 0.8038369417190552,
        "z": 0.04575735703110695
    },
    "left_thumb": {
        "x": 0.6681149005889893,
        "y": 0.9305128455162048,
        "z": -0.12817493081092834
    },
    "right_thumb": {
        "x": 0.5695885419845581,
        "y": 0.8051782250404358,
        "z": 0.04188669100403786
    },
    "left_hip": {
        "x": 0.6208792328834534,
        "y": 0.8295286893844604,
        "z": 0.006695108022540808
    },
    "right_hip": {
        "x": 0.5965399146080017,
        "y": 0.822177529335022,
        "z": -0.006699715740978718
    },
    "left_knee": {
        "x": 0.6524393558502197,
        "y": 0.792281985282898,
        "z": -0.06661529839038849
    },
    "right_knee": {
        "x": 0.6225442290306091,
        "y": 0.8034902215003967,
        "z": -0.07677073776721954
    },
    "left_ankle": {
        "x": 0.6279592514038086,
        "y": 0.8778262734413147,
        "z": -0.06457467377185822
    },
    "right_ankle": {
        "x": 0.6279550790786743,
        "y": 0.8722814917564392,
        "z": -0.058538712561130524
    },
    "left_heel": {
        "x": 0.6209325790405273,
        "y": 0.889064371585846,
        "z": -0.06429984420537949
    },
    "right_heel": {
        "x": 0.626132607460022,
        "y": 0.8834365010261536,
        "z": -0.055733487010002136
    },
    "left_foot_index": {
        "x": 0.6325219869613647,
        "y": 0.906205952167511,
        "z": -0.10333772748708725
    },
    "right_foot_index": {
        "x": 0.6381160616874695,
        "y": 0.8913375735282898,
        "z": -0.08854290097951889
    }
}