{
    "nose": {
        "x": 0.5398091077804565,
        "y": 0.7889801263809204,
        "z": -0.016321688890457153
    },
    "left_eye_inner": {
        "x": 0.5380539298057556,
        "y": 0.7849013209342957,
        "z": -0.013379853218793869
    },
    "left_eye": {
        "x": 0.5383995175361633,
        "y": 0.7837995290756226,
        "z": -0.013400513678789139
    },
    "left_eye_outer": {
        "x": 0.5387484431266785,
        "y": 0.7827208042144775,
        "z": -0.013421311043202877
    },
    "right_eye_inner": {
        "x": 0.5369574427604675,
        "y": 0.7876742482185364,
        "z": -0.012699658051133156
    },
    "right_eye": {
        "x": 0.5365045666694641,
        "y": 0.7885955572128296,
        "z": -0.012708660215139389
    },
    "right_eye_outer": {
        "x": 0.5360593199729919,
        "y": 0.7895074486732483,
        "z": -0.012719460763037205
    },
    "left_ear": {
        "x": 0.5399887561798096,
        "y": 0.7814271450042725,
        "z": 0.008718853816390038
    },
    "right_ear": {
        "x": 0.5361946821212769,
        "y": 0.7906039357185364,
        "z": 0.011105853132903576
    },
    "mouth_left": {
        "x": 0.5425967574119568,
        "y": 0.7889918088912964,
        "z": -0.007417090702801943
    },
    "mouth_right": {
        "x": 0.541222095489502,
        "y": 0.7925034165382385,
        "z": -0.006760993041098118
    },
    "left_shoulder": {
        "x": 0.5526394248008728,
        "y": 0.7847750186920166,
        "z": 0.013278969563543797
    },
    "right_shoulder": {
        "x": 0.5440274477005005,
        "y": 0.8034141063690186,
        "z": 0.026522381231188774
    },
    "left_elbow": {
        "x": 0.5717702507972717,
        "y": 0.7819147706031799,
        "z": -0.01558997668325901
    },
    "right_elbow": {
        "x": 0.5409499406814575,
        "y": 0.8223792314529419,
        "z": -0.001614538487046957
    },
    "left_wrist": {
        "x": 0.5803576707839966,
        "y": 0.7832291126251221,
        "z": -0.06211840733885765
    },
    "right_wrist": {
        "x": 0.5318078398704529,
        "y": 0.8233469128608704,
        "z": -0.04824335128068924
    },
    "left_pinky": {
        "x": 0.5833802819252014,
        "y": 0.7829856872558594,
        "z": -0.06980172544717789
    },
    "right_pinky": {
        "x": 0.5291928648948669,
        "y": 0.8241601586341858,
        "z": -0.05476818233728409
    },
    "left_index": {
        "x": 0.5819506645202637,
        "y": 0.7835453152656555,
        "z": -0.07323627173900604
    },
    "right_index": {
        "x": 0.5290598273277283,
        "y": 0.8232008814811707,
        "z": -0.05517954379320145
    },
    "left_thumb": {
        "x": 0.5810549855232239,
        "y": 0.7848929166793823,
        "z": -0.06423941254615784
    },
    "right_thumb": {
        "x": 0.5305752158164978,
        "y": 0.8229203820228577,
        "z": -0.04951631650328636
    },
    "left_hip": {
        "x": 0.5846371650695801,
        "y": 0.8172122240066528,
        "z": -0.0023803592193871737
    },
    "right_hip": {
        "x": 0.5823308825492859,
        "y": 0.8224583268165588,
        "z": 0.002287201816216111
    },
    "left_knee": {
        "x": 0.6063112616539001,
        "y": 0.8389508128166199,
        "z": -0.02124927192926407
    },
    "right_knee": {
        "x": 0.6054729223251343,
        "y": 0.8185423612594604,
        "z": -0.01496812328696251
    },
    "left_ankle": {
        "x": 0.6226276755332947,
        "y": 0.8493543863296509,
        "z": -0.01799490489065647
    },
    "right_ankle": {
        "x": 0.6290383338928223,
        "y": 0.8434913754463196,
        "z": -0.022145666182041168
    },
    "left_heel": {
        "x": 0.6242751479148865,
        "y": 0.8498469591140747,
        "z": -0.017966842278838158
    },
    "right_heel": {
        "x": 0.6311794519424438,
        "y": 0.8468062877655029,
        "z": -0.02318335324525833
    },
    "left_foot_index": {
        "x": 0.6315215826034546,
        "y": 0.8561713695526123,
        "z": -0.03128935396671295
    },
    "right_foot_index": {
        "x": 0.6404820084571838,
        "y": 0.8542038798332214,
        "z": -0.04009990766644478
    }
}