{
    "nose": {
        "x": 0.615181565284729,
        "y": 0.7134603261947632,
        "z": -0.24781879782676697
    },
    "left_eye_inner": {
        "x": 0.6204226613044739,
        "y": 0.7072620391845703,
        "z": -0.24900445342063904
    },
    "left_eye": {
        "x": 0.6230194568634033,
        "y": 0.7076848745346069,
        "z": -0.2490290254354477
    },
    "left_eye_outer": {
        "x": 0.6260049939155579,
        "y": 0.7076765298843384,
        "z": -0.24917298555374146
    },
    "right_eye_inner": {
        "x": 0.6147382259368896,
        "y": 0.7036014795303345,
        "z": -0.24657708406448364
    },
    "right_eye": {
        "x": 0.6137322187423706,
        "y": 0.7015447020530701,
        "z": -0.24659843742847443
    },
    "right_eye_outer": {
        "x": 0.6128916144371033,
        "y": 0.6991392374038696,
        "z": -0.24658933281898499
    },
    "left_ear": {
        "x": 0.6317824721336365,
        "y": 0.7059454321861267,
        "z": -0.20454980432987213
    },
    "right_ear": {
        "x": 0.6141707897186279,
        "y": 0.6929487586021423,
        "z": -0.19378308951854706
    },
    "mouth_left": {
        "x": 0.6191058158874512,
        "y": 0.7194490432739258,
        "z": -0.2261507213115692
    },
    "mouth_right": {
        "x": 0.6128994226455688,
        "y": 0.7159809470176697,
        "z": -0.2231549769639969
    },
    "left_shoulder": {
        "x": 0.6452900767326355,
        "y": 0.7565661668777466,
        "z": -0.15415385365486145
    },
    "right_shoulder": {
        "x": 0.592761218547821,
        "y": 0.7119888067245483,
        "z": -0.11985956132411957
    },
    "left_elbow": {
        "x": 0.6493450403213501,
        "y": 0.8422914743423462,
        "z": -0.14976732432842255
    },
    "right_elbow": {
        "x": 0.5701786875724792,
        "y": 0.7618970274925232,
        "z": -0.06037455424666405
    },
    "left_wrist": {
        "x": 0.6628237366676331,
        "y": 0.9258187413215637,
        "z": -0.1658114492893219
    },
    "right_wrist": {
        "x": 0.5502762198448181,
        "y": 0.8154904842376709,
        "z": -0.03625204786658287
    },
    "left_pinky": {
        "x": 0.6743110418319702,
        "y": 0.9363296031951904,
        "z": -0.16771836578845978
    },
    "right_pinky": {
        "x": 0.5441873073577881,
        "y": 0.821081280708313,
        "z": -0.026267705485224724
    },
    "left_index": {
        "x": 0.6725986003875732,
        "y": 0.9358037114143372,
        "z": -0.18237751722335815
    },
    "right_index": {
        "x": 0.544516384601593,
        "y": 0.822837769985199,
        "z": -0.04327108711004257
    },
    "left_thumb": {
        "x": 0.6656010150909424,
        "y": 0.9332678914070129,
        "z": -0.17071214318275452
    },
    "right_thumb": {
        "x": 0.5466808080673218,
        "y": 0.8212085366249084,
        "z": -0.04135499894618988
    },
    "left_hip": {
        "x": 0.6224525570869446,
        "y": 0.8329707980155945,
        "z": 0.0013709684135392308
    },
    "right_hip": {
        "x": 0.5921071767807007,
        "y": 0.826256513595581,
        "z": -0.0012552401749417186
    },
    "left_knee": {
        "x": 0.6513309478759766,
        "y": 0.7875193357467651,
        "z": -0.13811007142066956
    },
    "right_knee": {
        "x": 0.6142404079437256,
        "y": 0.7882263660430908,
        "z": -0.03095483034849167
    },
    "left_ankle": {
        "x": 0.6189050674438477,
        "y": 0.8869932889938354,
        "z": -0.18846598267555237
    },
    "right_ankle": {
        "x": 0.6476504802703857,
        "y": 0.8236774206161499,
        "z": -0.01379001047462225
    },
    "left_heel": {
        "x": 0.6105684041976929,
        "y": 0.9016271233558655,
        "z": -0.19239814579486847
    },
    "right_heel": {
        "x": 0.6511170864105225,
        "y": 0.8321072459220886,
        "z": -0.010007478296756744
    },
    "left_foot_index": {
        "x": 0.6196085810661316,
        "y": 0.9095040559768677,
        "z": -0.24718314409255981
    },
    "right_foot_index": {
        "x": 0.6654000282287598,
        "y": 0.826677143573761,
        "z": -0.04425903782248497
    }
}