{
    "nose": {
        "x": 0.17725172638893127,
        "y": 0.724365234375,
        "z": -0.06319376826286316
    },
    "left_eye_inner": {
        "x": 0.17217212915420532,
        "y": 0.7314222455024719,
        "z": -0.08040972054004669
    },
    "left_eye": {
        "x": 0.1710113286972046,
        "y": 0.730505108833313,
        "z": -0.08044331520795822
    },
    "left_eye_outer": {
        "x": 0.16960664093494415,
        "y": 0.7293111085891724,
        "z": -0.08048023283481598
    },
    "right_eye_inner": {
        "x": 0.1732882559299469,
        "y": 0.7344354391098022,
        "z": -0.057837147265672684
    },
    "right_eye": {
        "x": 0.1731690764427185,
        "y": 0.7356380224227905,
        "z": -0.057791125029325485
    },
    "right_eye_outer": {
        "x": 0.1730620563030243,
        "y": 0.7368890643119812,
        "z": -0.05780953913927078
    },
    "left_ear": {
        "x": 0.1596430093050003,
        "y": 0.7206289768218994,
        "z": -0.11074632406234741
    },
    "right_ear": {
        "x": 0.1664726287126541,
        "y": 0.731515645980835,
        "z": -0.007266288623213768
    },
    "mouth_left": {
        "x": 0.17548170685768127,
        "y": 0.7146562933921814,
        "z": -0.06933102011680603
    },
    "mouth_right": {
        "x": 0.1777840405702591,
        "y": 0.7170639634132385,
        "z": -0.039534542709589005
    },
    "left_shoulder": {
        "x": 0.15681947767734528,
        "y": 0.6542436480522156,
        "z": -0.13204793632030487
    },
    "right_shoulder": {
        "x": 0.1612926721572876,
        "y": 0.6875223517417908,
        "z": 0.06548833847045898
    },
    "left_elbow": {
        "x": 0.21192191541194916,
        "y": 0.6493558287620544,
        "z": -0.18563760817050934
    },
    "right_elbow": {
        "x": 0.19966264069080353,
        "y": 0.6862969994544983,
        "z": 0.1332472711801529
    },
    "left_wrist": {
        "x": 0.21878595650196075,
        "y": 0.7105783224105835,
        "z": -0.2030561864376068
    },
    "right_wrist": {
        "x": 0.2053941786289215,
        "y": 0.7277870178222656,
        "z": 0.12867313623428345
    },
    "left_pinky": {
        "x": 0.22428521513938904,
        "y": 0.7300078868865967,
        "z": -0.22113989293575287
    },
    "right_pinky": {
        "x": 0.2077588587999344,
        "y": 0.740473747253418,
        "z": 0.13887733221054077
    },
    "left_index": {
        "x": 0.2155972123146057,
        "y": 0.7351009845733643,
        "z": -0.20876914262771606
    },
    "right_index": {
        "x": 0.20550277829170227,
        "y": 0.7409499287605286,
        "z": 0.11885790526866913
    },
    "left_thumb": {
        "x": 0.21365408599376678,
        "y": 0.7286577820777893,
        "z": -0.196869894862175
    },
    "right_thumb": {
        "x": 0.2061421275138855,
        "y": 0.7367027401924133,
        "z": 0.12013206630945206
    },
    "left_hip": {
        "x": 0.26868489384651184,
        "y": 0.5897402167320251,
        "z": -0.0626228004693985
    },
    "right_hip": {
        "x": 0.26564836502075195,
        "y": 0.6130295991897583,
        "z": 0.06274666637182236
    },
    "left_knee": {
        "x": 0.3069339990615845,
        "y": 0.5775486826896667,
        "z": -0.11783817410469055
    },
    "right_knee": {
        "x": 0.2933584451675415,
        "y": 0.5927087068557739,
        "z": 0.04277091845870018
    },
    "left_ankle": {
        "x": 0.3663954436779022,
        "y": 0.5778786540031433,
        "z": -0.030663982033729553
    },
    "right_ankle": {
        "x": 0.354819118976593,
        "y": 0.5965780019760132,
        "z": 0.10107974708080292
    },
    "left_heel": {
        "x": 0.3747709393501282,
        "y": 0.5669940114021301,
        "z": -0.02252543531358242
    },
    "right_heel": {
        "x": 0.3630531430244446,
        "y": 0.5877346396446228,
        "z": 0.10675936937332153
    },
    "left_foot_index": {
        "x": 0.38361042737960815,
        "y": 0.5969870686531067,
        "z": -0.03931056708097458
    },
    "right_foot_index": {
        "x": 0.3804573118686676,
        "y": 0.6255292892456055,
        "z": 0.09619181603193283
    }
}