{
    "nose": {
        "x": 0.21346168220043182,
        "y": 0.5967729091644287,
        "z": 0.4213818609714508
    },
    "left_eye_inner": {
        "x": 0.21032008528709412,
        "y": 0.6065608859062195,
        "z": 0.4066709876060486
    },
    "left_eye": {
        "x": 0.2108030766248703,
        "y": 0.6100656390190125,
        "z": 0.4066535532474518
    },
    "left_eye_outer": {
        "x": 0.2111232727766037,
        "y": 0.6135143637657166,
        "z": 0.4066634476184845
    },
    "right_eye_inner": {
        "x": 0.20996098220348358,
        "y": 0.5966971516609192,
        "z": 0.4048076272010803
    },
    "right_eye": {
        "x": 0.21026739478111267,
        "y": 0.5950753688812256,
        "z": 0.40475574135780334
    },
    "right_eye_outer": {
        "x": 0.20847372710704803,
        "y": 0.5915294289588928,
        "z": 0.4046597182750702
    },
    "left_ear": {
        "x": 0.21557562053203583,
        "y": 0.6205273270606995,
        "z": 0.3398849368095398
    },
    "right_ear": {
        "x": 0.21347163617610931,
        "y": 0.5920916199684143,
        "z": 0.3332338333129883
    },
    "mouth_left": {
        "x": 0.2172616422176361,
        "y": 0.603791356086731,
        "z": 0.3995146155357361
    },
    "mouth_right": {
        "x": 0.21748828887939453,
        "y": 0.5923444032669067,
        "z": 0.39768514037132263
    },
    "left_shoulder": {
        "x": 0.2392175793647766,
        "y": 0.6519017815589905,
        "z": 0.2652844786643982
    },
    "right_shoulder": {
        "x": 0.2484288364648819,
        "y": 0.5438610315322876,
        "z": 0.2427014857530594
    },
    "left_elbow": {
        "x": 0.24432381987571716,
        "y": 0.6886381506919861,
        "z": 0.1359255015850067
    },
    "right_elbow": {
        "x": 0.28033483028411865,
        "y": 0.5341743230819702,
        "z": 0.1635235846042633
    },
    "left_wrist": {
        "x": 0.22635209560394287,
        "y": 0.6916109323501587,
        "z": 0.05007567256689072
    },
    "right_wrist": {
        "x": 0.26568758487701416,
        "y": 0.5497890114784241,
        "z": 0.16606278717517853
    },
    "left_pinky": {
        "x": 0.22335633635520935,
        "y": 0.7018172144889832,
        "z": 0.032705407589673996
    },
    "right_pinky": {
        "x": 0.259834885597229,
        "y": 0.5476649403572083,
        "z": 0.170545756816864
    },
    "left_index": {
        "x": 0.22307148575782776,
        "y": 0.6970764398574829,
        "z": 0.04734674096107483
    },
    "right_index": {
        "x": 0.25924891233444214,
        "y": 0.5570212006568909,
        "z": 0.18184727430343628
    },
    "left_thumb": {
        "x": 0.2251916378736496,
        "y": 0.6899453997612,
        "z": 0.05328601971268654
    },
    "right_thumb": {
        "x": 0.26132479310035706,
        "y": 0.5586293935775757,
        "z": 0.17101241648197174
    },
    "left_hip": {
        "x": 0.34819844365119934,
        "y": 0.6643552184104919,
        "z": 0.03597673028707504
    },
    "right_hip": {
        "x": 0.352769672870636,
        "y": 0.5979084372520447,
        "z": -0.036526259034872055
    },
    "left_knee": {
        "x": 0.42866280674934387,
        "y": 0.5804837942123413,
        "z": 0.07429076731204987
    },
    "right_knee": {
        "x": 0.44436103105545044,
        "y": 0.5324563980102539,
        "z": -0.05798971652984619
    },
    "left_ankle": {
        "x": 0.4516533315181732,
        "y": 0.6300612092018127,
        "z": -0.13139495253562927
    },
    "right_ankle": {
        "x": 0.46406668424606323,
        "y": 0.6199715733528137,
        "z": -0.208109050989151
    },
    "left_heel": {
        "x": 0.4524092972278595,
        "y": 0.6346989870071411,
        "z": -0.15586026012897491
    },
    "right_heel": {
        "x": 0.4592694342136383,
        "y": 0.6369169354438782,
        "z": -0.2230367213487625
    },
    "left_foot_index": {
        "x": 0.46626824140548706,
        "y": 0.6502913236618042,
        "z": -0.16966375708580017
    },
    "right_foot_index": {
        "x": 0.48968446254730225,
        "y": 0.650120735168457,
        "z": -0.21972864866256714
    }
}