{
    "nose": {
        "x": 0.15349814295768738,
        "y": 0.5197845101356506,
        "z": -0.08118905127048492
    },
    "left_eye_inner": {
        "x": 0.14819984138011932,
        "y": 0.5171681642532349,
        "z": -0.11085613071918488
    },
    "left_eye": {
        "x": 0.14870451390743256,
        "y": 0.5181534290313721,
        "z": -0.1108684092760086
    },
    "left_eye_outer": {
        "x": 0.14935138821601868,
        "y": 0.5194950103759766,
        "z": -0.11091503500938416
    },
    "right_eye_inner": {
        "x": 0.14717227220535278,
        "y": 0.5121089816093445,
        "z": -0.08900881558656693
    },
    "right_eye": {
        "x": 0.14696264266967773,
        "y": 0.5095340609550476,
        "z": -0.08905104547739029
    },
    "right_eye_outer": {
        "x": 0.14694638550281525,
        "y": 0.5069457292556763,
        "z": -0.08904926478862762
    },
    "left_ear": {
        "x": 0.15354707837104797,
        "y": 0.5119127631187439,
        "z": -0.17558570206165314
    },
    "right_ear": {
        "x": 0.1512477993965149,
        "y": 0.4963376224040985,
        "z": -0.07601945847272873
    },
    "mouth_left": {
        "x": 0.16020360589027405,
        "y": 0.517821729183197,
        "z": -0.09602900594472885
    },
    "mouth_right": {
        "x": 0.15957677364349365,
        "y": 0.5118541717529297,
        "z": -0.06753711402416229
    },
    "left_shoulder": {
        "x": 0.1938638538122177,
        "y": 0.5388684868812561,
        "z": -0.22483548521995544
    },
    "right_shoulder": {
        "x": 0.19168338179588318,
        "y": 0.4448584318161011,
        "z": 0.03629195690155029
    },
    "left_elbow": {
        "x": 0.19300292432308197,
        "y": 0.6423822641372681,
        "z": -0.17191006243228912
    },
    "right_elbow": {
        "x": 0.19967050850391388,
        "y": 0.483775794506073,
        "z": 0.22483636438846588
    },
    "left_wrist": {
        "x": 0.1542048454284668,
        "y": 0.6701205372810364,
        "z": -0.0170145221054554
    },
    "right_wrist": {
        "x": 0.16295228898525238,
        "y": 0.5217691659927368,
        "z": 0.3644253611564636
    },
    "left_pinky": {
        "x": 0.14662721753120422,
        "y": 0.6786929368972778,
        "z": -0.029738467186689377
    },
    "right_pinky": {
        "x": 0.1554141789674759,
        "y": 0.5223865509033203,
        "z": 0.3817363381385803
    },
    "left_index": {
        "x": 0.1454354077577591,
        "y": 0.6633040904998779,
        "z": -0.038384586572647095
    },
    "right_index": {
        "x": 0.15544238686561584,
        "y": 0.527103066444397,
        "z": 0.36446118354797363
    },
    "left_thumb": {
        "x": 0.14911362528800964,
        "y": 0.6606906652450562,
        "z": -0.01680806837975979
    },
    "right_thumb": {
        "x": 0.15836896002292633,
        "y": 0.5289775729179382,
        "z": 0.36041155457496643
    },
    "left_hip": {
        "x": 0.3372645676136017,
        "y": 0.5034317970275879,
        "z": -0.09154012799263
    },
    "right_hip": {
        "x": 0.3313676118850708,
        "y": 0.4388291537761688,
        "z": 0.09160103648900986
    },
    "left_knee": {
        "x": 0.2653023600578308,
        "y": 0.6276437640190125,
        "z": 0.01628733240067959
    },
    "right_knee": {
        "x": 0.2531474232673645,
        "y": 0.4864002764225006,
        "z": 0.32239317893981934
    },
    "left_ankle": {
        "x": 0.29574960470199585,
        "y": 0.5824121236801147,
        "z": 0.2659631371498108
    },
    "right_ankle": {
        "x": 0.28004443645477295,
        "y": 0.5300313234329224,
        "z": 0.5639528036117554
    },
    "left_heel": {
        "x": 0.3047488033771515,
        "y": 0.5606815218925476,
        "z": 0.2964293360710144
    },
    "right_heel": {
        "x": 0.2903955280780792,
        "y": 0.5308851599693298,
        "z": 0.5906338691711426
    },
    "left_foot_index": {
        "x": 0.2855556607246399,
        "y": 0.6116379499435425,
        "z": 0.33997276425361633
    },
    "right_foot_index": {
        "x": 0.2655913233757019,
        "y": 0.5707789063453674,
        "z": 0.6193531155586243
    }
}