{
    "nose": {
        "x": 0.23570013046264648,
        "y": 0.32433268427848816,
        "z": -0.3291926681995392
    },
    "left_eye_inner": {
        "x": 0.23681066930294037,
        "y": 0.3104197382926941,
        "z": -0.3117198646068573
    },
    "left_eye": {
        "x": 0.23837797343730927,
        "y": 0.3097767233848572,
        "z": -0.3116602301597595
    },
    "left_eye_outer": {
        "x": 0.23984141647815704,
        "y": 0.3091447055339813,
        "z": -0.3116609752178192
    },
    "right_eye_inner": {
        "x": 0.2297162115573883,
        "y": 0.3106305003166199,
        "z": -0.32437554001808167
    },
    "right_eye": {
        "x": 0.22642923891544342,
        "y": 0.31017202138900757,
        "z": -0.3244144320487976
    },
    "right_eye_outer": {
        "x": 0.22303810715675354,
        "y": 0.3097143769264221,
        "z": -0.3244466781616211
    },
    "left_ear": {
        "x": 0.23817677795886993,
        "y": 0.3093032240867615,
        "z": -0.18874359130859375
    },
    "right_ear": {
        "x": 0.21398192644119263,
        "y": 0.3125069737434387,
        "z": -0.24887195229530334
    },
    "mouth_left": {
        "x": 0.23833787441253662,
        "y": 0.334668904542923,
        "z": -0.28021949529647827
    },
    "mouth_right": {
        "x": 0.22963355481624603,
        "y": 0.33627837896347046,
        "z": -0.2975553274154663
    },
    "left_shoulder": {
        "x": 0.2607284188270569,
        "y": 0.3550924062728882,
        "z": -0.0390978567302227
    },
    "right_shoulder": {
        "x": 0.19058841466903687,
        "y": 0.38874390721321106,
        "z": -0.2062099426984787
    },
    "left_elbow": {
        "x": 0.3035126328468323,
        "y": 0.3754841089248657,
        "z": 0.07027740031480789
    },
    "right_elbow": {
        "x": 0.14577585458755493,
        "y": 0.466444194316864,
        "z": -0.3281657099723816
    },
    "left_wrist": {
        "x": 0.3332115113735199,
        "y": 0.3397718369960785,
        "z": 0.05780680477619171
    },
    "right_wrist": {
        "x": 0.14902552962303162,
        "y": 0.3809022307395935,
        "z": -0.5011201500892639
    },
    "left_pinky": {
        "x": 0.3445533514022827,
        "y": 0.32178574800491333,
        "z": 0.05902557447552681
    },
    "right_pinky": {
        "x": 0.14924509823322296,
        "y": 0.35805803537368774,
        "z": -0.5427907705307007
    },
    "left_index": {
        "x": 0.34097135066986084,
        "y": 0.31718122959136963,
        "z": 0.04104043170809746
    },
    "right_index": {
        "x": 0.1543736457824707,
        "y": 0.3498617708683014,
        "z": -0.5336151123046875
    },
    "left_thumb": {
        "x": 0.3368607461452484,
        "y": 0.3234987258911133,
        "z": 0.05039355903863907
    },
    "right_thumb": {
        "x": 0.15673348307609558,
        "y": 0.3568418323993683,
        "z": -0.5003446340560913
    },
    "left_hip": {
        "x": 0.2642117738723755,
        "y": 0.5546812415122986,
        "z": 0.06724745780229568
    },
    "right_hip": {
        "x": 0.2326568216085434,
        "y": 0.5707525014877319,
        "z": -0.06748611479997635
    },
    "left_knee": {
        "x": 0.2645651698112488,
        "y": 0.6743220090866089,
        "z": 0.24406698346138
    },
    "right_knee": {
        "x": 0.2514180541038513,
        "y": 0.6951132416725159,
        "z": -0.07498810440301895
    },
    "left_ankle": {
        "x": 0.25616535544395447,
        "y": 0.7536956667900085,
        "z": 0.5224975943565369
    },
    "right_ankle": {
        "x": 0.253113329410553,
        "y": 0.8062387704849243,
        "z": 0.048016052693128586
    },
    "left_heel": {
        "x": 0.24896998703479767,
        "y": 0.7690889835357666,
        "z": 0.5481740236282349
    },
    "right_heel": {
        "x": 0.2485593855381012,
        "y": 0.8287622928619385,
        "z": 0.057062845677137375
    },
    "left_foot_index": {
        "x": 0.28229445219039917,
        "y": 0.7855609655380249,
        "z": 0.5001457333564758
    },
    "right_foot_index": {
        "x": 0.28178250789642334,
        "y": 0.84523606300354,
        "z": -0.0490039698779583
    }
}