{
    "nose": {
        "x": 0.6595977544784546,
        "y": 0.4440774917602539,
        "z": -0.1533377319574356
    },
    "left_eye_inner": {
        "x": 0.6635567545890808,
        "y": 0.4375554025173187,
        "z": -0.15312457084655762
    },
    "left_eye": {
        "x": 0.6650011539459229,
        "y": 0.43795114755630493,
        "z": -0.15316098928451538
    },
    "left_eye_outer": {
        "x": 0.6664525866508484,
        "y": 0.4384115934371948,
        "z": -0.153224915266037
    },
    "right_eye_inner": {
        "x": 0.6592963337898254,
        "y": 0.43496382236480713,
        "z": -0.15482521057128906
    },
    "right_eye": {
        "x": 0.6577259302139282,
        "y": 0.4335365295410156,
        "z": -0.15483753383159637
    },
    "right_eye_outer": {
        "x": 0.6561480164527893,
        "y": 0.43208903074264526,
        "z": -0.15489746630191803
    },
    "left_ear": {
        "x": 0.6674247980117798,
        "y": 0.43443867564201355,
        "z": -0.11852240562438965
    },
    "right_ear": {
        "x": 0.652160108089447,
        "y": 0.4252353310585022,
        "z": -0.12726475298404694
    },
    "mouth_left": {
        "x": 0.6592628955841064,
        "y": 0.4477335214614868,
        "z": -0.1369280219078064
    },
    "mouth_right": {
        "x": 0.6548075079917908,
        "y": 0.44462454319000244,
        "z": -0.1395057737827301
    },
    "left_shoulder": {
        "x": 0.6766875386238098,
        "y": 0.4595836400985718,
        "z": -0.0876549556851387
    },
    "right_shoulder": {
        "x": 0.6197683215141296,
        "y": 0.4405756890773773,
        "z": -0.0778258666396141
    },
    "left_elbow": {
        "x": 0.6913748383522034,
        "y": 0.5182376503944397,
        "z": -0.05974188819527626
    },
    "right_elbow": {
        "x": 0.5980106592178345,
        "y": 0.48648083209991455,
        "z": -0.08023203164339066
    },
    "left_wrist": {
        "x": 0.7212995290756226,
        "y": 0.5658454895019531,
        "z": -0.08522854745388031
    },
    "right_wrist": {
        "x": 0.5925588011741638,
        "y": 0.5332685112953186,
        "z": -0.13217076659202576
    },
    "left_pinky": {
        "x": 0.7312986254692078,
        "y": 0.5760608911514282,
        "z": -0.0898732841014862
    },
    "right_pinky": {
        "x": 0.5892871022224426,
        "y": 0.5468444228172302,
        "z": -0.13677260279655457
    },
    "left_index": {
        "x": 0.7340675592422485,
        "y": 0.5778005719184875,
        "z": -0.10406912118196487
    },
    "right_index": {
        "x": 0.592261552810669,
        "y": 0.5445520877838135,
        "z": -0.15014740824699402
    },
    "left_thumb": {
        "x": 0.7279554605484009,
        "y": 0.5749675631523132,
        "z": -0.0915246307849884
    },
    "right_thumb": {
        "x": 0.5951564311981201,
        "y": 0.5407485961914062,
        "z": -0.13815227150917053
    },
    "left_hip": {
        "x": 0.6432987451553345,
        "y": 0.5658424496650696,
        "z": -0.008289361372590065
    },
    "right_hip": {
        "x": 0.6143494248390198,
        "y": 0.5507472157478333,
        "z": 0.00834425538778305
    },
    "left_knee": {
        "x": 0.6354115009307861,
        "y": 0.5762041211128235,
        "z": -0.08034679293632507
    },
    "right_knee": {
        "x": 0.5723611116409302,
        "y": 0.5690168738365173,
        "z": 0.00048360732034780085
    },
    "left_ankle": {
        "x": 0.6151618957519531,
        "y": 0.6302697062492371,
        "z": 0.047901201993227005
    },
    "right_ankle": {
        "x": 0.544870913028717,
        "y": 0.5603700876235962,
        "z": 0.10248257964849472
    },
    "left_heel": {
        "x": 0.6104227900505066,
        "y": 0.6357219815254211,
        "z": 0.06003857031464577
    },
    "right_heel": {
        "x": 0.541710376739502,
        "y": 0.5623316168785095,
        "z": 0.11270597577095032
    },
    "left_foot_index": {
        "x": 0.6126164793968201,
        "y": 0.6509597897529602,
        "z": 0.0317487008869648
    },
    "right_foot_index": {
        "x": 0.5328879356384277,
        "y": 0.5550325512886047,
        "z": 0.09148578345775604
    }
}