{
    "nose": {
        "x": 0.20853272080421448,
        "y": 0.30777981877326965,
        "z": 0.13206595182418823
    },
    "left_eye_inner": {
        "x": 0.20476974546909332,
        "y": 0.29984721541404724,
        "z": 0.10190915316343307
    },
    "left_eye": {
        "x": 0.20340152084827423,
        "y": 0.3006725013256073,
        "z": 0.1018943339586258
    },
    "left_eye_outer": {
        "x": 0.2020246684551239,
        "y": 0.30170580744743347,
        "z": 0.10186359286308289
    },
    "right_eye_inner": {
        "x": 0.2092888206243515,
        "y": 0.29681968688964844,
        "z": 0.107383593916893
    },
    "right_eye": {
        "x": 0.21115463972091675,
        "y": 0.2955572307109833,
        "z": 0.1073630079627037
    },
    "right_eye_outer": {
        "x": 0.21322350203990936,
        "y": 0.2943645715713501,
        "z": 0.10729033499956131
    },
    "left_ear": {
        "x": 0.2028847336769104,
        "y": 0.3075440526008606,
        "z": 0.005318610463291407
    },
    "right_ear": {
        "x": 0.22003334760665894,
        "y": 0.29738232493400574,
        "z": 0.029809970408678055
    },
    "mouth_left": {
        "x": 0.20961618423461914,
        "y": 0.31847095489501953,
        "z": 0.10373830050230026
    },
    "mouth_right": {
        "x": 0.21446990966796875,
        "y": 0.31584712862968445,
        "z": 0.11082401871681213
    },
    "left_shoulder": {
        "x": 0.18974308669567108,
        "y": 0.37426406145095825,
        "z": -0.03892406076192856
    },
    "right_shoulder": {
        "x": 0.26245614886283875,
        "y": 0.3478133976459503,
        "z": 0.007795186247676611
    },
    "left_elbow": {
        "x": 0.20404881238937378,
        "y": 0.48381298780441284,
        "z": -0.032184116542339325
    },
    "right_elbow": {
        "x": 0.2767179310321808,
        "y": 0.45208752155303955,
        "z": 0.07964488118886948
    },
    "left_wrist": {
        "x": 0.22193138301372528,
        "y": 0.5526415705680847,
        "z": 0.033044394105672836
    },
    "right_wrist": {
        "x": 0.2702975273132324,
        "y": 0.4838656485080719,
        "z": 0.21615414321422577
    },
    "left_pinky": {
        "x": 0.22638125717639923,
        "y": 0.5715442895889282,
        "z": 0.03218076750636101
    },
    "right_pinky": {
        "x": 0.26910239458084106,
        "y": 0.49314382672309875,
        "z": 0.23910760879516602
    },
    "left_index": {
        "x": 0.2310699075460434,
        "y": 0.5507826209068298,
        "z": 0.0388634167611599
    },
    "right_index": {
        "x": 0.26044961810112,
        "y": 0.487561970949173,
        "z": 0.23085394501686096
    },
    "left_thumb": {
        "x": 0.23071277141571045,
        "y": 0.5432384014129639,
        "z": 0.036076873540878296
    },
    "right_thumb": {
        "x": 0.25842833518981934,
        "y": 0.48406559228897095,
        "z": 0.2155681997537613
    },
    "left_hip": {
        "x": 0.2373138964176178,
        "y": 0.5669559836387634,
        "z": -0.009259141981601715
    },
    "right_hip": {
        "x": 0.2749974727630615,
        "y": 0.5485699772834778,
        "z": 0.009166286326944828
    },
    "left_knee": {
        "x": 0.2589713931083679,
        "y": 0.6916702389717102,
        "z": 0.06753772497177124
    },
    "right_knee": {
        "x": 0.2901599705219269,
        "y": 0.6804527044296265,
        "z": 0.10323966294527054
    },
    "left_ankle": {
        "x": 0.26284536719322205,
        "y": 0.8243732452392578,
        "z": 0.13991481065750122
    },
    "right_ankle": {
        "x": 0.3055049777030945,
        "y": 0.8122449517250061,
        "z": 0.17931915819644928
    },
    "left_heel": {
        "x": 0.27323657274246216,
        "y": 0.8435790538787842,
        "z": 0.14760112762451172
    },
    "right_heel": {
        "x": 0.30490997433662415,
        "y": 0.8381505608558655,
        "z": 0.18802998960018158
    },
    "left_foot_index": {
        "x": 0.25475817918777466,
        "y": 0.8387331366539001,
        "z": 0.13606402277946472
    },
    "right_foot_index": {
        "x": 0.3154120445251465,
        "y": 0.8175679445266724,
        "z": 0.1764315366744995
    }
}