{
    "nose": {
        "x": 0.40194904804229736,
        "y": 0.43778088688850403,
        "z": 0.06743939220905304
    },
    "left_eye_inner": {
        "x": 0.39454689621925354,
        "y": 0.42503148317337036,
        "z": 0.029458647593855858
    },
    "left_eye": {
        "x": 0.39103585481643677,
        "y": 0.42775434255599976,
        "z": 0.029369115829467773
    },
    "left_eye_outer": {
        "x": 0.3875349760055542,
        "y": 0.4306696653366089,
        "z": 0.029304493218660355
    },
    "right_eye_inner": {
        "x": 0.40425726771354675,
        "y": 0.4198879897594452,
        "z": 0.037926085293293
    },
    "right_eye": {
        "x": 0.40731170773506165,
        "y": 0.4190441966056824,
        "z": 0.03789361193776131
    },
    "right_eye_outer": {
        "x": 0.4104732871055603,
        "y": 0.41822054982185364,
        "z": 0.03770320490002632
    },
    "left_ear": {
        "x": 0.38520121574401855,
        "y": 0.4447559714317322,
        "z": -0.09940490871667862
    },
    "right_ear": {
        "x": 0.4172098636627197,
        "y": 0.4274548590183258,
        "z": -0.06230933964252472
    },
    "mouth_left": {
        "x": 0.40023377537727356,
        "y": 0.45948120951652527,
        "z": 0.028753209859132767
    },
    "mouth_right": {
        "x": 0.41031593084335327,
        "y": 0.45528411865234375,
        "z": 0.03959086909890175
    },
    "left_shoulder": {
        "x": 0.3692856729030609,
        "y": 0.5787094235420227,
        "z": -0.17321114242076874
    },
    "right_shoulder": {
        "x": 0.47252002358436584,
        "y": 0.5248637199401855,
        "z": -0.04986009746789932
    },
    "left_elbow": {
        "x": 0.37046077847480774,
        "y": 0.7279439568519592,
        "z": -0.15635386109352112
    },
    "right_elbow": {
        "x": 0.5037656426429749,
        "y": 0.6544666290283203,
        "z": 0.07686689496040344
    },
    "left_wrist": {
        "x": 0.35947903990745544,
        "y": 0.8587861657142639,
        "z": -0.05122571811079979
    },
    "right_wrist": {
        "x": 0.4638710021972656,
        "y": 0.6829564571380615,
        "z": 0.2820124328136444
    },
    "left_pinky": {
        "x": 0.34951117634773254,
        "y": 0.8719688653945923,
        "z": -0.06389170140028
    },
    "right_pinky": {
        "x": 0.45968782901763916,
        "y": 0.6879466772079468,
        "z": 0.3117784261703491
    },
    "left_index": {
        "x": 0.34960946440696716,
        "y": 0.8670439124107361,
        "z": -0.05399446561932564
    },
    "right_index": {
        "x": 0.4501512944698334,
        "y": 0.677545964717865,
        "z": 0.30023616552352905
    },
    "left_thumb": {
        "x": 0.3548276126384735,
        "y": 0.8668970465660095,
        "z": -0.04697009548544884
    },
    "right_thumb": {
        "x": 0.4486227035522461,
        "y": 0.6786808371543884,
        "z": 0.2812234163284302
    },
    "left_hip": {
        "x": 0.43613389134407043,
        "y": 0.8349617123603821,
        "z": -0.037959080189466476
    },
    "right_hip": {
        "x": 0.49240416288375854,
        "y": 0.818206787109375,
        "z": 0.037906307727098465
    },
    "left_knee": {
        "x": 0.4335540533065796,
        "y": 0.9793523550033569,
        "z": 0.11986953765153885
    },
    "right_knee": {
        "x": 0.48357415199279785,
        "y": 0.9896126985549927,
        "z": 0.1895875334739685
    },
    "left_ankle": {
        "x": 0.4474985897541046,
        "y": 1.1738766431808472,
        "z": 0.314351350069046
    },
    "right_ankle": {
        "x": 0.4938153326511383,
        "y": 1.1701312065124512,
        "z": 0.35129544138908386
    },
    "left_heel": {
        "x": 0.45921871066093445,
        "y": 1.2083545923233032,
        "z": 0.3336787521839142
    },
    "right_heel": {
        "x": 0.49857479333877563,
        "y": 1.205668330192566,
        "z": 0.3670091927051544
    },
    "left_foot_index": {
        "x": 0.4210641384124756,
        "y": 1.1820693016052246,
        "z": 0.32717713713645935
    },
    "right_foot_index": {
        "x": 0.4887469410896301,
        "y": 1.1827937364578247,
        "z": 0.33579882979393005
    }
}