{
    "nose": {
        "x": 0.3218318819999695,
        "y": 0.3857060968875885,
        "z": 0.1367373764514923
    },
    "left_eye_inner": {
        "x": 0.31629157066345215,
        "y": 0.3741430640220642,
        "z": 0.10318931937217712
    },
    "left_eye": {
        "x": 0.31403398513793945,
        "y": 0.375908762216568,
        "z": 0.10315172374248505
    },
    "left_eye_outer": {
        "x": 0.3117139935493469,
        "y": 0.3778964579105377,
        "z": 0.10310246795415878
    },
    "right_eye_inner": {
        "x": 0.32322943210601807,
        "y": 0.3694576025009155,
        "z": 0.11462297290563583
    },
    "right_eye": {
        "x": 0.3256869912147522,
        "y": 0.36810997128486633,
        "z": 0.11461590975522995
    },
    "right_eye_outer": {
        "x": 0.3282925486564636,
        "y": 0.36669567227363586,
        "z": 0.1144852563738823
    },
    "left_ear": {
        "x": 0.31086841225624084,
        "y": 0.3886181116104126,
        "z": -0.01663145236670971
    },
    "right_ear": {
        "x": 0.33471134305000305,
        "y": 0.3711550533771515,
        "z": 0.03315001726150513
    },
    "mouth_left": {
        "x": 0.32245174050331116,
        "y": 0.40184178948402405,
        "z": 0.09973129630088806
    },
    "mouth_right": {
        "x": 0.32957857847213745,
        "y": 0.39798852801322937,
        "z": 0.11415650695562363
    },
    "left_shoulder": {
        "x": 0.3010459542274475,
        "y": 0.4877331852912903,
        "z": -0.0997888594865799
    },
    "right_shoulder": {
        "x": 0.39195796847343445,
        "y": 0.4543049931526184,
        "z": 0.03121250309050083
    },
    "left_elbow": {
        "x": 0.30683860182762146,
        "y": 0.6230044960975647,
        "z": -0.1137034147977829
    },
    "right_elbow": {
        "x": 0.4136532247066498,
        "y": 0.5793070197105408,
        "z": 0.09638360142707825
    },
    "left_wrist": {
        "x": 0.30983906984329224,
        "y": 0.7300477623939514,
        "z": -0.030495403334498405
    },
    "right_wrist": {
        "x": 0.3885834217071533,
        "y": 0.6607087254524231,
        "z": 0.21437984704971313
    },
    "left_pinky": {
        "x": 0.30306535959243774,
        "y": 0.7539392113685608,
        "z": -0.04037444293498993
    },
    "right_pinky": {
        "x": 0.38417908549308777,
        "y": 0.6836103200912476,
        "z": 0.23314549028873444
    },
    "left_index": {
        "x": 0.303964227437973,
        "y": 0.7504152059555054,
        "z": -0.029371490702033043
    },
    "right_index": {
        "x": 0.37884941697120667,
        "y": 0.680625855922699,
        "z": 0.228208526968956
    },
    "left_thumb": {
        "x": 0.30881813168525696,
        "y": 0.7430129647254944,
        "z": -0.02579689770936966
    },
    "right_thumb": {
        "x": 0.3775300979614258,
        "y": 0.6737139821052551,
        "z": 0.21339349448680878
    },
    "left_hip": {
        "x": 0.36574187874794006,
        "y": 0.7124567627906799,
        "z": -0.042433757334947586
    },
    "right_hip": {
        "x": 0.4109880328178406,
        "y": 0.7017825841903687,
        "z": 0.0423855222761631
    },
    "left_knee": {
        "x": 0.36399635672569275,
        "y": 0.8816568851470947,
        "z": 0.08484151214361191
    },
    "right_knee": {
        "x": 0.4148181974887848,
        "y": 0.883589506149292,
        "z": 0.15547147393226624
    },
    "left_ankle": {
        "x": 0.37261053919792175,
        "y": 1.0183489322662354,
        "z": 0.22806298732757568
    },
    "right_ankle": {
        "x": 0.42225754261016846,
        "y": 1.020272135734558,
        "z": 0.282058447599411
    },
    "left_heel": {
        "x": 0.3828616440296173,
        "y": 1.0493096113204956,
        "z": 0.24215716123580933
    },
    "right_heel": {
        "x": 0.4269927740097046,
        "y": 1.0512815713882446,
        "z": 0.29458561539649963
    },
    "left_foot_index": {
        "x": 0.3454640209674835,
        "y": 1.025024652481079,
        "z": 0.22831161320209503
    },
    "right_foot_index": {
        "x": 0.4081646203994751,
        "y": 1.0291111469268799,
        "z": 0.2687612771987915
    }
}