{
    "nose": {
        "x": 0.2948061525821686,
        "y": 0.566753625869751,
        "z": -0.4240393042564392
    },
    "left_eye_inner": {
        "x": 0.2925034761428833,
        "y": 0.5551171898841858,
        "z": -0.42837029695510864
    },
    "left_eye": {
        "x": 0.29409876465797424,
        "y": 0.5504334568977356,
        "z": -0.4283214807510376
    },
    "left_eye_outer": {
        "x": 0.2957668602466583,
        "y": 0.5456395745277405,
        "z": -0.4283903241157532
    },
    "right_eye_inner": {
        "x": 0.28788504004478455,
        "y": 0.56341952085495,
        "z": -0.4222759008407593
    },
    "right_eye": {
        "x": 0.2862136662006378,
        "y": 0.5646693110466003,
        "z": -0.4223501682281494
    },
    "right_eye_outer": {
        "x": 0.2845354676246643,
        "y": 0.5658218860626221,
        "z": -0.4222862720489502
    },
    "left_ear": {
        "x": 0.2979520559310913,
        "y": 0.533163845539093,
        "z": -0.36698877811431885
    },
    "right_ear": {
        "x": 0.28139200806617737,
        "y": 0.5623387098312378,
        "z": -0.3386223316192627
    },
    "mouth_left": {
        "x": 0.3010254204273224,
        "y": 0.5626142024993896,
        "z": -0.3940337002277374
    },
    "mouth_right": {
        "x": 0.2958433926105499,
        "y": 0.5718242526054382,
        "z": -0.3857462406158447
    },
    "left_shoulder": {
        "x": 0.3257373869419098,
        "y": 0.5034662485122681,
        "z": -0.26905208826065063
    },
    "right_shoulder": {
        "x": 0.28642377257347107,
        "y": 0.590892493724823,
        "z": -0.20981991291046143
    },
    "left_elbow": {
        "x": 0.3648946285247803,
        "y": 0.43271714448928833,
        "z": -0.19249530136585236
    },
    "right_elbow": {
        "x": 0.2965126633644104,
        "y": 0.6442726850509644,
        "z": -0.05380277708172798
    },
    "left_wrist": {
        "x": 0.3923579752445221,
        "y": 0.49933958053588867,
        "z": -0.20052047073841095
    },
    "right_wrist": {
        "x": 0.29289060831069946,
        "y": 0.7001028656959534,
        "z": -0.0011088631581515074
    },
    "left_pinky": {
        "x": 0.4041382074356079,
        "y": 0.5105552673339844,
        "z": -0.20795080065727234
    },
    "right_pinky": {
        "x": 0.2870013415813446,
        "y": 0.7166935801506042,
        "z": 0.00303328107111156
    },
    "left_index": {
        "x": 0.3990027606487274,
        "y": 0.5207852125167847,
        "z": -0.23112410306930542
    },
    "right_index": {
        "x": 0.28602516651153564,
        "y": 0.7153319716453552,
        "z": -0.02227606065571308
    },
    "left_thumb": {
        "x": 0.3936246633529663,
        "y": 0.5209996700286865,
        "z": -0.20749959349632263
    },
    "right_thumb": {
        "x": 0.288936972618103,
        "y": 0.7082105875015259,
        "z": -0.007592984475195408
    },
    "left_hip": {
        "x": 0.38787007331848145,
        "y": 0.618000328540802,
        "z": -0.029710397124290466
    },
    "right_hip": {
        "x": 0.34806832671165466,
        "y": 0.6465962529182434,
        "z": 0.029854875057935715
    },
    "left_knee": {
        "x": 0.4197448492050171,
        "y": 0.7119140028953552,
        "z": 0.008320189081132412
    },
    "right_knee": {
        "x": 0.3254666030406952,
        "y": 0.7282328009605408,
        "z": -0.041283152997493744
    },
    "left_ankle": {
        "x": 0.43887025117874146,
        "y": 0.7693225741386414,
        "z": 0.25688618421554565
    },
    "right_ankle": {
        "x": 0.34528785943984985,
        "y": 0.7268809676170349,
        "z": 0.20659169554710388
    },
    "left_heel": {
        "x": 0.44108542799949646,
        "y": 0.7709606885910034,
        "z": 0.27997416257858276
    },
    "right_heel": {
        "x": 0.35045158863067627,
        "y": 0.7173939347267151,
        "z": 0.23176617920398712
    },
    "left_foot_index": {
        "x": 0.4474165737628937,
        "y": 0.8180313110351562,
        "z": 0.23645934462547302
    },
    "right_foot_index": {
        "x": 0.3483700156211853,
        "y": 0.7659713625907898,
        "z": 0.21951498091220856
    }
}