{
    "nose": {
        "x": 0.2947365343570709,
        "y": 0.5564184784889221,
        "z": -0.41818565130233765
    },
    "left_eye_inner": {
        "x": 0.29309093952178955,
        "y": 0.5437265634536743,
        "z": -0.42385873198509216
    },
    "left_eye": {
        "x": 0.29464754462242126,
        "y": 0.5392000079154968,
        "z": -0.4237920343875885
    },
    "left_eye_outer": {
        "x": 0.2962774634361267,
        "y": 0.5346096158027649,
        "z": -0.42384377121925354
    },
    "right_eye_inner": {
        "x": 0.2889556884765625,
        "y": 0.5517682433128357,
        "z": -0.4135347008705139
    },
    "right_eye": {
        "x": 0.28763270378112793,
        "y": 0.5529637932777405,
        "z": -0.4136115312576294
    },
    "right_eye_outer": {
        "x": 0.28641241788864136,
        "y": 0.5538522601127625,
        "z": -0.4135855734348297
    },
    "left_ear": {
        "x": 0.30083632469177246,
        "y": 0.5192591547966003,
        "z": -0.3739214241504669
    },
    "right_ear": {
        "x": 0.2852596938610077,
        "y": 0.5441862940788269,
        "z": -0.32543906569480896
    },
    "mouth_left": {
        "x": 0.3010246157646179,
        "y": 0.5536370873451233,
        "z": -0.39329853653907776
    },
    "mouth_right": {
        "x": 0.29649585485458374,
        "y": 0.5615418553352356,
        "z": -0.3792402744293213
    },
    "left_shoulder": {
        "x": 0.33224210143089294,
        "y": 0.48893266916275024,
        "z": -0.2723731994628906
    },
    "right_shoulder": {
        "x": 0.29979169368743896,
        "y": 0.5772992968559265,
        "z": -0.20927610993385315
    },
    "left_elbow": {
        "x": 0.36760443449020386,
        "y": 0.43697163462638855,
        "z": -0.21229024231433868
    },
    "right_elbow": {
        "x": 0.30503714084625244,
        "y": 0.6481006145477295,
        "z": -0.06446454674005508
    },
    "left_wrist": {
        "x": 0.39254581928253174,
        "y": 0.49977388978004456,
        "z": -0.23493008315563202
    },
    "right_wrist": {
        "x": 0.292684942483902,
        "y": 0.7018740773200989,
        "z": 0.004176099319010973
    },
    "left_pinky": {
        "x": 0.40408816933631897,
        "y": 0.5131993293762207,
        "z": -0.23773938417434692
    },
    "right_pinky": {
        "x": 0.2865624725818634,
        "y": 0.7173371911048889,
        "z": 0.013989809900522232
    },
    "left_index": {
        "x": 0.40045756101608276,
        "y": 0.521426796913147,
        "z": -0.2585800588130951
    },
    "right_index": {
        "x": 0.2851621210575104,
        "y": 0.7156686782836914,
        "z": -0.009714232757687569
    },
    "left_thumb": {
        "x": 0.395680695772171,
        "y": 0.5208832025527954,
        "z": -0.24015513062477112
    },
    "right_thumb": {
        "x": 0.28844696283340454,
        "y": 0.7098283767700195,
        "z": -0.0010635439539328218
    },
    "left_hip": {
        "x": 0.3868858218193054,
        "y": 0.6105326414108276,
        "z": -0.026994509622454643
    },
    "right_hip": {
        "x": 0.3564804494380951,
        "y": 0.6438900828361511,
        "z": 0.026957646012306213
    },
    "left_knee": {
        "x": 0.42274805903434753,
        "y": 0.7108293175697327,
        "z": 0.0032296054996550083
    },
    "right_knee": {
        "x": 0.3595827519893646,
        "y": 0.7488039135932922,
        "z": 0.026204345747828484
    },
    "left_ankle": {
        "x": 0.4353815019130707,
        "y": 0.77354496717453,
        "z": 0.23730270564556122
    },
    "right_ankle": {
        "x": 0.3493221402168274,
        "y": 0.7115563154220581,
        "z": 0.3435259759426117
    },
    "left_heel": {
        "x": 0.4343435764312744,
        "y": 0.7742801904678345,
        "z": 0.2605936527252197
    },
    "right_heel": {
        "x": 0.3473603427410126,
        "y": 0.6962534189224243,
        "z": 0.37770405411720276
    },
    "left_foot_index": {
        "x": 0.4435497522354126,
        "y": 0.8211799263954163,
        "z": 0.22683754563331604
    },
    "right_foot_index": {
        "x": 0.3557116985321045,
        "y": 0.7380202412605286,
        "z": 0.38930684328079224
    }
}