{
    "nose": {
        "x": 0.29298171401023865,
        "y": 0.5661547780036926,
        "z": -0.3321791887283325
    },
    "left_eye_inner": {
        "x": 0.2906871736049652,
        "y": 0.5546236038208008,
        "z": -0.3378565311431885
    },
    "left_eye": {
        "x": 0.2922058701515198,
        "y": 0.549988329410553,
        "z": -0.3378438651561737
    },
    "left_eye_outer": {
        "x": 0.2938147187232971,
        "y": 0.5452138781547546,
        "z": -0.3379336893558502
    },
    "right_eye_inner": {
        "x": 0.2866680324077606,
        "y": 0.5629457831382751,
        "z": -0.33000972867012024
    },
    "right_eye": {
        "x": 0.2853163182735443,
        "y": 0.5642402172088623,
        "z": -0.33004483580589294
    },
    "right_eye_outer": {
        "x": 0.2840246856212616,
        "y": 0.5652552843093872,
        "z": -0.32998576760292053
    },
    "left_ear": {
        "x": 0.2979090213775635,
        "y": 0.531163215637207,
        "z": -0.29574599862098694
    },
    "right_ear": {
        "x": 0.28295308351516724,
        "y": 0.559546172618866,
        "z": -0.25700700283050537
    },
    "mouth_left": {
        "x": 0.29940637946128845,
        "y": 0.5624451041221619,
        "z": -0.31013384461402893
    },
    "mouth_right": {
        "x": 0.29519134759902954,
        "y": 0.5709559917449951,
        "z": -0.2989952266216278
    },
    "left_shoulder": {
        "x": 0.32665035128593445,
        "y": 0.5041353702545166,
        "z": -0.22536011040210724
    },
    "right_shoulder": {
        "x": 0.28992903232574463,
        "y": 0.586506724357605,
        "z": -0.15796548128128052
    },
    "left_elbow": {
        "x": 0.3645673990249634,
        "y": 0.4373741149902344,
        "z": -0.2287614494562149
    },
    "right_elbow": {
        "x": 0.30095475912094116,
        "y": 0.6505849361419678,
        "z": -0.061186157166957855
    },
    "left_wrist": {
        "x": 0.3926295042037964,
        "y": 0.49820077419281006,
        "z": -0.2966635227203369
    },
    "right_wrist": {
        "x": 0.2936406135559082,
        "y": 0.7046372294425964,
        "z": -0.049940358847379684
    },
    "left_pinky": {
        "x": 0.4056456387042999,
        "y": 0.506267786026001,
        "z": -0.31240731477737427
    },
    "right_pinky": {
        "x": 0.2864583134651184,
        "y": 0.7212329506874084,
        "z": -0.050186485052108765
    },
    "left_index": {
        "x": 0.40188923478126526,
        "y": 0.5204783082008362,
        "z": -0.32997944951057434
    },
    "right_index": {
        "x": 0.28532645106315613,
        "y": 0.7180240154266357,
        "z": -0.07484020292758942
    },
    "left_thumb": {
        "x": 0.39586248993873596,
        "y": 0.520637035369873,
        "z": -0.30336126685142517
    },
    "right_thumb": {
        "x": 0.2889876961708069,
        "y": 0.7125320434570312,
        "z": -0.057465218007564545
    },
    "left_hip": {
        "x": 0.382750540971756,
        "y": 0.6292275190353394,
        "z": -0.02897803485393524
    },
    "right_hip": {
        "x": 0.3461534380912781,
        "y": 0.6497167348861694,
        "z": 0.02900988981127739
    },
    "left_knee": {
        "x": 0.413735568523407,
        "y": 0.7317550778388977,
        "z": -0.01257295347750187
    },
    "right_knee": {
        "x": 0.3193594515323639,
        "y": 0.6992462277412415,
        "z": -0.08896687626838684
    },
    "left_ankle": {
        "x": 0.4262983202934265,
        "y": 0.7659623622894287,
        "z": 0.23912504315376282
    },
    "right_ankle": {
        "x": 0.3375857472419739,
        "y": 0.7265498638153076,
        "z": 0.09521995484828949
    },
    "left_heel": {
        "x": 0.4333701729774475,
        "y": 0.7689051032066345,
        "z": 0.2642451524734497
    },
    "right_heel": {
        "x": 0.34336116909980774,
        "y": 0.7229572534561157,
        "z": 0.11481215804815292
    },
    "left_foot_index": {
        "x": 0.44054898619651794,
        "y": 0.8085523247718811,
        "z": 0.2292371392250061
    },
    "right_foot_index": {
        "x": 0.3325759768486023,
        "y": 0.756416916847229,
        "z": 0.09175612777471542
    }
}