{
    "nose": {
        "x": 0.310712993144989,
        "y": 0.45632225275039673,
        "z": -0.5027355551719666
    },
    "left_eye_inner": {
        "x": 0.3117775022983551,
        "y": 0.44288280606269836,
        "z": -0.5104793906211853
    },
    "left_eye": {
        "x": 0.3141041398048401,
        "y": 0.4389133155345917,
        "z": -0.5104342699050903
    },
    "left_eye_outer": {
        "x": 0.3162747621536255,
        "y": 0.4347708821296692,
        "z": -0.5105499029159546
    },
    "right_eye_inner": {
        "x": 0.30470746755599976,
        "y": 0.4482628107070923,
        "z": -0.5031855702400208
    },
    "right_eye": {
        "x": 0.30229997634887695,
        "y": 0.4482889771461487,
        "z": -0.5032805800437927
    },
    "right_eye_outer": {
        "x": 0.29999932646751404,
        "y": 0.4480805993080139,
        "z": -0.5032721161842346
    },
    "left_ear": {
        "x": 0.3183336555957794,
        "y": 0.42113691568374634,
        "z": -0.44532066583633423
    },
    "right_ear": {
        "x": 0.29482683539390564,
        "y": 0.4370454251766205,
        "z": -0.4124433398246765
    },
    "mouth_left": {
        "x": 0.3160659670829773,
        "y": 0.45527517795562744,
        "z": -0.4693741202354431
    },
    "mouth_right": {
        "x": 0.308281809091568,
        "y": 0.45993196964263916,
        "z": -0.4599582254886627
    },
    "left_shoulder": {
        "x": 0.3491901457309723,
        "y": 0.4061209559440613,
        "z": -0.33050498366355896
    },
    "right_shoulder": {
        "x": 0.2844923138618469,
        "y": 0.45717716217041016,
        "z": -0.28337377309799194
    },
    "left_elbow": {
        "x": 0.40545976161956787,
        "y": 0.4167312979698181,
        "z": -0.31761205196380615
    },
    "right_elbow": {
        "x": 0.28356143832206726,
        "y": 0.5405872464179993,
        "z": -0.16384689509868622
    },
    "left_wrist": {
        "x": 0.3994399905204773,
        "y": 0.5035251975059509,
        "z": -0.40287744998931885
    },
    "right_wrist": {
        "x": 0.2839561700820923,
        "y": 0.6151410341262817,
        "z": -0.170705184340477
    },
    "left_pinky": {
        "x": 0.4081021249294281,
        "y": 0.5236638784408569,
        "z": -0.43379461765289307
    },
    "right_pinky": {
        "x": 0.28025197982788086,
        "y": 0.6390683650970459,
        "z": -0.18529662489891052
    },
    "left_index": {
        "x": 0.4006391763687134,
        "y": 0.5271533131599426,
        "z": -0.44912946224212646
    },
    "right_index": {
        "x": 0.2816227972507477,
        "y": 0.6384943723678589,
        "z": -0.21524332463741302
    },
    "left_thumb": {
        "x": 0.3955080807209015,
        "y": 0.5226234197616577,
        "z": -0.4092644155025482
    },
    "right_thumb": {
        "x": 0.28469589352607727,
        "y": 0.6321117281913757,
        "z": -0.181849867105484
    },
    "left_hip": {
        "x": 0.37318629026412964,
        "y": 0.5647176504135132,
        "z": -0.016786787658929825
    },
    "right_hip": {
        "x": 0.3287831246852875,
        "y": 0.5700036883354187,
        "z": 0.016848964616656303
    },
    "left_knee": {
        "x": 0.4042392075061798,
        "y": 0.6606964468955994,
        "z": -0.0033497721888124943
    },
    "right_knee": {
        "x": 0.3029361367225647,
        "y": 0.672048032283783,
        "z": -0.02359458990395069
    },
    "left_ankle": {
        "x": 0.4097326397895813,
        "y": 0.7453057169914246,
        "z": 0.26141008734703064
    },
    "right_ankle": {
        "x": 0.32376334071159363,
        "y": 0.6787137389183044,
        "z": 0.3452395498752594
    },
    "left_heel": {
        "x": 0.40820035338401794,
        "y": 0.7524240016937256,
        "z": 0.285993367433548
    },
    "right_heel": {
        "x": 0.33046576380729675,
        "y": 0.669779896736145,
        "z": 0.38270217180252075
    },
    "left_foot_index": {
        "x": 0.41840434074401855,
        "y": 0.7971540689468384,
        "z": 0.22606390714645386
    },
    "right_foot_index": {
        "x": 0.3284251391887665,
        "y": 0.7378969192504883,
        "z": 0.37171733379364014
    }
}