{
    "nose": {
        "x": 0.34518542885780334,
        "y": 0.36746475100517273,
        "z": -0.5259265303611755
    },
    "left_eye_inner": {
        "x": 0.35069143772125244,
        "y": 0.36172354221343994,
        "z": -0.5276001691818237
    },
    "left_eye": {
        "x": 0.3531802296638489,
        "y": 0.36102113127708435,
        "z": -0.5275567770004272
    },
    "left_eye_outer": {
        "x": 0.35571062564849854,
        "y": 0.36007535457611084,
        "z": -0.5275947451591492
    },
    "right_eye_inner": {
        "x": 0.34387725591659546,
        "y": 0.35963574051856995,
        "z": -0.5327587723731995
    },
    "right_eye": {
        "x": 0.3415137529373169,
        "y": 0.3575705289840698,
        "z": -0.532905638217926
    },
    "right_eye_outer": {
        "x": 0.33924466371536255,
        "y": 0.35524341464042664,
        "z": -0.5330090522766113
    },
    "left_ear": {
        "x": 0.3582237958908081,
        "y": 0.34616708755493164,
        "z": -0.4444493353366852
    },
    "right_ear": {
        "x": 0.3318229019641876,
        "y": 0.3400893807411194,
        "z": -0.470458984375
    },
    "mouth_left": {
        "x": 0.3477291762828827,
        "y": 0.36903616786003113,
        "z": -0.4855485260486603
    },
    "mouth_right": {
        "x": 0.3393356204032898,
        "y": 0.36521202325820923,
        "z": -0.49339181184768677
    },
    "left_shoulder": {
        "x": 0.3743172883987427,
        "y": 0.3351935148239136,
        "z": -0.306178480386734
    },
    "right_shoulder": {
        "x": 0.30044689774513245,
        "y": 0.35097476840019226,
        "z": -0.3625870943069458
    },
    "left_elbow": {
        "x": 0.3877151608467102,
        "y": 0.4194287955760956,
        "z": -0.22819682955741882
    },
    "right_elbow": {
        "x": 0.29525429010391235,
        "y": 0.4601309597492218,
        "z": -0.3328208029270172
    },
    "left_wrist": {
        "x": 0.3968275487422943,
        "y": 0.5030038952827454,
        "z": -0.2580565810203552
    },
    "right_wrist": {
        "x": 0.31514012813568115,
        "y": 0.550406277179718,
        "z": -0.3836178481578827
    },
    "left_pinky": {
        "x": 0.4061254858970642,
        "y": 0.520081639289856,
        "z": -0.2736641764640808
    },
    "right_pinky": {
        "x": 0.31511157751083374,
        "y": 0.5804694294929504,
        "z": -0.4123733639717102
    },
    "left_index": {
        "x": 0.4034016728401184,
        "y": 0.5222648978233337,
        "z": -0.29931163787841797
    },
    "right_index": {
        "x": 0.3230542242527008,
        "y": 0.5794622302055359,
        "z": -0.43274787068367004
    },
    "left_thumb": {
        "x": 0.3992190957069397,
        "y": 0.51822829246521,
        "z": -0.2678365707397461
    },
    "right_thumb": {
        "x": 0.32512366771698,
        "y": 0.5701135993003845,
        "z": -0.3910928964614868
    },
    "left_hip": {
        "x": 0.35412663221359253,
        "y": 0.47201454639434814,
        "z": 0.024741850793361664
    },
    "right_hip": {
        "x": 0.31757742166519165,
        "y": 0.47946760058403015,
        "z": -0.02481100708246231
    },
    "left_knee": {
        "x": 0.35382452607154846,
        "y": 0.5873557925224304,
        "z": 0.08311192691326141
    },
    "right_knee": {
        "x": 0.32800644636154175,
        "y": 0.5902288556098938,
        "z": -0.03809225931763649
    },
    "left_ankle": {
        "x": 0.3562861979007721,
        "y": 0.6770430207252502,
        "z": 0.31550613045692444
    },
    "right_ankle": {
        "x": 0.3246643841266632,
        "y": 0.6907520294189453,
        "z": 0.14820502698421478
    },
    "left_heel": {
        "x": 0.3532456159591675,
        "y": 0.6858837604522705,
        "z": 0.3347545862197876
    },
    "right_heel": {
        "x": 0.3238011598587036,
        "y": 0.6993896961212158,
        "z": 0.16285476088523865
    },
    "left_foot_index": {
        "x": 0.3669337332248688,
        "y": 0.7155989408493042,
        "z": 0.26028433442115784
    },
    "right_foot_index": {
        "x": 0.3334897756576538,
        "y": 0.7434574365615845,
        "z": 0.062438882887363434
    }
}