{
    "nose": {
        "x": 0.3258233368396759,
        "y": 0.4758475422859192,
        "z": -0.3878844976425171
    },
    "left_eye_inner": {
        "x": 0.32684099674224854,
        "y": 0.465674489736557,
        "z": -0.39619484543800354
    },
    "left_eye": {
        "x": 0.32931196689605713,
        "y": 0.46203672885894775,
        "z": -0.39614611864089966
    },
    "left_eye_outer": {
        "x": 0.3318459689617157,
        "y": 0.4575745463371277,
        "z": -0.396248459815979
    },
    "right_eye_inner": {
        "x": 0.3198811113834381,
        "y": 0.46908390522003174,
        "z": -0.39196163415908813
    },
    "right_eye": {
        "x": 0.31703686714172363,
        "y": 0.46833229064941406,
        "z": -0.39203423261642456
    },
    "right_eye_outer": {
        "x": 0.3141607940196991,
        "y": 0.4674183130264282,
        "z": -0.3920253813266754
    },
    "left_ear": {
        "x": 0.33456841111183167,
        "y": 0.4346294701099396,
        "z": -0.34750065207481384
    },
    "right_ear": {
        "x": 0.30963101983070374,
        "y": 0.4519094228744507,
        "z": -0.32873430848121643
    },
    "mouth_left": {
        "x": 0.33063170313835144,
        "y": 0.4737335443496704,
        "z": -0.36051222681999207
    },
    "mouth_right": {
        "x": 0.323388010263443,
        "y": 0.47631046175956726,
        "z": -0.35511669516563416
    },
    "left_shoulder": {
        "x": 0.3629471957683563,
        "y": 0.40425020456314087,
        "z": -0.24487999081611633
    },
    "right_shoulder": {
        "x": 0.2942620515823364,
        "y": 0.4464969336986542,
        "z": -0.23307561874389648
    },
    "left_elbow": {
        "x": 0.41107502579689026,
        "y": 0.4145492911338806,
        "z": -0.18653786182403564
    },
    "right_elbow": {
        "x": 0.2831350564956665,
        "y": 0.5391368269920349,
        "z": -0.166780486702919
    },
    "left_wrist": {
        "x": 0.40090805292129517,
        "y": 0.5045462846755981,
        "z": -0.1730426549911499
    },
    "right_wrist": {
        "x": 0.28815174102783203,
        "y": 0.6205039620399475,
        "z": -0.17911161482334137
    },
    "left_pinky": {
        "x": 0.4084795415401459,
        "y": 0.52329021692276,
        "z": -0.1783178448677063
    },
    "right_pinky": {
        "x": 0.28192344307899475,
        "y": 0.6422548294067383,
        "z": -0.18966618180274963
    },
    "left_index": {
        "x": 0.4028395712375641,
        "y": 0.5221508741378784,
        "z": -0.18669559061527252
    },
    "right_index": {
        "x": 0.2849894165992737,
        "y": 0.6423220038414001,
        "z": -0.2110998034477234
    },
    "left_thumb": {
        "x": 0.3982061743736267,
        "y": 0.518208920955658,
        "z": -0.17367000877857208
    },
    "right_thumb": {
        "x": 0.28894370794296265,
        "y": 0.6350848078727722,
        "z": -0.1861981898546219
    },
    "left_hip": {
        "x": 0.3663105368614197,
        "y": 0.5474323034286499,
        "z": 0.003063037758693099
    },
    "right_hip": {
        "x": 0.32583069801330566,
        "y": 0.5481501817703247,
        "z": -0.00287882168777287
    },
    "left_knee": {
        "x": 0.3890736401081085,
        "y": 0.6529155969619751,
        "z": -0.036732111126184464
    },
    "right_knee": {
        "x": 0.3141563832759857,
        "y": 0.5950903296470642,
        "z": -0.28128311038017273
    },
    "left_ankle": {
        "x": 0.3717203140258789,
        "y": 0.7041053771972656,
        "z": 0.22451570630073547
    },
    "right_ankle": {
        "x": 0.32560768723487854,
        "y": 0.6948385238647461,
        "z": -0.09521398693323135
    },
    "left_heel": {
        "x": 0.3671892285346985,
        "y": 0.7033616304397583,
        "z": 0.24986839294433594
    },
    "right_heel": {
        "x": 0.32946154475212097,
        "y": 0.7023330926895142,
        "z": -0.07656622678041458
    },
    "left_foot_index": {
        "x": 0.37386953830718994,
        "y": 0.7406904697418213,
        "z": 0.1974562704563141
    },
    "right_foot_index": {
        "x": 0.33179932832717896,
        "y": 0.7482560873031616,
        "z": -0.15235288441181183
    }
}