{
    "nose": {
        "x": 0.33745625615119934,
        "y": 0.36325886845588684,
        "z": -0.5003214478492737
    },
    "left_eye_inner": {
        "x": 0.34158313274383545,
        "y": 0.35425233840942383,
        "z": -0.5001528263092041
    },
    "left_eye": {
        "x": 0.34407860040664673,
        "y": 0.3530196249485016,
        "z": -0.5001168251037598
    },
    "left_eye_outer": {
        "x": 0.3465847671031952,
        "y": 0.3514446020126343,
        "z": -0.5001577138900757
    },
    "right_eye_inner": {
        "x": 0.3343850076198578,
        "y": 0.35311201214790344,
        "z": -0.5044485926628113
    },
    "right_eye": {
        "x": 0.3318120837211609,
        "y": 0.35134249925613403,
        "z": -0.5046038627624512
    },
    "right_eye_outer": {
        "x": 0.32932162284851074,
        "y": 0.349450021982193,
        "z": -0.5047140121459961
    },
    "left_ear": {
        "x": 0.3491361141204834,
        "y": 0.3392903506755829,
        "z": -0.4133772552013397
    },
    "right_ear": {
        "x": 0.3227149248123169,
        "y": 0.3386571705341339,
        "z": -0.43608516454696655
    },
    "mouth_left": {
        "x": 0.34111344814300537,
        "y": 0.3669094145298004,
        "z": -0.4594534635543823
    },
    "mouth_right": {
        "x": 0.33296212553977966,
        "y": 0.3644244372844696,
        "z": -0.4662238657474518
    },
    "left_shoulder": {
        "x": 0.3682028651237488,
        "y": 0.3368477523326874,
        "z": -0.28886711597442627
    },
    "right_shoulder": {
        "x": 0.2927972972393036,
        "y": 0.35580533742904663,
        "z": -0.3234722912311554
    },
    "left_elbow": {
        "x": 0.3867349326610565,
        "y": 0.4150116741657257,
        "z": -0.22334428131580353
    },
    "right_elbow": {
        "x": 0.2860342562198639,
        "y": 0.46450483798980713,
        "z": -0.2822459936141968
    },
    "left_wrist": {
        "x": 0.3946678042411804,
        "y": 0.5029187798500061,
        "z": -0.2707904577255249
    },
    "right_wrist": {
        "x": 0.3043982982635498,
        "y": 0.5528290271759033,
        "z": -0.34474074840545654
    },
    "left_pinky": {
        "x": 0.40503737330436707,
        "y": 0.519331693649292,
        "z": -0.2910241186618805
    },
    "right_pinky": {
        "x": 0.3068303167819977,
        "y": 0.5808142423629761,
        "z": -0.3725356161594391
    },
    "left_index": {
        "x": 0.4016890823841095,
        "y": 0.5225939154624939,
        "z": -0.3152313828468323
    },
    "right_index": {
        "x": 0.31171414256095886,
        "y": 0.5764350891113281,
        "z": -0.39833346009254456
    },
    "left_thumb": {
        "x": 0.3961597681045532,
        "y": 0.5191245079040527,
        "z": -0.2801401615142822
    },
    "right_thumb": {
        "x": 0.3128799796104431,
        "y": 0.5666574239730835,
        "z": -0.3550153374671936
    },
    "left_hip": {
        "x": 0.3598420321941376,
        "y": 0.48621028661727905,
        "z": 0.021416490897536278
    },
    "right_hip": {
        "x": 0.3213723301887512,
        "y": 0.4957520663738251,
        "z": -0.02144971676170826
    },
    "left_knee": {
        "x": 0.3619285821914673,
        "y": 0.6032409071922302,
        "z": 0.05948867276310921
    },
    "right_knee": {
        "x": 0.3284643292427063,
        "y": 0.5964624881744385,
        "z": -0.10357065498828888
    },
    "left_ankle": {
        "x": 0.34925377368927,
        "y": 0.665880560874939,
        "z": 0.33379995822906494
    },
    "right_ankle": {
        "x": 0.3292738199234009,
        "y": 0.6904348731040955,
        "z": 0.1058436930179596
    },
    "left_heel": {
        "x": 0.34426799416542053,
        "y": 0.6721917390823364,
        "z": 0.35848572850227356
    },
    "right_heel": {
        "x": 0.32752618193626404,
        "y": 0.6990115642547607,
        "z": 0.12385717034339905
    },
    "left_foot_index": {
        "x": 0.3580746352672577,
        "y": 0.7043750286102295,
        "z": 0.296553373336792
    },
    "right_foot_index": {
        "x": 0.33595341444015503,
        "y": 0.7424358129501343,
        "z": 0.03499598056077957
    }
}