{
    "nose": {
        "x": 0.28517037630081177,
        "y": 0.2686987519264221,
        "z": 0.05167132243514061
    },
    "left_eye_inner": {
        "x": 0.28335851430892944,
        "y": 0.262658953666687,
        "z": 0.05012660101056099
    },
    "left_eye": {
        "x": 0.28185009956359863,
        "y": 0.2621117830276489,
        "z": 0.05012299865484238
    },
    "left_eye_outer": {
        "x": 0.2802700400352478,
        "y": 0.26053380966186523,
        "z": 0.05010423809289932
    },
    "right_eye_inner": {
        "x": 0.2854906916618347,
        "y": 0.26311156153678894,
        "z": 0.030831070616841316
    },
    "right_eye": {
        "x": 0.2856796979904175,
        "y": 0.2628237009048462,
        "z": 0.030846839770674706
    },
    "right_eye_outer": {
        "x": 0.2857417166233063,
        "y": 0.2624192535877228,
        "z": 0.03076174110174179
    },
    "left_ear": {
        "x": 0.2740960121154785,
        "y": 0.25942379236221313,
        "z": 0.045889031141996384
    },
    "right_ear": {
        "x": 0.2808198630809784,
        "y": 0.26124638319015503,
        "z": -0.040035780519247055
    },
    "mouth_left": {
        "x": 0.2801426351070404,
        "y": 0.2734844386577606,
        "z": 0.0543832927942276
    },
    "mouth_right": {
        "x": 0.28260281682014465,
        "y": 0.27415353059768677,
        "z": 0.0293413233011961
    },
    "left_shoulder": {
        "x": 0.2444828450679779,
        "y": 0.2737736701965332,
        "z": 0.07474658638238907
    },
    "right_shoulder": {
        "x": 0.2692090570926666,
        "y": 0.27546998858451843,
        "z": -0.09202263504266739
    },
    "left_elbow": {
        "x": 0.2550402581691742,
        "y": 0.3233491778373718,
        "z": 0.0981806218624115
    },
    "right_elbow": {
        "x": 0.2922929525375366,
        "y": 0.3260880708694458,
        "z": -0.10721335560083389
    },
    "left_wrist": {
        "x": 0.2774069011211395,
        "y": 0.3777039349079132,
        "z": 0.08441472053527832
    },
    "right_wrist": {
        "x": 0.3250996470451355,
        "y": 0.383916437625885,
        "z": -0.08550135791301727
    },
    "left_pinky": {
        "x": 0.2814410328865051,
        "y": 0.3913704752922058,
        "z": 0.08258429169654846
    },
    "right_pinky": {
        "x": 0.32945120334625244,
        "y": 0.39526474475860596,
        "z": -0.09705135226249695
    },
    "left_index": {
        "x": 0.2850693166255951,
        "y": 0.39053601026535034,
        "z": 0.0770634189248085
    },
    "right_index": {
        "x": 0.32839247584342957,
        "y": 0.3970838189125061,
        "z": -0.09415266662836075
    },
    "left_thumb": {
        "x": 0.2841746509075165,
        "y": 0.38677459955215454,
        "z": 0.08035977184772491
    },
    "right_thumb": {
        "x": 0.32563525438308716,
        "y": 0.3929959535598755,
        "z": -0.08309812843799591
    },
    "left_hip": {
        "x": 0.25487059354782104,
        "y": 0.3996283710002899,
        "z": 0.05610816925764084
    },
    "right_hip": {
        "x": 0.2679428160190582,
        "y": 0.38999494910240173,
        "z": -0.05629084259271622
    },
    "left_knee": {
        "x": 0.2668367326259613,
        "y": 0.49080440402030945,
        "z": 0.0627283975481987
    },
    "right_knee": {
        "x": 0.2600788176059723,
        "y": 0.49953973293304443,
        "z": -0.03363052383065224
    },
    "left_ankle": {
        "x": 0.25907543301582336,
        "y": 0.612219512462616,
        "z": 0.12403585761785507
    },
    "right_ankle": {
        "x": 0.2676370441913605,
        "y": 0.6112641096115112,
        "z": 0.0200272798538208
    },
    "left_heel": {
        "x": 0.2551732659339905,
        "y": 0.623909592628479,
        "z": 0.12799234688282013
    },
    "right_heel": {
        "x": 0.261073499917984,
        "y": 0.6309288740158081,
        "z": 0.025903772562742233
    },
    "left_foot_index": {
        "x": 0.27596473693847656,
        "y": 0.6280829906463623,
        "z": 0.08979994058609009
    },
    "right_foot_index": {
        "x": 0.28676313161849976,
        "y": 0.6358124017715454,
        "z": -0.013450417667627335
    }
}