{
    "nose": {
        "x": 0.3158889412879944,
        "y": 0.2919729948043823,
        "z": -0.39408665895462036
    },
    "left_eye_inner": {
        "x": 0.320156455039978,
        "y": 0.2839517593383789,
        "z": -0.38731783628463745
    },
    "left_eye": {
        "x": 0.32113882899284363,
        "y": 0.28295624256134033,
        "z": -0.387338250875473
    },
    "left_eye_outer": {
        "x": 0.3217417895793915,
        "y": 0.28256431221961975,
        "z": -0.38740864396095276
    },
    "right_eye_inner": {
        "x": 0.31661033630371094,
        "y": 0.28282850980758667,
        "z": -0.404929518699646
    },
    "right_eye": {
        "x": 0.3149290978908539,
        "y": 0.28179460763931274,
        "z": -0.4050392508506775
    },
    "right_eye_outer": {
        "x": 0.3131285309791565,
        "y": 0.2807397246360779,
        "z": -0.40513312816619873
    },
    "left_ear": {
        "x": 0.31760457158088684,
        "y": 0.27808335423469543,
        "z": -0.3102509379386902
    },
    "right_ear": {
        "x": 0.3067317008972168,
        "y": 0.2746557891368866,
        "z": -0.3898608386516571
    },
    "mouth_left": {
        "x": 0.3133443593978882,
        "y": 0.29647311568260193,
        "z": -0.3601060211658478
    },
    "mouth_right": {
        "x": 0.30926284193992615,
        "y": 0.2948388457298279,
        "z": -0.38350868225097656
    },
    "left_shoulder": {
        "x": 0.31627076864242554,
        "y": 0.29356512427330017,
        "z": -0.1989182084798813
    },
    "right_shoulder": {
        "x": 0.2709597647190094,
        "y": 0.30519458651542664,
        "z": -0.3309238851070404
    },
    "left_elbow": {
        "x": 0.3087425231933594,
        "y": 0.3600216209888458,
        "z": -0.10955831408500671
    },
    "right_elbow": {
        "x": 0.2595750093460083,
        "y": 0.40448322892189026,
        "z": -0.3139231503009796
    },
    "left_wrist": {
        "x": 0.3170657753944397,
        "y": 0.41820743680000305,
        "z": -0.10209687054157257
    },
    "right_wrist": {
        "x": 0.2657383382320404,
        "y": 0.4825395345687866,
        "z": -0.3059566020965576
    },
    "left_pinky": {
        "x": 0.3171236217021942,
        "y": 0.43928396701812744,
        "z": -0.1030818447470665
    },
    "right_pinky": {
        "x": 0.25672850012779236,
        "y": 0.5072676539421082,
        "z": -0.32363077998161316
    },
    "left_index": {
        "x": 0.3164190649986267,
        "y": 0.4395294189453125,
        "z": -0.12619124352931976
    },
    "right_index": {
        "x": 0.26422494649887085,
        "y": 0.508056640625,
        "z": -0.3391396701335907
    },
    "left_thumb": {
        "x": 0.3148825764656067,
        "y": 0.4322570562362671,
        "z": -0.11071211844682693
    },
    "right_thumb": {
        "x": 0.2717593312263489,
        "y": 0.4975989758968353,
        "z": -0.31086084246635437
    },
    "left_hip": {
        "x": 0.2944728136062622,
        "y": 0.40649059414863586,
        "z": 0.0321846567094326
    },
    "right_hip": {
        "x": 0.2589837312698364,
        "y": 0.43264058232307434,
        "z": -0.03198682889342308
    },
    "left_knee": {
        "x": 0.3312724828720093,
        "y": 0.48470863699913025,
        "z": -0.03408302739262581
    },
    "right_knee": {
        "x": 0.27721720933914185,
        "y": 0.5530863404273987,
        "z": -0.04811619222164154
    },
    "left_ankle": {
        "x": 0.38762015104293823,
        "y": 0.5353776216506958,
        "z": 0.009003126993775368
    },
    "right_ankle": {
        "x": 0.28025493025779724,
        "y": 0.6575538516044617,
        "z": 0.05006740614771843
    },
    "left_heel": {
        "x": 0.39143484830856323,
        "y": 0.5516213774681091,
        "z": 0.009008793160319328
    },
    "right_heel": {
        "x": 0.2811027467250824,
        "y": 0.6732890605926514,
        "z": 0.05347707122564316
    },
    "left_foot_index": {
        "x": 0.41535767912864685,
        "y": 0.5383621454238892,
        "z": -0.0650758221745491
    },
    "right_foot_index": {
        "x": 0.2831193506717682,
        "y": 0.6918368935585022,
        "z": -0.0400354228913784
    }
}