{
    "nose": {
        "x": 0.3184545040130615,
        "y": 0.27774402499198914,
        "z": -0.004112375434488058
    },
    "left_eye_inner": {
        "x": 0.3221959173679352,
        "y": 0.2706727385520935,
        "z": 0.0033781665842980146
    },
    "left_eye": {
        "x": 0.3220667243003845,
        "y": 0.2702297568321228,
        "z": 0.0033206918742507696
    },
    "left_eye_outer": {
        "x": 0.32189619541168213,
        "y": 0.26964521408081055,
        "z": 0.0032682311721146107
    },
    "right_eye_inner": {
        "x": 0.3221046030521393,
        "y": 0.2696434557437897,
        "z": -0.01841471903026104
    },
    "right_eye": {
        "x": 0.32186368107795715,
        "y": 0.26871150732040405,
        "z": -0.018411783501505852
    },
    "right_eye_outer": {
        "x": 0.3215419054031372,
        "y": 0.2677218019962311,
        "z": -0.018491366878151894
    },
    "left_ear": {
        "x": 0.3172951936721802,
        "y": 0.2640397548675537,
        "z": 0.044462405145168304
    },
    "right_ear": {
        "x": 0.3165263533592224,
        "y": 0.2615673542022705,
        "z": -0.05429992824792862
    },
    "mouth_left": {
        "x": 0.3129872679710388,
        "y": 0.28066104650497437,
        "z": 0.013799010775983334
    },
    "mouth_right": {
        "x": 0.31270039081573486,
        "y": 0.27879974246025085,
        "z": -0.014971030876040459
    },
    "left_shoulder": {
        "x": 0.2956174612045288,
        "y": 0.290127694606781,
        "z": 0.1070704534649849
    },
    "right_shoulder": {
        "x": 0.2868208587169647,
        "y": 0.266183078289032,
        "z": -0.10142622888088226
    },
    "left_elbow": {
        "x": 0.28419485688209534,
        "y": 0.35327503085136414,
        "z": 0.13431060314178467
    },
    "right_elbow": {
        "x": 0.26457107067108154,
        "y": 0.33335310220718384,
        "z": -0.13196265697479248
    },
    "left_wrist": {
        "x": 0.285906583070755,
        "y": 0.39784330129623413,
        "z": 0.08738227933645248
    },
    "right_wrist": {
        "x": 0.26854631304740906,
        "y": 0.40176233649253845,
        "z": -0.1283600628376007
    },
    "left_pinky": {
        "x": 0.284614235162735,
        "y": 0.41584834456443787,
        "z": 0.08484139293432236
    },
    "right_pinky": {
        "x": 0.26541173458099365,
        "y": 0.42106199264526367,
        "z": -0.14534790813922882
    },
    "left_index": {
        "x": 0.28682082891464233,
        "y": 0.4123595058917999,
        "z": 0.06883029639720917
    },
    "right_index": {
        "x": 0.27107805013656616,
        "y": 0.4261336028575897,
        "z": -0.13986939191818237
    },
    "left_thumb": {
        "x": 0.28735944628715515,
        "y": 0.40527868270874023,
        "z": 0.07815459370613098
    },
    "right_thumb": {
        "x": 0.2716940939426422,
        "y": 0.41789668798446655,
        "z": -0.1255967617034912
    },
    "left_hip": {
        "x": 0.2652588188648224,
        "y": 0.40709829330444336,
        "z": 0.062031377106904984
    },
    "right_hip": {
        "x": 0.2505759596824646,
        "y": 0.4076504409313202,
        "z": -0.06182212382555008
    },
    "left_knee": {
        "x": 0.28792890906333923,
        "y": 0.5265251994132996,
        "z": 0.019617583602666855
    },
    "right_knee": {
        "x": 0.26108643412590027,
        "y": 0.5237098932266235,
        "z": -0.07530061155557632
    },
    "left_ankle": {
        "x": 0.30556467175483704,
        "y": 0.6231227517127991,
        "z": 0.04900498315691948
    },
    "right_ankle": {
        "x": 0.277900755405426,
        "y": 0.6196548342704773,
        "z": -0.039460256695747375
    },
    "left_heel": {
        "x": 0.30242833495140076,
        "y": 0.6402718424797058,
        "z": 0.04869677498936653
    },
    "right_heel": {
        "x": 0.27286598086357117,
        "y": 0.6322041153907776,
        "z": -0.03868012875318527
    },
    "left_foot_index": {
        "x": 0.32889825105667114,
        "y": 0.6477980017662048,
        "z": 0.002613733522593975
    },
    "right_foot_index": {
        "x": 0.3027031719684601,
        "y": 0.6525794267654419,
        "z": -0.09367026388645172
    }
}