{
    "nose": {
        "x": 0.26948264241218567,
        "y": 0.2882877588272095,
        "z": -0.1997353434562683
    },
    "left_eye_inner": {
        "x": 0.27000513672828674,
        "y": 0.27941691875457764,
        "z": -0.20221735537052155
    },
    "left_eye": {
        "x": 0.26948943734169006,
        "y": 0.27858811616897583,
        "z": -0.20224402844905853
    },
    "left_eye_outer": {
        "x": 0.26885247230529785,
        "y": 0.2776050567626953,
        "z": -0.20229001343250275
    },
    "right_eye_inner": {
        "x": 0.2699267566204071,
        "y": 0.27949076890945435,
        "z": -0.21855778992176056
    },
    "right_eye": {
        "x": 0.2695026695728302,
        "y": 0.2784350514411926,
        "z": -0.2185966521501541
    },
    "right_eye_outer": {
        "x": 0.26894909143447876,
        "y": 0.2776527404785156,
        "z": -0.21863681077957153
    },
    "left_ear": {
        "x": 0.26264116168022156,
        "y": 0.27262040972709656,
        "z": -0.16833113133907318
    },
    "right_ear": {
        "x": 0.2633112072944641,
        "y": 0.2730503976345062,
        "z": -0.24296383559703827
    },
    "mouth_left": {
        "x": 0.26517221331596375,
        "y": 0.29287052154541016,
        "z": -0.1799613982439041
    },
    "mouth_right": {
        "x": 0.264566034078598,
        "y": 0.2931312918663025,
        "z": -0.2018924504518509
    },
    "left_shoulder": {
        "x": 0.2410239279270172,
        "y": 0.28232479095458984,
        "z": -0.09565476328134537
    },
    "right_shoulder": {
        "x": 0.2293817400932312,
        "y": 0.285474956035614,
        "z": -0.2179444432258606
    },
    "left_elbow": {
        "x": 0.2681909501552582,
        "y": 0.3344711661338806,
        "z": -0.03141852095723152
    },
    "right_elbow": {
        "x": 0.24520692229270935,
        "y": 0.3626941740512848,
        "z": -0.20459499955177307
    },
    "left_wrist": {
        "x": 0.28926965594291687,
        "y": 0.38378089666366577,
        "z": -0.04930053651332855
    },
    "right_wrist": {
        "x": 0.28120389580726624,
        "y": 0.4037146270275116,
        "z": -0.1998806893825531
    },
    "left_pinky": {
        "x": 0.29437926411628723,
        "y": 0.3974294662475586,
        "z": -0.057167235761880875
    },
    "right_pinky": {
        "x": 0.29079699516296387,
        "y": 0.4191060960292816,
        "z": -0.21860121190547943
    },
    "left_index": {
        "x": 0.29601722955703735,
        "y": 0.39565134048461914,
        "z": -0.07568158209323883
    },
    "right_index": {
        "x": 0.29249292612075806,
        "y": 0.4118711054325104,
        "z": -0.22691066563129425
    },
    "left_thumb": {
        "x": 0.29345160722732544,
        "y": 0.3925447165966034,
        "z": -0.057331595569849014
    },
    "right_thumb": {
        "x": 0.28852951526641846,
        "y": 0.4060742259025574,
        "z": -0.20234046876430511
    },
    "left_hip": {
        "x": 0.23152966797351837,
        "y": 0.41258561611175537,
        "z": 0.0335833840072155
    },
    "right_hip": {
        "x": 0.22366896271705627,
        "y": 0.4209500849246979,
        "z": -0.03357943147420883
    },
    "left_knee": {
        "x": 0.23512870073318481,
        "y": 0.5130659341812134,
        "z": 0.0833277776837349
    },
    "right_knee": {
        "x": 0.22821466624736786,
        "y": 0.5176741480827332,
        "z": 0.02952805906534195
    },
    "left_ankle": {
        "x": 0.2384050339460373,
        "y": 0.6087161302566528,
        "z": 0.187740758061409
    },
    "right_ankle": {
        "x": 0.22622382640838623,
        "y": 0.6169150471687317,
        "z": 0.1432594656944275
    },
    "left_heel": {
        "x": 0.23443493247032166,
        "y": 0.6249065399169922,
        "z": 0.19550535082817078
    },
    "right_heel": {
        "x": 0.22190064191818237,
        "y": 0.6327405571937561,
        "z": 0.1519361436367035
    },
    "left_foot_index": {
        "x": 0.25329455733299255,
        "y": 0.6263534426689148,
        "z": 0.14463625848293304
    },
    "right_foot_index": {
        "x": 0.2424323856830597,
        "y": 0.6392565369606018,
        "z": 0.09370675683021545
    }
}