{
    "nose": {
        "x": 0.2860279381275177,
        "y": 0.2790578007698059,
        "z": -0.07788221538066864
    },
    "left_eye_inner": {
        "x": 0.2890731394290924,
        "y": 0.2697242796421051,
        "z": -0.07580778747797012
    },
    "left_eye": {
        "x": 0.28862085938453674,
        "y": 0.26907193660736084,
        "z": -0.07580717653036118
    },
    "left_eye_outer": {
        "x": 0.28808993101119995,
        "y": 0.2681179642677307,
        "z": -0.07581073045730591
    },
    "right_eye_inner": {
        "x": 0.2893986403942108,
        "y": 0.26941198110580444,
        "z": -0.09827831387519836
    },
    "right_eye": {
        "x": 0.2891302704811096,
        "y": 0.2687857747077942,
        "z": -0.0982808992266655
    },
    "right_eye_outer": {
        "x": 0.2887083888053894,
        "y": 0.2679545283317566,
        "z": -0.09834590554237366
    },
    "left_ear": {
        "x": 0.28147435188293457,
        "y": 0.26519155502319336,
        "z": -0.04778452217578888
    },
    "right_ear": {
        "x": 0.28131499886512756,
        "y": 0.2639445662498474,
        "z": -0.15075987577438354
    },
    "mouth_left": {
        "x": 0.2788325846195221,
        "y": 0.282958447933197,
        "z": -0.06318482756614685
    },
    "mouth_right": {
        "x": 0.27881598472595215,
        "y": 0.2819317877292633,
        "z": -0.09324173629283905
    },
    "left_shoulder": {
        "x": 0.25930631160736084,
        "y": 0.28246891498565674,
        "z": -0.000967852771282196
    },
    "right_shoulder": {
        "x": 0.24867196381092072,
        "y": 0.2726852297782898,
        "z": -0.16617712378501892
    },
    "left_elbow": {
        "x": 0.2810407876968384,
        "y": 0.3222499489784241,
        "z": 0.07480315119028091
    },
    "right_elbow": {
        "x": 0.23393289744853973,
        "y": 0.36720383167266846,
        "z": -0.16622720658779144
    },
    "left_wrist": {
        "x": 0.29677462577819824,
        "y": 0.33272823691368103,
        "z": 0.09843410551548004
    },
    "right_wrist": {
        "x": 0.2432776838541031,
        "y": 0.4128270447254181,
        "z": -0.11287859827280045
    },
    "left_pinky": {
        "x": 0.3001774549484253,
        "y": 0.34504514932632446,
        "z": 0.10250560939311981
    },
    "right_pinky": {
        "x": 0.2469339370727539,
        "y": 0.44102832674980164,
        "z": -0.11823561042547226
    },
    "left_index": {
        "x": 0.30180707573890686,
        "y": 0.3419091999530792,
        "z": 0.08967454731464386
    },
    "right_index": {
        "x": 0.24955926835536957,
        "y": 0.43866121768951416,
        "z": -0.12307187914848328
    },
    "left_thumb": {
        "x": 0.30393877625465393,
        "y": 0.34080952405929565,
        "z": 0.09232819825410843
    },
    "right_thumb": {
        "x": 0.24882441759109497,
        "y": 0.43209367990493774,
        "z": -0.11264432221651077
    },
    "left_hip": {
        "x": 0.24159635603427887,
        "y": 0.4289701581001282,
        "z": 0.04717273637652397
    },
    "right_hip": {
        "x": 0.2295835167169571,
        "y": 0.4359789192676544,
        "z": -0.047297075390815735
    },
    "left_knee": {
        "x": 0.24811774492263794,
        "y": 0.5257623195648193,
        "z": 0.11096790432929993
    },
    "right_knee": {
        "x": 0.23298980295658112,
        "y": 0.5352802276611328,
        "z": 0.02494647353887558
    },
    "left_ankle": {
        "x": 0.24592135846614838,
        "y": 0.6318212747573853,
        "z": 0.21626640856266022
    },
    "right_ankle": {
        "x": 0.23569336533546448,
        "y": 0.650547206401825,
        "z": 0.13331791758537292
    },
    "left_heel": {
        "x": 0.24041211605072021,
        "y": 0.646780788898468,
        "z": 0.22486667335033417
    },
    "right_heel": {
        "x": 0.22936922311782837,
        "y": 0.6681258082389832,
        "z": 0.14244888722896576
    },
    "left_foot_index": {
        "x": 0.25976985692977905,
        "y": 0.6636602878570557,
        "z": 0.1857108622789383
    },
    "right_foot_index": {
        "x": 0.2506287097930908,
        "y": 0.6794779300689697,
        "z": 0.09222033619880676
    }
}