{
    "nose": {
        "x": 0.26064565777778625,
        "y": 0.28020498156547546,
        "z": -0.0679362490773201
    },
    "left_eye_inner": {
        "x": 0.26318609714508057,
        "y": 0.2709749639034271,
        "z": -0.06749235093593597
    },
    "left_eye": {
        "x": 0.2628183960914612,
        "y": 0.27002519369125366,
        "z": -0.06750915944576263
    },
    "left_eye_outer": {
        "x": 0.2622784972190857,
        "y": 0.2687534987926483,
        "z": -0.06749124079942703
    },
    "right_eye_inner": {
        "x": 0.26306217908859253,
        "y": 0.2701248824596405,
        "z": -0.08979913592338562
    },
    "right_eye": {
        "x": 0.2626553475856781,
        "y": 0.26898065209388733,
        "z": -0.08977842330932617
    },
    "right_eye_outer": {
        "x": 0.262104868888855,
        "y": 0.2676243484020233,
        "z": -0.08984576910734177
    },
    "left_ear": {
        "x": 0.25551271438598633,
        "y": 0.26220425963401794,
        "z": -0.04185676574707031
    },
    "right_ear": {
        "x": 0.25590455532073975,
        "y": 0.2628753185272217,
        "z": -0.14455918967723846
    },
    "mouth_left": {
        "x": 0.25495725870132446,
        "y": 0.28204652667045593,
        "z": -0.05306645482778549
    },
    "mouth_right": {
        "x": 0.2538820505142212,
        "y": 0.2814550995826721,
        "z": -0.08300480246543884
    },
    "left_shoulder": {
        "x": 0.23113223910331726,
        "y": 0.27795955538749695,
        "z": 0.015898223966360092
    },
    "right_shoulder": {
        "x": 0.2261335700750351,
        "y": 0.2844316363334656,
        "z": -0.16815592348575592
    },
    "left_elbow": {
        "x": 0.24352796375751495,
        "y": 0.3320484161376953,
        "z": 0.06789632141590118
    },
    "right_elbow": {
        "x": 0.2376410812139511,
        "y": 0.3564568758010864,
        "z": -0.16316591203212738
    },
    "left_wrist": {
        "x": 0.26023662090301514,
        "y": 0.4076140522956848,
        "z": 0.05300787091255188
    },
    "right_wrist": {
        "x": 0.25847363471984863,
        "y": 0.4140208065509796,
        "z": -0.10245492309331894
    },
    "left_pinky": {
        "x": 0.2649261951446533,
        "y": 0.4166630506515503,
        "z": 0.05373794957995415
    },
    "right_pinky": {
        "x": 0.2616523802280426,
        "y": 0.428472638130188,
        "z": -0.1073940247297287
    },
    "left_index": {
        "x": 0.2659590542316437,
        "y": 0.4162829518318176,
        "z": 0.041850972920656204
    },
    "right_index": {
        "x": 0.2637067437171936,
        "y": 0.42470642924308777,
        "z": -0.1102258712053299
    },
    "left_thumb": {
        "x": 0.26369407773017883,
        "y": 0.413629949092865,
        "z": 0.0472419373691082
    },
    "right_thumb": {
        "x": 0.26258450746536255,
        "y": 0.4196542203426361,
        "z": -0.10058259963989258
    },
    "left_hip": {
        "x": 0.22001534700393677,
        "y": 0.4216192662715912,
        "z": 0.05688339099287987
    },
    "right_hip": {
        "x": 0.211091086268425,
        "y": 0.43278414011001587,
        "z": -0.05698881298303604
    },
    "left_knee": {
        "x": 0.2268020212650299,
        "y": 0.5025901198387146,
        "z": 0.09577205032110214
    },
    "right_knee": {
        "x": 0.21801361441612244,
        "y": 0.5254198908805847,
        "z": -0.03481144458055496
    },
    "left_ankle": {
        "x": 0.22356033325195312,
        "y": 0.6204158067703247,
        "z": 0.16841307282447815
    },
    "right_ankle": {
        "x": 0.20518508553504944,
        "y": 0.6398563385009766,
        "z": 0.053909312933683395
    },
    "left_heel": {
        "x": 0.2177904099225998,
        "y": 0.6397334933280945,
        "z": 0.17299209535121918
    },
    "right_heel": {
        "x": 0.19607137143611908,
        "y": 0.6566727757453918,
        "z": 0.06171657517552376
    },
    "left_foot_index": {
        "x": 0.24135848879814148,
        "y": 0.6490736603736877,
        "z": 0.14478608965873718
    },
    "right_foot_index": {
        "x": 0.22224636375904083,
        "y": 0.6747900247573853,
        "z": 0.019935036078095436
    }
}