{
    "nose": {
        "x": 0.557528018951416,
        "y": 0.338399201631546,
        "z": 0.006204530131071806
    },
    "left_eye_inner": {
        "x": 0.5575729012489319,
        "y": 0.32689225673675537,
        "z": -0.02579309232532978
    },
    "left_eye": {
        "x": 0.5557692646980286,
        "y": 0.3273218870162964,
        "z": -0.025819741189479828
    },
    "left_eye_outer": {
        "x": 0.5537036061286926,
        "y": 0.32798466086387634,
        "z": -0.025860818102955818
    },
    "right_eye_inner": {
        "x": 0.5633699297904968,
        "y": 0.32677432894706726,
        "z": -0.015973104164004326
    },
    "right_eye": {
        "x": 0.5658435225486755,
        "y": 0.32717326283454895,
        "z": -0.01596803404390812
    },
    "right_eye_outer": {
        "x": 0.5683588981628418,
        "y": 0.3280462324619293,
        "z": -0.016073161736130714
    },
    "left_ear": {
        "x": 0.5533612966537476,
        "y": 0.3366753160953522,
        "z": -0.12593655288219452
    },
    "right_ear": {
        "x": 0.5761422514915466,
        "y": 0.3387075364589691,
        "z": -0.08271052688360214
    },
    "mouth_left": {
        "x": 0.5542576313018799,
        "y": 0.35262542963027954,
        "z": -0.023456545546650887
    },
    "mouth_right": {
        "x": 0.5611177086830139,
        "y": 0.352916419506073,
        "z": -0.010803865268826485
    },
    "left_shoulder": {
        "x": 0.5186659097671509,
        "y": 0.4191098213195801,
        "z": -0.163108229637146
    },
    "right_shoulder": {
        "x": 0.6091512441635132,
        "y": 0.43440258502960205,
        "z": -0.09033636003732681
    },
    "left_elbow": {
        "x": 0.4962884783744812,
        "y": 0.5313005447387695,
        "z": -0.15304015576839447
    },
    "right_elbow": {
        "x": 0.6127021908760071,
        "y": 0.5589725375175476,
        "z": -0.04758743941783905
    },
    "left_wrist": {
        "x": 0.48557013273239136,
        "y": 0.6273571252822876,
        "z": -0.08891314268112183
    },
    "right_wrist": {
        "x": 0.5976644158363342,
        "y": 0.6266613602638245,
        "z": 0.03385258838534355
    },
    "left_pinky": {
        "x": 0.4774635434150696,
        "y": 0.6512582898139954,
        "z": -0.0961710512638092
    },
    "right_pinky": {
        "x": 0.5919891595840454,
        "y": 0.6501857042312622,
        "z": 0.04073580726981163
    },
    "left_index": {
        "x": 0.4828355014324188,
        "y": 0.6512066125869751,
        "z": -0.0972629263997078
    },
    "right_index": {
        "x": 0.5853186249732971,
        "y": 0.6443876028060913,
        "z": 0.03234640881419182
    },
    "left_thumb": {
        "x": 0.4878558814525604,
        "y": 0.64284747838974,
        "z": -0.08849705010652542
    },
    "right_thumb": {
        "x": 0.584608793258667,
        "y": 0.635915994644165,
        "z": 0.03166851028800011
    },
    "left_hip": {
        "x": 0.5263716578483582,
        "y": 0.6254118084907532,
        "z": -0.02035156637430191
    },
    "right_hip": {
        "x": 0.5707374811172485,
        "y": 0.6361329555511475,
        "z": 0.020178325474262238
    },
    "left_knee": {
        "x": 0.5020146369934082,
        "y": 0.7562172412872314,
        "z": 0.13580313324928284
    },
    "right_knee": {
        "x": 0.5545902848243713,
        "y": 0.7691255807876587,
        "z": 0.1766776144504547
    },
    "left_ankle": {
        "x": 0.4874788522720337,
        "y": 0.8728173971176147,
        "z": 0.2829360067844391
    },
    "right_ankle": {
        "x": 0.5402703881263733,
        "y": 0.8972281217575073,
        "z": 0.3115510046482086
    },
    "left_heel": {
        "x": 0.4877810776233673,
        "y": 0.8980987668037415,
        "z": 0.29666590690612793
    },
    "right_heel": {
        "x": 0.5367500185966492,
        "y": 0.9233825206756592,
        "z": 0.32543087005615234
    },
    "left_foot_index": {
        "x": 0.47967010736465454,
        "y": 0.8644798994064331,
        "z": 0.2883816957473755
    },
    "right_foot_index": {
        "x": 0.5428593754768372,
        "y": 0.8922075033187866,
        "z": 0.3150298297405243
    }
}