{
    "nose": {
        "x": 0.555080771446228,
        "y": 0.35170140862464905,
        "z": 0.0858788713812828
    },
    "left_eye_inner": {
        "x": 0.5534236431121826,
        "y": 0.34035125374794006,
        "z": 0.052855804562568665
    },
    "left_eye": {
        "x": 0.5508657097816467,
        "y": 0.34096774458885193,
        "z": 0.05282708257436752
    },
    "left_eye_outer": {
        "x": 0.5482398867607117,
        "y": 0.3419278562068939,
        "z": 0.05276684835553169
    },
    "right_eye_inner": {
        "x": 0.5623294115066528,
        "y": 0.3405800461769104,
        "z": 0.059588029980659485
    },
    "right_eye": {
        "x": 0.565689742565155,
        "y": 0.34119662642478943,
        "z": 0.05960140377283096
    },
    "right_eye_outer": {
        "x": 0.5691779255867004,
        "y": 0.3420901298522949,
        "z": 0.05949900299310684
    },
    "left_ear": {
        "x": 0.5466280579566956,
        "y": 0.35208362340927124,
        "z": -0.062161315232515335
    },
    "right_ear": {
        "x": 0.575032114982605,
        "y": 0.3525620400905609,
        "z": -0.0339009165763855
    },
    "mouth_left": {
        "x": 0.5508465766906738,
        "y": 0.36622464656829834,
        "z": 0.05056953430175781
    },
    "mouth_right": {
        "x": 0.5597125291824341,
        "y": 0.3653591275215149,
        "z": 0.05880783870816231
    },
    "left_shoulder": {
        "x": 0.5116192698478699,
        "y": 0.44160139560699463,
        "z": -0.11095988005399704
    },
    "right_shoulder": {
        "x": 0.6093740463256836,
        "y": 0.4495064616203308,
        "z": -0.06407521665096283
    },
    "left_elbow": {
        "x": 0.48620423674583435,
        "y": 0.5560095906257629,
        "z": -0.10628204047679901
    },
    "right_elbow": {
        "x": 0.6151663064956665,
        "y": 0.5732009410858154,
        "z": -0.0321839302778244
    },
    "left_wrist": {
        "x": 0.48156794905662537,
        "y": 0.6575897932052612,
        "z": -0.05135495960712433
    },
    "right_wrist": {
        "x": 0.6043449640274048,
        "y": 0.6632897257804871,
        "z": 0.04351519048213959
    },
    "left_pinky": {
        "x": 0.4761718511581421,
        "y": 0.6836610436439514,
        "z": -0.050881192088127136
    },
    "right_pinky": {
        "x": 0.6026251912117004,
        "y": 0.6910213828086853,
        "z": 0.051910724490880966
    },
    "left_index": {
        "x": 0.4831281304359436,
        "y": 0.6812867522239685,
        "z": -0.0520203560590744
    },
    "right_index": {
        "x": 0.5951717495918274,
        "y": 0.6887301206588745,
        "z": 0.05231513828039169
    },
    "left_thumb": {
        "x": 0.4866749942302704,
        "y": 0.6737062335014343,
        "z": -0.05032048374414444
    },
    "right_thumb": {
        "x": 0.5930922627449036,
        "y": 0.6792899370193481,
        "z": 0.044701121747493744
    },
    "left_hip": {
        "x": 0.524848461151123,
        "y": 0.6642133593559265,
        "z": -0.030215704813599586
    },
    "right_hip": {
        "x": 0.5692876577377319,
        "y": 0.668471097946167,
        "z": 0.03004315122961998
    },
    "left_knee": {
        "x": 0.50298672914505,
        "y": 0.819229006767273,
        "z": 0.059298690408468246
    },
    "right_knee": {
        "x": 0.556549072265625,
        "y": 0.8007280826568604,
        "z": 0.1866329312324524
    },
    "left_ankle": {
        "x": 0.510890007019043,
        "y": 0.9701530933380127,
        "z": 0.15292122960090637
    },
    "right_ankle": {
        "x": 0.5337867736816406,
        "y": 0.9120701551437378,
        "z": 0.32666027545928955
    },
    "left_heel": {
        "x": 0.5133440494537354,
        "y": 0.9873477816581726,
        "z": 0.16099022328853607
    },
    "right_heel": {
        "x": 0.5309079885482788,
        "y": 0.9323530197143555,
        "z": 0.3414047658443451
    },
    "left_foot_index": {
        "x": 0.4947948157787323,
        "y": 0.9745075702667236,
        "z": 0.14108018577098846
    },
    "right_foot_index": {
        "x": 0.5202183127403259,
        "y": 0.9177792072296143,
        "z": 0.342753529548645
    }
}