{
    "nose": {
        "x": 0.7515701055526733,
        "y": 0.6195660829544067,
        "z": 0.2502661645412445
    },
    "left_eye_inner": {
        "x": 0.7548829913139343,
        "y": 0.6224159598350525,
        "z": 0.2542076110839844
    },
    "left_eye": {
        "x": 0.7552486658096313,
        "y": 0.6239343285560608,
        "z": 0.2541741132736206
    },
    "left_eye_outer": {
        "x": 0.7555299401283264,
        "y": 0.6254950165748596,
        "z": 0.25408726930618286
    },
    "right_eye_inner": {
        "x": 0.7535163164138794,
        "y": 0.6188830733299255,
        "z": 0.26467904448509216
    },
    "right_eye": {
        "x": 0.7529693841934204,
        "y": 0.6179329752922058,
        "z": 0.2647034525871277
    },
    "right_eye_outer": {
        "x": 0.7524092793464661,
        "y": 0.6170985102653503,
        "z": 0.2646556496620178
    },
    "left_ear": {
        "x": 0.7534683346748352,
        "y": 0.6285817623138428,
        "z": 0.25045299530029297
    },
    "right_ear": {
        "x": 0.7493348717689514,
        "y": 0.6170120239257812,
        "z": 0.3005926012992859
    },
    "mouth_left": {
        "x": 0.7548624277114868,
        "y": 0.6281223297119141,
        "z": 0.24688725173473358
    },
    "mouth_right": {
        "x": 0.7469685077667236,
        "y": 0.6175507307052612,
        "z": 0.2609010338783264
    },
    "left_shoulder": {
        "x": 0.747610330581665,
        "y": 0.6351415514945984,
        "z": 0.15608929097652435
    },
    "right_shoulder": {
        "x": 0.7317565679550171,
        "y": 0.6267921328544617,
        "z": 0.29606887698173523
    },
    "left_elbow": {
        "x": 0.7609306573867798,
        "y": 0.6742563247680664,
        "z": 0.04148559272289276
    },
    "right_elbow": {
        "x": 0.7289851903915405,
        "y": 0.6326269507408142,
        "z": 0.33163052797317505
    },
    "left_wrist": {
        "x": 0.7643528580665588,
        "y": 0.6871858835220337,
        "z": -0.05347415432333946
    },
    "right_wrist": {
        "x": 0.7461050152778625,
        "y": 0.6408960819244385,
        "z": 0.36499249935150146
    },
    "left_pinky": {
        "x": 0.7719098925590515,
        "y": 0.6810333132743835,
        "z": -0.0744919627904892
    },
    "right_pinky": {
        "x": 0.7505775690078735,
        "y": 0.6468381881713867,
        "z": 0.3742646276950836
    },
    "left_index": {
        "x": 0.7725841999053955,
        "y": 0.678032636642456,
        "z": -0.0632530152797699
    },
    "right_index": {
        "x": 0.7531530261039734,
        "y": 0.6432786583900452,
        "z": 0.37072739005088806
    },
    "left_thumb": {
        "x": 0.7717322707176208,
        "y": 0.6763349175453186,
        "z": -0.05069039762020111
    },
    "right_thumb": {
        "x": 0.7522884607315063,
        "y": 0.6407172083854675,
        "z": 0.36402103304862976
    },
    "left_hip": {
        "x": 0.6730577349662781,
        "y": 0.6532508134841919,
        "z": -0.05266435071825981
    },
    "right_hip": {
        "x": 0.6720158457756042,
        "y": 0.6642013788223267,
        "z": 0.05261578410863876
    },
    "left_knee": {
        "x": 0.6092709302902222,
        "y": 0.7238996028900146,
        "z": -0.10886455327272415
    },
    "right_knee": {
        "x": 0.6510840654373169,
        "y": 0.7256640195846558,
        "z": 0.06436365097761154
    },
    "left_ankle": {
        "x": 0.5388825535774231,
        "y": 0.8267731070518494,
        "z": -0.20288962125778198
    },
    "right_ankle": {
        "x": 0.6375321745872498,
        "y": 0.7987139821052551,
        "z": 0.04546670988202095
    },
    "left_heel": {
        "x": 0.5290355682373047,
        "y": 0.858005702495575,
        "z": -0.2128347009420395
    },
    "right_heel": {
        "x": 0.6329332590103149,
        "y": 0.8061789274215698,
        "z": 0.04278121516108513
    },
    "left_foot_index": {
        "x": 0.5174731016159058,
        "y": 0.7979236245155334,
        "z": -0.27385103702545166
    },
    "right_foot_index": {
        "x": 0.6254583597183228,
        "y": 0.8239774703979492,
        "z": 0.02944348379969597
    }
}