{
    "nose": {
        "x": 0.7231353521347046,
        "y": 0.5026223063468933,
        "z": 0.21165424585342407
    },
    "left_eye_inner": {
        "x": 0.7225396633148193,
        "y": 0.49580827355384827,
        "z": 0.19201074540615082
    },
    "left_eye": {
        "x": 0.7208449840545654,
        "y": 0.4940904974937439,
        "z": 0.1920325607061386
    },
    "left_eye_outer": {
        "x": 0.7190107107162476,
        "y": 0.49219757318496704,
        "z": 0.19200406968593597
    },
    "right_eye_inner": {
        "x": 0.7268046736717224,
        "y": 0.5000200867652893,
        "z": 0.19485977292060852
    },
    "right_eye": {
        "x": 0.7280635833740234,
        "y": 0.5012996196746826,
        "z": 0.19485586881637573
    },
    "right_eye_outer": {
        "x": 0.7292907238006592,
        "y": 0.5025575160980225,
        "z": 0.19480033218860626
    },
    "left_ear": {
        "x": 0.7158766388893127,
        "y": 0.4915865659713745,
        "z": 0.11899373680353165
    },
    "right_ear": {
        "x": 0.7303381562232971,
        "y": 0.5075992941856384,
        "z": 0.13162676990032196
    },
    "mouth_left": {
        "x": 0.7195337414741516,
        "y": 0.5057262182235718,
        "z": 0.18938879668712616
    },
    "mouth_right": {
        "x": 0.7242549061775208,
        "y": 0.5105829238891602,
        "z": 0.1923682987689972
    },
    "left_shoulder": {
        "x": 0.687967836856842,
        "y": 0.5027629137039185,
        "z": 0.0806499794125557
    },
    "right_shoulder": {
        "x": 0.7378912568092346,
        "y": 0.5560495853424072,
        "z": 0.10161491483449936
    },
    "left_elbow": {
        "x": 0.6830470561981201,
        "y": 0.5086027979850769,
        "z": 0.19043895602226257
    },
    "right_elbow": {
        "x": 0.7598469257354736,
        "y": 0.6043248772621155,
        "z": 0.16411061584949493
    },
    "left_wrist": {
        "x": 0.7067246437072754,
        "y": 0.5025594830513,
        "z": 0.32832154631614685
    },
    "right_wrist": {
        "x": 0.7701162099838257,
        "y": 0.5831725001335144,
        "z": 0.2601412534713745
    },
    "left_pinky": {
        "x": 0.7085973620414734,
        "y": 0.5006868839263916,
        "z": 0.34484919905662537
    },
    "right_pinky": {
        "x": 0.7759945392608643,
        "y": 0.5758013129234314,
        "z": 0.27373918890953064
    },
    "left_index": {
        "x": 0.7135843634605408,
        "y": 0.5006470680236816,
        "z": 0.3412152826786041
    },
    "right_index": {
        "x": 0.773911714553833,
        "y": 0.5688782334327698,
        "z": 0.27171751856803894
    },
    "left_thumb": {
        "x": 0.7134840488433838,
        "y": 0.5036956071853638,
        "z": 0.33163997530937195
    },
    "right_thumb": {
        "x": 0.7701159119606018,
        "y": 0.5727807283401489,
        "z": 0.2634364068508148
    },
    "left_hip": {
        "x": 0.6477563977241516,
        "y": 0.6557071805000305,
        "z": -0.027974698692560196
    },
    "right_hip": {
        "x": 0.6790583729743958,
        "y": 0.6810808181762695,
        "z": 0.02774329110980034
    },
    "left_knee": {
        "x": 0.5930848717689514,
        "y": 0.7455301880836487,
        "z": -0.10463589429855347
    },
    "right_knee": {
        "x": 0.6537045240402222,
        "y": 0.7222546935081482,
        "z": 0.1673119217157364
    },
    "left_ankle": {
        "x": 0.5375151038169861,
        "y": 0.8412942886352539,
        "z": -0.18681877851486206
    },
    "right_ankle": {
        "x": 0.63447505235672,
        "y": 0.8149091601371765,
        "z": 0.2456682324409485
    },
    "left_heel": {
        "x": 0.5320615768432617,
        "y": 0.8663502931594849,
        "z": -0.19339515268802643
    },
    "right_heel": {
        "x": 0.6332476139068604,
        "y": 0.8355116248130798,
        "z": 0.255109578371048
    },
    "left_foot_index": {
        "x": 0.513239324092865,
        "y": 0.8133596777915955,
        "z": -0.23366738855838776
    },
    "right_foot_index": {
        "x": 0.632428765296936,
        "y": 0.8254885077476501,
        "z": 0.2625275254249573
    }
}