{
    "nose": {
        "x": 0.36319565773010254,
        "y": 0.6417542695999146,
        "z": -0.16322484612464905
    },
    "left_eye_inner": {
        "x": 0.36115118861198425,
        "y": 0.6497863531112671,
        "z": -0.1856917440891266
    },
    "left_eye": {
        "x": 0.3631156086921692,
        "y": 0.6538925170898438,
        "z": -0.18564626574516296
    },
    "left_eye_outer": {
        "x": 0.3653325140476227,
        "y": 0.6588134765625,
        "z": -0.18563547730445862
    },
    "right_eye_inner": {
        "x": 0.3573441207408905,
        "y": 0.6387503743171692,
        "z": -0.1796783208847046
    },
    "right_eye": {
        "x": 0.35672906041145325,
        "y": 0.63539719581604,
        "z": -0.17977912724018097
    },
    "right_eye_outer": {
        "x": 0.3560083508491516,
        "y": 0.6318640112876892,
        "z": -0.1798345446586609
    },
    "left_ear": {
        "x": 0.37521466612815857,
        "y": 0.6589617133140564,
        "z": -0.22370420396327972
    },
    "right_ear": {
        "x": 0.36382392048835754,
        "y": 0.6222348809242249,
        "z": -0.19751228392124176
    },
    "mouth_left": {
        "x": 0.37105002999305725,
        "y": 0.6481080651283264,
        "z": -0.1695745438337326
    },
    "mouth_right": {
        "x": 0.3683340549468994,
        "y": 0.6384077668190002,
        "z": -0.16206037998199463
    },
    "left_shoulder": {
        "x": 0.4141412675380707,
        "y": 0.6804873943328857,
        "z": -0.19742745161056519
    },
    "right_shoulder": {
        "x": 0.39160212874412537,
        "y": 0.576651394367218,
        "z": -0.14474879205226898
    },
    "left_elbow": {
        "x": 0.4175397455692291,
        "y": 0.7591487765312195,
        "z": -0.1024114191532135
    },
    "right_elbow": {
        "x": 0.4148309826850891,
        "y": 0.5828449130058289,
        "z": -0.008038121275603771
    },
    "left_wrist": {
        "x": 0.37101414799690247,
        "y": 0.7498595714569092,
        "z": -0.014550688676536083
    },
    "right_wrist": {
        "x": 0.39528942108154297,
        "y": 0.5985254645347595,
        "z": 0.11739352345466614
    },
    "left_pinky": {
        "x": 0.36195677518844604,
        "y": 0.7649776339530945,
        "z": -0.027518359944224358
    },
    "right_pinky": {
        "x": 0.394661545753479,
        "y": 0.5898568034172058,
        "z": 0.12529905140399933
    },
    "left_index": {
        "x": 0.36068907380104065,
        "y": 0.7562919855117798,
        "z": -0.04350424185395241
    },
    "right_index": {
        "x": 0.39267945289611816,
        "y": 0.5979095697402954,
        "z": 0.1003144234418869
    },
    "left_thumb": {
        "x": 0.3643263876438141,
        "y": 0.7493778467178345,
        "z": -0.01991887390613556
    },
    "right_thumb": {
        "x": 0.39364778995513916,
        "y": 0.6057214140892029,
        "z": 0.11113683879375458
    },
    "left_hip": {
        "x": 0.49009281396865845,
        "y": 0.6251689791679382,
        "z": -0.008200482465326786
    },
    "right_hip": {
        "x": 0.4706248939037323,
        "y": 0.5700219869613647,
        "z": 0.008137938566505909
    },
    "left_knee": {
        "x": 0.45648080110549927,
        "y": 0.7048015594482422,
        "z": 0.06497789919376373
    },
    "right_knee": {
        "x": 0.40415728092193604,
        "y": 0.5728237628936768,
        "z": 0.11586091667413712
    },
    "left_ankle": {
        "x": 0.4534490704536438,
        "y": 0.6897508502006531,
        "z": 0.2767680585384369
    },
    "right_ankle": {
        "x": 0.44778215885162354,
        "y": 0.5846142172813416,
        "z": 0.3083241283893585
    },
    "left_heel": {
        "x": 0.45557916164398193,
        "y": 0.6819956302642822,
        "z": 0.3009754717350006
    },
    "right_heel": {
        "x": 0.4582066237926483,
        "y": 0.5843097567558289,
        "z": 0.3301352262496948
    },
    "left_foot_index": {
        "x": 0.4412018954753876,
        "y": 0.7044782638549805,
        "z": 0.3262742757797241
    },
    "right_foot_index": {
        "x": 0.44888606667518616,
        "y": 0.5981902480125427,
        "z": 0.36162063479423523
    }
}