{
    "nose": {
        "x": 0.3308280110359192,
        "y": 0.9376506805419922,
        "z": -0.21468184888362885
    },
    "left_eye_inner": {
        "x": 0.32620468735694885,
        "y": 0.949207067489624,
        "z": -0.21471737325191498
    },
    "left_eye": {
        "x": 0.3263106644153595,
        "y": 0.9505190253257751,
        "z": -0.2147393822669983
    },
    "left_eye_outer": {
        "x": 0.3265138268470764,
        "y": 0.9522409439086914,
        "z": -0.21474331617355347
    },
    "right_eye_inner": {
        "x": 0.32686856389045715,
        "y": 0.9479789733886719,
        "z": -0.239274799823761
    },
    "right_eye": {
        "x": 0.3273390829563141,
        "y": 0.949020504951477,
        "z": -0.23930224776268005
    },
    "right_eye_outer": {
        "x": 0.3280225992202759,
        "y": 0.9501553773880005,
        "z": -0.2393554449081421
    },
    "left_ear": {
        "x": 0.3346174955368042,
        "y": 0.9649488925933838,
        "z": -0.17785683274269104
    },
    "right_ear": {
        "x": 0.3355896472930908,
        "y": 0.9592406153678894,
        "z": -0.28982484340667725
    },
    "mouth_left": {
        "x": 0.3399115800857544,
        "y": 0.9352622628211975,
        "z": -0.1940784901380539
    },
    "mouth_right": {
        "x": 0.34067976474761963,
        "y": 0.9347509741783142,
        "z": -0.2269422858953476
    },
    "left_shoulder": {
        "x": 0.38543519377708435,
        "y": 0.9880958199501038,
        "z": -0.07906723022460938
    },
    "right_shoulder": {
        "x": 0.37422072887420654,
        "y": 0.9315628409385681,
        "z": -0.2802233397960663
    },
    "left_elbow": {
        "x": 0.4180912673473358,
        "y": 0.91631019115448,
        "z": 0.07433149218559265
    },
    "right_elbow": {
        "x": 0.3740326166152954,
        "y": 0.836665153503418,
        "z": -0.19241836667060852
    },
    "left_wrist": {
        "x": 0.4005395770072937,
        "y": 0.8697088360786438,
        "z": 0.123206727206707
    },
    "right_wrist": {
        "x": 0.3476335108280182,
        "y": 0.8789438605308533,
        "z": -0.048655662685632706
    },
    "left_pinky": {
        "x": 0.3976292908191681,
        "y": 0.857150673866272,
        "z": 0.12800168991088867
    },
    "right_pinky": {
        "x": 0.3420354723930359,
        "y": 0.8689368963241577,
        "z": -0.05331354960799217
    },
    "left_index": {
        "x": 0.392917275428772,
        "y": 0.8596162796020508,
        "z": 0.10583507269620895
    },
    "right_index": {
        "x": 0.34309691190719604,
        "y": 0.8848305940628052,
        "z": -0.06006545200943947
    },
    "left_thumb": {
        "x": 0.39454108476638794,
        "y": 0.8641995787620544,
        "z": 0.11561185866594315
    },
    "right_thumb": {
        "x": 0.346409410238266,
        "y": 0.8879086971282959,
        "z": -0.046535514295101166
    },
    "left_hip": {
        "x": 0.4098733067512512,
        "y": 0.821080207824707,
        "z": 0.07074899971485138
    },
    "right_hip": {
        "x": 0.4156445264816284,
        "y": 0.785315215587616,
        "z": -0.07059719413518906
    },
    "left_knee": {
        "x": 0.3536471426486969,
        "y": 0.7791880369186401,
        "z": 0.17625947296619415
    },
    "right_knee": {
        "x": 0.37566426396369934,
        "y": 0.7136512994766235,
        "z": 0.0047410097904503345
    },
    "left_ankle": {
        "x": 0.3676135241985321,
        "y": 0.7074678540229797,
        "z": 0.3837575614452362
    },
    "right_ankle": {
        "x": 0.4059376120567322,
        "y": 0.6859905123710632,
        "z": 0.28907740116119385
    },
    "left_heel": {
        "x": 0.3776739835739136,
        "y": 0.6995812058448792,
        "z": 0.4051785171031952
    },
    "right_heel": {
        "x": 0.41993457078933716,
        "y": 0.6913572549819946,
        "z": 0.3221081793308258
    },
    "left_foot_index": {
        "x": 0.3499794900417328,
        "y": 0.6766290068626404,
        "z": 0.40631622076034546
    },
    "right_foot_index": {
        "x": 0.3942352533340454,
        "y": 0.6519494652748108,
        "z": 0.3441498577594757
    }
}