{
    "nose": {
        "x": 0.2546129524707794,
        "y": 0.25653111934661865,
        "z": -0.1976316124200821
    },
    "left_eye_inner": {
        "x": 0.25828516483306885,
        "y": 0.2449236363172531,
        "z": -0.21098440885543823
    },
    "left_eye": {
        "x": 0.2596241533756256,
        "y": 0.24476690590381622,
        "z": -0.21101313829421997
    },
    "left_eye_outer": {
        "x": 0.2609535753726959,
        "y": 0.2446732372045517,
        "z": -0.2110663801431656
    },
    "right_eye_inner": {
        "x": 0.2567034363746643,
        "y": 0.24485395848751068,
        "z": -0.18764439225196838
    },
    "right_eye": {
        "x": 0.25696420669555664,
        "y": 0.2446572482585907,
        "z": -0.18765966594219208
    },
    "right_eye_outer": {
        "x": 0.25721925497055054,
        "y": 0.24441681802272797,
        "z": -0.187688946723938
    },
    "left_ear": {
        "x": 0.2681327164173126,
        "y": 0.2474547028541565,
        "z": -0.23013807833194733
    },
    "right_ear": {
        "x": 0.26332995295524597,
        "y": 0.24568626284599304,
        "z": -0.1251021921634674
    },
    "mouth_left": {
        "x": 0.2589638829231262,
        "y": 0.2653528153896332,
        "z": -0.20116698741912842
    },
    "mouth_right": {
        "x": 0.25722867250442505,
        "y": 0.26482418179512024,
        "z": -0.1708775758743286
    },
    "left_shoulder": {
        "x": 0.2908456325531006,
        "y": 0.30632781982421875,
        "z": -0.24768459796905518
    },
    "right_shoulder": {
        "x": 0.2702256441116333,
        "y": 0.29602473974227905,
        "z": -0.04189009964466095
    },
    "left_elbow": {
        "x": 0.30722686648368835,
        "y": 0.3933200240135193,
        "z": -0.2850130498409271
    },
    "right_elbow": {
        "x": 0.2718130946159363,
        "y": 0.37141504883766174,
        "z": 0.03952450305223465
    },
    "left_wrist": {
        "x": 0.27332356572151184,
        "y": 0.4435960650444031,
        "z": -0.28920993208885193
    },
    "right_wrist": {
        "x": 0.25829488039016724,
        "y": 0.4235681891441345,
        "z": 0.028592396527528763
    },
    "left_pinky": {
        "x": 0.267444908618927,
        "y": 0.459542453289032,
        "z": -0.31479018926620483
    },
    "right_pinky": {
        "x": 0.2541763186454773,
        "y": 0.4345555901527405,
        "z": 0.025487737730145454
    },
    "left_index": {
        "x": 0.2626727819442749,
        "y": 0.45090022683143616,
        "z": -0.3131004273891449
    },
    "right_index": {
        "x": 0.2527514100074768,
        "y": 0.43509232997894287,
        "z": 0.0012281216913834214
    },
    "left_thumb": {
        "x": 0.2648176848888397,
        "y": 0.4451802670955658,
        "z": -0.2880028486251831
    },
    "right_thumb": {
        "x": 0.2546556293964386,
        "y": 0.43206533789634705,
        "z": 0.017296889796853065
    },
    "left_hip": {
        "x": 0.2980709671974182,
        "y": 0.45874711871147156,
        "z": -0.06169100105762482
    },
    "right_hip": {
        "x": 0.2800833284854889,
        "y": 0.4470537006855011,
        "z": 0.06169905513525009
    },
    "left_knee": {
        "x": 0.2957160174846649,
        "y": 0.5379761457443237,
        "z": 0.016225265339016914
    },
    "right_knee": {
        "x": 0.2701360583305359,
        "y": 0.5310666561126709,
        "z": 0.12131176888942719
    },
    "left_ankle": {
        "x": 0.2982815206050873,
        "y": 0.6362380981445312,
        "z": 0.1316903680562973
    },
    "right_ankle": {
        "x": 0.268227756023407,
        "y": 0.6261175274848938,
        "z": 0.25038012862205505
    },
    "left_heel": {
        "x": 0.30248481035232544,
        "y": 0.6525000929832458,
        "z": 0.14072191715240479
    },
    "right_heel": {
        "x": 0.27520930767059326,
        "y": 0.643325924873352,
        "z": 0.260934442281723
    },
    "left_foot_index": {
        "x": 0.29181528091430664,
        "y": 0.6566779017448425,
        "z": 0.08480573445558548
    },
    "right_foot_index": {
        "x": 0.2374720424413681,
        "y": 0.6486104130744934,
        "z": 0.22000280022621155
    }
}