{
    "nose": {
        "x": 0.2856141924858093,
        "y": 0.3003636598587036,
        "z": -0.4121345579624176
    },
    "left_eye_inner": {
        "x": 0.287898451089859,
        "y": 0.28604787588119507,
        "z": -0.40612107515335083
    },
    "left_eye": {
        "x": 0.28935128450393677,
        "y": 0.2849305272102356,
        "z": -0.4060972332954407
    },
    "left_eye_outer": {
        "x": 0.290669709444046,
        "y": 0.28364697098731995,
        "z": -0.4061395525932312
    },
    "right_eye_inner": {
        "x": 0.2816207706928253,
        "y": 0.28648215532302856,
        "z": -0.4190078377723694
    },
    "right_eye": {
        "x": 0.27820447087287903,
        "y": 0.2853410840034485,
        "z": -0.41908854246139526
    },
    "right_eye_outer": {
        "x": 0.2745186984539032,
        "y": 0.28391024470329285,
        "z": -0.41911324858665466
    },
    "left_ear": {
        "x": 0.2866484224796295,
        "y": 0.2772517502307892,
        "z": -0.31085529923439026
    },
    "right_ear": {
        "x": 0.261655330657959,
        "y": 0.27610233426094055,
        "z": -0.3713819980621338
    },
    "mouth_left": {
        "x": 0.28565001487731934,
        "y": 0.3083297312259674,
        "z": -0.36987847089767456
    },
    "mouth_right": {
        "x": 0.27733325958251953,
        "y": 0.30931738018989563,
        "z": -0.3875383138656616
    },
    "left_shoulder": {
        "x": 0.2976469397544861,
        "y": 0.308534175157547,
        "z": -0.1928665190935135
    },
    "right_shoulder": {
        "x": 0.22275543212890625,
        "y": 0.33273079991340637,
        "z": -0.2995505928993225
    },
    "left_elbow": {
        "x": 0.3082626163959503,
        "y": 0.41373953223228455,
        "z": -0.11512681096792221
    },
    "right_elbow": {
        "x": 0.21826952695846558,
        "y": 0.45387503504753113,
        "z": -0.26906725764274597
    },
    "left_wrist": {
        "x": 0.3223989009857178,
        "y": 0.5030356049537659,
        "z": -0.1593216359615326
    },
    "right_wrist": {
        "x": 0.23104353249073029,
        "y": 0.5574215054512024,
        "z": -0.2944364845752716
    },
    "left_pinky": {
        "x": 0.33063045144081116,
        "y": 0.5285546779632568,
        "z": -0.17377299070358276
    },
    "right_pinky": {
        "x": 0.231709823012352,
        "y": 0.5862938165664673,
        "z": -0.31661316752433777
    },
    "left_index": {
        "x": 0.327299565076828,
        "y": 0.5331897139549255,
        "z": -0.19894486665725708
    },
    "right_index": {
        "x": 0.23876623809337616,
        "y": 0.5855599045753479,
        "z": -0.33589768409729004
    },
    "left_thumb": {
        "x": 0.32283446192741394,
        "y": 0.5255711674690247,
        "z": -0.17047527432441711
    },
    "right_thumb": {
        "x": 0.24049220979213715,
        "y": 0.5753308534622192,
        "z": -0.30100059509277344
    },
    "left_hip": {
        "x": 0.27933233976364136,
        "y": 0.49042293429374695,
        "z": 0.02942003309726715
    },
    "right_hip": {
        "x": 0.23900017142295837,
        "y": 0.5097786784172058,
        "z": -0.02952234260737896
    },
    "left_knee": {
        "x": 0.29644036293029785,
        "y": 0.6177971363067627,
        "z": 0.03396877646446228
    },
    "right_knee": {
        "x": 0.2539176642894745,
        "y": 0.6300830841064453,
        "z": 0.004017149563878775
    },
    "left_ankle": {
        "x": 0.31781861186027527,
        "y": 0.7347261905670166,
        "z": 0.14269323647022247
    },
    "right_ankle": {
        "x": 0.2660875618457794,
        "y": 0.7437043786048889,
        "z": 0.15063123404979706
    },
    "left_heel": {
        "x": 0.31306618452072144,
        "y": 0.7534544467926025,
        "z": 0.15010176599025726
    },
    "right_heel": {
        "x": 0.26109832525253296,
        "y": 0.7540211081504822,
        "z": 0.16161485016345978
    },
    "left_foot_index": {
        "x": 0.3422084152698517,
        "y": 0.7754710912704468,
        "z": 0.07422544807195663
    },
    "right_foot_index": {
        "x": 0.28823035955429077,
        "y": 0.7925440073013306,
        "z": 0.07325258105993271
    }
}