{
    "nose": {
        "x": 0.3349250853061676,
        "y": 0.3984927237033844,
        "z": -0.3317033648490906
    },
    "left_eye_inner": {
        "x": 0.3388078808784485,
        "y": 0.38666626811027527,
        "z": -0.33170178532600403
    },
    "left_eye": {
        "x": 0.34042492508888245,
        "y": 0.3852997124195099,
        "z": -0.3316521942615509
    },
    "left_eye_outer": {
        "x": 0.34206297993659973,
        "y": 0.3836941123008728,
        "z": -0.3316856026649475
    },
    "right_eye_inner": {
        "x": 0.33223792910575867,
        "y": 0.38614988327026367,
        "z": -0.3483652174472809
    },
    "right_eye": {
        "x": 0.3287728428840637,
        "y": 0.38439252972602844,
        "z": -0.34838759899139404
    },
    "right_eye_outer": {
        "x": 0.3250456154346466,
        "y": 0.38203415274620056,
        "z": -0.34839144349098206
    },
    "left_ear": {
        "x": 0.33939483761787415,
        "y": 0.3710654079914093,
        "z": -0.263981431722641
    },
    "right_ear": {
        "x": 0.3134385049343109,
        "y": 0.36694976687431335,
        "z": -0.3406672775745392
    },
    "mouth_left": {
        "x": 0.33382540941238403,
        "y": 0.4026859402656555,
        "z": -0.29817497730255127
    },
    "mouth_right": {
        "x": 0.3253423571586609,
        "y": 0.4018251299858093,
        "z": -0.32063332200050354
    },
    "left_shoulder": {
        "x": 0.3421061038970947,
        "y": 0.3824860751628876,
        "z": -0.17402851581573486
    },
    "right_shoulder": {
        "x": 0.2647641599178314,
        "y": 0.38602808117866516,
        "z": -0.2604604661464691
    },
    "left_elbow": {
        "x": 0.34770116209983826,
        "y": 0.46409207582473755,
        "z": -0.054959047585725784
    },
    "right_elbow": {
        "x": 0.2527761459350586,
        "y": 0.4938374161720276,
        "z": -0.2042413204908371
    },
    "left_wrist": {
        "x": 0.3435520827770233,
        "y": 0.5520099401473999,
        "z": -0.05804421380162239
    },
    "right_wrist": {
        "x": 0.2474565953016281,
        "y": 0.5893685817718506,
        "z": -0.19823750853538513
    },
    "left_pinky": {
        "x": 0.3475598394870758,
        "y": 0.5749528408050537,
        "z": -0.0654725506901741
    },
    "right_pinky": {
        "x": 0.24337559938430786,
        "y": 0.616012692451477,
        "z": -0.2106039971113205
    },
    "left_index": {
        "x": 0.34524667263031006,
        "y": 0.5746322274208069,
        "z": -0.08686533570289612
    },
    "right_index": {
        "x": 0.2492041140794754,
        "y": 0.6165707111358643,
        "z": -0.23221276700496674
    },
    "left_thumb": {
        "x": 0.3425370454788208,
        "y": 0.5666523575782776,
        "z": -0.06657995283603668
    },
    "right_thumb": {
        "x": 0.2523343563079834,
        "y": 0.6080412268638611,
        "z": -0.20507530868053436
    },
    "left_hip": {
        "x": 0.31734851002693176,
        "y": 0.5436497926712036,
        "z": 0.015790510922670364
    },
    "right_hip": {
        "x": 0.2754175662994385,
        "y": 0.5643298029899597,
        "z": -0.015902802348136902
    },
    "left_knee": {
        "x": 0.34469184279441833,
        "y": 0.669494092464447,
        "z": 0.036785610020160675
    },
    "right_knee": {
        "x": 0.2851628065109253,
        "y": 0.6775949001312256,
        "z": 0.056070681661367416
    },
    "left_ankle": {
        "x": 0.3551119267940521,
        "y": 0.7861582040786743,
        "z": 0.16755694150924683
    },
    "right_ankle": {
        "x": 0.2874239981174469,
        "y": 0.7923072576522827,
        "z": 0.22078777849674225
    },
    "left_heel": {
        "x": 0.35180214047431946,
        "y": 0.7966564893722534,
        "z": 0.17733533680438995
    },
    "right_heel": {
        "x": 0.2865874469280243,
        "y": 0.8015772104263306,
        "z": 0.23556403815746307
    },
    "left_foot_index": {
        "x": 0.363719642162323,
        "y": 0.8439648151397705,
        "z": 0.10996466875076294
    },
    "right_foot_index": {
        "x": 0.2951222062110901,
        "y": 0.854680061340332,
        "z": 0.1732114851474762
    }
}