{
    "nose": {
        "x": 0.2922525107860565,
        "y": 0.3084585964679718,
        "z": -0.35856255888938904
    },
    "left_eye_inner": {
        "x": 0.2938178777694702,
        "y": 0.29493024945259094,
        "z": -0.35859215259552
    },
    "left_eye": {
        "x": 0.29524439573287964,
        "y": 0.2936829924583435,
        "z": -0.3585658371448517
    },
    "left_eye_outer": {
        "x": 0.29665568470954895,
        "y": 0.2923522889614105,
        "z": -0.3585928976535797
    },
    "right_eye_inner": {
        "x": 0.2872755527496338,
        "y": 0.29575273394584656,
        "z": -0.3694797456264496
    },
    "right_eye": {
        "x": 0.2832505702972412,
        "y": 0.2951459288597107,
        "z": -0.36952245235443115
    },
    "right_eye_outer": {
        "x": 0.27896639704704285,
        "y": 0.29418647289276123,
        "z": -0.36953648924827576
    },
    "left_ear": {
        "x": 0.29272061586380005,
        "y": 0.28502577543258667,
        "z": -0.28188493847846985
    },
    "right_ear": {
        "x": 0.2651877701282501,
        "y": 0.2878299057483673,
        "z": -0.33187979459762573
    },
    "mouth_left": {
        "x": 0.29199597239494324,
        "y": 0.3158687353134155,
        "z": -0.32147112488746643
    },
    "mouth_right": {
        "x": 0.2832777202129364,
        "y": 0.316853791475296,
        "z": -0.33599385619163513
    },
    "left_shoulder": {
        "x": 0.30536478757858276,
        "y": 0.3050324320793152,
        "z": -0.18040195107460022
    },
    "right_shoulder": {
        "x": 0.22744350135326385,
        "y": 0.32758304476737976,
        "z": -0.25108909606933594
    },
    "left_elbow": {
        "x": 0.30540481209754944,
        "y": 0.39473944902420044,
        "z": -0.09894943982362747
    },
    "right_elbow": {
        "x": 0.22133859992027283,
        "y": 0.4386921525001526,
        "z": -0.20368489623069763
    },
    "left_wrist": {
        "x": 0.3082989454269409,
        "y": 0.47709307074546814,
        "z": -0.13689006865024567
    },
    "right_wrist": {
        "x": 0.21936243772506714,
        "y": 0.5321193933486938,
        "z": -0.21627557277679443
    },
    "left_pinky": {
        "x": 0.31315135955810547,
        "y": 0.49968773126602173,
        "z": -0.14875929057598114
    },
    "right_pinky": {
        "x": 0.21534700691699982,
        "y": 0.5559254884719849,
        "z": -0.23033766448497772
    },
    "left_index": {
        "x": 0.3105822801589966,
        "y": 0.5016886591911316,
        "z": -0.16999204456806183
    },
    "right_index": {
        "x": 0.2201593816280365,
        "y": 0.5534862875938416,
        "z": -0.25210151076316833
    },
    "left_thumb": {
        "x": 0.3070770502090454,
        "y": 0.4946468770503998,
        "z": -0.14614742994308472
    },
    "right_thumb": {
        "x": 0.22289690375328064,
        "y": 0.5456185936927795,
        "z": -0.22424468398094177
    },
    "left_hip": {
        "x": 0.2831062078475952,
        "y": 0.4854326546192169,
        "z": 0.0186430886387825
    },
    "right_hip": {
        "x": 0.24412605166435242,
        "y": 0.5033019781112671,
        "z": -0.01871676929295063
    },
    "left_knee": {
        "x": 0.30295175313949585,
        "y": 0.5992427468299866,
        "z": 0.05873914062976837
    },
    "right_knee": {
        "x": 0.2491052746772766,
        "y": 0.594954252243042,
        "z": 0.03822217881679535
    },
    "left_ankle": {
        "x": 0.3111325800418854,
        "y": 0.7084552049636841,
        "z": 0.16611526906490326
    },
    "right_ankle": {
        "x": 0.2624368965625763,
        "y": 0.714503288269043,
        "z": 0.18045707046985626
    },
    "left_heel": {
        "x": 0.3063930571079254,
        "y": 0.7223774790763855,
        "z": 0.1736830770969391
    },
    "right_heel": {
        "x": 0.2609902024269104,
        "y": 0.7244540452957153,
        "z": 0.1922568380832672
    },
    "left_foot_index": {
        "x": 0.32696282863616943,
        "y": 0.7573886513710022,
        "z": 0.10791420191526413
    },
    "right_foot_index": {
        "x": 0.27513083815574646,
        "y": 0.7695280909538269,
        "z": 0.12253613770008087
    }
}