{
    "nose": {
        "x": 0.23348931968212128,
        "y": 0.26790758967399597,
        "z": -0.45761221647262573
    },
    "left_eye_inner": {
        "x": 0.2375551164150238,
        "y": 0.25577810406684875,
        "z": -0.45633652806282043
    },
    "left_eye": {
        "x": 0.23988394439220428,
        "y": 0.2548147737979889,
        "z": -0.45632508397102356
    },
    "left_eye_outer": {
        "x": 0.2418757975101471,
        "y": 0.25353819131851196,
        "z": -0.45637330412864685
    },
    "right_eye_inner": {
        "x": 0.22996573150157928,
        "y": 0.2547410726547241,
        "z": -0.45735833048820496
    },
    "right_eye": {
        "x": 0.22694070637226105,
        "y": 0.2530978322029114,
        "z": -0.4574506878852844
    },
    "right_eye_outer": {
        "x": 0.22408229112625122,
        "y": 0.25131189823150635,
        "z": -0.45752274990081787
    },
    "left_ear": {
        "x": 0.24254760146141052,
        "y": 0.24559183418750763,
        "z": -0.36325371265411377
    },
    "right_ear": {
        "x": 0.21670272946357727,
        "y": 0.24374395608901978,
        "z": -0.3716507852077484
    },
    "mouth_left": {
        "x": 0.23683100938796997,
        "y": 0.2738843560218811,
        "z": -0.41515836119651794
    },
    "mouth_right": {
        "x": 0.22692930698394775,
        "y": 0.2717621922492981,
        "z": -0.4177532196044922
    },
    "left_shoulder": {
        "x": 0.26091712713241577,
        "y": 0.26849815249443054,
        "z": -0.24845294654369354
    },
    "right_shoulder": {
        "x": 0.18732625246047974,
        "y": 0.2889302372932434,
        "z": -0.24698425829410553
    },
    "left_elbow": {
        "x": 0.270438551902771,
        "y": 0.36630699038505554,
        "z": -0.18393440544605255
    },
    "right_elbow": {
        "x": 0.193370521068573,
        "y": 0.3861619234085083,
        "z": -0.16907738149166107
    },
    "left_wrist": {
        "x": 0.2835052013397217,
        "y": 0.44379910826683044,
        "z": -0.24833030998706818
    },
    "right_wrist": {
        "x": 0.20061177015304565,
        "y": 0.4702640771865845,
        "z": -0.2325739860534668
    },
    "left_pinky": {
        "x": 0.29139411449432373,
        "y": 0.463374525308609,
        "z": -0.272871196269989
    },
    "right_pinky": {
        "x": 0.20020771026611328,
        "y": 0.49263715744018555,
        "z": -0.25261062383651733
    },
    "left_index": {
        "x": 0.2864155173301697,
        "y": 0.4644516110420227,
        "z": -0.2960677444934845
    },
    "right_index": {
        "x": 0.20350304245948792,
        "y": 0.49173668026924133,
        "z": -0.28711992502212524
    },
    "left_thumb": {
        "x": 0.2828785479068756,
        "y": 0.45799964666366577,
        "z": -0.25845974683761597
    },
    "right_thumb": {
        "x": 0.20556363463401794,
        "y": 0.4847123920917511,
        "z": -0.2464868575334549
    },
    "left_hip": {
        "x": 0.26047107577323914,
        "y": 0.42990225553512573,
        "z": 0.0004928561975248158
    },
    "right_hip": {
        "x": 0.2219134271144867,
        "y": 0.44685161113739014,
        "z": -0.0004631139454431832
    },
    "left_knee": {
        "x": 0.2678971290588379,
        "y": 0.5430106520652771,
        "z": -0.03272399306297302
    },
    "right_knee": {
        "x": 0.2280808389186859,
        "y": 0.5545622706413269,
        "z": -0.040986720472574234
    },
    "left_ankle": {
        "x": 0.28998473286628723,
        "y": 0.6593892574310303,
        "z": 0.10771823674440384
    },
    "right_ankle": {
        "x": 0.24780221283435822,
        "y": 0.6718714833259583,
        "z": 0.11882012337446213
    },
    "left_heel": {
        "x": 0.2898525297641754,
        "y": 0.6737313866615295,
        "z": 0.11673603951931
    },
    "right_heel": {
        "x": 0.24953554570674896,
        "y": 0.6845092177391052,
        "z": 0.130301371216774
    },
    "left_foot_index": {
        "x": 0.30013078451156616,
        "y": 0.6964161992073059,
        "z": 0.025236135348677635
    },
    "right_foot_index": {
        "x": 0.26036861538887024,
        "y": 0.7114406824111938,
        "z": 0.03155570104718208
    }
}