{
    "nose": {
        "x": 0.205564484000206,
        "y": 0.19839827716350555,
        "z": -0.405193030834198
    },
    "left_eye_inner": {
        "x": 0.21027694642543793,
        "y": 0.1859176754951477,
        "z": -0.4020029306411743
    },
    "left_eye": {
        "x": 0.21338355541229248,
        "y": 0.18487557768821716,
        "z": -0.4020056128501892
    },
    "left_eye_outer": {
        "x": 0.2164190262556076,
        "y": 0.18392814695835114,
        "z": -0.4020572900772095
    },
    "right_eye_inner": {
        "x": 0.2027774602174759,
        "y": 0.18620726466178894,
        "z": -0.39968857169151306
    },
    "right_eye": {
        "x": 0.20050139725208282,
        "y": 0.18534666299819946,
        "z": -0.39973753690719604
    },
    "right_eye_outer": {
        "x": 0.19865894317626953,
        "y": 0.1843147873878479,
        "z": -0.3997745215892792
    },
    "left_ear": {
        "x": 0.22189806401729584,
        "y": 0.18102754652500153,
        "z": -0.3139917850494385
    },
    "right_ear": {
        "x": 0.1984662562608719,
        "y": 0.17942966520786285,
        "z": -0.30425333976745605
    },
    "mouth_left": {
        "x": 0.21127119660377502,
        "y": 0.2061726450920105,
        "z": -0.3663528859615326
    },
    "mouth_right": {
        "x": 0.20235271751880646,
        "y": 0.20628346502780914,
        "z": -0.36376187205314636
    },
    "left_shoulder": {
        "x": 0.24593651294708252,
        "y": 0.21655483543872833,
        "z": -0.2203158438205719
    },
    "right_shoulder": {
        "x": 0.18002626299858093,
        "y": 0.22639082372188568,
        "z": -0.2001647800207138
    },
    "left_elbow": {
        "x": 0.2554733157157898,
        "y": 0.2976849377155304,
        "z": -0.18706630170345306
    },
    "right_elbow": {
        "x": 0.1779373288154602,
        "y": 0.3178642988204956,
        "z": -0.14614392817020416
    },
    "left_wrist": {
        "x": 0.2641330659389496,
        "y": 0.3777860999107361,
        "z": -0.2640834152698517
    },
    "right_wrist": {
        "x": 0.18637380003929138,
        "y": 0.4055146276950836,
        "z": -0.21209153532981873
    },
    "left_pinky": {
        "x": 0.2709261476993561,
        "y": 0.40164491534233093,
        "z": -0.29297322034835815
    },
    "right_pinky": {
        "x": 0.1863141804933548,
        "y": 0.42848581075668335,
        "z": -0.23683622479438782
    },
    "left_index": {
        "x": 0.2672058939933777,
        "y": 0.4030148684978485,
        "z": -0.3188074827194214
    },
    "right_index": {
        "x": 0.19118499755859375,
        "y": 0.4277633726596832,
        "z": -0.2677535116672516
    },
    "left_thumb": {
        "x": 0.26313233375549316,
        "y": 0.39618152379989624,
        "z": -0.275515079498291
    },
    "right_thumb": {
        "x": 0.1928321123123169,
        "y": 0.4200766384601593,
        "z": -0.22554710507392883
    },
    "left_hip": {
        "x": 0.2426701784133911,
        "y": 0.3815431296825409,
        "z": -0.005224606022238731
    },
    "right_hip": {
        "x": 0.20662850141525269,
        "y": 0.3912966549396515,
        "z": 0.00526093365624547
    },
    "left_knee": {
        "x": 0.25559645891189575,
        "y": 0.48584121465682983,
        "z": 0.010845658369362354
    },
    "right_knee": {
        "x": 0.21383802592754364,
        "y": 0.49687322974205017,
        "z": 0.02556515857577324
    },
    "left_ankle": {
        "x": 0.27046167850494385,
        "y": 0.5924835801124573,
        "z": 0.1517236977815628
    },
    "right_ankle": {
        "x": 0.22841721773147583,
        "y": 0.6054630875587463,
        "z": 0.18506842851638794
    },
    "left_heel": {
        "x": 0.27411776781082153,
        "y": 0.6050085425376892,
        "z": 0.16085708141326904
    },
    "right_heel": {
        "x": 0.23088613152503967,
        "y": 0.6171691417694092,
        "z": 0.19666676223278046
    },
    "left_foot_index": {
        "x": 0.27930012345314026,
        "y": 0.6369526386260986,
        "z": 0.05921728536486626
    },
    "right_foot_index": {
        "x": 0.22867754101753235,
        "y": 0.6408059597015381,
        "z": 0.09826540946960449
    }
}