{
    "nose": {
        "x": 0.22384361922740936,
        "y": 0.22804757952690125,
        "z": -0.4522658586502075
    },
    "left_eye_inner": {
        "x": 0.2272992581129074,
        "y": 0.21682554483413696,
        "z": -0.4498775899410248
    },
    "left_eye": {
        "x": 0.22935408353805542,
        "y": 0.21606484055519104,
        "z": -0.44989249110221863
    },
    "left_eye_outer": {
        "x": 0.23172135651111603,
        "y": 0.21496562659740448,
        "z": -0.44996947050094604
    },
    "right_eye_inner": {
        "x": 0.21978704631328583,
        "y": 0.21506594121456146,
        "z": -0.44976893067359924
    },
    "right_eye": {
        "x": 0.21675312519073486,
        "y": 0.21341772377490997,
        "z": -0.4498399496078491
    },
    "right_eye_outer": {
        "x": 0.21392397582530975,
        "y": 0.21172615885734558,
        "z": -0.44988709688186646
    },
    "left_ear": {
        "x": 0.23303894698619843,
        "y": 0.20875780284404755,
        "z": -0.3587133288383484
    },
    "right_ear": {
        "x": 0.20729997754096985,
        "y": 0.2065458744764328,
        "z": -0.3585302233695984
    },
    "mouth_left": {
        "x": 0.22649985551834106,
        "y": 0.23517431318759918,
        "z": -0.4111052453517914
    },
    "mouth_right": {
        "x": 0.21729817986488342,
        "y": 0.2332177758216858,
        "z": -0.4112940728664398
    },
    "left_shoulder": {
        "x": 0.25088027119636536,
        "y": 0.23527869582176208,
        "z": -0.25597843527793884
    },
    "right_shoulder": {
        "x": 0.1840975135564804,
        "y": 0.25015291571617126,
        "z": -0.2411201447248459
    },
    "left_elbow": {
        "x": 0.25539126992225647,
        "y": 0.31902870535850525,
        "z": -0.2146213948726654
    },
    "right_elbow": {
        "x": 0.18573075532913208,
        "y": 0.3390105068683624,
        "z": -0.18521983921527863
    },
    "left_wrist": {
        "x": 0.26182886958122253,
        "y": 0.39012259244918823,
        "z": -0.2768910825252533
    },
    "right_wrist": {
        "x": 0.18940456211566925,
        "y": 0.42158985137939453,
        "z": -0.24946555495262146
    },
    "left_pinky": {
        "x": 0.26767510175704956,
        "y": 0.41305530071258545,
        "z": -0.3034464418888092
    },
    "right_pinky": {
        "x": 0.18709632754325867,
        "y": 0.4427720606327057,
        "z": -0.27096226811408997
    },
    "left_index": {
        "x": 0.2649713456630707,
        "y": 0.4135178327560425,
        "z": -0.32586970925331116
    },
    "right_index": {
        "x": 0.1902473121881485,
        "y": 0.4415002763271332,
        "z": -0.3058253526687622
    },
    "left_thumb": {
        "x": 0.26103314757347107,
        "y": 0.40610846877098083,
        "z": -0.2869911193847656
    },
    "right_thumb": {
        "x": 0.19234773516654968,
        "y": 0.4351000487804413,
        "z": -0.26425793766975403
    },
    "left_hip": {
        "x": 0.24307051301002502,
        "y": 0.38934293389320374,
        "z": -0.008921201340854168
    },
    "right_hip": {
        "x": 0.20901797711849213,
        "y": 0.4019758105278015,
        "z": 0.008981154300272465
    },
    "left_knee": {
        "x": 0.2565043866634369,
        "y": 0.49642613530158997,
        "z": -0.017694080248475075
    },
    "right_knee": {
        "x": 0.21568554639816284,
        "y": 0.5027241110801697,
        "z": 0.017590757459402084
    },
    "left_ankle": {
        "x": 0.2653677761554718,
        "y": 0.6066936254501343,
        "z": 0.10885348916053772
    },
    "right_ankle": {
        "x": 0.22986091673374176,
        "y": 0.6064380407333374,
        "z": 0.17298750579357147
    },
    "left_heel": {
        "x": 0.268190860748291,
        "y": 0.6200413107872009,
        "z": 0.11588647216558456
    },
    "right_heel": {
        "x": 0.23243625462055206,
        "y": 0.6229085922241211,
        "z": 0.18378452956676483
    },
    "left_foot_index": {
        "x": 0.27868521213531494,
        "y": 0.6471980214118958,
        "z": 0.015622823499143124
    },
    "right_foot_index": {
        "x": 0.22620685398578644,
        "y": 0.6493452787399292,
        "z": 0.08669581264257431
    }
}