{
    "nose": {
        "x": 0.3347073495388031,
        "y": 0.39362722635269165,
        "z": -0.35441654920578003
    },
    "left_eye_inner": {
        "x": 0.3384760916233063,
        "y": 0.38117656111717224,
        "z": -0.3540553152561188
    },
    "left_eye": {
        "x": 0.3401133716106415,
        "y": 0.37966006994247437,
        "z": -0.35404109954833984
    },
    "left_eye_outer": {
        "x": 0.34180745482444763,
        "y": 0.3779645562171936,
        "z": -0.3541252911090851
    },
    "right_eye_inner": {
        "x": 0.33211445808410645,
        "y": 0.38087716698646545,
        "z": -0.3717881143093109
    },
    "right_eye": {
        "x": 0.32882484793663025,
        "y": 0.3790430426597595,
        "z": -0.3718246519565582
    },
    "right_eye_outer": {
        "x": 0.3252938389778137,
        "y": 0.37671759724617004,
        "z": -0.37185001373291016
    },
    "left_ear": {
        "x": 0.3389553129673004,
        "y": 0.36510470509529114,
        "z": -0.2818571627140045
    },
    "right_ear": {
        "x": 0.31374508142471313,
        "y": 0.3607325255870819,
        "z": -0.36388522386550903
    },
    "mouth_left": {
        "x": 0.3334512710571289,
        "y": 0.39825236797332764,
        "z": -0.31849703192710876
    },
    "mouth_right": {
        "x": 0.3254370093345642,
        "y": 0.3975335657596588,
        "z": -0.34252816438674927
    },
    "left_shoulder": {
        "x": 0.3417026400566101,
        "y": 0.3791305124759674,
        "z": -0.18172712624073029
    },
    "right_shoulder": {
        "x": 0.26458728313446045,
        "y": 0.3840089738368988,
        "z": -0.2891063392162323
    },
    "left_elbow": {
        "x": 0.34799516201019287,
        "y": 0.46566563844680786,
        "z": -0.06554368883371353
    },
    "right_elbow": {
        "x": 0.2518807649612427,
        "y": 0.4905938506126404,
        "z": -0.23096123337745667
    },
    "left_wrist": {
        "x": 0.3435421884059906,
        "y": 0.5541559457778931,
        "z": -0.0774139016866684
    },
    "right_wrist": {
        "x": 0.2476513832807541,
        "y": 0.5868790745735168,
        "z": -0.22864064574241638
    },
    "left_pinky": {
        "x": 0.34820592403411865,
        "y": 0.5747873783111572,
        "z": -0.08773458749055862
    },
    "right_pinky": {
        "x": 0.24335017800331116,
        "y": 0.6148291826248169,
        "z": -0.24749821424484253
    },
    "left_index": {
        "x": 0.34709954261779785,
        "y": 0.5764700770378113,
        "z": -0.11065635085105896
    },
    "right_index": {
        "x": 0.24967283010482788,
        "y": 0.6159279346466064,
        "z": -0.26676684617996216
    },
    "left_thumb": {
        "x": 0.3434653878211975,
        "y": 0.5689417123794556,
        "z": -0.08677224814891815
    },
    "right_thumb": {
        "x": 0.25284141302108765,
        "y": 0.6074809432029724,
        "z": -0.23484568297863007
    },
    "left_hip": {
        "x": 0.31428611278533936,
        "y": 0.5292389392852783,
        "z": 0.02321726083755493
    },
    "right_hip": {
        "x": 0.27241918444633484,
        "y": 0.551829993724823,
        "z": -0.023358695209026337
    },
    "left_knee": {
        "x": 0.34240269660949707,
        "y": 0.6394624710083008,
        "z": 0.11131568998098373
    },
    "right_knee": {
        "x": 0.27889859676361084,
        "y": 0.6497447490692139,
        "z": 0.09840874373912811
    },
    "left_ankle": {
        "x": 0.32922831177711487,
        "y": 0.7141034603118896,
        "z": 0.3296341001987457
    },
    "right_ankle": {
        "x": 0.2758692502975464,
        "y": 0.7050344347953796,
        "z": 0.3630443215370178
    },
    "left_heel": {
        "x": 0.32254114747047424,
        "y": 0.7166851758956909,
        "z": 0.3511378765106201
    },
    "right_heel": {
        "x": 0.2727792263031006,
        "y": 0.7094007134437561,
        "z": 0.3909653425216675
    },
    "left_foot_index": {
        "x": 0.3338596224784851,
        "y": 0.7672336101531982,
        "z": 0.3164888322353363
    },
    "right_foot_index": {
        "x": 0.28286412358283997,
        "y": 0.7473888993263245,
        "z": 0.3594329059123993
    }
}